state,district,year,niger_seed_kharif_yield_tonne_per_hectare
Andhra Pradesh,Alluri sitharama raju,2022 - 2023,
,East godavari,2000 - 2001,0.34
,,2001 - 2002,0.25
,,2002 - 2003,0.25
,,2003 - 2004,0.29
,,2004 - 2005,0.27
,,2005 - 2006,0.39
,,2006 - 2007,0.36
,,2008 - 2009,0.43
,,2009 - 2010,0.34
,,2010 - 2011,0.0
,,2011 - 2012,0.0
,Eluru,2022 - 2023,
,Guntur,2020 - 2021,
,Kadapa,2022 - 2023,
,Kurnool,2000 - 2001,0.33
,Prakasam,2002 - 2003,0.38
,,2003 - 2004,0.4
,,2004 - 2005,0.39
,,2018 - 2019,
,,2020 - 2021,
,,2022 - 2023,
,Visakhapatanam,2000 - 2001,0.32
,,2001 - 2002,0.42
,,2002 - 2003,0.38
,,2003 - 2004,0.39
,,2004 - 2005,0.38
,,2005 - 2006,0.38
,,2006 - 2007,0.36
,,2008 - 2009,0.44
,,2009 - 2010,0.34
,,2010 - 2011,0.38
,,2011 - 2012,0.37
,,2012 - 2013,
,,2013 - 2014,0.52
,,2014 - 2015,
,,2015 - 2016,
,,2016 - 2017,
,,2017 - 2018,
,,2018 - 2019,0.3
,,2019 - 2020,
,,2020 - 2021,
,,2021 - 2022,
,Vizianagaram,2000 - 2001,0.49
,,2001 - 2002,0.39
,,2002 - 2003,0.5
,,2003 - 2004,0.39
,,2004 - 2005,0.74
,,2005 - 2006,0.7
,,2006 - 2007,0.6
,,2008 - 2009,0.54
,,2009 - 2010,0.45
,,2010 - 2011,0.56
,,2011 - 2012,0.35
,,2012 - 2013,
,,2013 - 2014,
,,2014 - 2015,
,,2015 - 2016,
,,2016 - 2017,
,,2017 - 2018,
Assam,Baksa,2005 - 2006,0.52
,,2006 - 2007,0.52
,,2007 - 2008,0.52
,,2008 - 2009,0.52
,,2009 - 2010,0.52
,,2010 - 2011,0.52
,,2011 - 2012,0.53
,,2012 - 2013,0.54
,,2013 - 2014,0.55
,,2014 - 2015,0.58
,,2015 - 2016,0.4
,,2016 - 2017,0.75
,,2017 - 2018,0.41
,,2018 - 2019,0.58
,,2019 - 2020,0.45
,,2020 - 2021,0.45
,,2021 - 2022,0.45
,,2022 - 2023,0.45
,Barpeta,2000 - 2001,0.52
,,2001 - 2002,0.52
,,2002 - 2003,0.52
,,2003 - 2004,0.52
,,2004 - 2005,0.52
,,2005 - 2006,0.52
,,2006 - 2007,0.52
,,2007 - 2008,0.52
,,2008 - 2009,0.52
,,2009 - 2010,0.52
,,2010 - 2011,0.52
,,2011 - 2012,0.52
,,2012 - 2013,0.53
,,2013 - 2014,0.51
,,2014 - 2015,0.51
,,2015 - 2016,0.77
,,2016 - 2017,0.44
,,2017 - 2018,0.56
,,2018 - 2019,0.55
,,2019 - 2020,0.56
,,2020 - 2021,0.56
,,2021 - 2022,0.6
,,2022 - 2023,0.58
,Biswanath,2020 - 2021,0.58
,,2021 - 2022,0.62
,,2022 - 2023,0.54
,Bongaigaon,2000 - 2001,0.5
,,2001 - 2002,0.5
,,2002 - 2003,0.5
,,2003 - 2004,0.5
,,2004 - 2005,0.5
,,2005 - 2006,0.5
,,2006 - 2007,0.5
,,2007 - 2008,0.5
,,2008 - 2009,0.5
,,2009 - 2010,0.5
,,2010 - 2011,0.5
,,2011 - 2012,0.5
,,2012 - 2013,0.51
,,2013 - 2014,0.53
,,2014 - 2015,0.52
,,2015 - 2016,0.61
,,2016 - 2017,0.38
,,2017 - 2018,0.38
,,2018 - 2019,0.35
,,2019 - 2020,0.35
,,2020 - 2021,0.56
,,2021 - 2022,0.44
,,2022 - 2023,0.36
,Cachar,2000 - 2001,0.4
,,2001 - 2002,0.42
,,2002 - 2003,0.42
,,2003 - 2004,0.42
,,2004 - 2005,0.52
,,2005 - 2006,0.5
,,2006 - 2007,0.47
,,2007 - 2008,0.44
,,2008 - 2009,0.47
,,2009 - 2010,0.5
,,2010 - 2011,0.44
,,2011 - 2012,0.5
,,2012 - 2013,0.44
,,2013 - 2014,0.53
,,2014 - 2015,0.53
,,2015 - 2016,0.47
,,2016 - 2017,0.44
,,2017 - 2018,0.5
,,2018 - 2019,0.5
,,2019 - 2020,0.47
,,2020 - 2021,0.5
,,2021 - 2022,0.48
,,2022 - 2023,0.29
,Chirang,2005 - 2006,0.54
,,2006 - 2007,0.5
,,2007 - 2008,0.5
,,2008 - 2009,0.5
,,2009 - 2010,0.51
,,2010 - 2011,0.52
,,2011 - 2012,0.51
,,2012 - 2013,0.53
,,2013 - 2014,0.66
,,2014 - 2015,0.65
,,2015 - 2016,0.64
,,2016 - 2017,0.61
,,2017 - 2018,0.68
,,2018 - 2019,0.55
,,2019 - 2020,0.63
,,2020 - 2021,0.63
,,2021 - 2022,0.58
,,2022 - 2023,0.42
,Darrang,2000 - 2001,0.5
,,2001 - 2002,0.5
,,2002 - 2003,0.5
,,2003 - 2004,0.52
,,2004 - 2005,0.51
,,2005 - 2006,0.5
,,2006 - 2007,0.5
,,2007 - 2008,0.5
,,2008 - 2009,0.5
,,2009 - 2010,0.5
,,2010 - 2011,0.5
,,2011 - 2012,0.51
,,2012 - 2013,0.52
,,2013 - 2014,0.95
,,2014 - 2015,0.95
,,2015 - 2016,0.5
,,2016 - 2017,0.62
,,2017 - 2018,0.62
,,2018 - 2019,0.62
,,2019 - 2020,0.62
,,2020 - 2021,0.55
,,2021 - 2022,0.59
,,2022 - 2023,0.72
,Dhemaji,2000 - 2001,1.0
,,2001 - 2002,0.52
,,2002 - 2003,0.52
,,2003 - 2004,0.52
,,2004 - 2005,0.51
,,2005 - 2006,0.52
,,2006 - 2007,0.52
,,2007 - 2008,0.52
,,2008 - 2009,0.47
,,2009 - 2010,0.52
,,2010 - 2011,0.5
,,2011 - 2012,0.53
,,2012 - 2013,1.0
,,2013 - 2014,0.5
,,2014 - 2015,0.5
,,2015 - 2016,0.5
,,2016 - 2017,0.5
,,2017 - 2018,0.5
,,2018 - 2019,0.5
,,2019 - 2020,0.4
,,2020 - 2021,0.5
,,2021 - 2022,0.5
,,2022 - 2023,0.33
,Dhubri,2000 - 2001,0.52
,,2001 - 2002,0.52
,,2002 - 2003,0.53
,,2003 - 2004,0.52
,,2004 - 2005,0.53
,,2005 - 2006,0.53
,,2006 - 2007,0.52
,,2007 - 2008,0.53
,,2008 - 2009,0.52
,,2009 - 2010,0.53
,,2010 - 2011,0.53
,,2011 - 2012,0.53
,,2012 - 2013,0.55
,,2013 - 2014,0.55
,,2014 - 2015,0.55
,,2015 - 2016,0.52
,,2016 - 2017,0.6
,,2017 - 2018,0.6
,,2018 - 2019,0.62
,,2019 - 2020,0.62
,,2020 - 2021,0.61
,,2021 - 2022,0.61
,,2022 - 2023,0.61
,Dibrugarh,2006 - 2007,0.56
,,2010 - 2011,0.5
,,2019 - 2020,0.5
,,2020 - 2021,0.5
,,2022 - 2023,0.5
,Dima hasao,2000 - 2001,2.0
,,2001 - 2002,1.0
,,2002 - 2003,1.0
,,2003 - 2004,1.0
,,2004 - 2005,1.0
,,2005 - 2006,1.0
,,2006 - 2007,1.0
,,2007 - 2008,1.0
,,2009 - 2010,0.5
,,2010 - 2011,0.5
,,2011 - 2012,0.5
,,2012 - 2013,0.5
,,2013 - 2014,0.57
,,2014 - 2015,0.54
,,2015 - 2016,0.5
,,2016 - 2017,0.54
,,2017 - 2018,0.5
,,2018 - 2019,0.5
,,2019 - 2020,0.5
,,2020 - 2021,0.53
,,2021 - 2022,0.54
,,2022 - 2023,0.54
,Goalpara,2000 - 2001,0.5
,,2001 - 2002,0.5
,,2002 - 2003,0.5
,,2003 - 2004,0.5
,,2004 - 2005,0.5
,,2005 - 2006,0.5
,,2006 - 2007,0.5
,,2007 - 2008,0.5
,,2008 - 2009,0.5
,,2009 - 2010,0.5
,,2010 - 2011,0.5
,,2011 - 2012,0.51
,,2012 - 2013,0.52
,,2013 - 2014,0.93
,,2014 - 2015,0.92
,,2015 - 2016,0.58
,,2016 - 2017,0.57
,,2017 - 2018,0.7
,,2018 - 2019,0.7
,,2019 - 2020,0.7
,,2020 - 2021,0.7
,,2021 - 2022,0.71
,,2022 - 2023,0.61
,Golaghat,2000 - 2001,0.45
,,2001 - 2002,0.45
,,2002 - 2003,0.45
,,2003 - 2004,0.38
,,2004 - 2005,0.5
,,2005 - 2006,0.45
,,2006 - 2007,0.44
,,2007 - 2008,0.57
,,2008 - 2009,0.75
,,2009 - 2010,0.47
,,2010 - 2011,0.5
,,2011 - 2012,1.0
,,2012 - 2013,1.0
,,2022 - 2023,0.4
,Hailakandi,2006 - 2007,0.5
,,2007 - 2008,0.57
,,2008 - 2009,0.4
,,2009 - 2010,0.5
,,2010 - 2011,0.52
,,2012 - 2013,0.6
,,2013 - 2014,0.6
,,2014 - 2015,0.67
,,2015 - 2016,0.5
,,2016 - 2017,0.33
,,2018 - 2019,1.0
,,2019 - 2020,1.0
,,2020 - 2021,1.0
,,2021 - 2022,1.0
,,2022 - 2023,1.0
,Hojai,2020 - 2021,0.8
,,2021 - 2022,0.81
,,2022 - 2023,0.81
,Jorhat,2008 - 2009,0.47
,,2016 - 2017,1.0
,,2019 - 2020,0.44
,,2020 - 2021,0.5
,,2021 - 2022,0.5
,,2022 - 2023,0.5
,Kamrup,2000 - 2001,0.5
,,2001 - 2002,0.5
,,2002 - 2003,0.5
,,2003 - 2004,0.5
,,2004 - 2005,0.5
,,2005 - 2006,0.5
,,2006 - 2007,0.5
,,2007 - 2008,0.5
,,2008 - 2009,0.5
,,2009 - 2010,0.5
,,2010 - 2011,0.5
,,2011 - 2012,0.51
,,2012 - 2013,0.51
,,2013 - 2014,0.54
,,2014 - 2015,0.54
,,2015 - 2016,0.52
,,2016 - 2017,0.52
,,2017 - 2018,0.52
,,2018 - 2019,0.52
,,2019 - 2020,0.52
,,2020 - 2021,0.52
,,2021 - 2022,0.54
,,2022 - 2023,0.77
,Kamrup metro,2005 - 2006,0.53
,,2006 - 2007,0.52
,,2007 - 2008,0.51
,,2008 - 2009,0.5
,,2009 - 2010,0.52
,,2010 - 2011,0.5
,,2011 - 2012,0.52
,,2012 - 2013,0.52
,,2013 - 2014,0.55
,,2014 - 2015,0.54
,,2015 - 2016,0.52
,,2016 - 2017,0.5
,,2017 - 2018,0.5
,,2018 - 2019,0.53
,,2019 - 2020,0.53
,,2020 - 2021,0.5
,,2021 - 2022,0.53
,,2022 - 2023,0.47
,Karbi anglong,2000 - 2001,0.52
,,2001 - 2002,0.58
,,2002 - 2003,0.51
,,2003 - 2004,0.53
,,2004 - 2005,0.52
,,2005 - 2006,0.5
,,2006 - 2007,0.5
,,2007 - 2008,0.5
,,2008 - 2009,0.5
,,2009 - 2010,0.5
,,2010 - 2011,0.51
,,2011 - 2012,0.52
,,2012 - 2013,0.52
,,2013 - 2014,0.5
,,2014 - 2015,0.5
,,2015 - 2016,0.52
,,2016 - 2017,0.5
,,2017 - 2018,0.51
,,2018 - 2019,0.52
,,2019 - 2020,0.52
,,2020 - 2021,0.51
,,2021 - 2022,0.52
,,2022 - 2023,0.5
,Karimganj,2000 - 2001,1.0
,,2020 - 2021,0.5
,Kokrajhar,2000 - 2001,0.5
,,2001 - 2002,0.5
,,2002 - 2003,0.5
,,2003 - 2004,0.5
,,2004 - 2005,0.5
,,2005 - 2006,0.5
,,2006 - 2007,0.5
,,2007 - 2008,0.5
,,2008 - 2009,0.5
,,2009 - 2010,0.51
,,2010 - 2011,0.51
,,2011 - 2012,0.51
,,2012 - 2013,0.53
,,2013 - 2014,0.54
,,2014 - 2015,0.54
,,2015 - 2016,0.54
,,2016 - 2017,0.53
,,2017 - 2018,0.53
,,2018 - 2019,0.53
,,2019 - 2020,0.53
,,2020 - 2021,0.53
,,2021 - 2022,0.53
,,2022 - 2023,0.74
,Lakhimpur,2000 - 2001,0.5
,,2001 - 2002,0.5
,,2002 - 2003,0.5
,,2003 - 2004,0.86
,,2004 - 2005,0.57
,,2005 - 2006,0.57
,,2006 - 2007,0.57
,,2007 - 2008,0.57
,,2008 - 2009,0.5
,,2009 - 2010,0.5
,,2010 - 2011,0.5
,,2011 - 2012,1.5
,,2012 - 2013,0.63
,,2013 - 2014,0.67
,,2014 - 2015,0.67
,,2015 - 2016,0.5
,,2016 - 2017,0.5
,,2017 - 2018,0.67
,,2018 - 2019,0.25
,,2019 - 2020,0.57
,,2020 - 2021,0.57
,,2021 - 2022,0.4
,Majuli,2020 - 2021,0.6
,,2021 - 2022,0.6
,,2022 - 2023,0.6
,Marigaon,2000 - 2001,0.5
,,2001 - 2002,0.5
,,2002 - 2003,0.5
,,2003 - 2004,0.5
,,2004 - 2005,0.5
,,2005 - 2006,0.5
,,2006 - 2007,0.5
,,2007 - 2008,0.5
,,2008 - 2009,0.5
,,2009 - 2010,0.5
,,2010 - 2011,0.5
,,2011 - 2012,0.51
,,2012 - 2013,0.51
,,2013 - 2014,0.52
,,2014 - 2015,0.52
,,2015 - 2016,0.46
,,2016 - 2017,0.46
,,2017 - 2018,0.47
,,2018 - 2019,0.5
,,2019 - 2020,0.42
,,2020 - 2021,0.43
,,2021 - 2022,0.42
,,2022 - 2023,0.54
,Nagaon,2000 - 2001,0.51
,,2001 - 2002,0.51
,,2002 - 2003,0.51
,,2003 - 2004,0.51
,,2004 - 2005,0.51
,,2005 - 2006,0.51
,,2006 - 2007,0.51
,,2007 - 2008,0.51
,,2008 - 2009,0.53
,,2009 - 2010,0.52
,,2010 - 2011,0.53
,,2011 - 2012,0.53
,,2012 - 2013,0.54
,,2013 - 2014,0.55
,,2014 - 2015,0.55
,,2015 - 2016,1.09
,,2016 - 2017,0.97
,,2017 - 2018,0.65
,,2018 - 2019,0.54
,,2019 - 2020,0.55
,,2020 - 2021,0.57
,,2021 - 2022,0.57
,,2022 - 2023,0.55
,Nalbari,2000 - 2001,0.52
,,2001 - 2002,0.52
,,2002 - 2003,0.52
,,2003 - 2004,0.52
,,2004 - 2005,0.52
,,2005 - 2006,0.52
,,2006 - 2007,0.52
,,2007 - 2008,0.52
,,2008 - 2009,0.52
,,2009 - 2010,0.52
,,2010 - 2011,0.52
,,2011 - 2012,0.53
,,2012 - 2013,0.53
,,2013 - 2014,0.55
,,2014 - 2015,0.55
,,2015 - 2016,0.54
,,2016 - 2017,0.4
,,2017 - 2018,0.49
,,2018 - 2019,0.4
,,2019 - 2020,0.4
,,2020 - 2021,0.39
,,2021 - 2022,0.38
,,2022 - 2023,0.38
,Sivasagar,2006 - 2007,0.5
,,2010 - 2011,1.0
,,2011 - 2012,1.0
,,2013 - 2014,0.54
,Sonitpur,2000 - 2001,0.58
,,2001 - 2002,0.55
,,2002 - 2003,0.55
,,2003 - 2004,0.56
,,2004 - 2005,0.55
,,2005 - 2006,0.6
,,2006 - 2007,0.58
,,2007 - 2008,0.55
,,2008 - 2009,0.58
,,2009 - 2010,0.58
,,2010 - 2011,0.57
,,2011 - 2012,0.58
,,2012 - 2013,0.58
,,2013 - 2014,0.59
,,2014 - 2015,0.61
,,2015 - 2016,0.56
,,2016 - 2017,0.57
,,2017 - 2018,0.52
,,2018 - 2019,0.55
,,2019 - 2020,0.57
,,2020 - 2021,0.57
,,2021 - 2022,0.67
,,2022 - 2023,0.57
,South salmara mancachar,2020 - 2021,0.7
,,2021 - 2022,0.72
,,2022 - 2023,0.64
,Tinsukia,2000 - 2001,0.4
,,2001 - 2002,0.5
,,2002 - 2003,0.33
,,2003 - 2004,0.33
,,2004 - 2005,0.33
,,2005 - 2006,0.33
,,2006 - 2007,0.48
,,2007 - 2008,0.47
,,2008 - 2009,0.46
,,2009 - 2010,0.49
,,2010 - 2011,0.5
,,2011 - 2012,0.53
,,2012 - 2013,0.53
,,2013 - 2014,0.53
,,2014 - 2015,0.5
,,2015 - 2016,0.48
,,2016 - 2017,0.5
,,2017 - 2018,0.5
,,2018 - 2019,0.5
,,2019 - 2020,0.53
,,2020 - 2021,0.5
,,2021 - 2022,0.33
,,2022 - 2023,0.44
,Udalguri,2005 - 2006,0.51
,,2006 - 2007,0.52
,,2007 - 2008,0.52
,,2008 - 2009,0.51
,,2009 - 2010,0.52
,,2010 - 2011,0.52
,,2011 - 2012,0.52
,,2012 - 2013,0.53
,,2013 - 2014,0.55
,,2014 - 2015,0.55
,,2015 - 2016,0.41
,,2016 - 2017,0.61
,,2017 - 2018,0.65
,,2018 - 2019,0.54
,,2019 - 2020,0.71
,,2020 - 2021,0.7
,,2021 - 2022,0.71
,,2022 - 2023,0.55
,West karbi anglong,2020 - 2021,0.4
,,2021 - 2022,0.5
,,2022 - 2023,0.53
Chhattisgarh,Balod,2012 - 2013,0.2
,,2015 - 2016,0.25
,,2019 - 2020,0.25
,Baloda bazar,2015 - 2016,0.2
,Balrampur,2011 - 2012,0.16
,,2012 - 2013,0.17
,,2013 - 2014,0.18
,,2014 - 2015,0.16
,,2015 - 2016,0.16
,,2016 - 2017,0.18
,,2017 - 2018,0.17
,,2018 - 2019,0.17
,,2019 - 2020,0.17
,,2020 - 2021,0.2
,,2021 - 2022,0.2
,,2022 - 2023,0.17
,Bastar,2000 - 2001,0.2
,,2001 - 2002,0.23
,,2002 - 2003,0.18
,,2003 - 2004,0.21
,,2004 - 2005,0.21
,,2005 - 2006,0.21
,,2006 - 2007,0.22
,,2007 - 2008,0.23
,,2008 - 2009,0.21
,,2009 - 2010,0.19
,,2010 - 2011,0.21
,,2011 - 2012,0.2
,,2012 - 2013,0.22
,,2013 - 2014,0.06
,,2014 - 2015,0.21
,,2015 - 2016,0.11
,,2016 - 2017,0.22
,,2017 - 2018,0.21
,,2018 - 2019,0.21
,,2019 - 2020,0.21
,,2020 - 2021,0.19
,,2021 - 2022,0.18
,,2022 - 2023,0.19
,Bijapur,2006 - 2007,0.0
,,2007 - 2008,0.22
,,2008 - 2009,0.11
,,2009 - 2010,0.11
,,2010 - 2011,0.22
,,2011 - 2012,0.2
,,2012 - 2013,0.23
,,2013 - 2014,6.58
,,2014 - 2015,0.27
,,2015 - 2016,0.2
,,2017 - 2018,0.3
,,2018 - 2019,0.0
,Bilaspur,2000 - 2001,0.25
,,2001 - 2002,0.24
,,2002 - 2003,0.15
,,2003 - 2004,0.25
,,2004 - 2005,0.17
,,2005 - 2006,0.24
,,2006 - 2007,0.25
,,2007 - 2008,0.25
,,2008 - 2009,0.25
,,2009 - 2010,0.22
,,2010 - 2011,0.24
,,2011 - 2012,0.24
,,2012 - 2013,0.27
,,2013 - 2014,0.0
,,2014 - 2015,0.27
,,2015 - 2016,0.2
,,2016 - 2017,0.27
,,2017 - 2018,0.18
,,2018 - 2019,0.29
,Dantewada,2000 - 2001,0.18
,,2001 - 2002,0.19
,,2002 - 2003,0.16
,,2003 - 2004,0.19
,,2004 - 2005,0.18
,,2005 - 2006,0.17
,,2006 - 2007,0.19
,,2007 - 2008,0.21
,,2008 - 2009,0.17
,,2009 - 2010,0.12
,,2010 - 2011,0.22
,,2011 - 2012,0.2
,,2012 - 2013,0.2
,,2013 - 2014,0.01
,,2014 - 2015,0.21
,,2015 - 2016,0.16
,,2016 - 2017,0.23
,,2017 - 2018,0.14
,,2018 - 2019,0.28
,,2019 - 2020,0.2
,,2020 - 2021,0.22
,,2021 - 2022,0.21
,,2022 - 2023,0.28
,Dhamtari,2001 - 2002,0.33
,,2002 - 2003,0.0
,,2003 - 2004,0.33
,,2010 - 2011,0.18
,,2011 - 2012,0.17
,,2017 - 2018,1.0
,,2018 - 2019,0.29
,,2019 - 2020,0.0
,Durg,2005 - 2006,0.0
,,2006 - 2007,0.2
,,2008 - 2009,0.18
,,2009 - 2010,0.0
,Gariyaband,2011 - 2012,0.14
,,2012 - 2013,0.18
,,2022 - 2023,0.0
,Gaurella-pendra-marwahi,2019 - 2020,0.29
,,2020 - 2021,0.23
,,2021 - 2022,0.28
,,2022 - 2023,0.25
,Janjgir-champa,2007 - 2008,0.24
,Jashpur,2000 - 2001,0.16
,,2001 - 2002,0.17
,,2002 - 2003,0.16
,,2003 - 2004,0.16
,,2004 - 2005,0.16
,,2005 - 2006,0.15
,,2006 - 2007,0.16
,,2007 - 2008,0.16
,,2008 - 2009,0.17
,,2009 - 2010,0.17
,,2010 - 2011,0.16
,,2011 - 2012,0.17
,,2012 - 2013,0.17
,,2013 - 2014,0.17
,,2014 - 2015,0.17
,,2015 - 2016,0.17
,,2016 - 2017,0.19
,,2017 - 2018,0.19
,,2018 - 2019,0.19
,,2019 - 2020,0.18
,,2020 - 2021,0.18
,,2021 - 2022,0.19
,,2022 - 2023,0.2
,Kabirdham,2000 - 2001,0.13
,,2001 - 2002,0.19
,,2002 - 2003,0.25
,,2003 - 2004,0.18
,,2004 - 2005,0.18
,,2005 - 2006,0.18
,,2006 - 2007,0.23
,,2007 - 2008,0.19
,,2008 - 2009,0.18
,,2009 - 2010,0.18
,,2010 - 2011,0.18
,,2011 - 2012,0.19
,,2012 - 2013,0.22
,,2013 - 2014,5.44
,,2014 - 2015,0.2
,,2015 - 2016,0.22
,,2016 - 2017,0.23
,,2017 - 2018,0.26
,,2018 - 2019,0.16
,,2019 - 2020,0.19
,,2020 - 2021,0.19
,,2021 - 2022,0.2
,,2022 - 2023,0.22
,Kanker,2000 - 2001,0.2
,,2001 - 2002,0.22
,,2002 - 2003,0.1
,,2003 - 2004,0.24
,,2004 - 2005,0.19
,,2005 - 2006,0.23
,,2006 - 2007,0.2
,,2007 - 2008,0.22
,,2008 - 2009,0.22
,,2009 - 2010,0.22
,,2010 - 2011,0.22
,,2011 - 2012,0.2
,,2012 - 2013,0.19
,,2013 - 2014,0.16
,,2014 - 2015,0.18
,,2015 - 2016,0.15
,,2016 - 2017,0.2
,,2017 - 2018,0.16
,,2018 - 2019,0.2
,,2019 - 2020,0.14
,,2020 - 2021,0.23
,,2021 - 2022,0.25
,,2022 - 2023,0.24
,Kondagaon,2011 - 2012,0.2
,,2012 - 2013,0.18
,,2013 - 2014,0.06
,,2014 - 2015,0.21
,,2015 - 2016,0.13
,,2016 - 2017,0.22
,,2017 - 2018,0.21
,,2018 - 2019,0.22
,,2019 - 2020,0.24
,,2020 - 2021,0.35
,,2021 - 2022,0.35
,,2022 - 2023,0.35
,Korba,2000 - 2001,0.26
,,2001 - 2002,0.26
,,2002 - 2003,0.22
,,2003 - 2004,0.22
,,2004 - 2005,0.2
,,2005 - 2006,0.25
,,2006 - 2007,0.2
,,2007 - 2008,0.24
,,2008 - 2009,0.27
,,2009 - 2010,0.22
,,2010 - 2011,0.24
,,2011 - 2012,0.24
,,2012 - 2013,0.22
,,2013 - 2014,0.25
,,2014 - 2015,0.27
,,2015 - 2016,0.2
,,2016 - 2017,0.27
,,2017 - 2018,0.27
,,2018 - 2019,0.25
,,2019 - 2020,0.24
,,2020 - 2021,0.24
,,2021 - 2022,0.28
,,2022 - 2023,0.25
,Korea,2000 - 2001,0.18
,,2001 - 2002,0.19
,,2002 - 2003,0.16
,,2003 - 2004,0.17
,,2004 - 2005,0.13
,,2005 - 2006,0.13
,,2006 - 2007,0.14
,,2007 - 2008,0.14
,,2008 - 2009,0.17
,,2009 - 2010,0.12
,,2010 - 2011,0.17
,,2011 - 2012,0.18
,,2012 - 2013,0.14
,,2013 - 2014,0.15
,,2014 - 2015,0.17
,,2015 - 2016,0.21
,,2016 - 2017,0.21
,,2017 - 2018,0.22
,,2018 - 2019,0.21
,,2019 - 2020,0.22
,,2020 - 2021,0.2
,,2021 - 2022,0.24
,,2022 - 2023,0.24
,Mahasamund,2000 - 2001,0.17
,,2003 - 2004,0.0
,,2004 - 2005,0.0
,,2005 - 2006,0.0
,,2006 - 2007,0.0
,,2008 - 2009,0.0
,,2009 - 2010,0.0
,Manendragarh chirimiri bharatpur,2022 - 2023,0.22
,Narayanpur,2006 - 2007,0.0
,,2007 - 2008,0.23
,,2008 - 2009,0.21
,,2009 - 2010,0.17
,,2010 - 2011,0.24
,,2011 - 2012,0.2
,,2012 - 2013,0.22
,,2013 - 2014,0.14
,,2014 - 2015,0.21
,,2015 - 2016,0.11
,,2016 - 2017,0.16
,,2017 - 2018,0.19
,,2018 - 2019,0.18
,,2019 - 2020,0.19
,,2020 - 2021,0.2
,,2021 - 2022,0.17
,,2022 - 2023,0.21
,Raigarh,2000 - 2001,0.12
,,2001 - 2002,0.16
,,2002 - 2003,0.11
,,2003 - 2004,0.17
,,2004 - 2005,0.16
,,2005 - 2006,0.15
,,2006 - 2007,0.15
,,2007 - 2008,0.17
,,2008 - 2009,0.17
,,2009 - 2010,0.17
,,2010 - 2011,0.17
,,2011 - 2012,0.15
,,2012 - 2013,0.17
,,2013 - 2014,0.16
,,2014 - 2015,0.18
,,2015 - 2016,0.18
,,2016 - 2017,0.18
,,2017 - 2018,0.17
,,2018 - 2019,0.17
,,2019 - 2020,0.18
,,2020 - 2021,0.15
,,2021 - 2022,0.15
,,2022 - 2023,0.17
,Raipur,2000 - 2001,0.12
,,2001 - 2002,0.17
,,2002 - 2003,0.17
,,2003 - 2004,0.16
,,2004 - 2005,0.17
,,2005 - 2006,0.17
,,2006 - 2007,0.17
,,2007 - 2008,0.17
,,2008 - 2009,0.17
,,2009 - 2010,0.16
,,2010 - 2011,0.18
,,2020 - 2021,0.0
,,2021 - 2022,0.0
,Rajnandgaon,2000 - 2001,0.0
,,2001 - 2002,0.33
,,2002 - 2003,0.25
,,2003 - 2004,0.25
,,2004 - 2005,0.2
,,2005 - 2006,0.25
,,2006 - 2007,0.17
,,2007 - 2008,0.2
,,2008 - 2009,0.18
,,2010 - 2011,0.0
,,2011 - 2012,0.0
,,2012 - 2013,0.0
,,2013 - 2014,71.0
,,2014 - 2015,0.26
,,2015 - 2016,0.21
,,2016 - 2017,0.24
,,2017 - 2018,0.33
,,2018 - 2019,0.2
,,2022 - 2023,1.0
,Sakti,2022 - 2023,0.0
,Sukma,2011 - 2012,0.2
,,2012 - 2013,0.19
,,2013 - 2014,0.07
,,2014 - 2015,0.17
,,2015 - 2016,0.18
,,2016 - 2017,0.19
,,2017 - 2018,0.2
,,2018 - 2019,0.2
,,2019 - 2020,0.2
,,2020 - 2021,0.0
,,2021 - 2022,0.0
,,2022 - 2023,0.0
,Surajpur,2011 - 2012,0.16
,,2012 - 2013,0.16
,,2013 - 2014,0.18
,,2014 - 2015,0.18
,,2015 - 2016,0.16
,,2016 - 2017,0.14
,,2017 - 2018,0.17
,,2018 - 2019,0.19
,,2019 - 2020,0.19
,,2020 - 2021,0.2
,,2021 - 2022,0.2
,,2022 - 2023,0.17
,Surguja,2000 - 2001,0.18
,,2001 - 2002,0.19
,,2002 - 2003,0.16
,,2003 - 2004,0.17
,,2004 - 2005,0.15
,,2005 - 2006,0.16
,,2006 - 2007,0.17
,,2007 - 2008,0.16
,,2008 - 2009,0.17
,,2009 - 2010,0.14
,,2010 - 2011,0.16
,,2011 - 2012,0.16
,,2012 - 2013,0.17
,,2013 - 2014,0.18
,,2014 - 2015,0.18
,,2015 - 2016,0.17
,,2016 - 2017,0.17
,,2017 - 2018,0.17
,,2018 - 2019,0.19
,,2019 - 2020,0.19
,,2020 - 2021,0.29
,,2021 - 2022,0.29
,,2022 - 2023,0.27
Dadra and Nagar Haveli,Dadra and Nagar Haveli,2000 - 2001,1.0
,,2001 - 2002,3.03
,,2002 - 2003,3.04
,,2003 - 2004,1.01
,,2004 - 2005,1.01
,,2005 - 2006,0.88
,,2006 - 2007,1.0
,,2010 - 2011,0.75
,,2011 - 2012,0.6
,,2012 - 2013,0.6
,,2015 - 2016,0.59
,,2016 - 2017,0.3
,,2017 - 2018,0.68
,,2018 - 2019,0.3
,,2019 - 2020,0.3
Jharkhand,Bokaro,2017 - 2018,0.52
,,2018 - 2019,0.52
,,2020 - 2021,0.53
,,2021 - 2022,0.42
,Chatra,2017 - 2018,0.59
,,2018 - 2019,0.59
,,2019 - 2020,0.61
,,2020 - 2021,0.63
,,2021 - 2022,0.62
,Deoghar,2017 - 2018,0.5
,Dumka,2017 - 2018,0.59
,,2018 - 2019,0.6
,,2020 - 2021,0.45
,East singhbum,2017 - 2018,0.65
,,2018 - 2019,0.58
,,2019 - 2020,0.58
,,2020 - 2021,0.57
,,2021 - 2022,0.59
,Garhwa,2018 - 2019,0.52
,Giridih,2017 - 2018,0.4
,,2018 - 2019,0.41
,,2019 - 2020,0.43
,,2020 - 2021,0.43
,,2021 - 2022,0.44
,,2022 - 2023,0.43
,Godda,2018 - 2019,0.6
,Gumla,2017 - 2018,0.55
,,2018 - 2019,0.49
,,2019 - 2020,0.49
,,2020 - 2021,0.49
,,2021 - 2022,0.11
,,2022 - 2023,0.1
,Hazaribagh,2017 - 2018,0.5
,,2019 - 2020,0.5
,,2020 - 2021,0.5
,,2021 - 2022,0.45
,,2022 - 2023,0.42
,Khunti,2018 - 2019,0.35
,,2020 - 2021,0.45
,,2021 - 2022,0.45
,,2022 - 2023,0.45
,Koderma,2018 - 2019,0.38
,,2019 - 2020,0.4
,,2020 - 2021,0.4
,Latehar,2017 - 2018,0.42
,Lohardaga,2017 - 2018,0.3
,,2018 - 2019,0.3
,,2019 - 2020,0.3
,,2020 - 2021,0.3
,,2021 - 2022,0.3
,,2022 - 2023,0.3
,Pakur,2017 - 2018,0.23
,,2018 - 2019,0.41
,,2019 - 2020,0.33
,,2021 - 2022,0.4
,Palamu,2017 - 2018,0.6
,,2018 - 2019,0.43
,,2019 - 2020,0.5
,,2020 - 2021,0.46
,,2021 - 2022,1.0
,Ramgarh,2017 - 2018,0.5
,,2019 - 2020,0.51
,,2020 - 2021,0.5
,,2021 - 2022,0.5
,,2022 - 2023,0.55
,Ranchi,2017 - 2018,0.45
,,2018 - 2019,0.4
,Saraikela kharsawan,2017 - 2018,0.5
,,2018 - 2019,0.65
,,2019 - 2020,0.65
,,2020 - 2021,0.64
,,2021 - 2022,0.65
,Simdega,2017 - 2018,1.0
,,2018 - 2019,1.0
,,2020 - 2021,0.7
,,2021 - 2022,0.6
,,2022 - 2023,0.6
,West singhbhum,2017 - 2018,0.47
,,2018 - 2019,0.47
,,2019 - 2020,0.48
,,2020 - 2021,0.47
,,2021 - 2022,0.47
,,2022 - 2023,0.48
Karnataka,Bagalkot,2000 - 2001,0.15
,,2001 - 2002,0.15
,,2002 - 2003,0.15
,,2003 - 2004,0.15
,,2004 - 2005,0.15
,,2005 - 2006,0.15
,,2006 - 2007,0.15
,,2007 - 2008,0.38
,,2008 - 2009,0.35
,,2009 - 2010,0.35
,,2010 - 2011,0.3
,,2011 - 2012,0.27
,,2012 - 2013,0.17
,,2013 - 2014,0.22
,,2014 - 2015,0.27
,,2017 - 2018,0.23
,,2018 - 2019,0.25
,,2019 - 2020,0.25
,,2020 - 2021,0.24
,,2021 - 2022,0.23
,,2022 - 2023,0.2
,Bangalore rural,2000 - 2001,0.25
,,2001 - 2002,0.25
,,2002 - 2003,0.25
,,2003 - 2004,0.25
,,2004 - 2005,0.25
,,2005 - 2006,0.25
,,2006 - 2007,0.25
,,2007 - 2008,0.38
,,2008 - 2009,0.34
,,2009 - 2010,0.35
,,2010 - 2011,0.3
,,2011 - 2012,0.27
,,2012 - 2013,0.24
,,2013 - 2014,0.22
,,2014 - 2015,0.26
,,2015 - 2016,0.26
,,2016 - 2017,0.19
,,2017 - 2018,0.22
,,2018 - 2019,0.14
,,2019 - 2020,0.21
,,2020 - 2021,0.33
,,2021 - 2022,0.29
,Belgaum,2000 - 2001,0.23
,,2001 - 2002,0.23
,,2002 - 2003,0.23
,,2003 - 2004,0.23
,,2004 - 2005,0.23
,,2005 - 2006,0.23
,,2006 - 2007,0.23
,,2007 - 2008,0.38
,,2008 - 2009,0.34
,,2009 - 2010,0.35
,,2010 - 2011,0.3
,,2011 - 2012,0.27
,,2012 - 2013,0.24
,,2013 - 2014,0.22
,,2014 - 2015,0.3
,,2015 - 2016,0.31
,,2016 - 2017,0.19
,,2017 - 2018,0.22
,,2018 - 2019,0.19
,,2019 - 2020,0.25
,,2020 - 2021,0.24
,,2021 - 2022,0.24
,,2022 - 2023,0.25
,Bellary,2000 - 2001,0.26
,,2001 - 2002,0.26
,,2002 - 2003,0.26
,,2003 - 2004,0.26
,,2004 - 2005,0.26
,,2005 - 2006,0.26
,,2006 - 2007,0.26
,,2007 - 2008,0.38
,,2008 - 2009,0.37
,,2009 - 2010,0.36
,,2010 - 2011,0.17
,,2011 - 2012,0.27
,,2012 - 2013,0.24
,,2013 - 2014,0.11
,,2014 - 2015,0.27
,,2015 - 2016,0.26
,,2016 - 2017,0.18
,,2017 - 2018,0.23
,,2018 - 2019,0.19
,,2019 - 2020,0.25
,,2020 - 2021,0.25
,,2021 - 2022,0.22
,,2022 - 2023,0.21
,Bengaluru urban,2000 - 2001,0.25
,,2001 - 2002,0.25
,,2002 - 2003,0.25
,,2003 - 2004,0.25
,,2004 - 2005,0.25
,,2005 - 2006,0.25
,,2006 - 2007,0.25
,,2007 - 2008,0.38
,,2008 - 2009,0.34
,,2009 - 2010,0.35
,,2010 - 2011,0.3
,,2011 - 2012,0.27
,,2012 - 2013,0.24
,,2013 - 2014,0.22
,,2014 - 2015,0.26
,,2015 - 2016,0.26
,,2016 - 2017,0.18
,,2017 - 2018,0.23
,,2018 - 2019,0.2
,,2019 - 2020,0.23
,,2020 - 2021,0.17
,,2021 - 2022,0.23
,,2022 - 2023,0.26
,Bidar,2000 - 2001,0.11
,,2001 - 2002,0.11
,,2002 - 2003,0.11
,,2003 - 2004,0.11
,,2004 - 2005,0.11
,,2005 - 2006,0.11
,,2006 - 2007,0.11
,,2007 - 2008,0.38
,,2008 - 2009,0.24
,,2009 - 2010,0.27
,,2010 - 2011,0.22
,,2011 - 2012,0.24
,,2012 - 2013,0.24
,,2013 - 2014,0.24
,,2014 - 2015,0.32
,,2015 - 2016,0.35
,,2016 - 2017,0.22
,,2017 - 2018,0.24
,,2018 - 2019,0.22
,,2019 - 2020,0.25
,,2020 - 2021,0.23
,,2021 - 2022,0.24
,,2022 - 2023,0.33
,Bijapur,2000 - 2001,0.15
,,2001 - 2002,0.15
,,2002 - 2003,0.15
,,2003 - 2004,0.16
,,2004 - 2005,0.15
,,2005 - 2006,0.15
,,2006 - 2007,0.15
,,2007 - 2008,0.19
,,2008 - 2009,0.19
,,2009 - 2010,0.25
,,2010 - 2011,0.31
,,2011 - 2012,0.2
,,2012 - 2013,0.2
,,2013 - 2014,0.22
,,2014 - 2015,0.26
,,2015 - 2016,0.25
,,2016 - 2017,0.19
,,2018 - 2019,0.25
,,2019 - 2020,0.21
,,2020 - 2021,0.21
,,2021 - 2022,0.25
,,2022 - 2023,0.2
,Chamarajanagar,2000 - 2001,0.21
,,2001 - 2002,0.21
,,2002 - 2003,0.21
,,2003 - 2004,0.21
,,2004 - 2005,0.21
,,2005 - 2006,0.21
,,2006 - 2007,0.21
,,2007 - 2008,0.31
,,2008 - 2009,0.42
,,2009 - 2010,0.42
,,2010 - 2011,0.37
,,2011 - 2012,0.27
,,2012 - 2013,0.27
,,2013 - 2014,0.22
,,2014 - 2015,0.27
,,2015 - 2016,0.26
,,2017 - 2018,0.22
,,2018 - 2019,0.18
,,2019 - 2020,0.25
,,2020 - 2021,0.25
,,2021 - 2022,0.25
,,2022 - 2023,0.33
,Chikballapur,2007 - 2008,0.38
,,2008 - 2009,0.34
,,2009 - 2010,0.16
,,2010 - 2011,0.3
,,2011 - 2012,0.27
,,2012 - 2013,0.24
,,2013 - 2014,0.22
,,2014 - 2015,0.33
,,2015 - 2016,0.26
,,2016 - 2017,0.19
,,2017 - 2018,0.22
,,2018 - 2019,0.18
,,2021 - 2022,0.33
,,2022 - 2023,0.2
,Chikmagalur,2000 - 2001,0.26
,,2001 - 2002,0.26
,,2002 - 2003,0.26
,,2003 - 2004,0.26
,,2004 - 2005,0.26
,,2005 - 2006,0.26
,,2006 - 2007,0.26
,,2007 - 2008,0.38
,,2008 - 2009,0.33
,,2009 - 2010,0.32
,,2010 - 2011,0.3
,,2011 - 2012,0.29
,,2012 - 2013,0.29
,,2013 - 2014,0.22
,,2014 - 2015,0.26
,,2015 - 2016,0.33
,,2016 - 2017,0.19
,,2017 - 2018,0.24
,,2018 - 2019,0.0
,,2019 - 2020,0.0
,Chitradurga,2000 - 2001,0.29
,,2001 - 2002,0.29
,,2002 - 2003,0.3
,,2003 - 2004,0.29
,,2004 - 2005,0.29
,,2005 - 2006,0.29
,,2006 - 2007,0.29
,,2007 - 2008,0.38
,,2008 - 2009,0.34
,,2009 - 2010,0.35
,,2010 - 2011,0.3
,,2011 - 2012,0.27
,,2012 - 2013,0.23
,,2013 - 2014,0.17
,,2014 - 2015,0.26
,,2015 - 2016,0.26
,,2016 - 2017,0.17
,,2017 - 2018,0.21
,,2019 - 2020,0.0
,,2021 - 2022,0.25
,,2022 - 2023,0.23
,Davangere,2000 - 2001,0.29
,,2001 - 2002,0.29
,,2002 - 2003,0.29
,,2003 - 2004,0.29
,,2004 - 2005,0.29
,,2005 - 2006,0.29
,,2006 - 2007,0.29
,,2007 - 2008,0.38
,,2008 - 2009,0.34
,,2009 - 2010,0.33
,,2010 - 2011,0.3
,,2011 - 2012,0.27
,,2012 - 2013,0.24
,,2013 - 2014,0.22
,,2014 - 2015,0.26
,,2015 - 2016,0.26
,,2016 - 2017,0.18
,,2017 - 2018,0.22
,,2018 - 2019,0.0
,,2019 - 2020,0.0
,,2020 - 2021,0.22
,,2021 - 2022,0.25
,Dharwad,2000 - 2001,0.24
,,2001 - 2002,0.24
,,2002 - 2003,0.24
,,2003 - 2004,0.24
,,2004 - 2005,0.24
,,2005 - 2006,0.24
,,2006 - 2007,0.24
,,2007 - 2008,0.38
,,2008 - 2009,0.41
,,2009 - 2010,0.24
,,2010 - 2011,0.3
,,2011 - 2012,0.27
,,2012 - 2013,0.24
,,2013 - 2014,0.22
,,2014 - 2015,0.26
,,2015 - 2016,0.24
,,2016 - 2017,0.19
,,2017 - 2018,0.22
,,2018 - 2019,0.0
,,2019 - 2020,0.24
,,2020 - 2021,0.25
,,2021 - 2022,0.25
,,2022 - 2023,0.23
,Gadag,2000 - 2001,0.24
,,2001 - 2002,0.24
,,2002 - 2003,0.24
,,2003 - 2004,0.24
,,2004 - 2005,0.24
,,2005 - 2006,0.24
,,2006 - 2007,0.24
,,2007 - 2008,0.3
,,2008 - 2009,0.34
,,2009 - 2010,0.42
,,2010 - 2011,0.41
,,2011 - 2012,0.4
,,2012 - 2013,0.39
,,2013 - 2014,0.22
,,2014 - 2015,0.26
,,2015 - 2016,0.26
,,2016 - 2017,0.19
,,2017 - 2018,0.18
,,2018 - 2019,0.25
,,2019 - 2020,0.25
,,2020 - 2021,0.23
,,2021 - 2022,0.2
,,2022 - 2023,0.23
,Gulbarga,2000 - 2001,0.12
,,2001 - 2002,0.12
,,2002 - 2003,0.12
,,2003 - 2004,0.12
,,2004 - 2005,0.12
,,2005 - 2006,0.12
,,2006 - 2007,0.12
,,2007 - 2008,0.25
,,2008 - 2009,0.34
,,2009 - 2010,0.18
,,2010 - 2011,0.17
,,2011 - 2012,0.27
,,2012 - 2013,0.24
,,2013 - 2014,0.22
,,2014 - 2015,0.27
,,2015 - 2016,0.23
,,2016 - 2017,0.13
,,2017 - 2018,0.22
,,2018 - 2019,0.19
,,2019 - 2020,0.25
,,2020 - 2021,0.22
,,2021 - 2022,0.17
,,2022 - 2023,0.2
,Hassan,2000 - 2001,0.17
,,2001 - 2002,0.17
,,2002 - 2003,0.17
,,2003 - 2004,0.17
,,2004 - 2005,0.17
,,2005 - 2006,0.17
,,2006 - 2007,0.17
,,2007 - 2008,0.38
,,2008 - 2009,0.47
,,2009 - 2010,0.46
,,2010 - 2011,0.28
,,2011 - 2012,0.18
,,2012 - 2013,0.18
,,2013 - 2014,0.14
,,2014 - 2015,0.31
,,2015 - 2016,0.28
,,2016 - 2017,0.19
,,2017 - 2018,0.29
,,2018 - 2019,0.26
,,2019 - 2020,0.25
,,2020 - 2021,0.25
,,2021 - 2022,0.27
,Haveri,2000 - 2001,0.24
,,2001 - 2002,0.24
,,2002 - 2003,0.24
,,2003 - 2004,0.24
,,2004 - 2005,0.24
,,2005 - 2006,0.24
,,2006 - 2007,0.24
,,2007 - 2008,0.25
,,2008 - 2009,0.34
,,2009 - 2010,0.35
,,2010 - 2011,0.3
,,2011 - 2012,0.27
,,2012 - 2013,0.24
,,2013 - 2014,0.22
,,2014 - 2015,0.26
,,2015 - 2016,0.26
,,2016 - 2017,0.19
,,2017 - 2018,0.21
,,2018 - 2019,0.0
,,2019 - 2020,0.24
,,2020 - 2021,0.27
,,2021 - 2022,0.2
,,2022 - 2023,0.2
,Kodagu,2018 - 2019,0.0
,Kolar,2000 - 2001,0.23
,,2001 - 2002,0.23
,,2002 - 2003,0.23
,,2003 - 2004,0.23
,,2004 - 2005,0.23
,,2005 - 2006,0.23
,,2006 - 2007,0.23
,,2007 - 2008,0.37
,,2008 - 2009,0.34
,,2009 - 2010,0.35
,,2010 - 2011,0.3
,,2011 - 2012,0.27
,,2012 - 2013,0.24
,,2013 - 2014,0.22
,,2014 - 2015,0.27
,,2015 - 2016,0.26
,,2016 - 2017,0.18
,,2017 - 2018,0.21
,,2018 - 2019,0.2
,,2019 - 2020,0.24
,,2020 - 2021,0.25
,,2021 - 2022,0.33
,,2022 - 2023,0.23
,Koppal,2000 - 2001,0.13
,,2001 - 2002,0.13
,,2002 - 2003,0.13
,,2003 - 2004,0.13
,,2004 - 2005,0.13
,,2005 - 2006,0.13
,,2006 - 2007,0.13
,,2007 - 2008,0.13
,,2008 - 2009,0.34
,,2009 - 2010,0.31
,,2010 - 2011,0.27
,,2011 - 2012,0.26
,,2012 - 2013,0.26
,,2013 - 2014,0.26
,,2014 - 2015,0.26
,,2015 - 2016,0.27
,,2016 - 2017,0.18
,,2017 - 2018,0.22
,,2018 - 2019,0.23
,,2019 - 2020,0.26
,,2020 - 2021,0.26
,,2021 - 2022,0.29
,,2022 - 2023,0.23
,Mandya,2000 - 2001,0.19
,,2001 - 2002,0.19
,,2002 - 2003,0.19
,,2003 - 2004,0.19
,,2004 - 2005,0.19
,,2005 - 2006,0.19
,,2006 - 2007,0.19
,,2007 - 2008,0.38
,,2008 - 2009,0.34
,,2009 - 2010,0.44
,,2010 - 2011,0.49
,,2011 - 2012,0.27
,,2012 - 2013,0.27
,,2013 - 2014,0.33
,,2014 - 2015,0.2
,,2015 - 2016,0.3
,,2016 - 2017,0.23
,,2017 - 2018,0.17
,,2018 - 2019,0.13
,,2019 - 2020,0.26
,,2020 - 2021,0.29
,,2021 - 2022,0.25
,,2022 - 2023,0.25
,Mysore,2000 - 2001,0.21
,,2001 - 2002,0.21
,,2002 - 2003,0.21
,,2003 - 2004,0.21
,,2004 - 2005,0.21
,,2005 - 2006,0.21
,,2006 - 2007,0.21
,,2007 - 2008,0.52
,,2008 - 2009,0.34
,,2009 - 2010,0.41
,,2010 - 2011,0.37
,,2011 - 2012,0.37
,,2012 - 2013,0.37
,,2013 - 2014,0.37
,,2014 - 2015,0.26
,,2015 - 2016,0.26
,,2016 - 2017,0.2
,,2017 - 2018,0.22
,,2018 - 2019,0.21
,,2019 - 2020,0.25
,,2020 - 2021,0.25
,,2021 - 2022,0.25
,,2022 - 2023,0.25
,Raichur,2000 - 2001,0.13
,,2001 - 2002,0.13
,,2002 - 2003,0.14
,,2003 - 2004,0.12
,,2004 - 2005,0.15
,,2005 - 2006,0.11
,,2006 - 2007,0.13
,,2008 - 2009,0.33
,,2010 - 2011,0.31
,,2011 - 2012,0.27
,,2018 - 2019,0.18
,,2019 - 2020,0.0
,,2020 - 2021,0.25
,,2021 - 2022,0.2
,,2022 - 2023,0.17
,Ramanagara,2007 - 2008,0.37
,,2008 - 2009,0.32
,,2009 - 2010,0.31
,,2010 - 2011,0.3
,,2011 - 2012,0.27
,,2012 - 2013,0.24
,,2013 - 2014,0.22
,,2014 - 2015,0.26
,,2015 - 2016,0.16
,,2016 - 2017,0.16
,,2017 - 2018,0.22
,,2018 - 2019,0.18
,,2019 - 2020,0.26
,,2020 - 2021,0.25
,Shimoga,2000 - 2001,0.26
,,2001 - 2002,0.26
,,2002 - 2003,0.26
,,2003 - 2004,0.26
,,2004 - 2005,0.26
,,2005 - 2006,0.26
,,2006 - 2007,0.26
,,2007 - 2008,0.37
,,2008 - 2009,0.35
,,2009 - 2010,0.35
,,2010 - 2011,0.3
,,2011 - 2012,0.29
,,2012 - 2013,0.25
,,2013 - 2014,0.22
,,2014 - 2015,0.25
,,2015 - 2016,0.29
,,2016 - 2017,0.18
,,2017 - 2018,0.0
,,2018 - 2019,0.0
,,2020 - 2021,0.25
,Tumkur,2000 - 2001,0.29
,,2001 - 2002,0.29
,,2002 - 2003,0.29
,,2003 - 2004,0.29
,,2004 - 2005,0.29
,,2005 - 2006,0.29
,,2006 - 2007,0.29
,,2007 - 2008,0.38
,,2008 - 2009,0.34
,,2009 - 2010,0.33
,,2010 - 2011,0.25
,,2011 - 2012,0.24
,,2012 - 2013,0.24
,,2013 - 2014,0.15
,,2014 - 2015,0.12
,,2015 - 2016,0.17
,,2016 - 2017,0.15
,,2017 - 2018,0.13
,,2018 - 2019,0.0
,,2019 - 2020,0.33
,,2020 - 2021,0.2
,,2021 - 2022,0.24
,Vijayanagar,2022 - 2023,0.24
,Yadgir,2010 - 2011,0.3
,,2011 - 2012,0.2
,,2012 - 2013,0.23
,,2013 - 2014,0.2
,,2014 - 2015,0.29
,,2015 - 2016,0.22
,,2018 - 2019,0.0
,,2019 - 2020,0.24
,,2020 - 2021,1.0
Madhya Pradesh,Agar malwa,2018 - 2019,0.25
,Anuppur,2003 - 2004,0.28
,,2004 - 2005,0.29
,,2005 - 2006,0.3
,,2006 - 2007,0.28
,,2007 - 2008,0.24
,,2008 - 2009,0.28
,,2009 - 2010,
,,2010 - 2011,0.15
,,2011 - 2012,0.19
,,2012 - 2013,0.55
,,2013 - 2014,0.44
,,2014 - 2015,0.4
,,2015 - 2016,0.5
,,2016 - 2017,0.38
,,2017 - 2018,0.46
,,2018 - 2019,0.33
,,2019 - 2020,0.39
,,2020 - 2021,0.44
,,2021 - 2022,0.49
,Ashoknagar,2003 - 2004,0.19
,,2004 - 2005,0.21
,,2005 - 2006,0.2
,,2006 - 2007,0.21
,,2007 - 2008,0.22
,,2008 - 2009,0.2
,,2009 - 2010,
,,2017 - 2018,0.25
,,2018 - 2019,0.17
,,2019 - 2020,0.25
,Balaghat,2000 - 2001,0.14
,,2001 - 2002,0.21
,,2002 - 2003,0.17
,,2003 - 2004,0.16
,,2004 - 2005,0.17
,,2005 - 2006,0.17
,,2006 - 2007,0.17
,,2007 - 2008,0.17
,,2008 - 2009,0.18
,,2009 - 2010,
,,2010 - 2011,0.16
,,2011 - 2012,0.14
,,2012 - 2013,0.16
,,2013 - 2014,0.22
,,2017 - 2018,0.31
,,2018 - 2019,0.0
,,2019 - 2020,0.0
,,2020 - 2021,0.33
,,2022 - 2023,0.25
,Barwani,2014 - 2015,0.5
,,2017 - 2018,0.23
,,2018 - 2019,0.25
,Betul,2000 - 2001,0.17
,,2001 - 2002,0.22
,,2002 - 2003,0.22
,,2003 - 2004,0.23
,,2004 - 2005,0.22
,,2005 - 2006,0.24
,,2006 - 2007,0.25
,,2007 - 2008,0.25
,,2008 - 2009,0.26
,,2009 - 2010,
,,2010 - 2011,0.26
,,2011 - 2012,0.21
,,2012 - 2013,0.29
,,2013 - 2014,0.3
,,2014 - 2015,1.0
,,2015 - 2016,0.33
,,2016 - 2017,0.33
,,2017 - 2018,0.31
,,2018 - 2019,0.2
,,2019 - 2020,0.14
,,2020 - 2021,0.35
,,2021 - 2022,0.32
,Bhind,2000 - 2001,0.18
,,2001 - 2002,0.25
,,2002 - 2003,0.0
,,2003 - 2004,0.0
,,2019 - 2020,0.25
,Bhopal,2000 - 2001,0.0
,,2017 - 2018,0.0
,,2018 - 2019,0.2
,Burhanpur,2019 - 2020,0.0
,Chhatarpur,2000 - 2001,0.13
,,2001 - 2002,0.15
,,2002 - 2003,0.1
,,2003 - 2004,0.11
,,2004 - 2005,0.13
,,2005 - 2006,0.13
,,2006 - 2007,0.14
,,2008 - 2009,0.13
,,2009 - 2010,
,,2010 - 2011,0.14
,,2018 - 2019,0.0
,,2020 - 2021,0.22
,Chhindwara,2000 - 2001,0.14
,,2001 - 2002,0.22
,,2002 - 2003,0.11
,,2003 - 2004,0.19
,,2004 - 2005,0.21
,,2005 - 2006,0.18
,,2006 - 2007,0.22
,,2007 - 2008,0.25
,,2008 - 2009,0.21
,,2009 - 2010,
,,2010 - 2011,0.23
,,2011 - 2012,0.24
,,2012 - 2013,0.32
,,2013 - 2014,0.46
,,2014 - 2015,0.43
,,2015 - 2016,0.33
,,2016 - 2017,0.25
,,2017 - 2018,0.3
,,2018 - 2019,0.17
,,2019 - 2020,0.35
,,2020 - 2021,0.3
,,2021 - 2022,0.3
,Damoh,2000 - 2001,0.0
,,2001 - 2002,0.17
,,2002 - 2003,0.01
,,2003 - 2004,0.0
,,2005 - 2006,0.1
,,2007 - 2008,0.15
,,2008 - 2009,0.25
,,2009 - 2010,
,,2018 - 2019,0.5
,Dewas,2018 - 2019,0.25
,Dindori,2000 - 2001,0.12
,,2001 - 2002,0.18
,,2002 - 2003,0.13
,,2003 - 2004,0.21
,,2004 - 2005,0.22
,,2005 - 2006,0.18
,,2006 - 2007,0.18
,,2007 - 2008,0.18
,,2008 - 2009,0.19
,,2009 - 2010,
,,2010 - 2011,0.18
,,2011 - 2012,0.12
,,2012 - 2013,0.3
,,2013 - 2014,0.34
,,2014 - 2015,0.43
,,2015 - 2016,0.22
,,2016 - 2017,0.32
,,2018 - 2019,0.3
,,2019 - 2020,0.29
,,2020 - 2021,0.18
,,2021 - 2022,0.35
,,2022 - 2023,0.25
,Guna,2000 - 2001,0.2
,,2001 - 2002,0.2
,,2002 - 2003,0.09
,,2003 - 2004,0.21
,,2004 - 2005,0.21
,,2006 - 2007,0.2
,,2007 - 2008,0.21
,,2008 - 2009,0.2
,,2009 - 2010,
,,2010 - 2011,0.25
,,2018 - 2019,0.4
,,2019 - 2020,0.45
,,2021 - 2022,0.67
,Gwalior,2017 - 2018,0.24
,,2018 - 2019,0.0
,,2019 - 2020,0.25
,Harda,2000 - 2001,0.25
,,2001 - 2002,0.5
,,2002 - 2003,0.5
,,2003 - 2004,0.5
,,2004 - 2005,0.5
,,2005 - 2006,0.22
,,2007 - 2008,0.0
,,2008 - 2009,0.23
,,2009 - 2010,
,,2020 - 2021,0.43
,Hoshangabad,2000 - 2001,0.25
,,2001 - 2002,0.01
,,2005 - 2006,0.4
,,2007 - 2008,0.33
,,2008 - 2009,0.25
,,2017 - 2018,0.3
,,2018 - 2019,0.2
,,2019 - 2020,0.2
,,2020 - 2021,1.05
,Jabalpur,2000 - 2001,0.13
,,2001 - 2002,0.25
,,2002 - 2003,0.17
,,2003 - 2004,0.28
,,2004 - 2005,0.32
,,2005 - 2006,0.29
,,2006 - 2007,0.18
,,2007 - 2008,0.18
,,2008 - 2009,0.22
,,2009 - 2010,
,,2010 - 2011,0.26
,,2011 - 2012,0.19
,,2012 - 2013,0.28
,,2013 - 2014,0.34
,,2014 - 2015,0.33
,,2015 - 2016,0.25
,,2016 - 2017,0.5
,,2018 - 2019,0.31
,,2019 - 2020,0.31
,,2020 - 2021,0.87
,,2021 - 2022,0.42
,Jhabua,2015 - 2016,0.67
,,2016 - 2017,0.33
,Katni,2000 - 2001,0.12
,,2001 - 2002,0.21
,,2002 - 2003,0.12
,,2003 - 2004,0.23
,,2004 - 2005,0.21
,,2005 - 2006,0.13
,,2006 - 2007,0.04
,,2008 - 2009,0.08
,,2010 - 2011,0.17
,,2013 - 2014,0.12
,Khandwa,2001 - 2002,0.01
,,2003 - 2004,0.24
,,2004 - 2005,0.21
,,2007 - 2008,0.0
,,2017 - 2018,0.33
,,2018 - 2019,0.0
,Khargone,2014 - 2015,0.5
,,2015 - 2016,0.12
,,2016 - 2017,0.5
,,2017 - 2018,0.26
,,2018 - 2019,0.0
,Mandla,2000 - 2001,0.1
,,2001 - 2002,0.2
,,2002 - 2003,0.18
,,2003 - 2004,0.22
,,2004 - 2005,0.22
,,2005 - 2006,0.2
,,2006 - 2007,0.2
,,2007 - 2008,0.2
,,2008 - 2009,0.2
,,2009 - 2010,
,,2010 - 2011,0.2
,,2011 - 2012,0.14
,,2012 - 2013,0.21
,,2013 - 2014,0.36
,,2014 - 2015,0.4
,,2015 - 2016,0.25
,,2016 - 2017,0.43
,,2017 - 2018,0.45
,,2018 - 2019,0.36
,,2019 - 2020,0.34
,,2020 - 2021,0.37
,,2021 - 2022,0.34
,,2022 - 2023,0.39
,Mandsaur,2018 - 2019,0.33
,Morena,2017 - 2018,0.25
,,2019 - 2020,0.33
,Narsinghpur,2000 - 2001,0.4
,,2001 - 2002,0.41
,,2002 - 2003,0.42
,,2003 - 2004,0.42
,,2004 - 2005,0.42
,,2005 - 2006,0.42
,,2006 - 2007,0.42
,,2007 - 2008,0.42
,,2008 - 2009,0.43
,,2009 - 2010,
,,2010 - 2011,0.42
,,2011 - 2012,0.37
,,2012 - 2013,0.42
,,2013 - 2014,0.31
,,2018 - 2019,0.5
,,2020 - 2021,0.43
,Neemuch,2018 - 2019,0.0
,Panna,2000 - 2001,0.13
,,2002 - 2003,0.08
,,2003 - 2004,0.17
,,2004 - 2005,0.13
,,2005 - 2006,0.17
,,2007 - 2008,0.16
,,2008 - 2009,0.17
,,2009 - 2010,
,,2010 - 2011,0.2
,,2011 - 2012,0.13
,,2012 - 2013,0.24
,,2013 - 2014,0.24
,,2018 - 2019,0.0
,,2020 - 2021,0.33
,,2021 - 2022,0.33
,Raisen,2000 - 2001,0.49
,,2001 - 2002,0.4
,,2002 - 2003,0.38
,,2003 - 2004,0.42
,,2004 - 2005,0.5
,,2005 - 2006,0.42
,,2006 - 2007,0.44
,,2007 - 2008,0.45
,,2008 - 2009,0.45
,,2009 - 2010,
,,2010 - 2011,0.4
,,2012 - 2013,0.33
,,2018 - 2019,0.3
,,2019 - 2020,0.27
,Rajgarh,2000 - 2001,0.4
,,2018 - 2019,0.33
,,2019 - 2020,0.33
,Ratlam,2000 - 2001,0.29
,,2001 - 2002,0.01
,,2002 - 2003,0.5
,,2003 - 2004,0.5
,,2004 - 2005,0.0
,,2009 - 2010,
,,2018 - 2019,0.0
,,2019 - 2020,0.0
,Rewa,2000 - 2001,0.0
,,2001 - 2002,0.0
,,2004 - 2005,0.0
,,2005 - 2006,0.11
,,2006 - 2007,0.13
,,2007 - 2008,0.08
,,2008 - 2009,0.09
,,2009 - 2010,
,,2010 - 2011,0.13
,,2011 - 2012,0.08
,,2012 - 2013,0.09
,,2013 - 2014,0.21
,,2018 - 2019,0.18
,,2019 - 2020,0.2
,Sagar,2000 - 2001,0.19
,,2001 - 2002,0.17
,,2002 - 2003,0.13
,,2003 - 2004,0.21
,,2004 - 2005,0.19
,,2005 - 2006,0.2
,,2006 - 2007,0.18
,,2007 - 2008,0.2
,,2008 - 2009,0.17
,,2009 - 2010,
,,2010 - 2011,0.22
,,2011 - 2012,0.13
,,2012 - 2013,0.42
,,2013 - 2014,0.22
,,2018 - 2019,0.57
,,2019 - 2020,0.6
,Satna,2001 - 2002,0.01
,,2002 - 2003,0.01
,,2004 - 2005,0.0
,,2005 - 2006,0.25
,,2006 - 2007,0.18
,,2007 - 2008,0.14
,,2008 - 2009,0.19
,,2009 - 2010,
,,2011 - 2012,0.0
,,2015 - 2016,0.0
,,2016 - 2017,0.0
,,2017 - 2018,0.46
,,2018 - 2019,0.22
,,2019 - 2020,0.0
,Seoni,2000 - 2001,0.14
,,2001 - 2002,0.22
,,2002 - 2003,0.16
,,2003 - 2004,0.22
,,2004 - 2005,0.21
,,2005 - 2006,0.18
,,2006 - 2007,0.22
,,2007 - 2008,0.22
,,2008 - 2009,0.22
,,2009 - 2010,
,,2010 - 2011,0.22
,,2011 - 2012,0.15
,,2012 - 2013,0.11
,,2013 - 2014,0.22
,,2014 - 2015,0.25
,,2017 - 2018,0.35
,,2018 - 2019,0.48
,,2019 - 2020,0.22
,,2020 - 2021,0.51
,,2022 - 2023,0.33
,Shahdol,2000 - 2001,0.23
,,2001 - 2002,0.28
,,2002 - 2003,0.26
,,2003 - 2004,0.28
,,2004 - 2005,0.24
,,2005 - 2006,0.31
,,2006 - 2007,0.3
,,2007 - 2008,0.29
,,2008 - 2009,0.3
,,2009 - 2010,
,,2010 - 2011,0.33
,,2011 - 2012,0.22
,,2012 - 2013,0.49
,,2013 - 2014,0.73
,,2014 - 2015,0.5
,,2015 - 2016,0.59
,,2016 - 2017,0.59
,,2017 - 2018,0.61
,,2018 - 2019,0.46
,,2019 - 2020,0.6
,,2020 - 2021,0.67
,,2022 - 2023,0.37
,Shajapur,2005 - 2006,0.0
,,2018 - 2019,0.25
,Sheopur,2002 - 2003,0.01
,,2017 - 2018,0.26
,,2019 - 2020,0.25
,Shivpuri,2000 - 2001,0.21
,,2001 - 2002,0.21
,,2002 - 2003,0.03
,,2003 - 2004,0.25
,,2004 - 2005,0.25
,,2005 - 2006,0.17
,,2006 - 2007,0.23
,,2007 - 2008,0.25
,,2008 - 2009,0.2
,,2009 - 2010,
,,2017 - 2018,0.3
,,2018 - 2019,0.23
,,2019 - 2020,0.25
,Sidhi,2000 - 2001,0.4
,,2001 - 2002,0.42
,,2002 - 2003,0.39
,,2003 - 2004,0.42
,,2004 - 2005,0.42
,,2005 - 2006,0.41
,,2006 - 2007,0.41
,,2007 - 2008,0.42
,,2008 - 2009,0.43
,,2009 - 2010,
,,2010 - 2011,0.41
,,2011 - 2012,0.27
,,2012 - 2013,0.31
,,2013 - 2014,0.39
,,2017 - 2018,0.57
,,2020 - 2021,0.5
,Singrauli,2008 - 2009,0.43
,,2009 - 2010,
,,2010 - 2011,0.42
,,2011 - 2012,0.32
,,2012 - 2013,0.59
,,2013 - 2014,0.67
,,2014 - 2015,0.5
,,2017 - 2018,0.43
,,2018 - 2019,0.44
,,2019 - 2020,0.56
,,2020 - 2021,0.48
,Tikamgarh,2018 - 2019,0.34
,,2019 - 2020,0.4
,Ujjain,2001 - 2002,0.01
,,2018 - 2019,0.2
,Umaria,2000 - 2001,0.23
,,2001 - 2002,0.26
,,2002 - 2003,0.25
,,2003 - 2004,0.26
,,2004 - 2005,0.26
,,2005 - 2006,0.28
,,2006 - 2007,0.26
,,2007 - 2008,0.22
,,2008 - 2009,0.26
,,2009 - 2010,
,,2010 - 2011,0.29
,,2011 - 2012,0.2
,,2012 - 2013,0.34
,,2013 - 2014,0.35
,,2014 - 2015,0.5
,,2015 - 2016,0.23
,,2016 - 2017,0.38
,,2017 - 2018,0.36
,,2018 - 2019,0.48
,,2019 - 2020,0.39
,,2020 - 2021,0.44
,,2022 - 2023,0.37
,Vidisha,2000 - 2001,0.19
,,2002 - 2003,0.15
,,2003 - 2004,0.17
,,2004 - 2005,0.17
,,2005 - 2006,0.21
,,2006 - 2007,0.18
,,2007 - 2008,0.2
,,2009 - 2010,
Maharashtra,Ahilyanagar,2000 - 2001,0.26
,,2001 - 2002,0.18
,,2002 - 2003,0.27
,,2003 - 2004,0.29
,,2004 - 2005,0.32
,,2005 - 2006,0.3
,,2006 - 2007,0.26
,,2007 - 2008,0.28
,,2008 - 2009,0.29
,,2009 - 2010,0.26
,,2010 - 2011,0.37
,,2011 - 2012,0.37
,,2012 - 2013,0.35
,,2013 - 2014,0.35
,,2014 - 2015,0.27
,,2015 - 2016,0.25
,,2016 - 2017,0.17
,,2017 - 2018,0.15
,,2018 - 2019,0.18
,,2019 - 2020,0.15
,,2020 - 2021,0.42
,,2021 - 2022,0.17
,,2022 - 2023,0.46
,Akola,2019 - 2020,0.15
,Beed,2000 - 2001,0.19
,,2001 - 2002,0.18
,,2002 - 2003,0.24
,,2003 - 2004,0.18
,,2004 - 2005,0.2
,,2005 - 2006,0.2
,,2006 - 2007,0.2
,,2007 - 2008,0.19
,,2008 - 2009,0.13
,,2009 - 2010,0.13
,,2010 - 2011,0.25
,,2011 - 2012,0.17
,,2012 - 2013,0.17
,,2013 - 2014,0.33
,,2014 - 2015,0.13
,,2015 - 2016,0.04
,,2016 - 2017,0.16
,,2017 - 2018,0.09
,,2018 - 2019,0.05
,,2019 - 2020,0.07
,,2020 - 2021,0.04
,,2021 - 2022,0.12
,,2022 - 2023,0.25
,Buldhana,2016 - 2017,0.12
,,2017 - 2018,0.13
,,2018 - 2019,0.06
,Chhatrapati Sambhajinagar,2000 - 2001,0.14
,,2001 - 2002,0.25
,,2002 - 2003,0.25
,,2003 - 2004,0.25
,,2004 - 2005,0.25
,,2005 - 2006,0.25
,,2006 - 2007,0.25
,,2007 - 2008,0.5
,,2008 - 2009,1.0
,,2009 - 2010,0.0
,,2010 - 2011,0.0
,,2011 - 2012,0.2
,,2012 - 2013,0.2
,,2013 - 2014,0.0
,,2014 - 2015,0.0
,,2015 - 2016,0.05
,,2016 - 2017,0.16
,,2019 - 2020,0.0
,,2020 - 2021,0.04
,,2021 - 2022,0.12
,Dharashiv,2000 - 2001,0.33
,,2001 - 2002,0.2
,,2002 - 2003,0.31
,,2003 - 2004,0.37
,,2004 - 2005,0.33
,,2005 - 2006,0.23
,,2006 - 2007,0.21
,,2007 - 2008,0.31
,,2008 - 2009,0.24
,,2009 - 2010,0.25
,,2010 - 2011,0.26
,,2011 - 2012,0.26
,,2012 - 2013,0.17
,,2013 - 2014,0.31
,,2014 - 2015,0.15
,,2015 - 2016,0.09
,,2016 - 2017,0.13
,,2017 - 2018,0.14
,,2018 - 2019,0.06
,,2019 - 2020,0.14
,,2020 - 2021,0.04
,,2021 - 2022,0.12
,,2022 - 2023,0.25
,Dhule,2000 - 2001,1.0
,,2001 - 2002,0.4
,,2002 - 2003,1.0
,,2005 - 2006,1.0
,,2006 - 2007,1.0
,,2007 - 2008,1.0
,,2008 - 2009,1.0
,,2015 - 2016,0.2
,,2017 - 2018,0.25
,,2018 - 2019,0.14
,,2019 - 2020,0.15
,Hingoli,2000 - 2001,0.1
,,2001 - 2002,1.0
,,2002 - 2003,0.17
,,2003 - 2004,0.33
,,2004 - 2005,0.17
,,2005 - 2006,0.33
,,2006 - 2007,0.2
,,2007 - 2008,0.2
,,2008 - 2009,0.2
,,2009 - 2010,0.33
,,2010 - 2011,0.33
,,2011 - 2012,0.25
,,2012 - 2013,0.33
,,2013 - 2014,0.33
,,2014 - 2015,0.2
,,2015 - 2016,0.08
,,2019 - 2020,0.14
,,2020 - 2021,0.04
,Jalna,2000 - 2001,0.22
,,2001 - 2002,0.2
,,2002 - 2003,0.27
,,2003 - 2004,0.17
,,2004 - 2005,0.18
,,2005 - 2006,0.2
,,2006 - 2007,0.18
,,2007 - 2008,0.18
,,2008 - 2009,0.5
,,2009 - 2010,0.25
,,2010 - 2011,0.5
,,2011 - 2012,0.2
,,2012 - 2013,0.2
,,2013 - 2014,0.0
,,2015 - 2016,0.05
,,2016 - 2017,0.17
,,2017 - 2018,0.1
,,2019 - 2020,0.1
,,2020 - 2021,0.04
,,2021 - 2022,0.12
,,2022 - 2023,0.25
,Kolhapur,2000 - 2001,0.28
,,2001 - 2002,0.18
,,2002 - 2003,0.26
,,2003 - 2004,0.31
,,2004 - 2005,0.3
,,2005 - 2006,0.29
,,2006 - 2007,0.27
,,2007 - 2008,0.27
,,2008 - 2009,0.27
,,2009 - 2010,0.25
,,2010 - 2011,0.38
,,2011 - 2012,0.33
,,2012 - 2013,0.4
,,2013 - 2014,0.32
,,2014 - 2015,0.33
,,2015 - 2016,0.3
,,2016 - 2017,0.17
,,2017 - 2018,0.15
,,2019 - 2020,0.4
,,2020 - 2021,0.42
,,2021 - 2022,0.17
,,2022 - 2023,0.46
,Latur,2000 - 2001,0.18
,,2001 - 2002,0.15
,,2002 - 2003,0.19
,,2003 - 2004,0.2
,,2004 - 2005,0.14
,,2005 - 2006,0.22
,,2006 - 2007,0.15
,,2007 - 2008,0.21
,,2008 - 2009,0.17
,,2009 - 2010,0.08
,,2010 - 2011,0.17
,,2011 - 2012,0.29
,,2012 - 2013,0.29
,,2013 - 2014,0.24
,,2014 - 2015,0.17
,,2015 - 2016,0.08
,,2016 - 2017,0.13
,,2017 - 2018,0.08
,,2018 - 2019,0.1
,,2019 - 2020,0.27
,,2020 - 2021,0.04
,,2021 - 2022,0.12
,,2022 - 2023,0.25
,Nanded,2000 - 2001,0.23
,,2001 - 2002,0.2
,,2002 - 2003,0.14
,,2003 - 2004,0.26
,,2004 - 2005,0.21
,,2005 - 2006,0.25
,,2006 - 2007,0.16
,,2007 - 2008,0.25
,,2008 - 2009,0.15
,,2009 - 2010,0.11
,,2010 - 2011,0.27
,,2011 - 2012,0.25
,,2012 - 2013,0.2
,,2013 - 2014,0.2
,,2014 - 2015,0.0
,,2015 - 2016,0.03
,,2016 - 2017,0.09
,,2017 - 2018,0.07
,,2018 - 2019,0.13
,,2019 - 2020,0.13
,,2020 - 2021,0.04
,,2021 - 2022,0.12
,,2022 - 2023,0.25
,Nandurbar,2000 - 2001,0.1
,,2001 - 2002,0.5
,,2002 - 2003,0.1
,,2003 - 2004,1.0
,,2004 - 2005,1.0
,,2005 - 2006,1.0
,,2008 - 2009,1.0
,,2015 - 2016,0.2
,,2017 - 2018,0.25
,,2018 - 2019,0.2
,Nashik,2000 - 2001,0.19
,,2001 - 2002,0.35
,,2002 - 2003,0.29
,,2003 - 2004,0.4
,,2004 - 2005,0.4
,,2005 - 2006,0.26
,,2006 - 2007,0.24
,,2007 - 2008,0.28
,,2008 - 2009,0.3
,,2009 - 2010,0.22
,,2010 - 2011,0.15
,,2011 - 2012,0.32
,,2012 - 2013,0.33
,,2013 - 2014,0.35
,,2014 - 2015,0.13
,,2015 - 2016,0.17
,,2016 - 2017,0.24
,,2017 - 2018,0.24
,,2018 - 2019,0.14
,,2019 - 2020,0.15
,,2020 - 2021,0.11
,,2021 - 2022,0.15
,,2022 - 2023,0.32
,Palghar,2014 - 2015,0.11
,,2015 - 2016,0.15
,,2016 - 2017,0.24
,,2017 - 2018,0.24
,,2020 - 2021,0.11
,,2021 - 2022,0.17
,,2022 - 2023,0.46
,Parbhani,2000 - 2001,0.21
,,2001 - 2002,0.17
,,2002 - 2003,0.2
,,2003 - 2004,0.25
,,2004 - 2005,0.21
,,2005 - 2006,0.2
,,2006 - 2007,0.19
,,2007 - 2008,0.27
,,2008 - 2009,0.17
,,2009 - 2010,0.18
,,2010 - 2011,0.22
,,2011 - 2012,0.28
,,2012 - 2013,0.2
,,2013 - 2014,0.2
,,2014 - 2015,0.1
,,2015 - 2016,0.05
,,2016 - 2017,0.14
,,2017 - 2018,0.13
,,2018 - 2019,0.07
,,2019 - 2020,0.17
,,2020 - 2021,0.04
,,2021 - 2022,0.12
,,2022 - 2023,0.25
,Pune,2000 - 2001,0.29
,,2001 - 2002,0.19
,,2002 - 2003,0.24
,,2003 - 2004,0.3
,,2004 - 2005,0.32
,,2005 - 2006,0.33
,,2006 - 2007,0.27
,,2007 - 2008,0.29
,,2008 - 2009,0.28
,,2009 - 2010,0.27
,,2010 - 2011,0.35
,,2011 - 2012,0.35
,,2012 - 2013,0.35
,,2013 - 2014,0.27
,,2014 - 2015,0.26
,,2015 - 2016,0.25
,,2016 - 2017,0.17
,,2017 - 2018,0.16
,,2018 - 2019,0.18
,,2019 - 2020,0.14
,,2020 - 2021,0.42
,,2021 - 2022,0.17
,,2022 - 2023,0.46
,Raigad,2000 - 2001,0.33
,,2001 - 2002,0.33
,,2002 - 2003,0.33
,,2003 - 2004,0.33
,,2004 - 2005,0.33
,,2005 - 2006,0.33
,,2006 - 2007,0.33
,,2007 - 2008,0.33
,,2008 - 2009,0.33
,,2009 - 2010,0.33
,,2010 - 2011,0.25
,,2011 - 2012,0.25
,,2014 - 2015,0.0
,,2015 - 2016,0.1
,,2016 - 2017,0.24
,,2019 - 2020,0.25
,,2020 - 2021,0.11
,,2021 - 2022,0.17
,Ratnagiri,2000 - 2001,0.17
,,2001 - 2002,0.35
,,2002 - 2003,0.3
,,2003 - 2004,0.4
,,2004 - 2005,0.38
,,2005 - 2006,0.29
,,2006 - 2007,0.22
,,2007 - 2008,0.26
,,2008 - 2009,0.3
,,2009 - 2010,0.2
,,2010 - 2011,0.14
,,2011 - 2012,0.32
,,2012 - 2013,0.32
,,2013 - 2014,0.36
,,2014 - 2015,0.0
,,2015 - 2016,0.17
,,2020 - 2021,0.11
,,2021 - 2022,0.17
,Sangli,2000 - 2001,0.2
,,2001 - 2002,0.2
,,2002 - 2003,0.5
,,2003 - 2004,0.5
,,2004 - 2005,0.33
,,2005 - 2006,0.33
,,2006 - 2007,0.25
,,2007 - 2008,0.33
,,2008 - 2009,1.0
,,2009 - 2010,0.0
,,2010 - 2011,0.5
,,2011 - 2012,0.5
,,2012 - 2013,0.3
,,2013 - 2014,0.0
,,2014 - 2015,0.0
,,2015 - 2016,0.5
,,2016 - 2017,0.17
,Satara,2000 - 2001,0.28
,,2001 - 2002,0.17
,,2002 - 2003,0.28
,,2003 - 2004,0.29
,,2004 - 2005,0.32
,,2005 - 2006,0.29
,,2006 - 2007,0.26
,,2007 - 2008,0.25
,,2008 - 2009,0.27
,,2009 - 2010,0.19
,,2010 - 2011,0.38
,,2011 - 2012,0.33
,,2012 - 2013,0.36
,,2013 - 2014,0.33
,,2014 - 2015,0.3
,,2015 - 2016,0.3
,,2016 - 2017,0.17
,,2017 - 2018,0.15
,,2018 - 2019,0.18
,,2019 - 2020,0.37
,,2020 - 2021,0.42
,,2021 - 2022,0.17
,,2022 - 2023,0.46
,Sindhudurg,2000 - 2001,0.1
,,2001 - 2002,1.0
,,2002 - 2003,0.1
,,2003 - 2004,0.5
,,2004 - 2005,0.5
,,2005 - 2006,0.5
,,2006 - 2007,0.5
,,2007 - 2008,0.5
,,2008 - 2009,0.5
,,2009 - 2010,0.0
,,2010 - 2011,0.0
,,2011 - 2012,0.3
,,2012 - 2013,0.0
,,2013 - 2014,0.0
,,2014 - 2015,0.0
,,2015 - 2016,0.33
,,2016 - 2017,0.25
,Solapur,2000 - 2001,0.33
,,2001 - 2002,1.0
,,2002 - 2003,0.1
,,2003 - 2004,1.0
,,2004 - 2005,0.5
,,2005 - 2006,1.0
,,2006 - 2007,0.5
,,2007 - 2008,1.0
,,2008 - 2009,1.0
,,2010 - 2011,0.0
,,2011 - 2012,0.0
,,2012 - 2013,0.2
,,2013 - 2014,0.0
,,2014 - 2015,0.0
,,2015 - 2016,0.2
,,2016 - 2017,0.18
,,2017 - 2018,0.14
,,2018 - 2019,0.11
,,2019 - 2020,0.11
,,2020 - 2021,0.42
,,2021 - 2022,0.17
,,2022 - 2023,0.46
,Thane,2000 - 2001,0.21
,,2001 - 2002,0.35
,,2002 - 2003,0.3
,,2003 - 2004,0.4
,,2004 - 2005,0.4
,,2005 - 2006,0.29
,,2006 - 2007,0.25
,,2007 - 2008,0.29
,,2008 - 2009,0.28
,,2009 - 2010,0.2
,,2010 - 2011,0.13
,,2011 - 2012,0.3
,,2012 - 2013,0.35
,,2013 - 2014,0.35
,,2014 - 2015,0.0
,,2015 - 2016,0.1
,,2016 - 2017,0.23
,,2020 - 2021,0.11
,,2021 - 2022,0.17
,,2022 - 2023,0.46
,Washim,2000 - 2001,1.0
,,2019 - 2020,0.17
,,2020 - 2021,0.04
,Yavatmal,2000 - 2001,0.1
Nagaland,Dimapur,2000 - 2001,0.6
,,2001 - 2002,0.5
,,2004 - 2005,1.13
,,2005 - 2006,0.97
,,2006 - 2007,0.81
,Kohima,2000 - 2001,0.4
,,2001 - 2002,1.0
,,2004 - 2005,1.17
,,2005 - 2006,1.14
,,2006 - 2007,0.67
,Mokokchung,2000 - 2001,0.53
,Mon,2000 - 2001,0.5
,,2001 - 2002,0.63
,,2004 - 2005,1.04
,,2005 - 2006,0.91
,,2006 - 2007,0.6
,Tuensang,2001 - 2002,0.36
,Wokha,2000 - 2001,0.53
,,2001 - 2002,2.39
,,2004 - 2005,1.1
,,2005 - 2006,1.08
,,2006 - 2007,0.61
Odisha,Anugul,2000 - 2001,
,,2001 - 2002,
,,2002 - 2003,
,,2003 - 2004,
,,2004 - 2005,
,Balangir,2022 - 2023,
,Bargarh,2001 - 2002,
,Boudh,2000 - 2001,0.26
,,2001 - 2002,0.27
,Deogarh,2000 - 2001,0.5
,,2001 - 2002,0.4
,,2002 - 2003,
,,2003 - 2004,
,,2004 - 2005,
,,2011 - 2012,
,Gajapati,2000 - 2001,0.45
,,2001 - 2002,
,,2002 - 2003,0.5
,,2003 - 2004,0.5
,,2004 - 2005,
,,2011 - 2012,
,,2016 - 2017,
,,2017 - 2018,
,,2018 - 2019,
,,2019 - 2020,
,,2020 - 2021,
,,2021 - 2022,0.2
,,2022 - 2023,
,Ganjam,2000 - 2001,0.47
,,2001 - 2002,0.5
,,2002 - 2003,0.33
,,2003 - 2004,
,,2004 - 2005,
,Jharsuguda,2000 - 2001,
,Kalahandi,2000 - 2001,0.31
,,2001 - 2002,0.38
,,2002 - 2003,0.34
,,2003 - 2004,0.4
,,2004 - 2005,
,,2011 - 2012,
,,2016 - 2017,
,,2017 - 2018,
,,2018 - 2019,
,,2019 - 2020,
,,2020 - 2021,
,,2021 - 2022,0.29
,,2022 - 2023,
,Kandhamal,2000 - 2001,0.24
,,2001 - 2002,0.19
,,2002 - 2003,0.16
,,2003 - 2004,0.21
,,2004 - 2005,
,,2011 - 2012,
,,2016 - 2017,
,,2017 - 2018,
,,2018 - 2019,
,,2019 - 2020,
,,2020 - 2021,
,,2021 - 2022,0.27
,,2022 - 2023,
,Kendujhar,2000 - 2001,0.15
,,2001 - 2002,0.19
,,2002 - 2003,0.08
,,2003 - 2004,0.25
,,2004 - 2005,
,,2011 - 2012,
,,2016 - 2017,
,,2017 - 2018,
,,2018 - 2019,
,,2019 - 2020,
,,2020 - 2021,
,,2021 - 2022,0.24
,,2022 - 2023,
,Koraput,2000 - 2001,0.24
,,2001 - 2002,0.21
,,2002 - 2003,0.16
,,2003 - 2004,0.2
,,2004 - 2005,
,,2011 - 2012,
,,2016 - 2017,
,,2017 - 2018,
,,2018 - 2019,
,,2019 - 2020,
,,2020 - 2021,
,,2021 - 2022,0.36
,,2022 - 2023,
,Malkangiri,2000 - 2001,0.6
,,2001 - 2002,0.12
,,2002 - 2003,0.25
,,2003 - 2004,0.19
,,2004 - 2005,
,,2011 - 2012,
,,2016 - 2017,
,,2017 - 2018,
,,2018 - 2019,
,,2019 - 2020,
,,2020 - 2021,
,,2021 - 2022,0.25
,,2022 - 2023,
,Mayurbhanj,2000 - 2001,0.24
,,2001 - 2002,0.25
,,2002 - 2003,0.25
,,2003 - 2004,0.24
,,2004 - 2005,
,,2011 - 2012,
,,2019 - 2020,
,,2020 - 2021,
,,2021 - 2022,0.15
,,2022 - 2023,
,Nabarangpur,2000 - 2001,0.23
,,2001 - 2002,0.36
,,2002 - 2003,0.13
,,2003 - 2004,0.19
,,2004 - 2005,
,,2011 - 2012,
,,2016 - 2017,
,,2017 - 2018,
,,2018 - 2019,
,,2019 - 2020,
,,2020 - 2021,
,,2021 - 2022,0.35
,,2022 - 2023,
,Nuapada,2001 - 2002,0.2
,Rayagada,2000 - 2001,0.26
,,2001 - 2002,0.28
,,2002 - 2003,0.12
,,2003 - 2004,0.19
,,2004 - 2005,
,,2011 - 2012,
,,2016 - 2017,
,,2017 - 2018,
,,2018 - 2019,
,,2019 - 2020,
,,2020 - 2021,
,,2021 - 2022,0.31
,,2022 - 2023,
,Sambalpur,2000 - 2001,0.5
,,2001 - 2002,0.33
,,2002 - 2003,0.4
,,2003 - 2004,0.4
,,2004 - 2005,
,Sundargarh,2000 - 2001,
,,2001 - 2002,
,,2002 - 2003,
,,2003 - 2004,
,,2004 - 2005,
,,2011 - 2012,
,,2016 - 2017,
,,2017 - 2018,
,,2018 - 2019,
,,2019 - 2020,
,,2020 - 2021,
,,2021 - 2022,0.32
,,2022 - 2023,
Tamil Nadu,Krishnagiri,2004 - 2005,0.0
,,2005 - 2006,0.0
,Madurai,2004 - 2005,0.0
,Namakkal,2005 - 2006,0.0
,Sivaganga,2005 - 2006,0.0
,Tiruchirappalli,2004 - 2005,0.0
,,2005 - 2006,0.0
,Tiruvannamalai,2004 - 2005,0.0
,Vellore,2005 - 2006,0.0
Telangana,Medak,2001 - 2002,0.42
,,2002 - 2003,0.38
,,2003 - 2004,0.39
,,2004 - 2005,0.38
,Rangareddi,2000 - 2001,0.32
,,2001 - 2002,0.42
,,2002 - 2003,0.39
,,2003 - 2004,0.39
,,2004 - 2005,0.39
,,2005 - 2006,0.39
,,2006 - 2007,0.37
,,2008 - 2009,0.44
,,2010 - 2011,0.4
,,2011 - 2012,0.4
West Bengal,Alipurduar,2016 - 2017,0.65
,,2017 - 2018,0.61
,,2018 - 2019,0.5
,,2019 - 2020,0.55
,,2020 - 2021,0.56
,,2021 - 2022,0.57
,,2022 - 2023,0.58
,Bankura,2000 - 2001,0.23
,,2001 - 2002,0.35
,,2002 - 2003,0.25
,,2003 - 2004,0.28
,,2004 - 2005,0.25
,,2005 - 2006,0.32
,,2006 - 2007,0.3
,,2007 - 2008,0.4
,,2008 - 2009,0.75
,,2009 - 2010,0.5
,Coochbehar,2000 - 2001,0.6
,,2001 - 2002,0.6
,,2002 - 2003,0.6
,,2003 - 2004,0.7
,,2004 - 2005,0.71
,,2005 - 2006,0.75
,,2006 - 2007,0.75
,,2007 - 2008,0.73
,,2008 - 2009,0.74
,,2009 - 2010,0.76
,,2010 - 2011,0.79
,,2011 - 2012,0.8
,,2012 - 2013,0.85
,,2013 - 2014,0.85
,,2014 - 2015,0.83
,,2015 - 2016,0.84
,,2016 - 2017,0.84
,,2017 - 2018,0.65
,,2018 - 2019,0.59
,,2019 - 2020,0.59
,,2020 - 2021,0.59
,,2021 - 2022,0.59
,,2022 - 2023,0.59
,Darjeeling,2000 - 2001,0.5
,,2001 - 2002,1.0
,,2002 - 2003,1.4
,,2003 - 2004,1.41
,,2004 - 2005,1.41
,,2005 - 2006,0.52
,,2006 - 2007,0.6
,,2007 - 2008,0.63
,,2008 - 2009,0.59
,,2009 - 2010,0.63
,,2010 - 2011,0.64
,,2011 - 2012,0.65
,,2012 - 2013,0.62
,,2014 - 2015,0.64
,,2015 - 2016,0.68
,,2016 - 2017,0.69
,,2017 - 2018,0.72
,Dinajpur dakshin,2000 - 2001,0.5
,,2001 - 2002,0.47
,Dinajpur uttar,2000 - 2001,0.38
,,2001 - 2002,0.38
,,2002 - 2003,0.31
,,2003 - 2004,0.44
,,2004 - 2005,0.38
,,2005 - 2006,0.43
,,2006 - 2007,0.41
,,2007 - 2008,0.4
,,2008 - 2009,0.39
,,2009 - 2010,0.4
,,2010 - 2011,0.4
,,2011 - 2012,0.4
,,2012 - 2013,0.45
,,2013 - 2014,0.4
,,2014 - 2015,0.42
,,2015 - 2016,0.45
,,2016 - 2017,0.45
,,2017 - 2018,0.79
,,2018 - 2019,0.51
,,2019 - 2020,0.8
,Jalpaiguri,2000 - 2001,0.63
,,2001 - 2002,0.5
,,2002 - 2003,0.58
,,2003 - 2004,0.59
,,2004 - 2005,0.61
,,2005 - 2006,0.6
,,2006 - 2007,0.59
,,2007 - 2008,0.61
,,2008 - 2009,0.6
,,2009 - 2010,0.61
,,2010 - 2011,0.62
,,2011 - 2012,0.56
,,2012 - 2013,0.6
,,2013 - 2014,0.57
,,2014 - 2015,0.58
,,2015 - 2016,0.58
,,2016 - 2017,0.6
,,2017 - 2018,0.6
,,2018 - 2019,0.56
,,2019 - 2020,0.59
,,2020 - 2021,0.6
,,2021 - 2022,0.58
,,2022 - 2023,0.59
,Jhargram,2018 - 2019,0.41
,Maldah,2000 - 2001,0.28
,,2001 - 2002,0.28
,,2002 - 2003,0.27
,,2003 - 2004,0.27
,,2004 - 2005,0.25
,,2005 - 2006,0.25
,,2016 - 2017,0.83
,,2017 - 2018,0.8
,Medinipur west,2000 - 2001,0.2
,,2001 - 2002,0.29
,,2002 - 2003,0.29
,,2003 - 2004,0.35
,,2004 - 2005,0.4
,,2005 - 2006,0.45
,,2006 - 2007,0.4
,,2008 - 2009,0.45
,,2009 - 2010,0.45
,,2010 - 2011,0.52
,,2011 - 2012,0.49
,,2012 - 2013,0.49
,,2013 - 2014,0.44
,,2014 - 2015,0.48
,,2015 - 2016,0.52
,,2016 - 2017,0.53
,Purulia,2000 - 2001,0.33
,,2001 - 2002,0.33
,,2002 - 2003,0.35
,,2003 - 2004,0.33
,,2004 - 2005,0.33
,,2005 - 2006,0.35
,,2006 - 2007,0.32
,,2007 - 2008,0.34
,,2008 - 2009,0.32
,,2009 - 2010,0.34
,,2010 - 2011,0.36
,,2011 - 2012,0.37
,,2012 - 2013,0.35
,,2014 - 2015,0.36
,,2015 - 2016,0.38
,,2016 - 2017,0.37
,,2017 - 2018,0.34
,,2018 - 2019,0.39
,,2019 - 2020,0.39
,,2020 - 2021,0.4
,,2021 - 2022,0.41
,,2022 - 2023,0.41
