state,district,year,niger_seed_winter_yield_tonne_per_hectare
Andhra Pradesh,Alluri sitharama raju,2022 - 2023,
,East godavari,2000 - 2001,
,,2001 - 2002,
,,2002 - 2003,
,,2003 - 2004,
,,2004 - 2005,
,,2005 - 2006,
,,2006 - 2007,
,,2008 - 2009,
,,2009 - 2010,
,,2010 - 2011,
,,2011 - 2012,
,Eluru,2022 - 2023,
,Guntur,2020 - 2021,
,Kadapa,2022 - 2023,
,Kurnool,2000 - 2001,
,Prakasam,2002 - 2003,
,,2003 - 2004,
,,2004 - 2005,
,,2018 - 2019,
,,2020 - 2021,
,,2022 - 2023,
,Visakhapatanam,2000 - 2001,
,,2001 - 2002,
,,2002 - 2003,
,,2003 - 2004,
,,2004 - 2005,
,,2005 - 2006,
,,2006 - 2007,
,,2008 - 2009,
,,2009 - 2010,
,,2010 - 2011,
,,2011 - 2012,
,,2012 - 2013,
,,2013 - 2014,
,,2014 - 2015,
,,2015 - 2016,
,,2016 - 2017,
,,2017 - 2018,
,,2018 - 2019,
,,2019 - 2020,
,,2020 - 2021,
,,2021 - 2022,
,Vizianagaram,2000 - 2001,
,,2001 - 2002,
,,2002 - 2003,
,,2003 - 2004,
,,2004 - 2005,
,,2005 - 2006,
,,2006 - 2007,
,,2008 - 2009,
,,2009 - 2010,
,,2010 - 2011,
,,2011 - 2012,
,,2012 - 2013,
,,2013 - 2014,
,,2014 - 2015,
,,2015 - 2016,
,,2016 - 2017,
,,2017 - 2018,
Assam,Baksa,2005 - 2006,
,,2006 - 2007,
,,2007 - 2008,
,,2008 - 2009,
,,2009 - 2010,
,,2010 - 2011,
,,2011 - 2012,
,,2012 - 2013,
,,2013 - 2014,
,,2014 - 2015,
,,2015 - 2016,
,,2016 - 2017,
,,2017 - 2018,
,,2018 - 2019,
,,2019 - 2020,
,,2020 - 2021,
,,2021 - 2022,
,,2022 - 2023,
,Barpeta,2000 - 2001,
,,2001 - 2002,
,,2002 - 2003,
,,2003 - 2004,
,,2004 - 2005,
,,2005 - 2006,
,,2006 - 2007,
,,2007 - 2008,
,,2008 - 2009,
,,2009 - 2010,
,,2010 - 2011,
,,2011 - 2012,
,,2012 - 2013,
,,2013 - 2014,
,,2014 - 2015,
,,2015 - 2016,
,,2016 - 2017,
,,2017 - 2018,
,,2018 - 2019,
,,2019 - 2020,
,,2020 - 2021,
,,2021 - 2022,
,,2022 - 2023,
,Biswanath,2020 - 2021,
,,2021 - 2022,
,,2022 - 2023,
,Bongaigaon,2000 - 2001,
,,2001 - 2002,
,,2002 - 2003,
,,2003 - 2004,
,,2004 - 2005,
,,2005 - 2006,
,,2006 - 2007,
,,2007 - 2008,
,,2008 - 2009,
,,2009 - 2010,
,,2010 - 2011,
,,2011 - 2012,
,,2012 - 2013,
,,2013 - 2014,
,,2014 - 2015,
,,2015 - 2016,
,,2016 - 2017,
,,2017 - 2018,
,,2018 - 2019,
,,2019 - 2020,
,,2020 - 2021,
,,2021 - 2022,
,,2022 - 2023,
,Cachar,2000 - 2001,
,,2001 - 2002,
,,2002 - 2003,
,,2003 - 2004,
,,2004 - 2005,
,,2005 - 2006,
,,2006 - 2007,
,,2007 - 2008,
,,2008 - 2009,
,,2009 - 2010,
,,2010 - 2011,
,,2011 - 2012,
,,2012 - 2013,
,,2013 - 2014,
,,2014 - 2015,
,,2015 - 2016,
,,2016 - 2017,
,,2017 - 2018,
,,2018 - 2019,
,,2019 - 2020,
,,2020 - 2021,
,,2021 - 2022,
,,2022 - 2023,
,Chirang,2005 - 2006,
,,2006 - 2007,
,,2007 - 2008,
,,2008 - 2009,
,,2009 - 2010,
,,2010 - 2011,
,,2011 - 2012,
,,2012 - 2013,
,,2013 - 2014,
,,2014 - 2015,
,,2015 - 2016,
,,2016 - 2017,
,,2017 - 2018,
,,2018 - 2019,
,,2019 - 2020,
,,2020 - 2021,
,,2021 - 2022,
,,2022 - 2023,
,Darrang,2000 - 2001,
,,2001 - 2002,
,,2002 - 2003,
,,2003 - 2004,
,,2004 - 2005,
,,2005 - 2006,
,,2006 - 2007,
,,2007 - 2008,
,,2008 - 2009,
,,2009 - 2010,
,,2010 - 2011,
,,2011 - 2012,
,,2012 - 2013,
,,2013 - 2014,
,,2014 - 2015,
,,2015 - 2016,
,,2016 - 2017,
,,2017 - 2018,
,,2018 - 2019,
,,2019 - 2020,
,,2020 - 2021,
,,2021 - 2022,
,,2022 - 2023,
,Dhemaji,2000 - 2001,
,,2001 - 2002,
,,2002 - 2003,
,,2003 - 2004,
,,2004 - 2005,
,,2005 - 2006,
,,2006 - 2007,
,,2007 - 2008,
,,2008 - 2009,
,,2009 - 2010,
,,2010 - 2011,
,,2011 - 2012,
,,2012 - 2013,
,,2013 - 2014,
,,2014 - 2015,
,,2015 - 2016,
,,2016 - 2017,
,,2017 - 2018,
,,2018 - 2019,
,,2019 - 2020,
,,2020 - 2021,
,,2021 - 2022,
,,2022 - 2023,
,Dhubri,2000 - 2001,
,,2001 - 2002,
,,2002 - 2003,
,,2003 - 2004,
,,2004 - 2005,
,,2005 - 2006,
,,2006 - 2007,
,,2007 - 2008,
,,2008 - 2009,
,,2009 - 2010,
,,2010 - 2011,
,,2011 - 2012,
,,2012 - 2013,
,,2013 - 2014,
,,2014 - 2015,
,,2015 - 2016,
,,2016 - 2017,
,,2017 - 2018,
,,2018 - 2019,
,,2019 - 2020,
,,2020 - 2021,
,,2021 - 2022,
,,2022 - 2023,
,Dibrugarh,2006 - 2007,
,,2010 - 2011,
,,2019 - 2020,
,,2020 - 2021,
,,2022 - 2023,
,Dima hasao,2000 - 2001,
,,2001 - 2002,
,,2002 - 2003,
,,2003 - 2004,
,,2004 - 2005,
,,2005 - 2006,
,,2006 - 2007,
,,2007 - 2008,
,,2009 - 2010,
,,2010 - 2011,
,,2011 - 2012,
,,2012 - 2013,
,,2013 - 2014,
,,2014 - 2015,
,,2015 - 2016,
,,2016 - 2017,
,,2017 - 2018,
,,2018 - 2019,
,,2019 - 2020,
,,2020 - 2021,
,,2021 - 2022,
,,2022 - 2023,
,Goalpara,2000 - 2001,
,,2001 - 2002,
,,2002 - 2003,
,,2003 - 2004,
,,2004 - 2005,
,,2005 - 2006,
,,2006 - 2007,
,,2007 - 2008,
,,2008 - 2009,
,,2009 - 2010,
,,2010 - 2011,
,,2011 - 2012,
,,2012 - 2013,
,,2013 - 2014,
,,2014 - 2015,
,,2015 - 2016,
,,2016 - 2017,
,,2017 - 2018,
,,2018 - 2019,
,,2019 - 2020,
,,2020 - 2021,
,,2021 - 2022,
,,2022 - 2023,
,Golaghat,2000 - 2001,
,,2001 - 2002,
,,2002 - 2003,
,,2003 - 2004,
,,2004 - 2005,
,,2005 - 2006,
,,2006 - 2007,
,,2007 - 2008,
,,2008 - 2009,
,,2009 - 2010,
,,2010 - 2011,
,,2011 - 2012,
,,2012 - 2013,
,,2022 - 2023,
,Hailakandi,2006 - 2007,
,,2007 - 2008,
,,2008 - 2009,
,,2009 - 2010,
,,2010 - 2011,
,,2012 - 2013,
,,2013 - 2014,
,,2014 - 2015,
,,2015 - 2016,
,,2016 - 2017,
,,2018 - 2019,
,,2019 - 2020,
,,2020 - 2021,
,,2021 - 2022,
,,2022 - 2023,
,Hojai,2020 - 2021,
,,2021 - 2022,
,,2022 - 2023,
,Jorhat,2008 - 2009,
,,2016 - 2017,
,,2019 - 2020,
,,2020 - 2021,
,,2021 - 2022,
,,2022 - 2023,
,Kamrup,2000 - 2001,
,,2001 - 2002,
,,2002 - 2003,
,,2003 - 2004,
,,2004 - 2005,
,,2005 - 2006,
,,2006 - 2007,
,,2007 - 2008,
,,2008 - 2009,
,,2009 - 2010,
,,2010 - 2011,
,,2011 - 2012,
,,2012 - 2013,
,,2013 - 2014,
,,2014 - 2015,
,,2015 - 2016,
,,2016 - 2017,
,,2017 - 2018,
,,2018 - 2019,
,,2019 - 2020,
,,2020 - 2021,
,,2021 - 2022,
,,2022 - 2023,
,Kamrup metro,2005 - 2006,
,,2006 - 2007,
,,2007 - 2008,
,,2008 - 2009,
,,2009 - 2010,
,,2010 - 2011,
,,2011 - 2012,
,,2012 - 2013,
,,2013 - 2014,
,,2014 - 2015,
,,2015 - 2016,
,,2016 - 2017,
,,2017 - 2018,
,,2018 - 2019,
,,2019 - 2020,
,,2020 - 2021,
,,2021 - 2022,
,,2022 - 2023,
,Karbi anglong,2000 - 2001,
,,2001 - 2002,
,,2002 - 2003,
,,2003 - 2004,
,,2004 - 2005,
,,2005 - 2006,
,,2006 - 2007,
,,2007 - 2008,
,,2008 - 2009,
,,2009 - 2010,
,,2010 - 2011,
,,2011 - 2012,
,,2012 - 2013,
,,2013 - 2014,
,,2014 - 2015,
,,2015 - 2016,
,,2016 - 2017,
,,2017 - 2018,
,,2018 - 2019,
,,2019 - 2020,
,,2020 - 2021,
,,2021 - 2022,
,,2022 - 2023,
,Karimganj,2000 - 2001,
,,2020 - 2021,
,Kokrajhar,2000 - 2001,
,,2001 - 2002,
,,2002 - 2003,
,,2003 - 2004,
,,2004 - 2005,
,,2005 - 2006,
,,2006 - 2007,
,,2007 - 2008,
,,2008 - 2009,
,,2009 - 2010,
,,2010 - 2011,
,,2011 - 2012,
,,2012 - 2013,
,,2013 - 2014,
,,2014 - 2015,
,,2015 - 2016,
,,2016 - 2017,
,,2017 - 2018,
,,2018 - 2019,
,,2019 - 2020,
,,2020 - 2021,
,,2021 - 2022,
,,2022 - 2023,
,Lakhimpur,2000 - 2001,
,,2001 - 2002,
,,2002 - 2003,
,,2003 - 2004,
,,2004 - 2005,
,,2005 - 2006,
,,2006 - 2007,
,,2007 - 2008,
,,2008 - 2009,
,,2009 - 2010,
,,2010 - 2011,
,,2011 - 2012,
,,2012 - 2013,
,,2013 - 2014,
,,2014 - 2015,
,,2015 - 2016,
,,2016 - 2017,
,,2017 - 2018,
,,2018 - 2019,
,,2019 - 2020,
,,2020 - 2021,
,,2021 - 2022,
,Majuli,2020 - 2021,
,,2021 - 2022,
,,2022 - 2023,
,Marigaon,2000 - 2001,
,,2001 - 2002,
,,2002 - 2003,
,,2003 - 2004,
,,2004 - 2005,
,,2005 - 2006,
,,2006 - 2007,
,,2007 - 2008,
,,2008 - 2009,
,,2009 - 2010,
,,2010 - 2011,
,,2011 - 2012,
,,2012 - 2013,
,,2013 - 2014,
,,2014 - 2015,
,,2015 - 2016,
,,2016 - 2017,
,,2017 - 2018,
,,2018 - 2019,
,,2019 - 2020,
,,2020 - 2021,
,,2021 - 2022,
,,2022 - 2023,
,Nagaon,2000 - 2001,
,,2001 - 2002,
,,2002 - 2003,
,,2003 - 2004,
,,2004 - 2005,
,,2005 - 2006,
,,2006 - 2007,
,,2007 - 2008,
,,2008 - 2009,
,,2009 - 2010,
,,2010 - 2011,
,,2011 - 2012,
,,2012 - 2013,
,,2013 - 2014,
,,2014 - 2015,
,,2015 - 2016,
,,2016 - 2017,
,,2017 - 2018,
,,2018 - 2019,
,,2019 - 2020,
,,2020 - 2021,
,,2021 - 2022,
,,2022 - 2023,
,Nalbari,2000 - 2001,
,,2001 - 2002,
,,2002 - 2003,
,,2003 - 2004,
,,2004 - 2005,
,,2005 - 2006,
,,2006 - 2007,
,,2007 - 2008,
,,2008 - 2009,
,,2009 - 2010,
,,2010 - 2011,
,,2011 - 2012,
,,2012 - 2013,
,,2013 - 2014,
,,2014 - 2015,
,,2015 - 2016,
,,2016 - 2017,
,,2017 - 2018,
,,2018 - 2019,
,,2019 - 2020,
,,2020 - 2021,
,,2021 - 2022,
,,2022 - 2023,
,Sivasagar,2006 - 2007,
,,2010 - 2011,
,,2011 - 2012,
,,2013 - 2014,
,Sonitpur,2000 - 2001,
,,2001 - 2002,
,,2002 - 2003,
,,2003 - 2004,
,,2004 - 2005,
,,2005 - 2006,
,,2006 - 2007,
,,2007 - 2008,
,,2008 - 2009,
,,2009 - 2010,
,,2010 - 2011,
,,2011 - 2012,
,,2012 - 2013,
,,2013 - 2014,
,,2014 - 2015,
,,2015 - 2016,
,,2016 - 2017,
,,2017 - 2018,
,,2018 - 2019,
,,2019 - 2020,
,,2020 - 2021,
,,2021 - 2022,
,,2022 - 2023,
,South salmara mancachar,2020 - 2021,
,,2021 - 2022,
,,2022 - 2023,
,Tinsukia,2000 - 2001,
,,2001 - 2002,
,,2002 - 2003,
,,2003 - 2004,
,,2004 - 2005,
,,2005 - 2006,
,,2006 - 2007,
,,2007 - 2008,
,,2008 - 2009,
,,2009 - 2010,
,,2010 - 2011,
,,2011 - 2012,
,,2012 - 2013,
,,2013 - 2014,
,,2014 - 2015,
,,2015 - 2016,
,,2016 - 2017,
,,2017 - 2018,
,,2018 - 2019,
,,2019 - 2020,
,,2020 - 2021,
,,2021 - 2022,
,,2022 - 2023,
,Udalguri,2005 - 2006,
,,2006 - 2007,
,,2007 - 2008,
,,2008 - 2009,
,,2009 - 2010,
,,2010 - 2011,
,,2011 - 2012,
,,2012 - 2013,
,,2013 - 2014,
,,2014 - 2015,
,,2015 - 2016,
,,2016 - 2017,
,,2017 - 2018,
,,2018 - 2019,
,,2019 - 2020,
,,2020 - 2021,
,,2021 - 2022,
,,2022 - 2023,
,West karbi anglong,2020 - 2021,
,,2021 - 2022,
,,2022 - 2023,
Chhattisgarh,Balod,2012 - 2013,
,,2015 - 2016,
,,2019 - 2020,
,Baloda bazar,2015 - 2016,
,Balrampur,2011 - 2012,
,,2012 - 2013,
,,2013 - 2014,
,,2014 - 2015,
,,2015 - 2016,
,,2016 - 2017,
,,2017 - 2018,
,,2018 - 2019,
,,2019 - 2020,
,,2020 - 2021,
,,2021 - 2022,
,,2022 - 2023,
,Bastar,2000 - 2001,
,,2001 - 2002,
,,2002 - 2003,
,,2003 - 2004,
,,2004 - 2005,
,,2005 - 2006,
,,2006 - 2007,
,,2007 - 2008,
,,2008 - 2009,
,,2009 - 2010,
,,2010 - 2011,
,,2011 - 2012,
,,2012 - 2013,
,,2013 - 2014,
,,2014 - 2015,
,,2015 - 2016,
,,2016 - 2017,
,,2017 - 2018,
,,2018 - 2019,
,,2019 - 2020,
,,2020 - 2021,
,,2021 - 2022,
,,2022 - 2023,
,Bijapur,2006 - 2007,
,,2007 - 2008,
,,2008 - 2009,
,,2009 - 2010,
,,2010 - 2011,
,,2011 - 2012,
,,2012 - 2013,
,,2013 - 2014,
,,2014 - 2015,
,,2015 - 2016,
,,2017 - 2018,
,,2018 - 2019,
,Bilaspur,2000 - 2001,
,,2001 - 2002,
,,2002 - 2003,
,,2003 - 2004,
,,2004 - 2005,
,,2005 - 2006,
,,2006 - 2007,
,,2007 - 2008,
,,2008 - 2009,
,,2009 - 2010,
,,2010 - 2011,
,,2011 - 2012,
,,2012 - 2013,
,,2013 - 2014,
,,2014 - 2015,
,,2015 - 2016,
,,2016 - 2017,
,,2017 - 2018,
,,2018 - 2019,
,Dantewada,2000 - 2001,
,,2001 - 2002,
,,2002 - 2003,
,,2003 - 2004,
,,2004 - 2005,
,,2005 - 2006,
,,2006 - 2007,
,,2007 - 2008,
,,2008 - 2009,
,,2009 - 2010,
,,2010 - 2011,
,,2011 - 2012,
,,2012 - 2013,
,,2013 - 2014,
,,2014 - 2015,
,,2015 - 2016,
,,2016 - 2017,
,,2017 - 2018,
,,2018 - 2019,
,,2019 - 2020,
,,2020 - 2021,
,,2021 - 2022,
,,2022 - 2023,
,Dhamtari,2001 - 2002,
,,2002 - 2003,
,,2003 - 2004,
,,2010 - 2011,
,,2011 - 2012,
,,2017 - 2018,
,,2018 - 2019,
,,2019 - 2020,
,Durg,2005 - 2006,
,,2006 - 2007,
,,2008 - 2009,
,,2009 - 2010,
,Gariyaband,2011 - 2012,
,,2012 - 2013,
,,2022 - 2023,
,Gaurella-pendra-marwahi,2019 - 2020,
,,2020 - 2021,
,,2021 - 2022,
,,2022 - 2023,
,Janjgir-champa,2007 - 2008,
,Jashpur,2000 - 2001,
,,2001 - 2002,
,,2002 - 2003,
,,2003 - 2004,
,,2004 - 2005,
,,2005 - 2006,
,,2006 - 2007,
,,2007 - 2008,
,,2008 - 2009,
,,2009 - 2010,
,,2010 - 2011,
,,2011 - 2012,
,,2012 - 2013,
,,2013 - 2014,
,,2014 - 2015,
,,2015 - 2016,
,,2016 - 2017,
,,2017 - 2018,
,,2018 - 2019,
,,2019 - 2020,
,,2020 - 2021,
,,2021 - 2022,
,,2022 - 2023,
,Kabirdham,2000 - 2001,
,,2001 - 2002,
,,2002 - 2003,
,,2003 - 2004,
,,2004 - 2005,
,,2005 - 2006,
,,2006 - 2007,
,,2007 - 2008,
,,2008 - 2009,
,,2009 - 2010,
,,2010 - 2011,
,,2011 - 2012,
,,2012 - 2013,
,,2013 - 2014,
,,2014 - 2015,
,,2015 - 2016,
,,2016 - 2017,
,,2017 - 2018,
,,2018 - 2019,
,,2019 - 2020,
,,2020 - 2021,
,,2021 - 2022,
,,2022 - 2023,
,Kanker,2000 - 2001,
,,2001 - 2002,
,,2002 - 2003,
,,2003 - 2004,
,,2004 - 2005,
,,2005 - 2006,
,,2006 - 2007,
,,2007 - 2008,
,,2008 - 2009,
,,2009 - 2010,
,,2010 - 2011,
,,2011 - 2012,
,,2012 - 2013,
,,2013 - 2014,
,,2014 - 2015,
,,2015 - 2016,
,,2016 - 2017,
,,2017 - 2018,
,,2018 - 2019,
,,2019 - 2020,
,,2020 - 2021,
,,2021 - 2022,
,,2022 - 2023,
,Kondagaon,2011 - 2012,
,,2012 - 2013,
,,2013 - 2014,
,,2014 - 2015,
,,2015 - 2016,
,,2016 - 2017,
,,2017 - 2018,
,,2018 - 2019,
,,2019 - 2020,
,,2020 - 2021,
,,2021 - 2022,
,,2022 - 2023,
,Korba,2000 - 2001,
,,2001 - 2002,
,,2002 - 2003,
,,2003 - 2004,
,,2004 - 2005,
,,2005 - 2006,
,,2006 - 2007,
,,2007 - 2008,
,,2008 - 2009,
,,2009 - 2010,
,,2010 - 2011,
,,2011 - 2012,
,,2012 - 2013,
,,2013 - 2014,
,,2014 - 2015,
,,2015 - 2016,
,,2016 - 2017,
,,2017 - 2018,
,,2018 - 2019,
,,2019 - 2020,
,,2020 - 2021,
,,2021 - 2022,
,,2022 - 2023,
,Korea,2000 - 2001,
,,2001 - 2002,
,,2002 - 2003,
,,2003 - 2004,
,,2004 - 2005,
,,2005 - 2006,
,,2006 - 2007,
,,2007 - 2008,
,,2008 - 2009,
,,2009 - 2010,
,,2010 - 2011,
,,2011 - 2012,
,,2012 - 2013,
,,2013 - 2014,
,,2014 - 2015,
,,2015 - 2016,
,,2016 - 2017,
,,2017 - 2018,
,,2018 - 2019,
,,2019 - 2020,
,,2020 - 2021,
,,2021 - 2022,
,,2022 - 2023,
,Mahasamund,2000 - 2001,
,,2003 - 2004,
,,2004 - 2005,
,,2005 - 2006,
,,2006 - 2007,
,,2008 - 2009,
,,2009 - 2010,
,Manendragarh chirimiri bharatpur,2022 - 2023,
,Narayanpur,2006 - 2007,
,,2007 - 2008,
,,2008 - 2009,
,,2009 - 2010,
,,2010 - 2011,
,,2011 - 2012,
,,2012 - 2013,
,,2013 - 2014,
,,2014 - 2015,
,,2015 - 2016,
,,2016 - 2017,
,,2017 - 2018,
,,2018 - 2019,
,,2019 - 2020,
,,2020 - 2021,
,,2021 - 2022,
,,2022 - 2023,
,Raigarh,2000 - 2001,
,,2001 - 2002,
,,2002 - 2003,
,,2003 - 2004,
,,2004 - 2005,
,,2005 - 2006,
,,2006 - 2007,
,,2007 - 2008,
,,2008 - 2009,
,,2009 - 2010,
,,2010 - 2011,
,,2011 - 2012,
,,2012 - 2013,
,,2013 - 2014,
,,2014 - 2015,
,,2015 - 2016,
,,2016 - 2017,
,,2017 - 2018,
,,2018 - 2019,
,,2019 - 2020,
,,2020 - 2021,
,,2021 - 2022,
,,2022 - 2023,
,Raipur,2000 - 2001,
,,2001 - 2002,
,,2002 - 2003,
,,2003 - 2004,
,,2004 - 2005,
,,2005 - 2006,
,,2006 - 2007,
,,2007 - 2008,
,,2008 - 2009,
,,2009 - 2010,
,,2010 - 2011,
,,2020 - 2021,
,,2021 - 2022,
,Rajnandgaon,2000 - 2001,
,,2001 - 2002,
,,2002 - 2003,
,,2003 - 2004,
,,2004 - 2005,
,,2005 - 2006,
,,2006 - 2007,
,,2007 - 2008,
,,2008 - 2009,
,,2010 - 2011,
,,2011 - 2012,
,,2012 - 2013,
,,2013 - 2014,
,,2014 - 2015,
,,2015 - 2016,
,,2016 - 2017,
,,2017 - 2018,
,,2018 - 2019,
,,2022 - 2023,
,Sakti,2022 - 2023,
,Sukma,2011 - 2012,
,,2012 - 2013,
,,2013 - 2014,
,,2014 - 2015,
,,2015 - 2016,
,,2016 - 2017,
,,2017 - 2018,
,,2018 - 2019,
,,2019 - 2020,
,,2020 - 2021,
,,2021 - 2022,
,,2022 - 2023,
,Surajpur,2011 - 2012,
,,2012 - 2013,
,,2013 - 2014,
,,2014 - 2015,
,,2015 - 2016,
,,2016 - 2017,
,,2017 - 2018,
,,2018 - 2019,
,,2019 - 2020,
,,2020 - 2021,
,,2021 - 2022,
,,2022 - 2023,
,Surguja,2000 - 2001,
,,2001 - 2002,
,,2002 - 2003,
,,2003 - 2004,
,,2004 - 2005,
,,2005 - 2006,
,,2006 - 2007,
,,2007 - 2008,
,,2008 - 2009,
,,2009 - 2010,
,,2010 - 2011,
,,2011 - 2012,
,,2012 - 2013,
,,2013 - 2014,
,,2014 - 2015,
,,2015 - 2016,
,,2016 - 2017,
,,2017 - 2018,
,,2018 - 2019,
,,2019 - 2020,
,,2020 - 2021,
,,2021 - 2022,
,,2022 - 2023,
Dadra and Nagar Haveli,Dadra and Nagar Haveli,2000 - 2001,1.0
,,2001 - 2002,1.17
,,2002 - 2003,1.15
,,2003 - 2004,1.0
,,2004 - 2005,1.0
,,2005 - 2006,
,,2006 - 2007,
,,2010 - 2011,
,,2011 - 2012,
,,2012 - 2013,
,,2015 - 2016,
,,2016 - 2017,
,,2017 - 2018,
,,2018 - 2019,
,,2019 - 2020,
Jharkhand,Bokaro,2017 - 2018,
,,2018 - 2019,
,,2020 - 2021,
,,2021 - 2022,
,Chatra,2017 - 2018,
,,2018 - 2019,
,,2019 - 2020,
,,2020 - 2021,
,,2021 - 2022,
,Deoghar,2017 - 2018,
,Dumka,2017 - 2018,
,,2018 - 2019,
,,2020 - 2021,
,East singhbum,2017 - 2018,
,,2018 - 2019,
,,2019 - 2020,
,,2020 - 2021,
,,2021 - 2022,
,Garhwa,2018 - 2019,
,Giridih,2017 - 2018,
,,2018 - 2019,
,,2019 - 2020,
,,2020 - 2021,
,,2021 - 2022,
,,2022 - 2023,
,Godda,2018 - 2019,
,Gumla,2017 - 2018,
,,2018 - 2019,
,,2019 - 2020,
,,2020 - 2021,
,,2021 - 2022,
,,2022 - 2023,
,Hazaribagh,2017 - 2018,
,,2019 - 2020,
,,2020 - 2021,
,,2021 - 2022,
,,2022 - 2023,
,Khunti,2018 - 2019,
,,2020 - 2021,
,,2021 - 2022,
,,2022 - 2023,
,Koderma,2018 - 2019,
,,2019 - 2020,
,,2020 - 2021,
,Latehar,2017 - 2018,
,Lohardaga,2017 - 2018,
,,2018 - 2019,
,,2019 - 2020,
,,2020 - 2021,
,,2021 - 2022,
,,2022 - 2023,
,Pakur,2017 - 2018,
,,2018 - 2019,
,,2019 - 2020,
,,2021 - 2022,
,Palamu,2017 - 2018,
,,2018 - 2019,
,,2019 - 2020,
,,2020 - 2021,
,,2021 - 2022,
,Ramgarh,2017 - 2018,
,,2019 - 2020,
,,2020 - 2021,
,,2021 - 2022,
,,2022 - 2023,
,Ranchi,2017 - 2018,
,,2018 - 2019,
,Saraikela kharsawan,2017 - 2018,
,,2018 - 2019,
,,2019 - 2020,
,,2020 - 2021,
,,2021 - 2022,
,Simdega,2017 - 2018,
,,2018 - 2019,
,,2020 - 2021,
,,2021 - 2022,
,,2022 - 2023,
,West singhbhum,2017 - 2018,
,,2018 - 2019,
,,2019 - 2020,
,,2020 - 2021,
,,2021 - 2022,
,,2022 - 2023,
Karnataka,Bagalkot,2000 - 2001,
,,2001 - 2002,
,,2002 - 2003,
,,2003 - 2004,
,,2004 - 2005,
,,2005 - 2006,
,,2006 - 2007,
,,2007 - 2008,
,,2008 - 2009,
,,2009 - 2010,
,,2010 - 2011,
,,2011 - 2012,
,,2012 - 2013,
,,2013 - 2014,
,,2014 - 2015,
,,2017 - 2018,
,,2018 - 2019,
,,2019 - 2020,
,,2020 - 2021,
,,2021 - 2022,
,,2022 - 2023,
,Bangalore rural,2000 - 2001,
,,2001 - 2002,
,,2002 - 2003,
,,2003 - 2004,
,,2004 - 2005,
,,2005 - 2006,
,,2006 - 2007,
,,2007 - 2008,
,,2008 - 2009,
,,2009 - 2010,
,,2010 - 2011,
,,2011 - 2012,
,,2012 - 2013,
,,2013 - 2014,
,,2014 - 2015,
,,2015 - 2016,
,,2016 - 2017,
,,2017 - 2018,
,,2018 - 2019,
,,2019 - 2020,
,,2020 - 2021,
,,2021 - 2022,
,Belgaum,2000 - 2001,
,,2001 - 2002,
,,2002 - 2003,
,,2003 - 2004,
,,2004 - 2005,
,,2005 - 2006,
,,2006 - 2007,
,,2007 - 2008,
,,2008 - 2009,
,,2009 - 2010,
,,2010 - 2011,
,,2011 - 2012,
,,2012 - 2013,
,,2013 - 2014,
,,2014 - 2015,
,,2015 - 2016,
,,2016 - 2017,
,,2017 - 2018,
,,2018 - 2019,
,,2019 - 2020,
,,2020 - 2021,
,,2021 - 2022,
,,2022 - 2023,
,Bellary,2000 - 2001,
,,2001 - 2002,
,,2002 - 2003,
,,2003 - 2004,
,,2004 - 2005,
,,2005 - 2006,
,,2006 - 2007,
,,2007 - 2008,
,,2008 - 2009,
,,2009 - 2010,
,,2010 - 2011,
,,2011 - 2012,
,,2012 - 2013,
,,2013 - 2014,
,,2014 - 2015,
,,2015 - 2016,
,,2016 - 2017,
,,2017 - 2018,
,,2018 - 2019,
,,2019 - 2020,
,,2020 - 2021,
,,2021 - 2022,
,,2022 - 2023,
,Bengaluru urban,2000 - 2001,
,,2001 - 2002,
,,2002 - 2003,
,,2003 - 2004,
,,2004 - 2005,
,,2005 - 2006,
,,2006 - 2007,
,,2007 - 2008,
,,2008 - 2009,
,,2009 - 2010,
,,2010 - 2011,
,,2011 - 2012,
,,2012 - 2013,
,,2013 - 2014,
,,2014 - 2015,
,,2015 - 2016,
,,2016 - 2017,
,,2017 - 2018,
,,2018 - 2019,
,,2019 - 2020,
,,2020 - 2021,
,,2021 - 2022,
,,2022 - 2023,
,Bidar,2000 - 2001,
,,2001 - 2002,
,,2002 - 2003,
,,2003 - 2004,
,,2004 - 2005,
,,2005 - 2006,
,,2006 - 2007,
,,2007 - 2008,
,,2008 - 2009,
,,2009 - 2010,
,,2010 - 2011,
,,2011 - 2012,
,,2012 - 2013,
,,2013 - 2014,
,,2014 - 2015,
,,2015 - 2016,
,,2016 - 2017,
,,2017 - 2018,
,,2018 - 2019,
,,2019 - 2020,
,,2020 - 2021,
,,2021 - 2022,
,,2022 - 2023,
,Bijapur,2000 - 2001,
,,2001 - 2002,
,,2002 - 2003,
,,2003 - 2004,
,,2004 - 2005,
,,2005 - 2006,
,,2006 - 2007,
,,2007 - 2008,
,,2008 - 2009,
,,2009 - 2010,
,,2010 - 2011,
,,2011 - 2012,
,,2012 - 2013,
,,2013 - 2014,
,,2014 - 2015,
,,2015 - 2016,
,,2016 - 2017,
,,2018 - 2019,
,,2019 - 2020,
,,2020 - 2021,
,,2021 - 2022,
,,2022 - 2023,
,Chamarajanagar,2000 - 2001,
,,2001 - 2002,
,,2002 - 2003,
,,2003 - 2004,
,,2004 - 2005,
,,2005 - 2006,
,,2006 - 2007,
,,2007 - 2008,
,,2008 - 2009,
,,2009 - 2010,
,,2010 - 2011,
,,2011 - 2012,
,,2012 - 2013,
,,2013 - 2014,
,,2014 - 2015,
,,2015 - 2016,
,,2017 - 2018,
,,2018 - 2019,
,,2019 - 2020,
,,2020 - 2021,
,,2021 - 2022,
,,2022 - 2023,
,Chikballapur,2007 - 2008,
,,2008 - 2009,
,,2009 - 2010,
,,2010 - 2011,
,,2011 - 2012,
,,2012 - 2013,
,,2013 - 2014,
,,2014 - 2015,
,,2015 - 2016,
,,2016 - 2017,
,,2017 - 2018,
,,2018 - 2019,
,,2021 - 2022,
,,2022 - 2023,
,Chikmagalur,2000 - 2001,
,,2001 - 2002,
,,2002 - 2003,
,,2003 - 2004,
,,2004 - 2005,
,,2005 - 2006,
,,2006 - 2007,
,,2007 - 2008,
,,2008 - 2009,
,,2009 - 2010,
,,2010 - 2011,
,,2011 - 2012,
,,2012 - 2013,
,,2013 - 2014,
,,2014 - 2015,
,,2015 - 2016,
,,2016 - 2017,
,,2017 - 2018,
,,2018 - 2019,
,,2019 - 2020,
,Chitradurga,2000 - 2001,
,,2001 - 2002,
,,2002 - 2003,
,,2003 - 2004,
,,2004 - 2005,
,,2005 - 2006,
,,2006 - 2007,
,,2007 - 2008,
,,2008 - 2009,
,,2009 - 2010,
,,2010 - 2011,
,,2011 - 2012,
,,2012 - 2013,
,,2013 - 2014,
,,2014 - 2015,
,,2015 - 2016,
,,2016 - 2017,
,,2017 - 2018,
,,2019 - 2020,
,,2021 - 2022,
,,2022 - 2023,
,Davangere,2000 - 2001,
,,2001 - 2002,
,,2002 - 2003,
,,2003 - 2004,
,,2004 - 2005,
,,2005 - 2006,
,,2006 - 2007,
,,2007 - 2008,
,,2008 - 2009,
,,2009 - 2010,
,,2010 - 2011,
,,2011 - 2012,
,,2012 - 2013,
,,2013 - 2014,
,,2014 - 2015,
,,2015 - 2016,
,,2016 - 2017,
,,2017 - 2018,
,,2018 - 2019,
,,2019 - 2020,
,,2020 - 2021,
,,2021 - 2022,
,Dharwad,2000 - 2001,
,,2001 - 2002,
,,2002 - 2003,
,,2003 - 2004,
,,2004 - 2005,
,,2005 - 2006,
,,2006 - 2007,
,,2007 - 2008,
,,2008 - 2009,
,,2009 - 2010,
,,2010 - 2011,
,,2011 - 2012,
,,2012 - 2013,
,,2013 - 2014,
,,2014 - 2015,
,,2015 - 2016,
,,2016 - 2017,
,,2017 - 2018,
,,2018 - 2019,
,,2019 - 2020,
,,2020 - 2021,
,,2021 - 2022,
,,2022 - 2023,
,Gadag,2000 - 2001,
,,2001 - 2002,
,,2002 - 2003,
,,2003 - 2004,
,,2004 - 2005,
,,2005 - 2006,
,,2006 - 2007,
,,2007 - 2008,
,,2008 - 2009,
,,2009 - 2010,
,,2010 - 2011,
,,2011 - 2012,
,,2012 - 2013,
,,2013 - 2014,
,,2014 - 2015,
,,2015 - 2016,
,,2016 - 2017,
,,2017 - 2018,
,,2018 - 2019,
,,2019 - 2020,
,,2020 - 2021,
,,2021 - 2022,
,,2022 - 2023,
,Gulbarga,2000 - 2001,
,,2001 - 2002,
,,2002 - 2003,
,,2003 - 2004,
,,2004 - 2005,
,,2005 - 2006,
,,2006 - 2007,
,,2007 - 2008,
,,2008 - 2009,
,,2009 - 2010,
,,2010 - 2011,
,,2011 - 2012,
,,2012 - 2013,
,,2013 - 2014,
,,2014 - 2015,
,,2015 - 2016,
,,2016 - 2017,
,,2017 - 2018,
,,2018 - 2019,
,,2019 - 2020,
,,2020 - 2021,
,,2021 - 2022,
,,2022 - 2023,
,Hassan,2000 - 2001,
,,2001 - 2002,
,,2002 - 2003,
,,2003 - 2004,
,,2004 - 2005,
,,2005 - 2006,
,,2006 - 2007,
,,2007 - 2008,
,,2008 - 2009,
,,2009 - 2010,
,,2010 - 2011,
,,2011 - 2012,
,,2012 - 2013,
,,2013 - 2014,
,,2014 - 2015,
,,2015 - 2016,
,,2016 - 2017,
,,2017 - 2018,
,,2018 - 2019,
,,2019 - 2020,
,,2020 - 2021,
,,2021 - 2022,
,Haveri,2000 - 2001,
,,2001 - 2002,
,,2002 - 2003,
,,2003 - 2004,
,,2004 - 2005,
,,2005 - 2006,
,,2006 - 2007,
,,2007 - 2008,
,,2008 - 2009,
,,2009 - 2010,
,,2010 - 2011,
,,2011 - 2012,
,,2012 - 2013,
,,2013 - 2014,
,,2014 - 2015,
,,2015 - 2016,
,,2016 - 2017,
,,2017 - 2018,
,,2018 - 2019,
,,2019 - 2020,
,,2020 - 2021,
,,2021 - 2022,
,,2022 - 2023,
,Kodagu,2018 - 2019,
,Kolar,2000 - 2001,
,,2001 - 2002,
,,2002 - 2003,
,,2003 - 2004,
,,2004 - 2005,
,,2005 - 2006,
,,2006 - 2007,
,,2007 - 2008,
,,2008 - 2009,
,,2009 - 2010,
,,2010 - 2011,
,,2011 - 2012,
,,2012 - 2013,
,,2013 - 2014,
,,2014 - 2015,
,,2015 - 2016,
,,2016 - 2017,
,,2017 - 2018,
,,2018 - 2019,
,,2019 - 2020,
,,2020 - 2021,
,,2021 - 2022,
,,2022 - 2023,
,Koppal,2000 - 2001,
,,2001 - 2002,
,,2002 - 2003,
,,2003 - 2004,
,,2004 - 2005,
,,2005 - 2006,
,,2006 - 2007,
,,2007 - 2008,
,,2008 - 2009,
,,2009 - 2010,
,,2010 - 2011,
,,2011 - 2012,
,,2012 - 2013,
,,2013 - 2014,
,,2014 - 2015,
,,2015 - 2016,
,,2016 - 2017,
,,2017 - 2018,
,,2018 - 2019,
,,2019 - 2020,
,,2020 - 2021,
,,2021 - 2022,
,,2022 - 2023,
,Mandya,2000 - 2001,
,,2001 - 2002,
,,2002 - 2003,
,,2003 - 2004,
,,2004 - 2005,
,,2005 - 2006,
,,2006 - 2007,
,,2007 - 2008,
,,2008 - 2009,
,,2009 - 2010,
,,2010 - 2011,
,,2011 - 2012,
,,2012 - 2013,
,,2013 - 2014,
,,2014 - 2015,
,,2015 - 2016,
,,2016 - 2017,
,,2017 - 2018,
,,2018 - 2019,
,,2019 - 2020,
,,2020 - 2021,
,,2021 - 2022,
,,2022 - 2023,
,Mysore,2000 - 2001,
,,2001 - 2002,
,,2002 - 2003,
,,2003 - 2004,
,,2004 - 2005,
,,2005 - 2006,
,,2006 - 2007,
,,2007 - 2008,
,,2008 - 2009,
,,2009 - 2010,
,,2010 - 2011,
,,2011 - 2012,
,,2012 - 2013,
,,2013 - 2014,
,,2014 - 2015,
,,2015 - 2016,
,,2016 - 2017,
,,2017 - 2018,
,,2018 - 2019,
,,2019 - 2020,
,,2020 - 2021,
,,2021 - 2022,
,,2022 - 2023,
,Raichur,2000 - 2001,
,,2001 - 2002,
,,2002 - 2003,
,,2003 - 2004,
,,2004 - 2005,
,,2005 - 2006,
,,2006 - 2007,
,,2008 - 2009,
,,2010 - 2011,
,,2011 - 2012,
,,2018 - 2019,
,,2019 - 2020,
,,2020 - 2021,
,,2021 - 2022,
,,2022 - 2023,
,Ramanagara,2007 - 2008,
,,2008 - 2009,
,,2009 - 2010,
,,2010 - 2011,
,,2011 - 2012,
,,2012 - 2013,
,,2013 - 2014,
,,2014 - 2015,
,,2015 - 2016,
,,2016 - 2017,
,,2017 - 2018,
,,2018 - 2019,
,,2019 - 2020,
,,2020 - 2021,
,Shimoga,2000 - 2001,
,,2001 - 2002,
,,2002 - 2003,
,,2003 - 2004,
,,2004 - 2005,
,,2005 - 2006,
,,2006 - 2007,
,,2007 - 2008,
,,2008 - 2009,
,,2009 - 2010,
,,2010 - 2011,
,,2011 - 2012,
,,2012 - 2013,
,,2013 - 2014,
,,2014 - 2015,
,,2015 - 2016,
,,2016 - 2017,
,,2017 - 2018,
,,2018 - 2019,
,,2020 - 2021,
,Tumkur,2000 - 2001,
,,2001 - 2002,
,,2002 - 2003,
,,2003 - 2004,
,,2004 - 2005,
,,2005 - 2006,
,,2006 - 2007,
,,2007 - 2008,
,,2008 - 2009,
,,2009 - 2010,
,,2010 - 2011,
,,2011 - 2012,
,,2012 - 2013,
,,2013 - 2014,
,,2014 - 2015,
,,2015 - 2016,
,,2016 - 2017,
,,2017 - 2018,
,,2018 - 2019,
,,2019 - 2020,
,,2020 - 2021,
,,2021 - 2022,
,Vijayanagar,2022 - 2023,
,Yadgir,2010 - 2011,
,,2011 - 2012,
,,2012 - 2013,
,,2013 - 2014,
,,2014 - 2015,
,,2015 - 2016,
,,2018 - 2019,
,,2019 - 2020,
,,2020 - 2021,
Madhya Pradesh,Agar malwa,2018 - 2019,
,Anuppur,2003 - 2004,
,,2004 - 2005,
,,2005 - 2006,
,,2006 - 2007,
,,2007 - 2008,
,,2008 - 2009,
,,2009 - 2010,
,,2010 - 2011,
,,2011 - 2012,
,,2012 - 2013,
,,2013 - 2014,
,,2014 - 2015,
,,2015 - 2016,
,,2016 - 2017,
,,2017 - 2018,
,,2018 - 2019,
,,2019 - 2020,
,,2020 - 2021,
,,2021 - 2022,
,Ashoknagar,2003 - 2004,
,,2004 - 2005,
,,2005 - 2006,
,,2006 - 2007,
,,2007 - 2008,
,,2008 - 2009,
,,2009 - 2010,
,,2017 - 2018,
,,2018 - 2019,
,,2019 - 2020,
,Balaghat,2000 - 2001,
,,2001 - 2002,
,,2002 - 2003,
,,2003 - 2004,
,,2004 - 2005,
,,2005 - 2006,
,,2006 - 2007,
,,2007 - 2008,
,,2008 - 2009,
,,2009 - 2010,
,,2010 - 2011,
,,2011 - 2012,
,,2012 - 2013,
,,2013 - 2014,
,,2017 - 2018,
,,2018 - 2019,
,,2019 - 2020,
,,2020 - 2021,
,,2022 - 2023,
,Barwani,2014 - 2015,
,,2017 - 2018,
,,2018 - 2019,
,Betul,2000 - 2001,
,,2001 - 2002,
,,2002 - 2003,
,,2003 - 2004,
,,2004 - 2005,
,,2005 - 2006,
,,2006 - 2007,
,,2007 - 2008,
,,2008 - 2009,
,,2009 - 2010,
,,2010 - 2011,
,,2011 - 2012,
,,2012 - 2013,
,,2013 - 2014,
,,2014 - 2015,
,,2015 - 2016,
,,2016 - 2017,
,,2017 - 2018,
,,2018 - 2019,
,,2019 - 2020,
,,2020 - 2021,
,,2021 - 2022,
,Bhind,2000 - 2001,
,,2001 - 2002,
,,2002 - 2003,
,,2003 - 2004,
,,2019 - 2020,
,Bhopal,2000 - 2001,
,,2017 - 2018,
,,2018 - 2019,
,Burhanpur,2019 - 2020,
,Chhatarpur,2000 - 2001,
,,2001 - 2002,
,,2002 - 2003,
,,2003 - 2004,
,,2004 - 2005,
,,2005 - 2006,
,,2006 - 2007,
,,2008 - 2009,
,,2009 - 2010,
,,2010 - 2011,
,,2018 - 2019,
,,2020 - 2021,
,Chhindwara,2000 - 2001,
,,2001 - 2002,
,,2002 - 2003,
,,2003 - 2004,
,,2004 - 2005,
,,2005 - 2006,
,,2006 - 2007,
,,2007 - 2008,
,,2008 - 2009,
,,2009 - 2010,
,,2010 - 2011,
,,2011 - 2012,
,,2012 - 2013,
,,2013 - 2014,
,,2014 - 2015,
,,2015 - 2016,
,,2016 - 2017,
,,2017 - 2018,
,,2018 - 2019,
,,2019 - 2020,
,,2020 - 2021,
,,2021 - 2022,
,Damoh,2000 - 2001,
,,2001 - 2002,
,,2002 - 2003,
,,2003 - 2004,
,,2005 - 2006,
,,2007 - 2008,
,,2008 - 2009,
,,2009 - 2010,
,,2018 - 2019,
,Dewas,2018 - 2019,
,Dindori,2000 - 2001,
,,2001 - 2002,
,,2002 - 2003,
,,2003 - 2004,
,,2004 - 2005,
,,2005 - 2006,
,,2006 - 2007,
,,2007 - 2008,
,,2008 - 2009,
,,2009 - 2010,
,,2010 - 2011,
,,2011 - 2012,
,,2012 - 2013,
,,2013 - 2014,
,,2014 - 2015,
,,2015 - 2016,
,,2016 - 2017,
,,2018 - 2019,
,,2019 - 2020,
,,2020 - 2021,
,,2021 - 2022,
,,2022 - 2023,
,Guna,2000 - 2001,
,,2001 - 2002,
,,2002 - 2003,
,,2003 - 2004,
,,2004 - 2005,
,,2006 - 2007,
,,2007 - 2008,
,,2008 - 2009,
,,2009 - 2010,
,,2010 - 2011,
,,2018 - 2019,
,,2019 - 2020,
,,2021 - 2022,
,Gwalior,2017 - 2018,
,,2018 - 2019,
,,2019 - 2020,
,Harda,2000 - 2001,
,,2001 - 2002,
,,2002 - 2003,
,,2003 - 2004,
,,2004 - 2005,
,,2005 - 2006,
,,2007 - 2008,
,,2008 - 2009,
,,2009 - 2010,
,,2020 - 2021,
,Hoshangabad,2000 - 2001,
,,2001 - 2002,
,,2005 - 2006,
,,2007 - 2008,
,,2008 - 2009,
,,2017 - 2018,
,,2018 - 2019,
,,2019 - 2020,
,,2020 - 2021,
,Jabalpur,2000 - 2001,
,,2001 - 2002,
,,2002 - 2003,
,,2003 - 2004,
,,2004 - 2005,
,,2005 - 2006,
,,2006 - 2007,
,,2007 - 2008,
,,2008 - 2009,
,,2009 - 2010,
,,2010 - 2011,
,,2011 - 2012,
,,2012 - 2013,
,,2013 - 2014,
,,2014 - 2015,
,,2015 - 2016,
,,2016 - 2017,
,,2018 - 2019,
,,2019 - 2020,
,,2020 - 2021,
,,2021 - 2022,
,Jhabua,2015 - 2016,
,,2016 - 2017,
,Katni,2000 - 2001,
,,2001 - 2002,
,,2002 - 2003,
,,2003 - 2004,
,,2004 - 2005,
,,2005 - 2006,
,,2006 - 2007,
,,2008 - 2009,
,,2010 - 2011,
,,2013 - 2014,
,Khandwa,2001 - 2002,
,,2003 - 2004,
,,2004 - 2005,
,,2007 - 2008,
,,2017 - 2018,
,,2018 - 2019,
,Khargone,2014 - 2015,
,,2015 - 2016,
,,2016 - 2017,
,,2017 - 2018,
,,2018 - 2019,
,Mandla,2000 - 2001,
,,2001 - 2002,
,,2002 - 2003,
,,2003 - 2004,
,,2004 - 2005,
,,2005 - 2006,
,,2006 - 2007,
,,2007 - 2008,
,,2008 - 2009,
,,2009 - 2010,
,,2010 - 2011,
,,2011 - 2012,
,,2012 - 2013,
,,2013 - 2014,
,,2014 - 2015,
,,2015 - 2016,
,,2016 - 2017,
,,2017 - 2018,
,,2018 - 2019,
,,2019 - 2020,
,,2020 - 2021,
,,2021 - 2022,
,,2022 - 2023,
,Mandsaur,2018 - 2019,
,Morena,2017 - 2018,
,,2019 - 2020,
,Narsinghpur,2000 - 2001,
,,2001 - 2002,
,,2002 - 2003,
,,2003 - 2004,
,,2004 - 2005,
,,2005 - 2006,
,,2006 - 2007,
,,2007 - 2008,
,,2008 - 2009,
,,2009 - 2010,
,,2010 - 2011,
,,2011 - 2012,
,,2012 - 2013,
,,2013 - 2014,
,,2018 - 2019,
,,2020 - 2021,
,Neemuch,2018 - 2019,
,Panna,2000 - 2001,
,,2002 - 2003,
,,2003 - 2004,
,,2004 - 2005,
,,2005 - 2006,
,,2007 - 2008,
,,2008 - 2009,
,,2009 - 2010,
,,2010 - 2011,
,,2011 - 2012,
,,2012 - 2013,
,,2013 - 2014,
,,2018 - 2019,
,,2020 - 2021,
,,2021 - 2022,
,Raisen,2000 - 2001,
,,2001 - 2002,
,,2002 - 2003,
,,2003 - 2004,
,,2004 - 2005,
,,2005 - 2006,
,,2006 - 2007,
,,2007 - 2008,
,,2008 - 2009,
,,2009 - 2010,
,,2010 - 2011,
,,2012 - 2013,
,,2018 - 2019,
,,2019 - 2020,
,Rajgarh,2000 - 2001,
,,2018 - 2019,
,,2019 - 2020,
,Ratlam,2000 - 2001,
,,2001 - 2002,
,,2002 - 2003,
,,2003 - 2004,
,,2004 - 2005,
,,2009 - 2010,
,,2018 - 2019,
,,2019 - 2020,
,Rewa,2000 - 2001,
,,2001 - 2002,
,,2004 - 2005,
,,2005 - 2006,
,,2006 - 2007,
,,2007 - 2008,
,,2008 - 2009,
,,2009 - 2010,
,,2010 - 2011,
,,2011 - 2012,
,,2012 - 2013,
,,2013 - 2014,
,,2018 - 2019,
,,2019 - 2020,
,Sagar,2000 - 2001,
,,2001 - 2002,
,,2002 - 2003,
,,2003 - 2004,
,,2004 - 2005,
,,2005 - 2006,
,,2006 - 2007,
,,2007 - 2008,
,,2008 - 2009,
,,2009 - 2010,
,,2010 - 2011,
,,2011 - 2012,
,,2012 - 2013,
,,2013 - 2014,
,,2018 - 2019,
,,2019 - 2020,
,Satna,2001 - 2002,
,,2002 - 2003,
,,2004 - 2005,
,,2005 - 2006,
,,2006 - 2007,
,,2007 - 2008,
,,2008 - 2009,
,,2009 - 2010,
,,2011 - 2012,
,,2015 - 2016,
,,2016 - 2017,
,,2017 - 2018,
,,2018 - 2019,
,,2019 - 2020,
,Seoni,2000 - 2001,
,,2001 - 2002,
,,2002 - 2003,
,,2003 - 2004,
,,2004 - 2005,
,,2005 - 2006,
,,2006 - 2007,
,,2007 - 2008,
,,2008 - 2009,
,,2009 - 2010,
,,2010 - 2011,
,,2011 - 2012,
,,2012 - 2013,
,,2013 - 2014,
,,2014 - 2015,
,,2017 - 2018,
,,2018 - 2019,
,,2019 - 2020,
,,2020 - 2021,
,,2022 - 2023,
,Shahdol,2000 - 2001,
,,2001 - 2002,
,,2002 - 2003,
,,2003 - 2004,
,,2004 - 2005,
,,2005 - 2006,
,,2006 - 2007,
,,2007 - 2008,
,,2008 - 2009,
,,2009 - 2010,
,,2010 - 2011,
,,2011 - 2012,
,,2012 - 2013,
,,2013 - 2014,
,,2014 - 2015,
,,2015 - 2016,
,,2016 - 2017,
,,2017 - 2018,
,,2018 - 2019,
,,2019 - 2020,
,,2020 - 2021,
,,2022 - 2023,
,Shajapur,2005 - 2006,
,,2018 - 2019,
,Sheopur,2002 - 2003,
,,2017 - 2018,
,,2019 - 2020,
,Shivpuri,2000 - 2001,
,,2001 - 2002,
,,2002 - 2003,
,,2003 - 2004,
,,2004 - 2005,
,,2005 - 2006,
,,2006 - 2007,
,,2007 - 2008,
,,2008 - 2009,
,,2009 - 2010,
,,2017 - 2018,
,,2018 - 2019,
,,2019 - 2020,
,Sidhi,2000 - 2001,
,,2001 - 2002,
,,2002 - 2003,
,,2003 - 2004,
,,2004 - 2005,
,,2005 - 2006,
,,2006 - 2007,
,,2007 - 2008,
,,2008 - 2009,
,,2009 - 2010,
,,2010 - 2011,
,,2011 - 2012,
,,2012 - 2013,
,,2013 - 2014,
,,2017 - 2018,
,,2020 - 2021,
,Singrauli,2008 - 2009,
,,2009 - 2010,
,,2010 - 2011,
,,2011 - 2012,
,,2012 - 2013,
,,2013 - 2014,
,,2014 - 2015,
,,2017 - 2018,
,,2018 - 2019,
,,2019 - 2020,
,,2020 - 2021,
,Tikamgarh,2018 - 2019,
,,2019 - 2020,
,Ujjain,2001 - 2002,
,,2018 - 2019,
,Umaria,2000 - 2001,
,,2001 - 2002,
,,2002 - 2003,
,,2003 - 2004,
,,2004 - 2005,
,,2005 - 2006,
,,2006 - 2007,
,,2007 - 2008,
,,2008 - 2009,
,,2009 - 2010,
,,2010 - 2011,
,,2011 - 2012,
,,2012 - 2013,
,,2013 - 2014,
,,2014 - 2015,
,,2015 - 2016,
,,2016 - 2017,
,,2017 - 2018,
,,2018 - 2019,
,,2019 - 2020,
,,2020 - 2021,
,,2022 - 2023,
,Vidisha,2000 - 2001,
,,2002 - 2003,
,,2003 - 2004,
,,2004 - 2005,
,,2005 - 2006,
,,2006 - 2007,
,,2007 - 2008,
,,2009 - 2010,
Maharashtra,Ahilyanagar,2000 - 2001,
,,2001 - 2002,
,,2002 - 2003,
,,2003 - 2004,
,,2004 - 2005,
,,2005 - 2006,
,,2006 - 2007,
,,2007 - 2008,
,,2008 - 2009,
,,2009 - 2010,
,,2010 - 2011,
,,2011 - 2012,
,,2012 - 2013,
,,2013 - 2014,
,,2014 - 2015,
,,2015 - 2016,
,,2016 - 2017,
,,2017 - 2018,
,,2018 - 2019,
,,2019 - 2020,
,,2020 - 2021,
,,2021 - 2022,
,,2022 - 2023,
,Akola,2019 - 2020,
,Beed,2000 - 2001,
,,2001 - 2002,
,,2002 - 2003,
,,2003 - 2004,
,,2004 - 2005,
,,2005 - 2006,
,,2006 - 2007,
,,2007 - 2008,
,,2008 - 2009,
,,2009 - 2010,
,,2010 - 2011,
,,2011 - 2012,
,,2012 - 2013,
,,2013 - 2014,
,,2014 - 2015,
,,2015 - 2016,
,,2016 - 2017,
,,2017 - 2018,
,,2018 - 2019,
,,2019 - 2020,
,,2020 - 2021,
,,2021 - 2022,
,,2022 - 2023,
,Buldhana,2016 - 2017,
,,2017 - 2018,
,,2018 - 2019,
,Chhatrapati Sambhajinagar,2000 - 2001,
,,2001 - 2002,
,,2002 - 2003,
,,2003 - 2004,
,,2004 - 2005,
,,2005 - 2006,
,,2006 - 2007,
,,2007 - 2008,
,,2008 - 2009,
,,2009 - 2010,
,,2010 - 2011,
,,2011 - 2012,
,,2012 - 2013,
,,2013 - 2014,
,,2014 - 2015,
,,2015 - 2016,
,,2016 - 2017,
,,2019 - 2020,
,,2020 - 2021,
,,2021 - 2022,
,Dharashiv,2000 - 2001,
,,2001 - 2002,
,,2002 - 2003,
,,2003 - 2004,
,,2004 - 2005,
,,2005 - 2006,
,,2006 - 2007,
,,2007 - 2008,
,,2008 - 2009,
,,2009 - 2010,
,,2010 - 2011,
,,2011 - 2012,
,,2012 - 2013,
,,2013 - 2014,
,,2014 - 2015,
,,2015 - 2016,
,,2016 - 2017,
,,2017 - 2018,
,,2018 - 2019,
,,2019 - 2020,
,,2020 - 2021,
,,2021 - 2022,
,,2022 - 2023,
,Dhule,2000 - 2001,
,,2001 - 2002,
,,2002 - 2003,
,,2005 - 2006,
,,2006 - 2007,
,,2007 - 2008,
,,2008 - 2009,
,,2015 - 2016,
,,2017 - 2018,
,,2018 - 2019,
,,2019 - 2020,
,Hingoli,2000 - 2001,
,,2001 - 2002,
,,2002 - 2003,
,,2003 - 2004,
,,2004 - 2005,
,,2005 - 2006,
,,2006 - 2007,
,,2007 - 2008,
,,2008 - 2009,
,,2009 - 2010,
,,2010 - 2011,
,,2011 - 2012,
,,2012 - 2013,
,,2013 - 2014,
,,2014 - 2015,
,,2015 - 2016,
,,2019 - 2020,
,,2020 - 2021,
,Jalna,2000 - 2001,
,,2001 - 2002,
,,2002 - 2003,
,,2003 - 2004,
,,2004 - 2005,
,,2005 - 2006,
,,2006 - 2007,
,,2007 - 2008,
,,2008 - 2009,
,,2009 - 2010,
,,2010 - 2011,
,,2011 - 2012,
,,2012 - 2013,
,,2013 - 2014,
,,2015 - 2016,
,,2016 - 2017,
,,2017 - 2018,
,,2019 - 2020,
,,2020 - 2021,
,,2021 - 2022,
,,2022 - 2023,
,Kolhapur,2000 - 2001,
,,2001 - 2002,
,,2002 - 2003,
,,2003 - 2004,
,,2004 - 2005,
,,2005 - 2006,
,,2006 - 2007,
,,2007 - 2008,
,,2008 - 2009,
,,2009 - 2010,
,,2010 - 2011,
,,2011 - 2012,
,,2012 - 2013,
,,2013 - 2014,
,,2014 - 2015,
,,2015 - 2016,
,,2016 - 2017,
,,2017 - 2018,
,,2019 - 2020,
,,2020 - 2021,
,,2021 - 2022,
,,2022 - 2023,
,Latur,2000 - 2001,
,,2001 - 2002,
,,2002 - 2003,
,,2003 - 2004,
,,2004 - 2005,
,,2005 - 2006,
,,2006 - 2007,
,,2007 - 2008,
,,2008 - 2009,
,,2009 - 2010,
,,2010 - 2011,
,,2011 - 2012,
,,2012 - 2013,
,,2013 - 2014,
,,2014 - 2015,
,,2015 - 2016,
,,2016 - 2017,
,,2017 - 2018,
,,2018 - 2019,
,,2019 - 2020,
,,2020 - 2021,
,,2021 - 2022,
,,2022 - 2023,
,Nanded,2000 - 2001,
,,2001 - 2002,
,,2002 - 2003,
,,2003 - 2004,
,,2004 - 2005,
,,2005 - 2006,
,,2006 - 2007,
,,2007 - 2008,
,,2008 - 2009,
,,2009 - 2010,
,,2010 - 2011,
,,2011 - 2012,
,,2012 - 2013,
,,2013 - 2014,
,,2014 - 2015,
,,2015 - 2016,
,,2016 - 2017,
,,2017 - 2018,
,,2018 - 2019,
,,2019 - 2020,
,,2020 - 2021,
,,2021 - 2022,
,,2022 - 2023,
,Nandurbar,2000 - 2001,
,,2001 - 2002,
,,2002 - 2003,
,,2003 - 2004,
,,2004 - 2005,
,,2005 - 2006,
,,2008 - 2009,
,,2015 - 2016,
,,2017 - 2018,
,,2018 - 2019,
,Nashik,2000 - 2001,
,,2001 - 2002,
,,2002 - 2003,
,,2003 - 2004,
,,2004 - 2005,
,,2005 - 2006,
,,2006 - 2007,
,,2007 - 2008,
,,2008 - 2009,
,,2009 - 2010,
,,2010 - 2011,
,,2011 - 2012,
,,2012 - 2013,
,,2013 - 2014,
,,2014 - 2015,
,,2015 - 2016,
,,2016 - 2017,
,,2017 - 2018,
,,2018 - 2019,
,,2019 - 2020,
,,2020 - 2021,
,,2021 - 2022,
,,2022 - 2023,
,Palghar,2014 - 2015,
,,2015 - 2016,
,,2016 - 2017,
,,2017 - 2018,
,,2020 - 2021,
,,2021 - 2022,
,,2022 - 2023,
,Parbhani,2000 - 2001,
,,2001 - 2002,
,,2002 - 2003,
,,2003 - 2004,
,,2004 - 2005,
,,2005 - 2006,
,,2006 - 2007,
,,2007 - 2008,
,,2008 - 2009,
,,2009 - 2010,
,,2010 - 2011,
,,2011 - 2012,
,,2012 - 2013,
,,2013 - 2014,
,,2014 - 2015,
,,2015 - 2016,
,,2016 - 2017,
,,2017 - 2018,
,,2018 - 2019,
,,2019 - 2020,
,,2020 - 2021,
,,2021 - 2022,
,,2022 - 2023,
,Pune,2000 - 2001,
,,2001 - 2002,
,,2002 - 2003,
,,2003 - 2004,
,,2004 - 2005,
,,2005 - 2006,
,,2006 - 2007,
,,2007 - 2008,
,,2008 - 2009,
,,2009 - 2010,
,,2010 - 2011,
,,2011 - 2012,
,,2012 - 2013,
,,2013 - 2014,
,,2014 - 2015,
,,2015 - 2016,
,,2016 - 2017,
,,2017 - 2018,
,,2018 - 2019,
,,2019 - 2020,
,,2020 - 2021,
,,2021 - 2022,
,,2022 - 2023,
,Raigad,2000 - 2001,
,,2001 - 2002,
,,2002 - 2003,
,,2003 - 2004,
,,2004 - 2005,
,,2005 - 2006,
,,2006 - 2007,
,,2007 - 2008,
,,2008 - 2009,
,,2009 - 2010,
,,2010 - 2011,
,,2011 - 2012,
,,2014 - 2015,
,,2015 - 2016,
,,2016 - 2017,
,,2019 - 2020,
,,2020 - 2021,
,,2021 - 2022,
,Ratnagiri,2000 - 2001,
,,2001 - 2002,
,,2002 - 2003,
,,2003 - 2004,
,,2004 - 2005,
,,2005 - 2006,
,,2006 - 2007,
,,2007 - 2008,
,,2008 - 2009,
,,2009 - 2010,
,,2010 - 2011,
,,2011 - 2012,
,,2012 - 2013,
,,2013 - 2014,
,,2014 - 2015,
,,2015 - 2016,
,,2020 - 2021,
,,2021 - 2022,
,Sangli,2000 - 2001,
,,2001 - 2002,
,,2002 - 2003,
,,2003 - 2004,
,,2004 - 2005,
,,2005 - 2006,
,,2006 - 2007,
,,2007 - 2008,
,,2008 - 2009,
,,2009 - 2010,
,,2010 - 2011,
,,2011 - 2012,
,,2012 - 2013,
,,2013 - 2014,
,,2014 - 2015,
,,2015 - 2016,
,,2016 - 2017,
,Satara,2000 - 2001,
,,2001 - 2002,
,,2002 - 2003,
,,2003 - 2004,
,,2004 - 2005,
,,2005 - 2006,
,,2006 - 2007,
,,2007 - 2008,
,,2008 - 2009,
,,2009 - 2010,
,,2010 - 2011,
,,2011 - 2012,
,,2012 - 2013,
,,2013 - 2014,
,,2014 - 2015,
,,2015 - 2016,
,,2016 - 2017,
,,2017 - 2018,
,,2018 - 2019,
,,2019 - 2020,
,,2020 - 2021,
,,2021 - 2022,
,,2022 - 2023,
,Sindhudurg,2000 - 2001,
,,2001 - 2002,
,,2002 - 2003,
,,2003 - 2004,
,,2004 - 2005,
,,2005 - 2006,
,,2006 - 2007,
,,2007 - 2008,
,,2008 - 2009,
,,2009 - 2010,
,,2010 - 2011,
,,2011 - 2012,
,,2012 - 2013,
,,2013 - 2014,
,,2014 - 2015,
,,2015 - 2016,
,,2016 - 2017,
,Solapur,2000 - 2001,
,,2001 - 2002,
,,2002 - 2003,
,,2003 - 2004,
,,2004 - 2005,
,,2005 - 2006,
,,2006 - 2007,
,,2007 - 2008,
,,2008 - 2009,
,,2010 - 2011,
,,2011 - 2012,
,,2012 - 2013,
,,2013 - 2014,
,,2014 - 2015,
,,2015 - 2016,
,,2016 - 2017,
,,2017 - 2018,
,,2018 - 2019,
,,2019 - 2020,
,,2020 - 2021,
,,2021 - 2022,
,,2022 - 2023,
,Thane,2000 - 2001,
,,2001 - 2002,
,,2002 - 2003,
,,2003 - 2004,
,,2004 - 2005,
,,2005 - 2006,
,,2006 - 2007,
,,2007 - 2008,
,,2008 - 2009,
,,2009 - 2010,
,,2010 - 2011,
,,2011 - 2012,
,,2012 - 2013,
,,2013 - 2014,
,,2014 - 2015,
,,2015 - 2016,
,,2016 - 2017,
,,2020 - 2021,
,,2021 - 2022,
,,2022 - 2023,
,Washim,2000 - 2001,
,,2019 - 2020,
,,2020 - 2021,
,Yavatmal,2000 - 2001,
Nagaland,Dimapur,2000 - 2001,
,,2001 - 2002,
,,2004 - 2005,
,,2005 - 2006,
,,2006 - 2007,
,Kohima,2000 - 2001,
,,2001 - 2002,
,,2004 - 2005,
,,2005 - 2006,
,,2006 - 2007,
,Mokokchung,2000 - 2001,
,Mon,2000 - 2001,
,,2001 - 2002,
,,2004 - 2005,
,,2005 - 2006,
,,2006 - 2007,
,Tuensang,2001 - 2002,
,Wokha,2000 - 2001,
,,2001 - 2002,
,,2004 - 2005,
,,2005 - 2006,
,,2006 - 2007,
Odisha,Anugul,2000 - 2001,
,,2001 - 2002,
,,2002 - 2003,
,,2003 - 2004,
,,2004 - 2005,
,Balangir,2022 - 2023,0.3
,Bargarh,2001 - 2002,
,Boudh,2000 - 2001,
,,2001 - 2002,
,Deogarh,2000 - 2001,
,,2001 - 2002,
,,2002 - 2003,
,,2003 - 2004,
,,2004 - 2005,
,,2011 - 2012,0.1
,Gajapati,2000 - 2001,
,,2001 - 2002,
,,2002 - 2003,
,,2003 - 2004,
,,2004 - 2005,
,,2011 - 2012,0.07
,,2016 - 2017,0.2
,,2017 - 2018,0.25
,,2018 - 2019,0.18
,,2019 - 2020,0.22
,,2020 - 2021,0.18
,,2021 - 2022,
,,2022 - 2023,0.18
,Ganjam,2000 - 2001,
,,2001 - 2002,
,,2002 - 2003,
,,2003 - 2004,
,,2004 - 2005,
,Jharsuguda,2000 - 2001,
,Kalahandi,2000 - 2001,
,,2001 - 2002,
,,2002 - 2003,
,,2003 - 2004,
,,2004 - 2005,
,,2011 - 2012,0.14
,,2016 - 2017,0.37
,,2017 - 2018,0.29
,,2018 - 2019,0.23
,,2019 - 2020,0.31
,,2020 - 2021,0.36
,,2021 - 2022,
,,2022 - 2023,0.31
,Kandhamal,2000 - 2001,
,,2001 - 2002,
,,2002 - 2003,
,,2003 - 2004,
,,2004 - 2005,
,,2011 - 2012,0.18
,,2016 - 2017,0.25
,,2017 - 2018,0.21
,,2018 - 2019,0.26
,,2019 - 2020,0.21
,,2020 - 2021,0.23
,,2021 - 2022,
,,2022 - 2023,0.23
,Kendujhar,2000 - 2001,
,,2001 - 2002,
,,2002 - 2003,
,,2003 - 2004,
,,2004 - 2005,
,,2011 - 2012,0.24
,,2016 - 2017,0.35
,,2017 - 2018,0.24
,,2018 - 2019,0.12
,,2019 - 2020,0.23
,,2020 - 2021,0.32
,,2021 - 2022,
,,2022 - 2023,0.28
,Koraput,2000 - 2001,
,,2001 - 2002,
,,2002 - 2003,
,,2003 - 2004,
,,2004 - 2005,
,,2011 - 2012,0.15
,,2016 - 2017,0.32
,,2017 - 2018,0.38
,,2018 - 2019,0.29
,,2019 - 2020,0.4
,,2020 - 2021,0.29
,,2021 - 2022,
,,2022 - 2023,0.29
,Malkangiri,2000 - 2001,
,,2001 - 2002,
,,2002 - 2003,
,,2003 - 2004,
,,2004 - 2005,
,,2011 - 2012,0.06
,,2016 - 2017,0.15
,,2017 - 2018,0.18
,,2018 - 2019,0.19
,,2019 - 2020,0.3
,,2020 - 2021,0.29
,,2021 - 2022,
,,2022 - 2023,0.62
,Mayurbhanj,2000 - 2001,
,,2001 - 2002,
,,2002 - 2003,
,,2003 - 2004,
,,2004 - 2005,
,,2011 - 2012,0.04
,,2019 - 2020,0.3
,,2020 - 2021,0.16
,,2021 - 2022,
,,2022 - 2023,0.2
,Nabarangpur,2000 - 2001,
,,2001 - 2002,
,,2002 - 2003,
,,2003 - 2004,
,,2004 - 2005,
,,2011 - 2012,0.07
,,2016 - 2017,0.35
,,2017 - 2018,0.26
,,2018 - 2019,0.36
,,2019 - 2020,0.35
,,2020 - 2021,0.34
,,2021 - 2022,
,,2022 - 2023,0.33
,Nuapada,2001 - 2002,
,Rayagada,2000 - 2001,
,,2001 - 2002,
,,2002 - 2003,
,,2003 - 2004,
,,2004 - 2005,
,,2011 - 2012,0.16
,,2016 - 2017,0.34
,,2017 - 2018,0.3
,,2018 - 2019,0.29
,,2019 - 2020,0.27
,,2020 - 2021,0.28
,,2021 - 2022,
,,2022 - 2023,0.28
,Sambalpur,2000 - 2001,
,,2001 - 2002,
,,2002 - 2003,
,,2003 - 2004,
,,2004 - 2005,
,Sundargarh,2000 - 2001,
,,2001 - 2002,
,,2002 - 2003,
,,2003 - 2004,
,,2004 - 2005,
,,2011 - 2012,0.16
,,2016 - 2017,0.27
,,2017 - 2018,0.27
,,2018 - 2019,0.16
,,2019 - 2020,0.28
,,2020 - 2021,0.26
,,2021 - 2022,
,,2022 - 2023,0.28
Tamil Nadu,Krishnagiri,2004 - 2005,
,,2005 - 2006,
,Madurai,2004 - 2005,
,Namakkal,2005 - 2006,
,Sivaganga,2005 - 2006,
,Tiruchirappalli,2004 - 2005,
,,2005 - 2006,
,Tiruvannamalai,2004 - 2005,
,Vellore,2005 - 2006,
Telangana,Medak,2001 - 2002,
,,2002 - 2003,
,,2003 - 2004,
,,2004 - 2005,
,Rangareddi,2000 - 2001,
,,2001 - 2002,
,,2002 - 2003,
,,2003 - 2004,
,,2004 - 2005,
,,2005 - 2006,
,,2006 - 2007,
,,2008 - 2009,
,,2010 - 2011,
,,2011 - 2012,
West Bengal,Alipurduar,2016 - 2017,
,,2017 - 2018,
,,2018 - 2019,
,,2019 - 2020,
,,2020 - 2021,
,,2021 - 2022,
,,2022 - 2023,
,Bankura,2000 - 2001,
,,2001 - 2002,
,,2002 - 2003,
,,2003 - 2004,
,,2004 - 2005,
,,2005 - 2006,
,,2006 - 2007,
,,2007 - 2008,
,,2008 - 2009,
,,2009 - 2010,
,Coochbehar,2000 - 2001,
,,2001 - 2002,
,,2002 - 2003,
,,2003 - 2004,
,,2004 - 2005,
,,2005 - 2006,
,,2006 - 2007,
,,2007 - 2008,
,,2008 - 2009,
,,2009 - 2010,
,,2010 - 2011,
,,2011 - 2012,
,,2012 - 2013,
,,2013 - 2014,
,,2014 - 2015,
,,2015 - 2016,
,,2016 - 2017,
,,2017 - 2018,
,,2018 - 2019,
,,2019 - 2020,
,,2020 - 2021,
,,2021 - 2022,
,,2022 - 2023,
,Darjeeling,2000 - 2001,
,,2001 - 2002,
,,2002 - 2003,
,,2003 - 2004,
,,2004 - 2005,
,,2005 - 2006,
,,2006 - 2007,
,,2007 - 2008,
,,2008 - 2009,
,,2009 - 2010,
,,2010 - 2011,
,,2011 - 2012,
,,2012 - 2013,
,,2014 - 2015,
,,2015 - 2016,
,,2016 - 2017,
,,2017 - 2018,
,Dinajpur dakshin,2000 - 2001,
,,2001 - 2002,
,Dinajpur uttar,2000 - 2001,
,,2001 - 2002,
,,2002 - 2003,
,,2003 - 2004,
,,2004 - 2005,
,,2005 - 2006,
,,2006 - 2007,
,,2007 - 2008,
,,2008 - 2009,
,,2009 - 2010,
,,2010 - 2011,
,,2011 - 2012,
,,2012 - 2013,
,,2013 - 2014,
,,2014 - 2015,
,,2015 - 2016,
,,2016 - 2017,
,,2017 - 2018,
,,2018 - 2019,
,,2019 - 2020,
,Jalpaiguri,2000 - 2001,
,,2001 - 2002,
,,2002 - 2003,
,,2003 - 2004,
,,2004 - 2005,
,,2005 - 2006,
,,2006 - 2007,
,,2007 - 2008,
,,2008 - 2009,
,,2009 - 2010,
,,2010 - 2011,
,,2011 - 2012,
,,2012 - 2013,
,,2013 - 2014,
,,2014 - 2015,
,,2015 - 2016,
,,2016 - 2017,
,,2017 - 2018,
,,2018 - 2019,
,,2019 - 2020,
,,2020 - 2021,
,,2021 - 2022,
,,2022 - 2023,
,Jhargram,2018 - 2019,
,Maldah,2000 - 2001,
,,2001 - 2002,
,,2002 - 2003,
,,2003 - 2004,
,,2004 - 2005,
,,2005 - 2006,
,,2016 - 2017,
,,2017 - 2018,
,Medinipur west,2000 - 2001,
,,2001 - 2002,
,,2002 - 2003,
,,2003 - 2004,
,,2004 - 2005,
,,2005 - 2006,
,,2006 - 2007,
,,2008 - 2009,
,,2009 - 2010,
,,2010 - 2011,
,,2011 - 2012,
,,2012 - 2013,
,,2013 - 2014,
,,2014 - 2015,
,,2015 - 2016,
,,2016 - 2017,
,Purulia,2000 - 2001,
,,2001 - 2002,
,,2002 - 2003,
,,2003 - 2004,
,,2004 - 2005,
,,2005 - 2006,
,,2006 - 2007,
,,2007 - 2008,
,,2008 - 2009,
,,2009 - 2010,
,,2010 - 2011,
,,2011 - 2012,
,,2012 - 2013,
,,2014 - 2015,
,,2015 - 2016,
,,2016 - 2017,
,,2017 - 2018,
,,2018 - 2019,
,,2019 - 2020,
,,2020 - 2021,
,,2021 - 2022,
,,2022 - 2023,
