state,district,year,linseed_kharif_yield_tonne_per_hectare
Andhra Pradesh,Anantapur,2000 - 2001,
,,2001 - 2002,
,,2002 - 2003,
,,2003 - 2004,
,,2004 - 2005,
,,2005 - 2006,
,,2006 - 2007,
,,2008 - 2009,
,,2012 - 2013,0.43
,,2013 - 2014,0.43
,,2015 - 2016,1.0
,,2020 - 2021,0.0
,,2021 - 2022,0.0
,Chittoor,2000 - 2001,
,,2001 - 2002,
,,2002 - 2003,
,,2003 - 2004,
,,2004 - 2005,
,,2005 - 2006,
,,2006 - 2007,
,,2010 - 2011,
,,2011 - 2012,
,,2015 - 2016,0.44
,,2017 - 2018,0.5
,,2018 - 2019,0.0
,,2019 - 2020,0.0
,East godavari,2000 - 2001,
,Guntur,2010 - 2011,
,Kadapa,2008 - 2009,
,,2010 - 2011,
,,2011 - 2012,
,,2012 - 2013,0.48
,,2013 - 2014,0.48
,,2014 - 2015,0.48
,,2015 - 2016,0.48
,,2016 - 2017,0.48
,,2017 - 2018,0.48
,,2018 - 2019,0.0
,,2019 - 2020,0.0
,,2020 - 2021,0.0
,,2021 - 2022,0.0
,Krishna,2008 - 2009,
,,2010 - 2011,
,Kurnool,2000 - 2001,
,,2002 - 2003,
,,2003 - 2004,
,,2004 - 2005,
,,2005 - 2006,
Assam,Baksa,2005 - 2006,
,,2006 - 2007,
,,2007 - 2008,
,,2008 - 2009,
,,2009 - 2010,
,,2010 - 2011,
,,2011 - 2012,
,,2012 - 2013,
,,2013 - 2014,
,,2014 - 2015,
,,2015 - 2016,
,,2016 - 2017,
,,2017 - 2018,
,,2018 - 2019,
,,2019 - 2020,
,,2020 - 2021,
,,2021 - 2022,
,,2022 - 2023,
,Barpeta,2000 - 2001,
,,2001 - 2002,
,,2002 - 2003,
,,2003 - 2004,
,,2004 - 2005,
,,2005 - 2006,
,,2006 - 2007,
,,2007 - 2008,
,,2008 - 2009,
,,2009 - 2010,
,,2010 - 2011,
,,2011 - 2012,
,,2012 - 2013,
,,2013 - 2014,
,,2014 - 2015,
,,2015 - 2016,
,,2016 - 2017,
,,2017 - 2018,
,,2018 - 2019,
,,2019 - 2020,
,,2020 - 2021,
,,2021 - 2022,
,,2022 - 2023,
,Biswanath,2020 - 2021,
,,2021 - 2022,
,,2022 - 2023,
,Bongaigaon,2000 - 2001,
,,2001 - 2002,
,,2002 - 2003,
,,2003 - 2004,
,,2004 - 2005,
,,2005 - 2006,
,,2006 - 2007,
,,2007 - 2008,
,,2008 - 2009,
,,2009 - 2010,
,,2010 - 2011,
,,2011 - 2012,
,,2012 - 2013,
,,2013 - 2014,
,,2014 - 2015,
,,2015 - 2016,
,,2016 - 2017,
,,2017 - 2018,
,,2018 - 2019,
,,2019 - 2020,
,,2020 - 2021,
,,2021 - 2022,
,,2022 - 2023,
,Cachar,2000 - 2001,
,,2001 - 2002,
,,2002 - 2003,
,,2003 - 2004,
,,2004 - 2005,
,,2005 - 2006,
,,2006 - 2007,
,,2007 - 2008,
,,2008 - 2009,
,,2009 - 2010,
,,2010 - 2011,
,,2011 - 2012,
,,2012 - 2013,
,,2013 - 2014,
,,2014 - 2015,
,,2015 - 2016,
,,2016 - 2017,
,,2017 - 2018,
,,2018 - 2019,
,,2019 - 2020,
,,2020 - 2021,
,,2021 - 2022,
,,2022 - 2023,
,Chirang,2005 - 2006,
,,2006 - 2007,
,,2007 - 2008,
,,2008 - 2009,
,,2009 - 2010,
,,2010 - 2011,
,,2011 - 2012,
,,2012 - 2013,
,,2013 - 2014,
,,2014 - 2015,
,,2015 - 2016,
,,2016 - 2017,
,,2017 - 2018,
,,2018 - 2019,
,,2019 - 2020,
,,2020 - 2021,
,,2021 - 2022,
,,2022 - 2023,
,Darrang,2000 - 2001,
,,2001 - 2002,
,,2002 - 2003,
,,2003 - 2004,
,,2004 - 2005,
,,2005 - 2006,
,,2006 - 2007,
,,2007 - 2008,
,,2008 - 2009,
,,2009 - 2010,
,,2010 - 2011,
,,2011 - 2012,
,,2012 - 2013,
,,2013 - 2014,
,,2014 - 2015,
,,2015 - 2016,
,,2016 - 2017,
,,2017 - 2018,
,,2018 - 2019,
,,2019 - 2020,
,,2020 - 2021,
,,2021 - 2022,
,,2022 - 2023,
,Dhemaji,2000 - 2001,
,,2001 - 2002,
,,2002 - 2003,
,,2003 - 2004,
,,2004 - 2005,
,,2005 - 2006,
,,2006 - 2007,
,,2007 - 2008,
,,2008 - 2009,
,,2009 - 2010,
,,2010 - 2011,
,,2011 - 2012,
,,2012 - 2013,
,,2013 - 2014,
,,2014 - 2015,
,,2015 - 2016,
,,2016 - 2017,
,,2017 - 2018,
,,2018 - 2019,
,,2019 - 2020,
,,2020 - 2021,
,,2021 - 2022,
,,2022 - 2023,
,Dhubri,2000 - 2001,
,,2001 - 2002,
,,2002 - 2003,
,,2003 - 2004,
,,2004 - 2005,
,,2005 - 2006,
,,2006 - 2007,
,,2007 - 2008,
,,2008 - 2009,
,,2009 - 2010,
,,2010 - 2011,
,,2011 - 2012,
,,2012 - 2013,
,,2013 - 2014,
,,2014 - 2015,
,,2015 - 2016,
,,2016 - 2017,
,,2017 - 2018,
,,2018 - 2019,
,,2019 - 2020,
,,2020 - 2021,
,,2021 - 2022,
,,2022 - 2023,
,Dibrugarh,2000 - 2001,
,,2001 - 2002,
,,2002 - 2003,
,,2003 - 2004,
,,2004 - 2005,
,,2005 - 2006,
,,2006 - 2007,
,,2007 - 2008,
,,2008 - 2009,
,,2009 - 2010,
,,2010 - 2011,
,,2011 - 2012,
,,2012 - 2013,
,,2020 - 2021,
,,2021 - 2022,
,,2022 - 2023,
,Dima hasao,2000 - 2001,
,,2001 - 2002,
,,2002 - 2003,
,,2003 - 2004,
,,2004 - 2005,
,,2005 - 2006,
,,2006 - 2007,
,,2007 - 2008,
,,2008 - 2009,
,,2009 - 2010,
,,2010 - 2011,
,,2011 - 2012,
,,2012 - 2013,
,Goalpara,2000 - 2001,
,,2001 - 2002,
,,2002 - 2003,
,,2003 - 2004,
,,2004 - 2005,
,,2005 - 2006,
,,2006 - 2007,
,,2007 - 2008,
,,2008 - 2009,
,,2009 - 2010,
,,2010 - 2011,
,,2011 - 2012,
,,2012 - 2013,
,,2013 - 2014,
,,2014 - 2015,
,,2015 - 2016,
,,2016 - 2017,
,,2017 - 2018,
,,2018 - 2019,
,,2019 - 2020,
,,2020 - 2021,
,,2021 - 2022,
,,2022 - 2023,
,Golaghat,2000 - 2001,
,,2001 - 2002,
,,2002 - 2003,
,,2003 - 2004,
,,2004 - 2005,
,,2005 - 2006,
,,2006 - 2007,
,,2007 - 2008,
,,2008 - 2009,
,,2022 - 2023,
,Hailakandi,2000 - 2001,
,,2001 - 2002,
,,2002 - 2003,
,,2003 - 2004,
,,2004 - 2005,
,,2005 - 2006,
,,2006 - 2007,
,,2007 - 2008,
,,2008 - 2009,
,,2009 - 2010,
,,2010 - 2011,
,,2012 - 2013,
,,2013 - 2014,
,,2014 - 2015,
,,2015 - 2016,
,,2016 - 2017,
,,2017 - 2018,
,,2018 - 2019,
,,2019 - 2020,
,,2020 - 2021,
,,2021 - 2022,
,,2022 - 2023,
,Hojai,2020 - 2021,
,,2021 - 2022,
,,2022 - 2023,
,Jorhat,2009 - 2010,
,,2010 - 2011,
,,2011 - 2012,
,,2012 - 2013,
,,2013 - 2014,
,,2014 - 2015,
,,2015 - 2016,
,,2016 - 2017,
,,2017 - 2018,
,,2018 - 2019,
,,2019 - 2020,
,,2020 - 2021,
,,2021 - 2022,
,,2022 - 2023,
,Kamrup,2000 - 2001,
,,2001 - 2002,
,,2002 - 2003,
,,2003 - 2004,
,,2004 - 2005,
,,2005 - 2006,
,,2006 - 2007,
,,2007 - 2008,
,,2008 - 2009,
,,2009 - 2010,
,,2010 - 2011,
,,2011 - 2012,
,,2012 - 2013,
,,2013 - 2014,
,,2014 - 2015,
,,2015 - 2016,
,,2016 - 2017,
,,2017 - 2018,
,,2018 - 2019,
,,2019 - 2020,
,,2020 - 2021,
,,2021 - 2022,
,,2022 - 2023,
,Kamrup metro,2005 - 2006,
,,2006 - 2007,
,,2007 - 2008,
,,2008 - 2009,
,,2009 - 2010,
,,2010 - 2011,
,,2011 - 2012,
,,2012 - 2013,
,,2013 - 2014,
,,2014 - 2015,
,,2015 - 2016,
,,2016 - 2017,
,,2017 - 2018,
,,2018 - 2019,
,,2019 - 2020,
,,2020 - 2021,
,,2021 - 2022,
,,2022 - 2023,
,Karbi anglong,2000 - 2001,
,,2001 - 2002,
,,2002 - 2003,
,,2003 - 2004,
,,2004 - 2005,
,,2005 - 2006,
,,2006 - 2007,
,,2007 - 2008,
,,2008 - 2009,
,,2009 - 2010,
,,2010 - 2011,
,,2011 - 2012,
,,2012 - 2013,
,,2013 - 2014,
,,2014 - 2015,
,,2015 - 2016,
,,2016 - 2017,
,,2017 - 2018,
,,2018 - 2019,
,,2019 - 2020,
,,2020 - 2021,
,,2021 - 2022,
,,2022 - 2023,
,Karimganj,2000 - 2001,
,,2001 - 2002,
,,2002 - 2003,
,,2003 - 2004,
,,2004 - 2005,
,,2005 - 2006,
,,2006 - 2007,
,,2007 - 2008,
,,2008 - 2009,
,,2009 - 2010,
,,2010 - 2011,
,,2011 - 2012,
,,2012 - 2013,
,,2013 - 2014,
,,2014 - 2015,
,,2015 - 2016,
,,2016 - 2017,
,,2017 - 2018,
,,2018 - 2019,
,,2019 - 2020,
,,2020 - 2021,
,,2021 - 2022,
,,2022 - 2023,
,Kokrajhar,2000 - 2001,
,,2001 - 2002,
,,2002 - 2003,
,,2003 - 2004,
,,2004 - 2005,
,,2005 - 2006,
,,2006 - 2007,
,,2007 - 2008,
,,2008 - 2009,
,,2009 - 2010,
,,2010 - 2011,
,,2011 - 2012,
,,2012 - 2013,
,,2013 - 2014,
,,2014 - 2015,
,,2015 - 2016,
,,2016 - 2017,
,,2017 - 2018,
,,2018 - 2019,
,,2019 - 2020,
,,2020 - 2021,
,,2021 - 2022,
,,2022 - 2023,
,Lakhimpur,2000 - 2001,
,,2001 - 2002,
,,2002 - 2003,
,,2003 - 2004,
,,2004 - 2005,
,,2005 - 2006,
,,2006 - 2007,
,,2007 - 2008,
,,2008 - 2009,
,,2009 - 2010,
,,2010 - 2011,
,,2011 - 2012,
,,2012 - 2013,
,,2013 - 2014,
,,2014 - 2015,
,,2015 - 2016,
,,2017 - 2018,
,,2018 - 2019,
,,2019 - 2020,
,,2020 - 2021,
,,2021 - 2022,
,Majuli,2020 - 2021,
,,2021 - 2022,
,,2022 - 2023,
,Marigaon,2000 - 2001,
,,2001 - 2002,
,,2002 - 2003,
,,2003 - 2004,
,,2004 - 2005,
,,2005 - 2006,
,,2006 - 2007,
,,2007 - 2008,
,,2008 - 2009,
,,2009 - 2010,
,,2010 - 2011,
,,2011 - 2012,
,,2012 - 2013,
,,2013 - 2014,
,,2014 - 2015,
,,2015 - 2016,
,,2016 - 2017,
,,2017 - 2018,
,,2018 - 2019,
,,2019 - 2020,
,,2020 - 2021,
,,2021 - 2022,
,,2022 - 2023,
,Nagaon,2000 - 2001,
,,2001 - 2002,
,,2002 - 2003,
,,2003 - 2004,
,,2004 - 2005,
,,2005 - 2006,
,,2006 - 2007,
,,2007 - 2008,
,,2008 - 2009,
,,2009 - 2010,
,,2010 - 2011,
,,2011 - 2012,
,,2012 - 2013,
,,2013 - 2014,
,,2014 - 2015,
,,2015 - 2016,
,,2016 - 2017,
,,2017 - 2018,
,,2018 - 2019,
,,2019 - 2020,
,,2020 - 2021,
,,2021 - 2022,
,,2022 - 2023,
,Nalbari,2000 - 2001,
,,2001 - 2002,
,,2002 - 2003,
,,2003 - 2004,
,,2004 - 2005,
,,2005 - 2006,
,,2006 - 2007,
,,2007 - 2008,
,,2008 - 2009,
,,2009 - 2010,
,,2010 - 2011,
,,2011 - 2012,
,,2012 - 2013,
,,2013 - 2014,
,,2014 - 2015,
,,2015 - 2016,
,,2016 - 2017,
,,2017 - 2018,
,,2018 - 2019,
,,2019 - 2020,
,,2020 - 2021,
,,2021 - 2022,
,,2022 - 2023,
,Sivasagar,2000 - 2001,
,,2001 - 2002,
,,2002 - 2003,
,,2003 - 2004,
,,2004 - 2005,
,,2005 - 2006,
,,2007 - 2008,
,,2012 - 2013,
,,2013 - 2014,
,,2014 - 2015,
,,2015 - 2016,
,Sonitpur,2000 - 2001,
,,2001 - 2002,
,,2002 - 2003,
,,2003 - 2004,
,,2004 - 2005,
,,2005 - 2006,
,,2006 - 2007,
,,2007 - 2008,
,,2008 - 2009,
,,2009 - 2010,
,,2010 - 2011,
,,2011 - 2012,
,,2012 - 2013,
,,2013 - 2014,
,,2014 - 2015,
,,2015 - 2016,
,,2016 - 2017,
,,2017 - 2018,
,,2018 - 2019,
,,2019 - 2020,
,,2020 - 2021,
,,2021 - 2022,
,,2022 - 2023,
,South salmara mancachar,2020 - 2021,
,,2021 - 2022,
,,2022 - 2023,
,Tinsukia,2002 - 2003,
,,2003 - 2004,
,,2004 - 2005,
,,2005 - 2006,
,,2015 - 2016,
,,2017 - 2018,
,,2018 - 2019,
,,2019 - 2020,
,Udalguri,2005 - 2006,
,,2006 - 2007,
,,2007 - 2008,
,,2008 - 2009,
,,2009 - 2010,
,,2010 - 2011,
,,2011 - 2012,
,,2012 - 2013,
,,2013 - 2014,
,,2014 - 2015,
,,2015 - 2016,
,,2016 - 2017,
,,2017 - 2018,
,,2018 - 2019,
,,2019 - 2020,
,,2020 - 2021,
,,2021 - 2022,
,,2022 - 2023,
,West karbi anglong,2020 - 2021,
,,2021 - 2022,
,,2022 - 2023,
Bihar,Araria,2000 - 2001,
,,2001 - 2002,
,,2002 - 2003,
,,2003 - 2004,
,,2004 - 2005,
,,2005 - 2006,
,,2006 - 2007,
,,2007 - 2008,
,,2008 - 2009,
,,2009 - 2010,
,,2010 - 2011,
,,2011 - 2012,
,,2012 - 2013,
,,2013 - 2014,
,,2016 - 2017,
,Arwal,2003 - 2004,
,,2004 - 2005,
,,2005 - 2006,
,,2007 - 2008,
,,2008 - 2009,
,,2009 - 2010,
,,2010 - 2011,
,,2011 - 2012,
,,2012 - 2013,
,,2013 - 2014,
,,2014 - 2015,
,,2015 - 2016,
,,2016 - 2017,
,,2017 - 2018,
,,2018 - 2019,
,,2019 - 2020,
,,2020 - 2021,
,,2021 - 2022,
,Aurangabad,2000 - 2001,
,,2001 - 2002,
,,2002 - 2003,
,,2003 - 2004,
,,2004 - 2005,
,,2005 - 2006,
,,2006 - 2007,
,,2007 - 2008,
,,2008 - 2009,
,,2009 - 2010,
,,2010 - 2011,
,,2011 - 2012,
,,2012 - 2013,
,,2013 - 2014,
,,2014 - 2015,
,,2015 - 2016,
,,2016 - 2017,
,,2017 - 2018,
,,2018 - 2019,
,,2019 - 2020,
,,2020 - 2021,
,,2021 - 2022,
,,2022 - 2023,
,Banka,2000 - 2001,
,,2001 - 2002,
,,2002 - 2003,
,,2003 - 2004,
,,2004 - 2005,
,,2005 - 2006,
,,2006 - 2007,
,,2007 - 2008,
,,2008 - 2009,
,,2009 - 2010,
,,2010 - 2011,
,,2011 - 2012,
,,2012 - 2013,
,,2013 - 2014,
,,2014 - 2015,
,,2015 - 2016,
,,2016 - 2017,
,,2017 - 2018,
,,2018 - 2019,
,,2019 - 2020,
,,2020 - 2021,
,,2021 - 2022,
,,2022 - 2023,
,Begusarai,2001 - 2002,
,,2003 - 2004,
,,2004 - 2005,
,,2005 - 2006,
,,2006 - 2007,
,,2009 - 2010,
,,2010 - 2011,
,,2011 - 2012,
,,2013 - 2014,
,,2014 - 2015,
,,2015 - 2016,
,,2016 - 2017,
,,2022 - 2023,
,Bhagalpur,2000 - 2001,
,,2001 - 2002,
,,2002 - 2003,
,,2003 - 2004,
,,2004 - 2005,
,,2005 - 2006,
,,2006 - 2007,
,,2007 - 2008,
,,2008 - 2009,
,,2009 - 2010,
,,2010 - 2011,
,,2011 - 2012,
,,2012 - 2013,
,,2013 - 2014,
,,2014 - 2015,
,,2015 - 2016,
,,2016 - 2017,
,,2017 - 2018,
,,2018 - 2019,
,,2019 - 2020,
,,2020 - 2021,
,,2021 - 2022,
,,2022 - 2023,
,Bhojpur,2000 - 2001,
,,2001 - 2002,
,,2002 - 2003,
,,2003 - 2004,
,,2004 - 2005,
,,2005 - 2006,
,,2006 - 2007,
,,2007 - 2008,
,,2008 - 2009,
,,2009 - 2010,
,,2010 - 2011,
,,2011 - 2012,
,,2012 - 2013,
,,2013 - 2014,
,,2014 - 2015,
,,2015 - 2016,
,,2016 - 2017,
,,2017 - 2018,
,,2018 - 2019,
,,2019 - 2020,
,,2020 - 2021,
,,2021 - 2022,
,,2022 - 2023,
,Buxar,2000 - 2001,
,,2001 - 2002,
,,2002 - 2003,
,,2003 - 2004,
,,2004 - 2005,
,,2005 - 2006,
,,2006 - 2007,
,,2007 - 2008,
,,2008 - 2009,
,,2009 - 2010,
,,2010 - 2011,
,,2011 - 2012,
,,2012 - 2013,
,,2013 - 2014,
,,2014 - 2015,
,,2015 - 2016,
,,2016 - 2017,
,,2017 - 2018,
,,2018 - 2019,
,,2019 - 2020,
,,2020 - 2021,
,,2021 - 2022,
,,2022 - 2023,
,Darbhanga,2000 - 2001,
,,2001 - 2002,
,,2002 - 2003,
,,2003 - 2004,
,,2004 - 2005,
,,2005 - 2006,
,,2006 - 2007,
,,2007 - 2008,
,,2008 - 2009,
,,2009 - 2010,
,,2010 - 2011,
,,2011 - 2012,
,,2012 - 2013,
,,2013 - 2014,
,,2015 - 2016,
,,2016 - 2017,
,,2017 - 2018,
,,2018 - 2019,
,,2019 - 2020,
,,2020 - 2021,
,,2021 - 2022,
,,2022 - 2023,
,Gaya,2000 - 2001,
,,2001 - 2002,
,,2002 - 2003,
,,2003 - 2004,
,,2004 - 2005,
,,2005 - 2006,
,,2006 - 2007,
,,2007 - 2008,
,,2008 - 2009,
,,2009 - 2010,
,,2010 - 2011,
,,2011 - 2012,
,,2012 - 2013,
,,2013 - 2014,
,,2014 - 2015,
,,2015 - 2016,
,,2016 - 2017,
,,2017 - 2018,
,Gopalganj,2000 - 2001,
,,2001 - 2002,
,,2002 - 2003,
,,2003 - 2004,
,,2004 - 2005,
,,2005 - 2006,
,,2006 - 2007,
,,2007 - 2008,
,,2008 - 2009,
,,2009 - 2010,
,,2010 - 2011,
,,2011 - 2012,
,,2012 - 2013,
,,2022 - 2023,
,Jamui,2000 - 2001,
,,2001 - 2002,
,,2002 - 2003,
,,2003 - 2004,
,,2004 - 2005,
,,2005 - 2006,
,,2006 - 2007,
,,2007 - 2008,
,,2008 - 2009,
,,2009 - 2010,
,,2010 - 2011,
,,2011 - 2012,
,,2012 - 2013,
,,2013 - 2014,
,,2014 - 2015,
,,2015 - 2016,
,Jehanabad,2000 - 2001,
,,2001 - 2002,
,,2002 - 2003,
,,2003 - 2004,
,,2004 - 2005,
,,2005 - 2006,
,,2006 - 2007,
,,2007 - 2008,
,,2008 - 2009,
,,2009 - 2010,
,,2010 - 2011,
,,2011 - 2012,
,,2012 - 2013,
,,2013 - 2014,
,,2014 - 2015,
,,2015 - 2016,
,,2016 - 2017,
,,2017 - 2018,
,,2018 - 2019,
,,2019 - 2020,
,,2020 - 2021,
,,2021 - 2022,
,,2022 - 2023,
,Kaimur (bhabua),2000 - 2001,
,,2001 - 2002,
,,2002 - 2003,
,,2003 - 2004,
,,2004 - 2005,
,,2005 - 2006,
,,2006 - 2007,
,,2007 - 2008,
,,2008 - 2009,
,,2009 - 2010,
,,2010 - 2011,
,,2011 - 2012,
,,2012 - 2013,
,,2013 - 2014,
,,2014 - 2015,
,,2015 - 2016,
,,2016 - 2017,
,,2017 - 2018,
,,2018 - 2019,
,,2019 - 2020,
,,2020 - 2021,
,,2021 - 2022,
,,2022 - 2023,
,Katihar,2000 - 2001,
,,2001 - 2002,
,,2002 - 2003,
,,2003 - 2004,
,,2004 - 2005,
,,2005 - 2006,
,,2006 - 2007,
,,2007 - 2008,
,,2008 - 2009,
,,2009 - 2010,
,,2010 - 2011,
,,2011 - 2012,
,,2012 - 2013,
,,2013 - 2014,
,,2014 - 2015,
,,2015 - 2016,
,,2016 - 2017,
,,2017 - 2018,
,,2018 - 2019,
,,2020 - 2021,
,,2021 - 2022,
,,2022 - 2023,
,Khagaria,2000 - 2001,
,,2001 - 2002,
,,2002 - 2003,
,,2003 - 2004,
,,2004 - 2005,
,,2005 - 2006,
,,2006 - 2007,
,,2007 - 2008,
,,2008 - 2009,
,,2009 - 2010,
,,2010 - 2011,
,,2011 - 2012,
,,2012 - 2013,
,,2013 - 2014,
,,2014 - 2015,
,,2015 - 2016,
,,2016 - 2017,
,,2017 - 2018,
,,2018 - 2019,
,,2019 - 2020,
,,2020 - 2021,
,,2021 - 2022,
,,2022 - 2023,
,Kishanganj,2000 - 2001,
,,2001 - 2002,
,,2002 - 2003,
,,2003 - 2004,
,,2004 - 2005,
,,2005 - 2006,
,,2006 - 2007,
,,2007 - 2008,
,,2008 - 2009,
,,2009 - 2010,
,,2010 - 2011,
,,2011 - 2012,
,,2012 - 2013,
,,2013 - 2014,
,,2014 - 2015,
,,2015 - 2016,
,,2016 - 2017,
,,2017 - 2018,
,,2018 - 2019,
,,2019 - 2020,
,,2020 - 2021,
,,2021 - 2022,
,,2022 - 2023,
,Lakhisarai,2000 - 2001,
,,2001 - 2002,
,,2002 - 2003,
,,2003 - 2004,
,,2004 - 2005,
,,2005 - 2006,
,,2006 - 2007,
,,2007 - 2008,
,,2008 - 2009,
,,2009 - 2010,
,,2010 - 2011,
,,2011 - 2012,
,,2012 - 2013,
,,2014 - 2015,
,,2015 - 2016,
,,2016 - 2017,
,,2017 - 2018,
,,2021 - 2022,
,,2022 - 2023,
,Madhepura,2000 - 2001,
,,2001 - 2002,
,,2002 - 2003,
,,2003 - 2004,
,,2004 - 2005,
,,2005 - 2006,
,,2006 - 2007,
,,2007 - 2008,
,,2008 - 2009,
,,2009 - 2010,
,,2010 - 2011,
,,2011 - 2012,
,,2012 - 2013,
,,2013 - 2014,
,,2014 - 2015,
,,2015 - 2016,
,,2016 - 2017,
,,2017 - 2018,
,,2018 - 2019,
,,2019 - 2020,
,,2020 - 2021,
,,2021 - 2022,
,,2022 - 2023,
,Madhubani,2000 - 2001,
,,2001 - 2002,
,,2002 - 2003,
,,2003 - 2004,
,,2004 - 2005,
,,2005 - 2006,
,,2006 - 2007,
,,2007 - 2008,
,,2008 - 2009,
,,2009 - 2010,
,,2010 - 2011,
,,2011 - 2012,
,,2012 - 2013,
,,2013 - 2014,
,,2014 - 2015,
,,2015 - 2016,
,,2016 - 2017,
,,2017 - 2018,
,,2018 - 2019,
,,2019 - 2020,
,,2020 - 2021,
,,2021 - 2022,
,,2022 - 2023,
,Munger,2000 - 2001,
,,2001 - 2002,
,,2002 - 2003,
,,2003 - 2004,
,,2004 - 2005,
,,2005 - 2006,
,,2006 - 2007,
,,2007 - 2008,
,,2008 - 2009,
,,2009 - 2010,
,,2010 - 2011,
,,2011 - 2012,
,,2012 - 2013,
,,2013 - 2014,
,,2014 - 2015,
,,2015 - 2016,
,,2016 - 2017,
,,2017 - 2018,
,,2018 - 2019,
,,2019 - 2020,
,,2020 - 2021,
,,2021 - 2022,
,,2022 - 2023,
,Muzaffarpur,2000 - 2001,
,,2001 - 2002,
,,2002 - 2003,
,,2003 - 2004,
,,2004 - 2005,
,,2005 - 2006,
,,2006 - 2007,
,,2007 - 2008,
,,2008 - 2009,
,,2010 - 2011,
,,2011 - 2012,
,,2012 - 2013,
,,2013 - 2014,
,,2014 - 2015,
,,2015 - 2016,
,,2016 - 2017,
,,2017 - 2018,
,,2018 - 2019,
,,2019 - 2020,
,,2020 - 2021,
,,2021 - 2022,
,,2022 - 2023,
,Nalanda,2000 - 2001,
,,2001 - 2002,
,,2002 - 2003,
,,2003 - 2004,
,,2004 - 2005,
,,2005 - 2006,
,,2006 - 2007,
,,2007 - 2008,
,,2008 - 2009,
,,2009 - 2010,
,,2011 - 2012,
,,2013 - 2014,
,,2014 - 2015,
,,2015 - 2016,
,,2016 - 2017,
,,2017 - 2018,
,,2018 - 2019,
,,2019 - 2020,
,,2020 - 2021,
,,2021 - 2022,
,Nawada,2000 - 2001,
,,2001 - 2002,
,,2002 - 2003,
,,2003 - 2004,
,,2004 - 2005,
,,2005 - 2006,
,,2006 - 2007,
,,2007 - 2008,
,,2008 - 2009,
,,2009 - 2010,
,,2010 - 2011,
,,2011 - 2012,
,,2012 - 2013,
,,2013 - 2014,
,,2014 - 2015,
,,2015 - 2016,
,,2016 - 2017,
,,2017 - 2018,
,,2018 - 2019,
,,2019 - 2020,
,,2020 - 2021,
,,2021 - 2022,
,,2022 - 2023,
,Pashchim champaran,2000 - 2001,
,,2001 - 2002,
,,2002 - 2003,
,,2003 - 2004,
,,2004 - 2005,
,,2005 - 2006,
,,2006 - 2007,
,,2007 - 2008,
,,2008 - 2009,
,,2009 - 2010,
,,2010 - 2011,
,,2011 - 2012,
,,2012 - 2013,
,,2013 - 2014,
,,2014 - 2015,
,,2015 - 2016,
,,2016 - 2017,
,,2017 - 2018,
,,2018 - 2019,
,,2019 - 2020,
,,2020 - 2021,
,,2021 - 2022,
,,2022 - 2023,
,Patna,2000 - 2001,
,,2001 - 2002,
,,2002 - 2003,
,,2003 - 2004,
,,2004 - 2005,
,,2005 - 2006,
,,2006 - 2007,
,,2007 - 2008,
,,2008 - 2009,
,,2009 - 2010,
,,2010 - 2011,
,,2011 - 2012,
,,2012 - 2013,
,,2013 - 2014,
,,2014 - 2015,
,,2015 - 2016,
,,2016 - 2017,
,,2017 - 2018,
,,2018 - 2019,
,,2019 - 2020,
,,2020 - 2021,
,,2021 - 2022,
,,2022 - 2023,
,Purbi champaran,2000 - 2001,
,,2001 - 2002,
,,2003 - 2004,
,,2004 - 2005,
,,2005 - 2006,
,,2006 - 2007,
,,2007 - 2008,
,,2008 - 2009,
,,2009 - 2010,
,,2010 - 2011,
,,2011 - 2012,
,,2012 - 2013,
,,2013 - 2014,
,,2014 - 2015,
,,2015 - 2016,
,,2016 - 2017,
,,2017 - 2018,
,,2018 - 2019,
,,2019 - 2020,
,,2020 - 2021,
,,2021 - 2022,
,,2022 - 2023,
,Purnia,2000 - 2001,
,,2001 - 2002,
,,2002 - 2003,
,,2003 - 2004,
,,2004 - 2005,
,,2005 - 2006,
,,2006 - 2007,
,,2007 - 2008,
,,2008 - 2009,
,,2009 - 2010,
,,2010 - 2011,
,,2011 - 2012,
,,2012 - 2013,
,,2013 - 2014,
,,2015 - 2016,
,,2016 - 2017,
,,2017 - 2018,
,,2018 - 2019,
,,2019 - 2020,
,,2020 - 2021,
,,2021 - 2022,
,,2022 - 2023,
,Rohtas,2000 - 2001,
,,2001 - 2002,
,,2002 - 2003,
,,2003 - 2004,
,,2004 - 2005,
,,2005 - 2006,
,,2006 - 2007,
,,2007 - 2008,
,,2008 - 2009,
,,2009 - 2010,
,,2010 - 2011,
,,2011 - 2012,
,,2012 - 2013,
,,2013 - 2014,
,,2014 - 2015,
,,2015 - 2016,
,,2016 - 2017,
,,2017 - 2018,
,,2018 - 2019,
,,2019 - 2020,
,,2020 - 2021,
,,2021 - 2022,
,,2022 - 2023,
,Saharsa,2000 - 2001,
,,2001 - 2002,
,,2002 - 2003,
,,2003 - 2004,
,,2004 - 2005,
,,2005 - 2006,
,,2006 - 2007,
,,2007 - 2008,
,,2008 - 2009,
,,2009 - 2010,
,,2010 - 2011,
,,2011 - 2012,
,,2012 - 2013,
,,2013 - 2014,
,,2014 - 2015,
,,2015 - 2016,
,,2016 - 2017,
,,2017 - 2018,
,,2018 - 2019,
,,2019 - 2020,
,,2020 - 2021,
,,2021 - 2022,
,,2022 - 2023,
,Samastipur,2000 - 2001,
,,2001 - 2002,
,,2002 - 2003,
,,2003 - 2004,
,,2004 - 2005,
,,2005 - 2006,
,,2006 - 2007,
,,2007 - 2008,
,,2008 - 2009,
,,2009 - 2010,
,,2010 - 2011,
,,2011 - 2012,
,,2012 - 2013,
,,2013 - 2014,
,,2014 - 2015,
,,2015 - 2016,
,,2016 - 2017,
,,2017 - 2018,
,,2018 - 2019,
,,2019 - 2020,
,,2020 - 2021,
,,2021 - 2022,
,,2022 - 2023,
,Saran,2000 - 2001,
,,2001 - 2002,
,,2002 - 2003,
,,2003 - 2004,
,,2004 - 2005,
,,2005 - 2006,
,,2006 - 2007,
,,2007 - 2008,
,,2008 - 2009,
,,2009 - 2010,
,,2010 - 2011,
,,2011 - 2012,
,,2014 - 2015,
,,2015 - 2016,
,Sheikhpura,2000 - 2001,
,,2001 - 2002,
,,2002 - 2003,
,,2003 - 2004,
,,2004 - 2005,
,,2005 - 2006,
,,2006 - 2007,
,,2007 - 2008,
,,2008 - 2009,
,,2009 - 2010,
,,2010 - 2011,
,,2011 - 2012,
,,2012 - 2013,
,,2013 - 2014,
,,2014 - 2015,
,,2015 - 2016,
,,2016 - 2017,
,,2017 - 2018,
,Sheohar,2000 - 2001,
,,2001 - 2002,
,,2002 - 2003,
,,2003 - 2004,
,,2004 - 2005,
,,2005 - 2006,
,,2006 - 2007,
,,2007 - 2008,
,,2008 - 2009,
,,2009 - 2010,
,,2010 - 2011,
,,2011 - 2012,
,,2012 - 2013,
,,2013 - 2014,
,,2014 - 2015,
,,2015 - 2016,
,,2016 - 2017,
,,2017 - 2018,
,,2018 - 2019,
,,2019 - 2020,
,,2020 - 2021,
,,2021 - 2022,
,,2022 - 2023,
,Sitamarhi,2000 - 2001,
,,2001 - 2002,
,,2002 - 2003,
,,2003 - 2004,
,,2004 - 2005,
,,2005 - 2006,
,,2006 - 2007,
,,2007 - 2008,
,,2008 - 2009,
,,2009 - 2010,
,,2010 - 2011,
,,2011 - 2012,
,,2012 - 2013,
,,2013 - 2014,
,,2014 - 2015,
,,2015 - 2016,
,,2016 - 2017,
,,2017 - 2018,
,,2018 - 2019,
,,2019 - 2020,
,,2020 - 2021,
,,2021 - 2022,
,,2022 - 2023,
,Siwan,2000 - 2001,
,,2001 - 2002,
,,2002 - 2003,
,,2003 - 2004,
,,2004 - 2005,
,,2005 - 2006,
,,2006 - 2007,
,,2007 - 2008,
,,2008 - 2009,
,,2009 - 2010,
,,2010 - 2011,
,,2011 - 2012,
,,2012 - 2013,
,,2013 - 2014,
,,2014 - 2015,
,,2015 - 2016,
,,2016 - 2017,
,,2017 - 2018,
,,2018 - 2019,
,,2019 - 2020,
,,2020 - 2021,
,,2021 - 2022,
,,2022 - 2023,
,Supaul,2000 - 2001,
,,2001 - 2002,
,,2002 - 2003,
,,2003 - 2004,
,,2004 - 2005,
,,2005 - 2006,
,,2006 - 2007,
,,2007 - 2008,
,,2008 - 2009,
,,2009 - 2010,
,,2010 - 2011,
,,2011 - 2012,
,,2012 - 2013,
,,2013 - 2014,
,,2014 - 2015,
,,2015 - 2016,
,,2016 - 2017,
,,2017 - 2018,
,,2018 - 2019,
,,2019 - 2020,
,,2020 - 2021,
,,2021 - 2022,
,,2022 - 2023,
,Vaishali,2000 - 2001,
,,2001 - 2002,
,,2002 - 2003,
,,2003 - 2004,
,,2004 - 2005,
,,2005 - 2006,
,,2006 - 2007,
,,2007 - 2008,
,,2008 - 2009,
,,2009 - 2010,
,,2010 - 2011,
,,2011 - 2012,
,,2012 - 2013,
,,2014 - 2015,
,,2015 - 2016,
,,2016 - 2017,
,,2017 - 2018,
,,2018 - 2019,
,,2019 - 2020,
,,2020 - 2021,
,,2021 - 2022,
,,2022 - 2023,
Chhattisgarh,Balod,2011 - 2012,
,,2012 - 2013,
,,2013 - 2014,
,,2014 - 2015,
,,2015 - 2016,
,,2017 - 2018,
,,2018 - 2019,
,,2019 - 2020,
,,2020 - 2021,
,,2021 - 2022,
,,2022 - 2023,
,Baloda bazar,2011 - 2012,
,,2012 - 2013,
,,2013 - 2014,
,,2014 - 2015,
,,2015 - 2016,
,,2017 - 2018,
,,2018 - 2019,
,,2019 - 2020,
,,2020 - 2021,
,,2021 - 2022,
,,2022 - 2023,
,Balrampur,2011 - 2012,
,,2012 - 2013,
,,2013 - 2014,
,,2014 - 2015,
,,2015 - 2016,
,,2017 - 2018,
,,2018 - 2019,
,,2019 - 2020,
,,2020 - 2021,
,,2021 - 2022,
,,2022 - 2023,
,Bastar,2000 - 2001,
,,2001 - 2002,
,,2002 - 2003,
,,2003 - 2004,
,,2004 - 2005,
,,2005 - 2006,
,,2006 - 2007,
,,2007 - 2008,
,,2008 - 2009,
,,2009 - 2010,
,,2010 - 2011,
,,2011 - 2012,
,,2012 - 2013,
,,2013 - 2014,
,,2014 - 2015,
,,2015 - 2016,
,,2017 - 2018,
,,2018 - 2019,
,,2019 - 2020,
,,2020 - 2021,
,,2021 - 2022,
,,2022 - 2023,
,Bemetara,2011 - 2012,
,,2012 - 2013,
,,2013 - 2014,
,,2014 - 2015,
,,2015 - 2016,
,,2017 - 2018,
,,2018 - 2019,
,,2019 - 2020,
,,2020 - 2021,
,,2021 - 2022,
,,2022 - 2023,
,Bijapur,2020 - 2021,
,Bilaspur,2000 - 2001,
,,2001 - 2002,
,,2002 - 2003,
,,2003 - 2004,
,,2004 - 2005,
,,2005 - 2006,
,,2006 - 2007,
,,2007 - 2008,
,,2008 - 2009,
,,2009 - 2010,
,,2010 - 2011,
,,2011 - 2012,
,,2012 - 2013,
,,2013 - 2014,
,,2014 - 2015,
,,2015 - 2016,
,,2017 - 2018,
,,2018 - 2019,
,,2019 - 2020,
,,2020 - 2021,
,,2021 - 2022,
,,2022 - 2023,
,Dantewada,2002 - 2003,
,,2014 - 2015,
,,2015 - 2016,
,,2017 - 2018,
,,2018 - 2019,
,,2019 - 2020,
,,2021 - 2022,
,Dhamtari,2000 - 2001,
,,2001 - 2002,
,,2002 - 2003,
,,2003 - 2004,
,,2004 - 2005,
,,2005 - 2006,
,,2006 - 2007,
,,2007 - 2008,
,,2008 - 2009,
,,2009 - 2010,
,,2010 - 2011,
,,2011 - 2012,
,,2012 - 2013,
,,2013 - 2014,
,,2014 - 2015,
,,2015 - 2016,
,,2017 - 2018,
,,2018 - 2019,
,,2019 - 2020,
,,2020 - 2021,
,,2021 - 2022,
,,2022 - 2023,
,Durg,2000 - 2001,
,,2001 - 2002,
,,2002 - 2003,
,,2003 - 2004,
,,2004 - 2005,
,,2005 - 2006,
,,2006 - 2007,
,,2007 - 2008,
,,2008 - 2009,
,,2009 - 2010,
,,2010 - 2011,
,,2011 - 2012,
,,2012 - 2013,
,,2013 - 2014,
,,2014 - 2015,
,,2015 - 2016,
,,2017 - 2018,
,,2018 - 2019,
,,2019 - 2020,
,,2020 - 2021,
,,2021 - 2022,
,,2022 - 2023,
,Gariyaband,2011 - 2012,
,,2012 - 2013,
,,2013 - 2014,
,,2014 - 2015,
,,2015 - 2016,
,,2017 - 2018,
,,2018 - 2019,
,,2019 - 2020,
,,2020 - 2021,
,,2021 - 2022,
,,2022 - 2023,
,Gaurella-pendra-marwahi,2019 - 2020,
,,2020 - 2021,
,,2021 - 2022,
,,2022 - 2023,
,Janjgir-champa,2000 - 2001,
,,2001 - 2002,
,,2002 - 2003,
,,2003 - 2004,
,,2004 - 2005,
,,2005 - 2006,
,,2006 - 2007,
,,2007 - 2008,
,,2008 - 2009,
,,2009 - 2010,
,,2010 - 2011,
,,2011 - 2012,
,,2012 - 2013,
,,2013 - 2014,
,,2014 - 2015,
,,2015 - 2016,
,,2017 - 2018,
,,2018 - 2019,
,,2019 - 2020,
,,2020 - 2021,
,,2021 - 2022,
,,2022 - 2023,
,Jashpur,2000 - 2001,
,,2001 - 2002,
,,2002 - 2003,
,,2003 - 2004,
,,2004 - 2005,
,,2005 - 2006,
,,2006 - 2007,
,,2007 - 2008,
,,2008 - 2009,
,,2009 - 2010,
,,2010 - 2011,
,,2011 - 2012,
,,2012 - 2013,
,,2013 - 2014,
,,2014 - 2015,
,,2015 - 2016,
,,2017 - 2018,
,,2018 - 2019,
,,2019 - 2020,
,,2020 - 2021,
,,2021 - 2022,
,,2022 - 2023,
,Kabirdham,2000 - 2001,
,,2001 - 2002,
,,2002 - 2003,
,,2003 - 2004,
,,2004 - 2005,
,,2005 - 2006,
,,2006 - 2007,
,,2007 - 2008,
,,2008 - 2009,
,,2009 - 2010,
,,2010 - 2011,
,,2011 - 2012,
,,2012 - 2013,
,,2013 - 2014,
,,2014 - 2015,
,,2015 - 2016,
,,2017 - 2018,
,,2018 - 2019,
,,2019 - 2020,
,,2020 - 2021,
,,2021 - 2022,
,,2022 - 2023,
,Kanker,2000 - 2001,
,,2001 - 2002,
,,2002 - 2003,
,,2003 - 2004,
,,2004 - 2005,
,,2005 - 2006,
,,2006 - 2007,
,,2007 - 2008,
,,2008 - 2009,
,,2009 - 2010,
,,2010 - 2011,
,,2011 - 2012,
,,2012 - 2013,
,,2013 - 2014,
,,2014 - 2015,
,,2015 - 2016,
,,2017 - 2018,
,,2018 - 2019,
,,2019 - 2020,
,,2020 - 2021,
,,2021 - 2022,
,,2022 - 2023,
,Khairgarh chhuikhadan gandai,2022 - 2023,
,Kondagaon,2011 - 2012,
,,2012 - 2013,
,,2013 - 2014,
,,2014 - 2015,
,,2015 - 2016,
,,2017 - 2018,
,,2018 - 2019,
,,2019 - 2020,
,,2020 - 2021,
,,2021 - 2022,
,,2022 - 2023,
,Korba,2000 - 2001,
,,2001 - 2002,
,,2002 - 2003,
,,2003 - 2004,
,,2004 - 2005,
,,2005 - 2006,
,,2006 - 2007,
,,2007 - 2008,
,,2008 - 2009,
,,2009 - 2010,
,,2010 - 2011,
,,2011 - 2012,
,,2012 - 2013,
,,2013 - 2014,
,,2014 - 2015,
,,2015 - 2016,
,,2017 - 2018,
,,2018 - 2019,
,,2019 - 2020,
,,2020 - 2021,
,,2021 - 2022,
,,2022 - 2023,
,Korea,2000 - 2001,
,,2001 - 2002,
,,2002 - 2003,
,,2003 - 2004,
,,2004 - 2005,
,,2005 - 2006,
,,2006 - 2007,
,,2007 - 2008,
,,2008 - 2009,
,,2009 - 2010,
,,2010 - 2011,
,,2011 - 2012,
,,2012 - 2013,
,,2013 - 2014,
,,2014 - 2015,
,,2015 - 2016,
,,2017 - 2018,
,,2018 - 2019,
,,2019 - 2020,
,,2020 - 2021,
,,2021 - 2022,
,,2022 - 2023,
,Mahasamund,2000 - 2001,
,,2001 - 2002,
,,2002 - 2003,
,,2003 - 2004,
,,2004 - 2005,
,,2005 - 2006,
,,2006 - 2007,
,,2007 - 2008,
,,2008 - 2009,
,,2009 - 2010,
,,2010 - 2011,
,,2011 - 2012,
,,2012 - 2013,
,,2013 - 2014,
,,2014 - 2015,
,,2015 - 2016,
,,2017 - 2018,
,,2018 - 2019,
,,2019 - 2020,
,,2020 - 2021,
,,2021 - 2022,
,,2022 - 2023,
,Manendragarh chirimiri bharatpur,2022 - 2023,
,Mohla manpur ambagarh chouki,2022 - 2023,
,Mungeli,2011 - 2012,
,,2012 - 2013,
,,2013 - 2014,
,,2014 - 2015,
,,2015 - 2016,
,,2017 - 2018,
,,2018 - 2019,
,,2019 - 2020,
,,2020 - 2021,
,,2021 - 2022,
,,2022 - 2023,
,Narayanpur,2006 - 2007,
,,2007 - 2008,
,,2008 - 2009,
,,2009 - 2010,
,,2010 - 2011,
,,2011 - 2012,
,,2012 - 2013,
,,2013 - 2014,
,,2018 - 2019,
,,2019 - 2020,
,,2020 - 2021,
,,2022 - 2023,
,Raigarh,2000 - 2001,
,,2001 - 2002,
,,2002 - 2003,
,,2003 - 2004,
,,2004 - 2005,
,,2005 - 2006,
,,2006 - 2007,
,,2007 - 2008,
,,2008 - 2009,
,,2009 - 2010,
,,2010 - 2011,
,,2011 - 2012,
,,2012 - 2013,
,,2013 - 2014,
,,2014 - 2015,
,,2015 - 2016,
,,2017 - 2018,
,,2018 - 2019,
,,2019 - 2020,
,,2020 - 2021,
,,2021 - 2022,
,,2022 - 2023,
,Raipur,2000 - 2001,
,,2001 - 2002,
,,2002 - 2003,
,,2003 - 2004,
,,2004 - 2005,
,,2005 - 2006,
,,2006 - 2007,
,,2007 - 2008,
,,2008 - 2009,
,,2009 - 2010,
,,2010 - 2011,
,,2011 - 2012,
,,2012 - 2013,
,,2013 - 2014,
,,2014 - 2015,
,,2015 - 2016,
,,2017 - 2018,
,,2018 - 2019,
,,2019 - 2020,
,,2020 - 2021,
,,2021 - 2022,
,,2022 - 2023,
,Rajnandgaon,2000 - 2001,
,,2001 - 2002,
,,2002 - 2003,
,,2003 - 2004,
,,2004 - 2005,
,,2005 - 2006,
,,2006 - 2007,
,,2007 - 2008,
,,2008 - 2009,
,,2009 - 2010,
,,2010 - 2011,
,,2011 - 2012,
,,2012 - 2013,
,,2013 - 2014,
,,2014 - 2015,
,,2015 - 2016,
,,2017 - 2018,
,,2018 - 2019,
,,2019 - 2020,
,,2020 - 2021,
,,2021 - 2022,
,,2022 - 2023,
,Surajpur,2011 - 2012,
,,2012 - 2013,
,,2013 - 2014,
,,2014 - 2015,
,,2015 - 2016,
,,2017 - 2018,
,,2018 - 2019,
,,2019 - 2020,
,,2020 - 2021,
,,2021 - 2022,
,,2022 - 2023,
,Surguja,2000 - 2001,
,,2001 - 2002,
,,2002 - 2003,
,,2003 - 2004,
,,2004 - 2005,
,,2005 - 2006,
,,2006 - 2007,
,,2007 - 2008,
,,2008 - 2009,
,,2009 - 2010,
,,2010 - 2011,
,,2011 - 2012,
,,2012 - 2013,
,,2013 - 2014,
,,2014 - 2015,
,,2015 - 2016,
,,2017 - 2018,
,,2018 - 2019,
,,2019 - 2020,
,,2020 - 2021,
,,2021 - 2022,
,,2022 - 2023,
Haryana,Panchkula,2020 - 2021,
,Yamunanagar,2020 - 2021,
Himachal Pradesh,Chamba,2000 - 2001,
,,2001 - 2002,
,,2002 - 2003,
,,2005 - 2006,
,,2006 - 2007,
,,2007 - 2008,
,Hamirpur,2001 - 2002,
,,2002 - 2003,
,,2013 - 2014,
,Kangra,2000 - 2001,
,,2001 - 2002,
,,2002 - 2003,
,,2005 - 2006,
,,2006 - 2007,
,,2007 - 2008,
,,2008 - 2009,
,,2009 - 2010,
,,2010 - 2011,
,,2011 - 2012,
,,2012 - 2013,
,,2013 - 2014,
,,2014 - 2015,
,,2015 - 2016,
,,2016 - 2017,
,,2017 - 2018,
,,2018 - 2019,
,,2019 - 2020,
,Kullu,2009 - 2010,
,Mandi,2000 - 2001,
,,2001 - 2002,
,,2002 - 2003,
,,2005 - 2006,
,,2006 - 2007,
,,2007 - 2008,
,,2008 - 2009,
,,2009 - 2010,
,,2010 - 2011,
,,2011 - 2012,
,,2012 - 2013,
,,2013 - 2014,
,,2014 - 2015,
,,2015 - 2016,
,,2016 - 2017,
,,2017 - 2018,
,,2018 - 2019,
,,2019 - 2020,
,,2020 - 2021,
,,2021 - 2022,
,,2022 - 2023,
,Una,2005 - 2006,
,,2009 - 2010,
,,2013 - 2014,
Jammu and Kashmir,Badgam,2003 - 2004,
,,2006 - 2007,
,,2007 - 2008,
,,2011 - 2012,
,,2018 - 2019,
,Bandipora,2007 - 2008,
,,2008 - 2009,
,,2009 - 2010,
,,2010 - 2011,
,Baramulla,2002 - 2003,
,,2003 - 2004,
,,2006 - 2007,
,,2009 - 2010,
,,2010 - 2011,
,Doda,2000 - 2001,
,,2001 - 2002,
,,2012 - 2013,
,,2013 - 2014,
,Jammu,2000 - 2001,
,,2001 - 2002,
,,2002 - 2003,
,,2003 - 2004,
,,2006 - 2007,
,,2007 - 2008,
,,2008 - 2009,
,,2009 - 2010,
,,2010 - 2011,
,,2011 - 2012,
,,2012 - 2013,
,,2013 - 2014,
,,2015 - 2016,
,,2016 - 2017,
,,2017 - 2018,
,,2018 - 2019,
,,2019 - 2020,
,,2020 - 2021,0.5
,,2021 - 2022,
,Kathua,2000 - 2001,
,,2001 - 2002,
,,2002 - 2003,
,,2003 - 2004,
,,2006 - 2007,
,,2007 - 2008,
,,2008 - 2009,
,,2009 - 2010,
,,2010 - 2011,
,,2011 - 2012,
,,2012 - 2013,
,,2013 - 2014,
,,2015 - 2016,
,,2016 - 2017,
,,2017 - 2018,
,,2018 - 2019,
,,2020 - 2021,
,,2021 - 2022,
,,2022 - 2023,
,Leh ladakh,2003 - 2004,
,,2011 - 2012,
,,2015 - 2016,
,Poonch,2001 - 2002,
,,2002 - 2003,
,,2003 - 2004,
,,2010 - 2011,
,Pulwama,2000 - 2001,
,,2001 - 2002,
,,2002 - 2003,
,,2003 - 2004,
,,2006 - 2007,
,,2007 - 2008,
,,2008 - 2009,
,,2009 - 2010,
,,2010 - 2011,
,,2011 - 2012,
,,2012 - 2013,
,,2013 - 2014,
,,2015 - 2016,
,,2016 - 2017,
,,2017 - 2018,
,,2018 - 2019,
,,2019 - 2020,
,,2020 - 2021,
,,2021 - 2022,
,,2022 - 2023,
,Rajauri,2001 - 2002,
,,2002 - 2003,
,,2003 - 2004,
,,2011 - 2012,0.56
,,2015 - 2016,
,,2019 - 2020,
,Reasi,2009 - 2010,
,,2012 - 2013,
,,2013 - 2014,
,Samba,2008 - 2009,
,,2010 - 2011,
,,2011 - 2012,
,,2012 - 2013,
,,2013 - 2014,
,Srinagar,2000 - 2001,
,,2001 - 2002,
,,2002 - 2003,
,,2003 - 2004,
,Udhampur,2001 - 2002,
,,2006 - 2007,
,,2007 - 2008,
Jharkhand,Bokaro,2017 - 2018,
,,2019 - 2020,
,,2020 - 2021,
,,2022 - 2023,
,Chatra,2017 - 2018,
,,2018 - 2019,
,,2019 - 2020,
,,2020 - 2021,
,,2021 - 2022,
,,2022 - 2023,
,Deoghar,2017 - 2018,
,,2018 - 2019,
,,2019 - 2020,
,,2020 - 2021,
,,2021 - 2022,
,,2022 - 2023,
,Dhanbad,2017 - 2018,
,,2018 - 2019,
,,2019 - 2020,
,,2020 - 2021,
,,2021 - 2022,
,,2022 - 2023,
,Dumka,2017 - 2018,
,,2018 - 2019,
,,2019 - 2020,
,,2020 - 2021,
,,2021 - 2022,
,,2022 - 2023,
,East singhbum,2017 - 2018,
,,2018 - 2019,
,,2019 - 2020,
,,2020 - 2021,
,,2021 - 2022,
,,2022 - 2023,
,Garhwa,2017 - 2018,
,,2018 - 2019,
,,2019 - 2020,
,,2020 - 2021,
,,2021 - 2022,
,,2022 - 2023,
,Giridih,2017 - 2018,
,,2018 - 2019,
,,2019 - 2020,
,,2020 - 2021,
,,2021 - 2022,
,,2022 - 2023,
,Godda,2017 - 2018,
,,2018 - 2019,
,,2019 - 2020,
,,2020 - 2021,
,,2021 - 2022,
,,2022 - 2023,
,Gumla,2017 - 2018,
,,2018 - 2019,
,,2019 - 2020,
,,2020 - 2021,
,,2021 - 2022,
,,2022 - 2023,
,Hazaribagh,2017 - 2018,
,,2018 - 2019,
,,2019 - 2020,
,,2020 - 2021,
,,2021 - 2022,
,,2022 - 2023,
,Jamtara,2019 - 2020,
,,2020 - 2021,
,,2021 - 2022,
,Khunti,2017 - 2018,
,,2018 - 2019,
,,2019 - 2020,
,,2020 - 2021,
,,2021 - 2022,
,,2022 - 2023,
,Koderma,2017 - 2018,
,,2018 - 2019,
,,2019 - 2020,
,,2020 - 2021,
,,2021 - 2022,
,,2022 - 2023,
,Latehar,2017 - 2018,
,,2018 - 2019,
,,2019 - 2020,
,,2020 - 2021,
,,2021 - 2022,
,,2022 - 2023,
,Lohardaga,2017 - 2018,
,,2018 - 2019,
,,2019 - 2020,
,,2020 - 2021,
,,2021 - 2022,
,,2022 - 2023,
,Pakur,2017 - 2018,
,,2018 - 2019,
,,2019 - 2020,
,,2020 - 2021,
,,2021 - 2022,
,,2022 - 2023,
,Palamu,2017 - 2018,
,,2018 - 2019,
,,2019 - 2020,
,,2020 - 2021,
,,2021 - 2022,
,,2022 - 2023,
,Ramgarh,2017 - 2018,
,,2018 - 2019,
,,2019 - 2020,
,,2020 - 2021,
,,2021 - 2022,
,,2022 - 2023,
,Ranchi,2017 - 2018,
,,2018 - 2019,
,,2019 - 2020,
,,2020 - 2021,
,,2021 - 2022,
,,2022 - 2023,
,Sahebganj,2017 - 2018,
,,2018 - 2019,
,,2019 - 2020,
,,2020 - 2021,
,,2021 - 2022,
,,2022 - 2023,
,Saraikela kharsawan,2017 - 2018,
,,2018 - 2019,
,,2019 - 2020,
,,2020 - 2021,
,,2021 - 2022,
,,2022 - 2023,
,Simdega,2017 - 2018,
,,2018 - 2019,
,,2019 - 2020,
,,2020 - 2021,
,,2021 - 2022,
,,2022 - 2023,
,West singhbhum,2017 - 2018,
,,2018 - 2019,
,,2019 - 2020,
,,2020 - 2021,
,,2021 - 2022,
,,2022 - 2023,
Karnataka,Bagalkot,2000 - 2001,
,,2001 - 2002,
,,2002 - 2003,
,,2003 - 2004,
,,2004 - 2005,
,,2005 - 2006,
,,2006 - 2007,
,,2007 - 2008,
,,2008 - 2009,
,,2009 - 2010,
,,2010 - 2011,
,,2011 - 2012,
,,2012 - 2013,
,,2013 - 2014,
,,2014 - 2015,
,,2015 - 2016,
,,2016 - 2017,
,,2017 - 2018,
,,2018 - 2019,
,,2019 - 2020,
,,2020 - 2021,
,,2021 - 2022,
,,2022 - 2023,
,Bangalore rural,2018 - 2019,
,,2019 - 2020,
,,2020 - 2021,
,,2021 - 2022,
,,2022 - 2023,
,Belgaum,2000 - 2001,
,,2001 - 2002,
,,2002 - 2003,
,,2003 - 2004,
,,2004 - 2005,
,,2005 - 2006,
,,2006 - 2007,
,,2007 - 2008,
,,2008 - 2009,
,,2009 - 2010,
,,2010 - 2011,
,,2011 - 2012,
,,2012 - 2013,
,,2013 - 2014,
,,2014 - 2015,
,,2015 - 2016,
,,2016 - 2017,
,,2017 - 2018,
,,2018 - 2019,
,,2019 - 2020,
,,2020 - 2021,
,,2021 - 2022,
,Bellary,2000 - 2001,
,,2001 - 2002,
,,2002 - 2003,
,,2003 - 2004,
,,2004 - 2005,
,,2005 - 2006,
,,2006 - 2007,
,,2007 - 2008,
,,2008 - 2009,
,,2009 - 2010,
,,2010 - 2011,
,,2015 - 2016,
,,2019 - 2020,
,,2020 - 2021,
,,2021 - 2022,
,,2022 - 2023,
,Bengaluru urban,2012 - 2013,
,,2013 - 2014,
,,2015 - 2016,
,,2019 - 2020,
,,2020 - 2021,
,,2021 - 2022,
,,2022 - 2023,
,Bidar,2000 - 2001,
,,2001 - 2002,
,,2002 - 2003,
,,2003 - 2004,
,,2004 - 2005,
,,2005 - 2006,
,,2006 - 2007,
,,2007 - 2008,
,,2008 - 2009,
,,2009 - 2010,
,,2010 - 2011,
,,2011 - 2012,
,,2012 - 2013,
,,2013 - 2014,
,,2014 - 2015,
,,2015 - 2016,
,,2016 - 2017,
,,2017 - 2018,
,,2018 - 2019,
,,2019 - 2020,
,,2020 - 2021,
,,2021 - 2022,
,,2022 - 2023,
,Bijapur,2000 - 2001,
,,2001 - 2002,
,,2002 - 2003,
,,2003 - 2004,
,,2004 - 2005,
,,2005 - 2006,
,,2006 - 2007,
,,2007 - 2008,
,,2008 - 2009,
,,2009 - 2010,
,,2010 - 2011,
,,2011 - 2012,
,,2012 - 2013,
,,2013 - 2014,
,,2014 - 2015,
,,2015 - 2016,
,,2016 - 2017,
,,2017 - 2018,
,,2018 - 2019,
,,2019 - 2020,
,,2020 - 2021,
,,2021 - 2022,
,,2022 - 2023,
,Chamarajanagar,2014 - 2015,
,,2019 - 2020,
,,2020 - 2021,
,,2021 - 2022,
,Chikballapur,2018 - 2019,
,,2019 - 2020,
,,2020 - 2021,
,,2021 - 2022,
,,2022 - 2023,
,Chikmagalur,2013 - 2014,
,,2014 - 2015,
,,2015 - 2016,
,,2016 - 2017,
,,2018 - 2019,
,,2022 - 2023,
,Chitradurga,2018 - 2019,
,,2019 - 2020,
,,2020 - 2021,
,,2021 - 2022,
,,2022 - 2023,
,Davangere,2001 - 2002,
,,2002 - 2003,
,,2003 - 2004,
,,2005 - 2006,
,,2022 - 2023,
,Dharwad,2000 - 2001,
,,2001 - 2002,
,,2002 - 2003,
,,2003 - 2004,
,,2004 - 2005,
,,2005 - 2006,
,,2006 - 2007,
,,2007 - 2008,
,,2008 - 2009,
,,2009 - 2010,
,,2010 - 2011,
,,2011 - 2012,
,,2012 - 2013,
,,2013 - 2014,
,,2014 - 2015,
,,2015 - 2016,
,,2018 - 2019,
,,2019 - 2020,
,,2020 - 2021,
,Gadag,2000 - 2001,
,,2001 - 2002,
,,2002 - 2003,
,,2003 - 2004,
,,2004 - 2005,
,,2005 - 2006,
,,2006 - 2007,
,,2007 - 2008,
,,2008 - 2009,
,,2009 - 2010,
,,2010 - 2011,
,,2011 - 2012,
,,2012 - 2013,
,,2013 - 2014,
,,2014 - 2015,
,,2015 - 2016,
,,2016 - 2017,
,,2017 - 2018,
,,2018 - 2019,
,,2019 - 2020,
,,2021 - 2022,
,,2022 - 2023,
,Gulbarga,2000 - 2001,
,,2001 - 2002,
,,2002 - 2003,
,,2003 - 2004,
,,2004 - 2005,
,,2005 - 2006,
,,2006 - 2007,
,,2007 - 2008,
,,2008 - 2009,
,,2009 - 2010,
,,2010 - 2011,
,,2011 - 2012,
,,2012 - 2013,
,,2013 - 2014,
,,2014 - 2015,
,,2015 - 2016,
,,2016 - 2017,
,,2017 - 2018,
,,2018 - 2019,
,,2020 - 2021,
,,2021 - 2022,
,,2022 - 2023,
,Hassan,2019 - 2020,
,,2021 - 2022,
,Haveri,2000 - 2001,
,,2001 - 2002,
,,2002 - 2003,
,,2003 - 2004,
,,2004 - 2005,
,,2005 - 2006,
,,2006 - 2007,
,,2007 - 2008,
,,2008 - 2009,
,,2009 - 2010,
,,2010 - 2011,
,,2011 - 2012,
,,2012 - 2013,
,,2013 - 2014,
,,2014 - 2015,
,,2015 - 2016,
,,2016 - 2017,
,,2017 - 2018,
,,2018 - 2019,
,,2019 - 2020,
,,2020 - 2021,
,,2021 - 2022,
,,2022 - 2023,
,Kolar,2020 - 2021,
,,2021 - 2022,
,,2022 - 2023,
,Koppal,2000 - 2001,
,,2001 - 2002,
,,2002 - 2003,
,,2003 - 2004,
,,2004 - 2005,
,,2005 - 2006,
,,2006 - 2007,
,,2007 - 2008,
,,2008 - 2009,
,,2009 - 2010,
,,2010 - 2011,
,,2011 - 2012,
,,2012 - 2013,
,,2013 - 2014,
,,2014 - 2015,
,,2015 - 2016,
,,2016 - 2017,
,,2017 - 2018,
,,2018 - 2019,
,,2019 - 2020,
,,2020 - 2021,
,,2022 - 2023,
,Mandya,2019 - 2020,
,,2020 - 2021,
,,2021 - 2022,
,,2022 - 2023,
,Mysore,2014 - 2015,
,,2015 - 2016,
,,2019 - 2020,
,,2021 - 2022,
,Raichur,2000 - 2001,
,,2001 - 2002,
,,2002 - 2003,
,,2003 - 2004,
,,2004 - 2005,
,,2005 - 2006,
,,2006 - 2007,
,,2007 - 2008,
,,2008 - 2009,
,,2009 - 2010,
,,2010 - 2011,
,,2011 - 2012,
,,2012 - 2013,
,,2013 - 2014,
,,2014 - 2015,
,,2019 - 2020,
,,2020 - 2021,
,,2021 - 2022,
,,2022 - 2023,
,Ramanagara,2020 - 2021,
,,2022 - 2023,
,Shimoga,2000 - 2001,
,,2001 - 2002,
,,2002 - 2003,
,,2003 - 2004,
,,2004 - 2005,
,,2005 - 2006,
,,2006 - 2007,
,,2007 - 2008,
,,2008 - 2009,
,,2009 - 2010,
,,2010 - 2011,
,,2011 - 2012,
,,2012 - 2013,
,,2013 - 2014,
,,2015 - 2016,
,,2019 - 2020,
,,2020 - 2021,
,Tumkur,2000 - 2001,
,,2004 - 2005,
,,2005 - 2006,
,,2012 - 2013,
,,2013 - 2014,
,,2014 - 2015,
,,2015 - 2016,
,,2016 - 2017,
,,2017 - 2018,
,,2018 - 2019,
,,2019 - 2020,
,,2020 - 2021,
,,2021 - 2022,
,,2022 - 2023,
,Uttar kannad,2000 - 2001,
,,2001 - 2002,
,,2002 - 2003,
,,2003 - 2004,
,,2004 - 2005,
,,2005 - 2006,
,,2006 - 2007,
,,2007 - 2008,
,,2008 - 2009,
,,2020 - 2021,
,Yadgir,2010 - 2011,
,,2011 - 2012,
,,2012 - 2013,
,,2013 - 2014,
,,2016 - 2017,
,,2022 - 2023,
Madhya Pradesh,Agar malwa,2013 - 2014,
,,2017 - 2018,
,,2018 - 2019,
,,2019 - 2020,
,,2020 - 2021,
,,2021 - 2022,
,,2022 - 2023,
,Alirajpur,2009 - 2010,
,,2010 - 2011,
,Anuppur,2003 - 2004,
,,2004 - 2005,
,,2005 - 2006,
,,2006 - 2007,
,,2007 - 2008,
,,2008 - 2009,
,,2009 - 2010,
,,2010 - 2011,
,,2011 - 2012,
,,2012 - 2013,
,,2013 - 2014,
,,2014 - 2015,
,,2015 - 2016,
,,2016 - 2017,
,,2017 - 2018,
,,2018 - 2019,
,,2019 - 2020,
,,2020 - 2021,
,,2021 - 2022,
,,2022 - 2023,
,Ashoknagar,2003 - 2004,
,,2004 - 2005,
,,2005 - 2006,
,,2006 - 2007,
,,2007 - 2008,
,,2008 - 2009,
,,2009 - 2010,
,,2010 - 2011,
,,2011 - 2012,
,,2012 - 2013,
,,2013 - 2014,
,,2017 - 2018,
,,2018 - 2019,
,,2019 - 2020,
,,2020 - 2021,
,,2021 - 2022,
,,2022 - 2023,
,Balaghat,2000 - 2001,
,,2001 - 2002,
,,2002 - 2003,
,,2003 - 2004,
,,2004 - 2005,
,,2005 - 2006,
,,2006 - 2007,
,,2007 - 2008,
,,2008 - 2009,
,,2009 - 2010,
,,2010 - 2011,
,,2011 - 2012,
,,2012 - 2013,
,,2013 - 2014,
,,2014 - 2015,
,,2015 - 2016,
,,2016 - 2017,
,,2017 - 2018,
,,2018 - 2019,
,,2019 - 2020,
,,2020 - 2021,
,,2021 - 2022,
,,2022 - 2023,
,Barwani,2000 - 2001,
,,2001 - 2002,
,,2002 - 2003,
,,2003 - 2004,
,,2004 - 2005,
,,2006 - 2007,
,,2007 - 2008,
,,2009 - 2010,
,,2010 - 2011,
,,2011 - 2012,
,,2017 - 2018,
,,2019 - 2020,
,,2020 - 2021,
,,2022 - 2023,
,Betul,2000 - 2001,
,,2001 - 2002,
,,2002 - 2003,
,,2003 - 2004,
,,2004 - 2005,
,,2005 - 2006,
,,2006 - 2007,
,,2007 - 2008,
,,2008 - 2009,
,,2009 - 2010,
,,2010 - 2011,
,,2011 - 2012,
,,2012 - 2013,
,,2013 - 2014,
,,2017 - 2018,
,,2018 - 2019,
,,2019 - 2020,
,,2020 - 2021,
,,2021 - 2022,
,,2022 - 2023,
,Bhind,2000 - 2001,
,,2001 - 2002,
,,2002 - 2003,
,,2003 - 2004,
,,2004 - 2005,
,,2005 - 2006,
,,2006 - 2007,
,,2007 - 2008,
,,2008 - 2009,
,,2009 - 2010,
,,2010 - 2011,
,,2011 - 2012,
,,2015 - 2016,
,,2017 - 2018,
,Bhopal,2000 - 2001,
,,2001 - 2002,
,,2002 - 2003,
,,2003 - 2004,
,,2004 - 2005,
,,2005 - 2006,
,,2006 - 2007,
,,2007 - 2008,
,,2008 - 2009,
,,2009 - 2010,
,,2010 - 2011,
,,2011 - 2012,
,,2012 - 2013,
,,2013 - 2014,
,,2017 - 2018,
,,2018 - 2019,
,,2019 - 2020,
,,2020 - 2021,
,,2021 - 2022,
,,2022 - 2023,
,Burhanpur,2005 - 2006,
,,2007 - 2008,
,,2008 - 2009,
,,2019 - 2020,
,,2020 - 2021,
,Chhatarpur,2000 - 2001,
,,2001 - 2002,
,,2002 - 2003,
,,2003 - 2004,
,,2004 - 2005,
,,2005 - 2006,
,,2006 - 2007,
,,2007 - 2008,
,,2008 - 2009,
,,2009 - 2010,
,,2010 - 2011,
,,2011 - 2012,
,,2012 - 2013,
,,2013 - 2014,
,,2014 - 2015,
,,2015 - 2016,
,,2016 - 2017,
,,2017 - 2018,
,,2018 - 2019,
,,2019 - 2020,
,,2020 - 2021,
,,2021 - 2022,
,,2022 - 2023,
,Chhindwara,2000 - 2001,
,,2001 - 2002,
,,2002 - 2003,
,,2003 - 2004,
,,2004 - 2005,
,,2005 - 2006,
,,2006 - 2007,
,,2007 - 2008,
,,2008 - 2009,
,,2009 - 2010,
,,2010 - 2011,
,,2011 - 2012,
,,2012 - 2013,
,,2013 - 2014,
,,2014 - 2015,
,,2015 - 2016,
,,2017 - 2018,
,,2018 - 2019,
,,2019 - 2020,
,,2020 - 2021,
,,2021 - 2022,
,,2022 - 2023,
,Damoh,2000 - 2001,
,,2001 - 2002,
,,2002 - 2003,
,,2003 - 2004,
,,2004 - 2005,
,,2005 - 2006,
,,2006 - 2007,
,,2007 - 2008,
,,2008 - 2009,
,,2009 - 2010,
,,2010 - 2011,
,,2011 - 2012,
,,2012 - 2013,
,,2013 - 2014,
,,2014 - 2015,
,,2015 - 2016,
,,2016 - 2017,
,,2017 - 2018,
,,2018 - 2019,
,,2019 - 2020,
,,2020 - 2021,
,,2021 - 2022,
,,2022 - 2023,
,Datia,2000 - 2001,
,,2001 - 2002,
,,2002 - 2003,
,,2003 - 2004,
,,2004 - 2005,
,,2005 - 2006,
,,2006 - 2007,
,,2007 - 2008,
,,2008 - 2009,
,,2009 - 2010,
,,2010 - 2011,
,,2011 - 2012,
,,2012 - 2013,
,,2022 - 2023,
,Dewas,2000 - 2001,
,,2001 - 2002,
,,2002 - 2003,
,,2003 - 2004,
,,2004 - 2005,
,,2005 - 2006,
,,2006 - 2007,
,,2007 - 2008,
,,2008 - 2009,
,,2009 - 2010,
,,2010 - 2011,
,,2011 - 2012,
,,2012 - 2013,
,,2013 - 2014,
,,2015 - 2016,
,,2017 - 2018,
,,2018 - 2019,
,,2019 - 2020,
,,2020 - 2021,
,,2021 - 2022,
,,2022 - 2023,
,Dhar,2000 - 2001,
,,2001 - 2002,
,,2002 - 2003,
,,2003 - 2004,
,,2004 - 2005,
,,2005 - 2006,
,,2006 - 2007,
,,2007 - 2008,
,,2008 - 2009,
,,2009 - 2010,
,,2010 - 2011,
,,2011 - 2012,
,,2012 - 2013,
,,2013 - 2014,
,,2018 - 2019,
,,2019 - 2020,
,,2020 - 2021,
,,2021 - 2022,
,,2022 - 2023,
,Dindori,2000 - 2001,
,,2001 - 2002,
,,2002 - 2003,
,,2003 - 2004,
,,2004 - 2005,
,,2005 - 2006,
,,2006 - 2007,
,,2007 - 2008,
,,2008 - 2009,
,,2009 - 2010,
,,2010 - 2011,
,,2011 - 2012,
,,2012 - 2013,
,,2013 - 2014,
,,2014 - 2015,
,,2015 - 2016,
,,2016 - 2017,
,,2017 - 2018,
,,2018 - 2019,
,,2019 - 2020,
,,2020 - 2021,
,,2021 - 2022,
,Guna,2000 - 2001,
,,2001 - 2002,
,,2002 - 2003,
,,2003 - 2004,
,,2004 - 2005,
,,2005 - 2006,
,,2006 - 2007,
,,2007 - 2008,
,,2008 - 2009,
,,2009 - 2010,
,,2010 - 2011,
,,2012 - 2013,
,,2018 - 2019,
,,2019 - 2020,
,,2020 - 2021,
,,2021 - 2022,
,,2022 - 2023,
,Gwalior,2000 - 2001,
,,2001 - 2002,
,,2002 - 2003,
,,2003 - 2004,
,,2004 - 2005,
,,2005 - 2006,
,,2006 - 2007,
,,2007 - 2008,
,,2008 - 2009,
,,2009 - 2010,
,,2010 - 2011,
,,2011 - 2012,
,,2012 - 2013,
,,2013 - 2014,
,,2017 - 2018,
,,2019 - 2020,
,,2020 - 2021,
,Harda,2000 - 2001,
,,2001 - 2002,
,,2002 - 2003,
,,2003 - 2004,
,,2004 - 2005,
,,2005 - 2006,
,,2006 - 2007,
,,2007 - 2008,
,,2008 - 2009,
,,2009 - 2010,
,,2010 - 2011,
,,2011 - 2012,
,,2012 - 2013,
,,2013 - 2014,
,,2018 - 2019,
,,2019 - 2020,
,,2020 - 2021,
,,2022 - 2023,
,Hoshangabad,2000 - 2001,
,,2001 - 2002,
,,2002 - 2003,
,,2003 - 2004,
,,2004 - 2005,
,,2005 - 2006,
,,2006 - 2007,
,,2007 - 2008,
,,2008 - 2009,
,,2009 - 2010,
,,2010 - 2011,
,,2018 - 2019,
,,2019 - 2020,
,,2020 - 2021,
,,2021 - 2022,
,,2022 - 2023,
,Indore,2000 - 2001,
,,2001 - 2002,
,,2002 - 2003,
,,2003 - 2004,
,,2004 - 2005,
,,2005 - 2006,
,,2006 - 2007,
,,2007 - 2008,
,,2008 - 2009,
,,2009 - 2010,
,,2010 - 2011,
,,2011 - 2012,
,,2012 - 2013,
,,2013 - 2014,
,,2017 - 2018,
,,2018 - 2019,
,,2019 - 2020,
,,2020 - 2021,
,,2021 - 2022,
,,2022 - 2023,
,Jabalpur,2000 - 2001,
,,2001 - 2002,
,,2002 - 2003,
,,2003 - 2004,
,,2004 - 2005,
,,2005 - 2006,
,,2006 - 2007,
,,2007 - 2008,
,,2008 - 2009,
,,2009 - 2010,
,,2010 - 2011,
,,2011 - 2012,
,,2012 - 2013,
,,2013 - 2014,
,,2014 - 2015,
,,2015 - 2016,
,,2017 - 2018,
,,2018 - 2019,
,,2019 - 2020,
,,2020 - 2021,
,,2021 - 2022,
,,2022 - 2023,
,Jhabua,2002 - 2003,
,,2003 - 2004,
,,2004 - 2005,
,,2007 - 2008,
,,2017 - 2018,
,,2019 - 2020,
,,2020 - 2021,
,,2022 - 2023,
,Katni,2000 - 2001,
,,2001 - 2002,
,,2002 - 2003,
,,2003 - 2004,
,,2004 - 2005,
,,2005 - 2006,
,,2006 - 2007,
,,2007 - 2008,
,,2008 - 2009,
,,2009 - 2010,
,,2010 - 2011,
,,2011 - 2012,
,,2012 - 2013,
,,2013 - 2014,
,,2014 - 2015,
,,2015 - 2016,
,,2016 - 2017,
,,2017 - 2018,
,,2018 - 2019,
,,2019 - 2020,
,,2020 - 2021,
,,2021 - 2022,
,,2022 - 2023,
,Khandwa,2000 - 2001,
,,2001 - 2002,
,,2002 - 2003,
,,2003 - 2004,
,,2004 - 2005,
,,2005 - 2006,
,,2006 - 2007,
,,2007 - 2008,
,,2008 - 2009,
,,2009 - 2010,
,,2010 - 2011,
,,2011 - 2012,
,,2012 - 2013,
,,2013 - 2014,
,,2014 - 2015,
,,2018 - 2019,
,,2019 - 2020,
,,2020 - 2021,
,,2022 - 2023,
,Khargone,2000 - 2001,
,,2001 - 2002,
,,2002 - 2003,
,,2003 - 2004,
,,2004 - 2005,
,,2005 - 2006,
,,2006 - 2007,
,,2007 - 2008,
,,2008 - 2009,
,,2009 - 2010,
,,2010 - 2011,
,,2011 - 2012,
,,2012 - 2013,
,,2013 - 2014,
,,2017 - 2018,
,,2018 - 2019,
,,2019 - 2020,
,,2020 - 2021,
,,2021 - 2022,
,Mandla,2000 - 2001,
,,2001 - 2002,
,,2002 - 2003,
,,2003 - 2004,
,,2004 - 2005,
,,2005 - 2006,
,,2006 - 2007,
,,2007 - 2008,
,,2008 - 2009,
,,2009 - 2010,
,,2010 - 2011,
,,2011 - 2012,
,,2012 - 2013,
,,2013 - 2014,
,,2014 - 2015,
,,2015 - 2016,
,,2016 - 2017,
,,2017 - 2018,
,,2018 - 2019,
,,2019 - 2020,
,,2020 - 2021,
,,2021 - 2022,
,,2022 - 2023,
,Mandsaur,2000 - 2001,
,,2001 - 2002,
,,2002 - 2003,
,,2003 - 2004,
,,2004 - 2005,
,,2005 - 2006,
,,2006 - 2007,
,,2007 - 2008,
,,2008 - 2009,
,,2009 - 2010,
,,2010 - 2011,
,,2011 - 2012,
,,2012 - 2013,
,,2013 - 2014,
,,2014 - 2015,
,,2015 - 2016,
,,2016 - 2017,
,,2017 - 2018,
,,2018 - 2019,
,,2019 - 2020,
,,2020 - 2021,
,,2021 - 2022,
,,2022 - 2023,
,Morena,2000 - 2001,
,,2001 - 2002,
,,2002 - 2003,
,,2003 - 2004,
,,2004 - 2005,
,,2005 - 2006,
,,2006 - 2007,
,,2007 - 2008,
,,2008 - 2009,
,,2011 - 2012,
,,2012 - 2013,
,,2013 - 2014,
,,2015 - 2016,
,,2017 - 2018,
,,2019 - 2020,
,,2020 - 2021,
,,2022 - 2023,
,Narsinghpur,2000 - 2001,
,,2001 - 2002,
,,2002 - 2003,
,,2003 - 2004,
,,2004 - 2005,
,,2005 - 2006,
,,2006 - 2007,
,,2007 - 2008,
,,2008 - 2009,
,,2009 - 2010,
,,2011 - 2012,
,,2013 - 2014,
,,2017 - 2018,
,,2018 - 2019,
,,2019 - 2020,
,,2020 - 2021,
,,2021 - 2022,
,,2022 - 2023,
,Neemuch,2000 - 2001,
,,2001 - 2002,
,,2002 - 2003,
,,2003 - 2004,
,,2004 - 2005,
,,2005 - 2006,
,,2006 - 2007,
,,2007 - 2008,
,,2008 - 2009,
,,2009 - 2010,
,,2010 - 2011,
,,2011 - 2012,
,,2012 - 2013,
,,2013 - 2014,
,,2017 - 2018,
,,2018 - 2019,
,,2019 - 2020,
,,2020 - 2021,
,,2021 - 2022,
,,2022 - 2023,
,Niwari,2019 - 2020,
,Panna,2000 - 2001,
,,2001 - 2002,
,,2002 - 2003,
,,2003 - 2004,
,,2004 - 2005,
,,2005 - 2006,
,,2006 - 2007,
,,2007 - 2008,
,,2008 - 2009,
,,2009 - 2010,
,,2010 - 2011,
,,2011 - 2012,
,,2012 - 2013,
,,2013 - 2014,
,,2014 - 2015,
,,2015 - 2016,
,,2017 - 2018,
,,2018 - 2019,
,,2019 - 2020,
,,2020 - 2021,
,,2021 - 2022,
,,2022 - 2023,
,Raisen,2000 - 2001,
,,2001 - 2002,
,,2002 - 2003,
,,2003 - 2004,
,,2004 - 2005,
,,2005 - 2006,
,,2006 - 2007,
,,2007 - 2008,
,,2008 - 2009,
,,2009 - 2010,
,,2010 - 2011,
,,2011 - 2012,
,,2012 - 2013,
,,2013 - 2014,
,,2014 - 2015,
,,2015 - 2016,
,,2018 - 2019,
,,2019 - 2020,
,,2020 - 2021,
,,2021 - 2022,
,,2022 - 2023,
,Rajgarh,2000 - 2001,
,,2001 - 2002,
,,2002 - 2003,
,,2003 - 2004,
,,2004 - 2005,
,,2005 - 2006,
,,2006 - 2007,
,,2007 - 2008,
,,2008 - 2009,
,,2009 - 2010,
,,2010 - 2011,
,,2011 - 2012,
,,2017 - 2018,
,,2018 - 2019,
,,2019 - 2020,
,,2020 - 2021,
,,2021 - 2022,
,,2022 - 2023,
,Ratlam,2000 - 2001,
,,2001 - 2002,
,,2002 - 2003,
,,2003 - 2004,
,,2004 - 2005,
,,2005 - 2006,
,,2006 - 2007,
,,2007 - 2008,
,,2008 - 2009,
,,2009 - 2010,
,,2010 - 2011,
,,2011 - 2012,
,,2012 - 2013,
,,2013 - 2014,
,,2014 - 2015,
,,2015 - 2016,
,,2016 - 2017,
,,2017 - 2018,
,,2018 - 2019,
,,2019 - 2020,
,,2020 - 2021,
,,2021 - 2022,
,,2022 - 2023,
,Rewa,2000 - 2001,
,,2001 - 2002,
,,2002 - 2003,
,,2003 - 2004,
,,2004 - 2005,
,,2005 - 2006,
,,2006 - 2007,
,,2007 - 2008,
,,2008 - 2009,
,,2009 - 2010,
,,2010 - 2011,
,,2011 - 2012,
,,2012 - 2013,
,,2013 - 2014,
,,2014 - 2015,
,,2015 - 2016,
,,2016 - 2017,
,,2017 - 2018,
,,2018 - 2019,
,,2019 - 2020,
,,2020 - 2021,
,,2021 - 2022,
,,2022 - 2023,
,Sagar,2000 - 2001,
,,2001 - 2002,
,,2002 - 2003,
,,2003 - 2004,
,,2004 - 2005,
,,2005 - 2006,
,,2006 - 2007,
,,2007 - 2008,
,,2008 - 2009,
,,2009 - 2010,
,,2010 - 2011,
,,2011 - 2012,
,,2012 - 2013,
,,2013 - 2014,
,,2014 - 2015,
,,2015 - 2016,
,,2016 - 2017,
,,2017 - 2018,
,,2018 - 2019,
,,2019 - 2020,
,,2020 - 2021,
,,2021 - 2022,
,,2022 - 2023,
,Satna,2000 - 2001,
,,2001 - 2002,
,,2002 - 2003,
,,2003 - 2004,
,,2004 - 2005,
,,2005 - 2006,
,,2006 - 2007,
,,2007 - 2008,
,,2008 - 2009,
,,2009 - 2010,
,,2010 - 2011,
,,2011 - 2012,
,,2012 - 2013,
,,2013 - 2014,
,,2014 - 2015,
,,2015 - 2016,
,,2016 - 2017,
,,2017 - 2018,
,,2018 - 2019,
,,2019 - 2020,
,,2020 - 2021,
,,2021 - 2022,
,,2022 - 2023,
,Sehore,2000 - 2001,
,,2001 - 2002,
,,2002 - 2003,
,,2003 - 2004,
,,2004 - 2005,
,,2005 - 2006,
,,2006 - 2007,
,,2007 - 2008,
,,2008 - 2009,
,,2009 - 2010,
,,2010 - 2011,
,,2011 - 2012,
,,2012 - 2013,
,,2013 - 2014,
,,2017 - 2018,
,,2018 - 2019,
,,2019 - 2020,
,,2020 - 2021,
,,2021 - 2022,
,,2022 - 2023,
,Seoni,2000 - 2001,
,,2001 - 2002,
,,2002 - 2003,
,,2003 - 2004,
,,2004 - 2005,
,,2005 - 2006,
,,2006 - 2007,
,,2007 - 2008,
,,2008 - 2009,
,,2009 - 2010,
,,2010 - 2011,
,,2011 - 2012,
,,2012 - 2013,
,,2013 - 2014,
,,2014 - 2015,
,,2015 - 2016,
,,2016 - 2017,
,,2017 - 2018,
,,2018 - 2019,
,,2019 - 2020,
,,2020 - 2021,
,,2021 - 2022,
,,2022 - 2023,
,Shahdol,2000 - 2001,
,,2001 - 2002,
,,2002 - 2003,
,,2003 - 2004,
,,2004 - 2005,
,,2005 - 2006,
,,2006 - 2007,
,,2007 - 2008,
,,2008 - 2009,
,,2009 - 2010,
,,2010 - 2011,
,,2011 - 2012,
,,2012 - 2013,
,,2013 - 2014,
,,2014 - 2015,
,,2015 - 2016,
,,2016 - 2017,
,,2017 - 2018,
,,2018 - 2019,
,,2019 - 2020,
,,2020 - 2021,
,,2021 - 2022,
,,2022 - 2023,
,Shajapur,2000 - 2001,
,,2001 - 2002,
,,2002 - 2003,
,,2003 - 2004,
,,2004 - 2005,
,,2005 - 2006,
,,2006 - 2007,
,,2007 - 2008,
,,2008 - 2009,
,,2009 - 2010,
,,2010 - 2011,
,,2011 - 2012,
,,2012 - 2013,
,,2013 - 2014,
,,2017 - 2018,
,,2018 - 2019,
,,2019 - 2020,
,,2020 - 2021,
,,2021 - 2022,
,,2022 - 2023,
,Sheopur,2000 - 2001,
,,2001 - 2002,
,,2002 - 2003,
,,2003 - 2004,
,,2004 - 2005,
,,2005 - 2006,
,,2006 - 2007,
,,2007 - 2008,
,,2008 - 2009,
,,2009 - 2010,
,,2010 - 2011,
,,2011 - 2012,
,,2012 - 2013,
,,2013 - 2014,
,,2017 - 2018,
,,2018 - 2019,
,,2019 - 2020,
,,2021 - 2022,
,,2022 - 2023,
,Shivpuri,2000 - 2001,
,,2001 - 2002,
,,2002 - 2003,
,,2003 - 2004,
,,2004 - 2005,
,,2005 - 2006,
,,2006 - 2007,
,,2007 - 2008,
,,2008 - 2009,
,,2009 - 2010,
,,2010 - 2011,
,,2011 - 2012,
,,2012 - 2013,
,,2013 - 2014,
,,2018 - 2019,
,,2019 - 2020,
,,2020 - 2021,
,,2021 - 2022,
,,2022 - 2023,
,Sidhi,2000 - 2001,
,,2001 - 2002,
,,2002 - 2003,
,,2003 - 2004,
,,2004 - 2005,
,,2005 - 2006,
,,2006 - 2007,
,,2007 - 2008,
,,2008 - 2009,
,,2009 - 2010,
,,2010 - 2011,
,,2011 - 2012,
,,2012 - 2013,
,,2013 - 2014,
,,2014 - 2015,
,,2015 - 2016,
,,2016 - 2017,
,,2017 - 2018,
,,2018 - 2019,
,,2019 - 2020,
,,2020 - 2021,
,,2021 - 2022,
,,2022 - 2023,
,Singrauli,2008 - 2009,
,,2009 - 2010,
,,2010 - 2011,
,,2011 - 2012,
,,2012 - 2013,
,,2013 - 2014,
,,2014 - 2015,
,,2015 - 2016,
,,2016 - 2017,
,,2017 - 2018,
,,2018 - 2019,
,,2019 - 2020,
,,2020 - 2021,
,,2021 - 2022,
,,2022 - 2023,
,Tikamgarh,2000 - 2001,
,,2001 - 2002,
,,2002 - 2003,
,,2003 - 2004,
,,2004 - 2005,
,,2005 - 2006,
,,2006 - 2007,
,,2007 - 2008,
,,2008 - 2009,
,,2009 - 2010,
,,2010 - 2011,
,,2011 - 2012,
,,2012 - 2013,
,,2013 - 2014,
,,2017 - 2018,
,,2018 - 2019,
,,2019 - 2020,
,,2020 - 2021,
,,2021 - 2022,
,,2022 - 2023,
,Ujjain,2000 - 2001,
,,2001 - 2002,
,,2002 - 2003,
,,2003 - 2004,
,,2004 - 2005,
,,2005 - 2006,
,,2006 - 2007,
,,2007 - 2008,
,,2008 - 2009,
,,2009 - 2010,
,,2010 - 2011,
,,2011 - 2012,
,,2012 - 2013,
,,2013 - 2014,
,,2017 - 2018,
,,2018 - 2019,
,,2019 - 2020,
,,2020 - 2021,
,,2021 - 2022,
,,2022 - 2023,
,Umaria,2000 - 2001,
,,2001 - 2002,
,,2002 - 2003,
,,2003 - 2004,
,,2004 - 2005,
,,2005 - 2006,
,,2006 - 2007,
,,2007 - 2008,
,,2008 - 2009,
,,2009 - 2010,
,,2010 - 2011,
,,2011 - 2012,
,,2012 - 2013,
,,2013 - 2014,
,,2014 - 2015,
,,2015 - 2016,
,,2016 - 2017,
,,2017 - 2018,
,,2018 - 2019,
,,2019 - 2020,
,,2020 - 2021,
,,2021 - 2022,
,,2022 - 2023,
,Vidisha,2000 - 2001,
,,2001 - 2002,
,,2002 - 2003,
,,2003 - 2004,
,,2004 - 2005,
,,2005 - 2006,
,,2006 - 2007,
,,2007 - 2008,
,,2008 - 2009,
,,2009 - 2010,
,,2010 - 2011,
,,2011 - 2012,
,,2012 - 2013,
,,2013 - 2014,
,,2017 - 2018,
,,2018 - 2019,
,,2019 - 2020,
,,2020 - 2021,
,,2021 - 2022,
,,2022 - 2023,
Maharashtra,Ahilyanagar,2000 - 2001,
,,2001 - 2002,
,,2002 - 2003,
,,2003 - 2004,
,,2004 - 2005,
,,2005 - 2006,
,,2006 - 2007,
,,2007 - 2008,
,,2008 - 2009,
,,2009 - 2010,
,,2010 - 2011,
,,2011 - 2012,
,,2012 - 2013,
,,2013 - 2014,
,,2014 - 2015,
,,2017 - 2018,
,,2019 - 2020,
,,2020 - 2021,
,,2021 - 2022,
,,2022 - 2023,
,Amravati,2005 - 2006,
,Beed,2000 - 2001,
,,2001 - 2002,
,,2002 - 2003,
,,2003 - 2004,
,,2004 - 2005,
,,2005 - 2006,
,,2006 - 2007,
,,2007 - 2008,
,,2008 - 2009,
,,2009 - 2010,
,,2010 - 2011,
,,2011 - 2012,
,,2012 - 2013,
,,2013 - 2014,
,,2014 - 2015,
,,2015 - 2016,
,,2016 - 2017,
,,2017 - 2018,
,,2018 - 2019,
,,2019 - 2020,
,,2020 - 2021,
,,2021 - 2022,
,,2022 - 2023,
,Bhandara,2000 - 2001,
,,2001 - 2002,
,,2002 - 2003,
,,2003 - 2004,
,,2004 - 2005,
,,2005 - 2006,
,,2006 - 2007,
,,2007 - 2008,
,,2008 - 2009,
,,2009 - 2010,
,,2010 - 2011,
,,2011 - 2012,
,,2012 - 2013,
,,2013 - 2014,
,,2014 - 2015,
,,2015 - 2016,
,,2016 - 2017,
,,2017 - 2018,
,,2018 - 2019,
,,2019 - 2020,
,,2020 - 2021,
,,2021 - 2022,
,,2022 - 2023,
,Buldhana,2015 - 2016,
,Chandrapur,2000 - 2001,
,,2001 - 2002,
,,2002 - 2003,
,,2003 - 2004,
,,2004 - 2005,
,,2005 - 2006,
,,2006 - 2007,
,,2007 - 2008,
,,2008 - 2009,
,,2009 - 2010,
,,2010 - 2011,
,,2011 - 2012,
,,2012 - 2013,
,,2014 - 2015,
,,2015 - 2016,
,,2016 - 2017,
,,2017 - 2018,
,,2018 - 2019,
,,2019 - 2020,
,,2020 - 2021,
,,2021 - 2022,
,,2022 - 2023,
,Chhatrapati Sambhajinagar,2000 - 2001,
,,2001 - 2002,
,,2002 - 2003,
,,2003 - 2004,
,,2004 - 2005,
,,2005 - 2006,
,,2006 - 2007,
,,2007 - 2008,
,,2008 - 2009,
,,2009 - 2010,
,,2010 - 2011,
,,2011 - 2012,
,,2016 - 2017,
,,2018 - 2019,
,,2022 - 2023,
,Dharashiv,2000 - 2001,
,,2001 - 2002,
,,2002 - 2003,
,,2003 - 2004,
,,2004 - 2005,
,,2005 - 2006,
,,2006 - 2007,
,,2007 - 2008,
,,2008 - 2009,
,,2009 - 2010,
,,2010 - 2011,
,,2011 - 2012,
,,2012 - 2013,
,,2013 - 2014,
,,2014 - 2015,
,,2015 - 2016,
,,2016 - 2017,
,,2017 - 2018,
,,2018 - 2019,
,,2019 - 2020,
,,2020 - 2021,
,,2021 - 2022,
,,2022 - 2023,
,Dhule,2015 - 2016,
,Gadchiroli,2000 - 2001,
,,2001 - 2002,
,,2002 - 2003,
,,2003 - 2004,
,,2004 - 2005,
,,2005 - 2006,
,,2006 - 2007,
,,2007 - 2008,
,,2008 - 2009,
,,2009 - 2010,
,,2010 - 2011,
,,2011 - 2012,
,,2012 - 2013,
,,2014 - 2015,
,,2015 - 2016,
,,2016 - 2017,
,,2017 - 2018,
,,2018 - 2019,
,,2019 - 2020,
,,2020 - 2021,
,,2021 - 2022,
,,2022 - 2023,
,Gondia,2000 - 2001,
,,2001 - 2002,
,,2002 - 2003,
,,2003 - 2004,
,,2004 - 2005,
,,2005 - 2006,
,,2006 - 2007,
,,2007 - 2008,
,,2008 - 2009,
,,2009 - 2010,
,,2010 - 2011,
,,2011 - 2012,
,,2012 - 2013,
,,2014 - 2015,
,,2015 - 2016,
,,2016 - 2017,
,,2017 - 2018,
,,2018 - 2019,
,,2019 - 2020,
,,2020 - 2021,
,,2021 - 2022,
,,2022 - 2023,
,Hingoli,2000 - 2001,
,,2001 - 2002,
,,2002 - 2003,
,,2003 - 2004,
,,2004 - 2005,
,,2005 - 2006,
,,2006 - 2007,
,,2007 - 2008,
,,2008 - 2009,
,,2009 - 2010,
,,2010 - 2011,
,,2011 - 2012,
,Jalgaon,2016 - 2017,
,Jalna,2000 - 2001,
,,2001 - 2002,
,,2002 - 2003,
,,2003 - 2004,
,,2004 - 2005,
,,2005 - 2006,
,,2006 - 2007,
,,2007 - 2008,
,,2008 - 2009,
,,2009 - 2010,
,,2010 - 2011,
,,2011 - 2012,
,,2016 - 2017,
,,2019 - 2020,
,,2020 - 2021,
,Latur,2000 - 2001,
,,2001 - 2002,
,,2002 - 2003,
,,2003 - 2004,
,,2004 - 2005,
,,2005 - 2006,
,,2006 - 2007,
,,2007 - 2008,
,,2008 - 2009,
,,2009 - 2010,
,,2010 - 2011,
,,2011 - 2012,
,,2012 - 2013,
,,2013 - 2014,
,,2014 - 2015,
,,2015 - 2016,
,,2016 - 2017,
,,2017 - 2018,
,,2018 - 2019,
,,2019 - 2020,
,,2020 - 2021,
,,2021 - 2022,
,,2022 - 2023,
,Mumbai suburban,2019 - 2020,
,Nagpur,2000 - 2001,
,,2001 - 2002,
,,2002 - 2003,
,,2003 - 2004,
,,2004 - 2005,
,,2005 - 2006,
,,2006 - 2007,
,,2007 - 2008,
,,2008 - 2009,
,,2009 - 2010,
,,2010 - 2011,
,,2011 - 2012,
,,2012 - 2013,
,,2013 - 2014,
,,2014 - 2015,
,,2015 - 2016,
,,2017 - 2018,
,,2018 - 2019,
,,2020 - 2021,
,,2021 - 2022,
,,2022 - 2023,
,Nanded,2000 - 2001,
,,2001 - 2002,
,,2002 - 2003,
,,2003 - 2004,
,,2004 - 2005,
,,2005 - 2006,
,,2006 - 2007,
,,2007 - 2008,
,,2008 - 2009,
,,2009 - 2010,
,,2015 - 2016,
,,2016 - 2017,
,,2017 - 2018,
,,2018 - 2019,
,,2019 - 2020,
,Nashik,2015 - 2016,
,,2016 - 2017,
,Parbhani,2000 - 2001,
,,2001 - 2002,
,,2002 - 2003,
,,2003 - 2004,
,,2004 - 2005,
,,2005 - 2006,
,,2006 - 2007,
,,2007 - 2008,
,,2008 - 2009,
,,2009 - 2010,
,,2010 - 2011,
,,2011 - 2012,
,,2012 - 2013,
,,2013 - 2014,
,,2015 - 2016,
,,2016 - 2017,
,,2017 - 2018,
,,2018 - 2019,
,,2019 - 2020,
,,2020 - 2021,
,,2021 - 2022,
,,2022 - 2023,
,Pune,2000 - 2001,
,,2001 - 2002,
,,2002 - 2003,
,,2003 - 2004,
,,2004 - 2005,
,,2005 - 2006,
,,2006 - 2007,
,,2007 - 2008,
,,2019 - 2020,
,Sangli,2016 - 2017,
,,2019 - 2020,
,,2020 - 2021,
,Satara,2000 - 2001,
,,2004 - 2005,
,,2005 - 2006,
,,2006 - 2007,
,,2007 - 2008,
,,2009 - 2010,
,,2010 - 2011,
,,2011 - 2012,
,Solapur,2000 - 2001,
,,2001 - 2002,
,,2002 - 2003,
,,2003 - 2004,
,,2004 - 2005,
,,2005 - 2006,
,,2006 - 2007,
,,2007 - 2008,
,,2008 - 2009,
,,2009 - 2010,
,,2010 - 2011,
,,2011 - 2012,
,,2012 - 2013,
,,2013 - 2014,
,,2014 - 2015,
,,2015 - 2016,
,,2016 - 2017,
,,2017 - 2018,
,,2019 - 2020,
,,2020 - 2021,
,,2021 - 2022,
,,2022 - 2023,
,Wardha,2000 - 2001,
,,2001 - 2002,
,,2002 - 2003,
,,2003 - 2004,
,,2004 - 2005,
,,2005 - 2006,
,,2006 - 2007,
,,2007 - 2008,
,,2009 - 2010,
,,2010 - 2011,
,,2021 - 2022,
,,2022 - 2023,
,Washim,2022 - 2023,
,Yavatmal,2000 - 2001,
,,2001 - 2002,
,,2002 - 2003,
,,2003 - 2004,
,,2004 - 2005,
,,2005 - 2006,
,,2020 - 2021,
,,2021 - 2022,
Meghalaya,South west garo hills,2013 - 2014,
,,2014 - 2015,
,,2015 - 2016,
,,2016 - 2017,
,,2017 - 2018,
,,2018 - 2019,
,,2019 - 2020,
,,2020 - 2021,
,,2022 - 2023,
,West garo hills,2000 - 2001,
,,2004 - 2005,
,,2005 - 2006,
,,2006 - 2007,
,,2007 - 2008,
,,2008 - 2009,
,,2009 - 2010,
,,2010 - 2011,
,,2011 - 2012,
,,2012 - 2013,
,,2013 - 2014,
,,2014 - 2015,
,,2015 - 2016,
,,2016 - 2017,
,,2017 - 2018,
,,2018 - 2019,
,,2019 - 2020,
,,2020 - 2021,
,,2022 - 2023,
Nagaland,Chumoukedima,2022 - 2023,
,Dimapur,2000 - 2001,
,,2001 - 2002,
,,2002 - 2003,
,,2003 - 2004,
,,2004 - 2005,
,,2005 - 2006,
,,2006 - 2007,
,,2007 - 2008,
,,2008 - 2009,
,,2009 - 2010,
,,2010 - 2011,
,,2011 - 2012,
,,2012 - 2013,
,,2014 - 2015,
,,2015 - 2016,
,,2016 - 2017,
,,2017 - 2018,
,,2018 - 2019,
,,2019 - 2020,
,,2020 - 2021,
,,2021 - 2022,
,,2022 - 2023,
,Kiphire,2008 - 2009,
,,2009 - 2010,
,,2010 - 2011,
,,2011 - 2012,
,,2012 - 2013,
,,2014 - 2015,
,,2015 - 2016,
,,2016 - 2017,
,,2017 - 2018,
,,2018 - 2019,
,,2019 - 2020,
,,2020 - 2021,
,,2022 - 2023,
,Kohima,2000 - 2001,
,,2001 - 2002,
,,2002 - 2003,
,,2003 - 2004,
,,2004 - 2005,
,,2005 - 2006,
,,2006 - 2007,
,,2007 - 2008,
,,2008 - 2009,
,,2009 - 2010,
,,2010 - 2011,
,,2011 - 2012,
,,2012 - 2013,
,,2014 - 2015,
,,2015 - 2016,
,,2016 - 2017,
,,2017 - 2018,
,,2018 - 2019,
,,2019 - 2020,
,,2020 - 2021,
,,2022 - 2023,
,Longleng,2008 - 2009,
,,2009 - 2010,
,,2010 - 2011,
,,2011 - 2012,
,,2012 - 2013,
,,2014 - 2015,
,,2015 - 2016,
,,2016 - 2017,
,,2017 - 2018,
,,2018 - 2019,
,,2019 - 2020,
,,2020 - 2021,
,,2022 - 2023,
,Mokokchung,2000 - 2001,
,,2001 - 2002,
,,2002 - 2003,
,,2003 - 2004,
,,2004 - 2005,
,,2005 - 2006,
,,2006 - 2007,
,,2007 - 2008,
,,2008 - 2009,
,,2009 - 2010,
,,2010 - 2011,
,,2011 - 2012,
,,2012 - 2013,
,,2014 - 2015,
,,2015 - 2016,
,,2016 - 2017,
,,2017 - 2018,
,,2018 - 2019,
,,2019 - 2020,
,,2020 - 2021,
,,2021 - 2022,
,,2022 - 2023,
,Mon,2000 - 2001,
,,2001 - 2002,
,,2002 - 2003,
,,2003 - 2004,
,,2004 - 2005,
,,2005 - 2006,
,,2006 - 2007,
,,2007 - 2008,
,,2008 - 2009,
,,2009 - 2010,
,,2010 - 2011,
,,2011 - 2012,
,,2012 - 2013,
,,2014 - 2015,
,,2015 - 2016,
,,2016 - 2017,
,,2017 - 2018,
,,2018 - 2019,
,,2019 - 2020,
,,2020 - 2021,
,,2021 - 2022,
,,2022 - 2023,
,Noklak,2022 - 2023,
,Nuiland,2022 - 2023,
,Peren,2008 - 2009,
,,2009 - 2010,
,,2010 - 2011,
,,2011 - 2012,
,,2012 - 2013,
,,2014 - 2015,
,,2015 - 2016,
,,2016 - 2017,
,,2017 - 2018,
,,2018 - 2019,
,,2019 - 2020,
,,2020 - 2021,
,,2021 - 2022,
,,2022 - 2023,
,Phek,2000 - 2001,
,,2001 - 2002,
,,2002 - 2003,
,,2003 - 2004,
,,2004 - 2005,
,,2005 - 2006,
,,2006 - 2007,
,,2007 - 2008,
,,2008 - 2009,
,,2009 - 2010,
,,2010 - 2011,
,,2011 - 2012,
,,2012 - 2013,
,,2014 - 2015,
,,2015 - 2016,
,,2016 - 2017,
,,2017 - 2018,
,,2018 - 2019,
,,2019 - 2020,
,,2020 - 2021,
,,2022 - 2023,
,Shamator,2022 - 2023,
,Tseminyu,2022 - 2023,
,Tuensang,2000 - 2001,
,,2001 - 2002,
,,2002 - 2003,
,,2003 - 2004,
,,2004 - 2005,
,,2005 - 2006,
,,2006 - 2007,
,,2007 - 2008,
,,2008 - 2009,
,,2009 - 2010,
,,2010 - 2011,
,,2011 - 2012,
,,2012 - 2013,
,,2014 - 2015,
,,2015 - 2016,
,,2016 - 2017,
,,2017 - 2018,
,,2018 - 2019,
,,2019 - 2020,
,,2020 - 2021,
,,2021 - 2022,
,,2022 - 2023,
,Wokha,2000 - 2001,
,,2001 - 2002,
,,2002 - 2003,
,,2003 - 2004,
,,2004 - 2005,
,,2005 - 2006,
,,2006 - 2007,
,,2007 - 2008,
,,2008 - 2009,
,,2009 - 2010,
,,2010 - 2011,
,,2011 - 2012,
,,2012 - 2013,
,,2014 - 2015,
,,2015 - 2016,
,,2016 - 2017,
,,2017 - 2018,
,,2018 - 2019,
,,2019 - 2020,
,,2020 - 2021,
,,2021 - 2022,
,,2022 - 2023,
,Zunheboto,2000 - 2001,
,,2001 - 2002,
,,2002 - 2003,
,,2003 - 2004,
,,2004 - 2005,
,,2005 - 2006,
,,2006 - 2007,
,,2007 - 2008,
,,2008 - 2009,
,,2009 - 2010,
,,2010 - 2011,
,,2011 - 2012,
,,2012 - 2013,
,,2014 - 2015,
,,2015 - 2016,
,,2016 - 2017,
,,2017 - 2018,
,,2018 - 2019,
,,2019 - 2020,
,,2020 - 2021,
,,2021 - 2022,
,,2022 - 2023,
Odisha,Balangir,2001 - 2002,
,,2003 - 2004,
,,2004 - 2005,
,,2019 - 2020,
,Boudh,2000 - 2001,
,,2004 - 2005,
,Cuttack,2000 - 2001,
,,2001 - 2002,
,,2002 - 2003,
,,2003 - 2004,
,,2004 - 2005,
,,2019 - 2020,
,Ganjam,2000 - 2001,
,,2001 - 2002,
,,2002 - 2003,
,,2003 - 2004,
,,2004 - 2005,
,Jagatsinghapur,2000 - 2001,
,Jajapur,2000 - 2001,
,,2001 - 2002,
,,2002 - 2003,
,,2003 - 2004,
,,2004 - 2005,
,,2019 - 2020,
,Kalahandi,2000 - 2001,
,,2001 - 2002,
,,2002 - 2003,
,,2003 - 2004,
,,2004 - 2005,
,,2019 - 2020,
,Kendrapara,2000 - 2001,
,,2001 - 2002,
,,2002 - 2003,
,,2003 - 2004,
,,2004 - 2005,
,,2019 - 2020,
,Kendujhar,2000 - 2001,
,,2001 - 2002,
,,2002 - 2003,
,,2003 - 2004,
,,2004 - 2005,
,,2019 - 2020,
,Khordha,2000 - 2001,
,,2001 - 2002,
,,2002 - 2003,
,,2003 - 2004,
,,2004 - 2005,
,Koraput,2000 - 2001,
,,2001 - 2002,
,,2002 - 2003,
,,2003 - 2004,
,,2004 - 2005,
,,2019 - 2020,
,Mayurbhanj,2000 - 2001,
,,2001 - 2002,
,,2002 - 2003,
,,2003 - 2004,
,,2004 - 2005,
,,2019 - 2020,
,Nabarangpur,2000 - 2001,
,,2001 - 2002,
,,2002 - 2003,
,,2003 - 2004,
,,2004 - 2005,
,,2019 - 2020,
,Nayagarh,2000 - 2001,
,,2001 - 2002,
,,2002 - 2003,
,,2003 - 2004,
,,2004 - 2005,
,,2019 - 2020,
,Nuapada,2000 - 2001,
,,2001 - 2002,
,,2002 - 2003,
,,2003 - 2004,
,,2004 - 2005,
,,2019 - 2020,
,Puri,2000 - 2001,
,,2001 - 2002,
,,2002 - 2003,
,,2004 - 2005,
,,2019 - 2020,
,Sundargarh,2000 - 2001,
,,2001 - 2002,
,,2002 - 2003,
,,2003 - 2004,
,,2004 - 2005,
,,2019 - 2020,
Punjab,Gurdaspur,2000 - 2001,
,,2001 - 2002,
,Hoshiarpur,2000 - 2001,
,Jalandhar,2000 - 2001,
,,2001 - 2002,
,,2006 - 2007,
,,2008 - 2009,
,Nawanshahr,2000 - 2001,
,,2001 - 2002,
,,2006 - 2007,
,Rupnagar,2000 - 2001,
Rajasthan,Ajmer,2000 - 2001,
,,2001 - 2002,
,,2002 - 2003,
,,2003 - 2004,
,,2004 - 2005,
,,2005 - 2006,
,,2006 - 2007,
,,2007 - 2008,
,,2008 - 2009,
,,2009 - 2010,
,,2010 - 2011,
,,2011 - 2012,
,,2012 - 2013,
,,2013 - 2014,
,,2014 - 2015,
,,2015 - 2016,
,,2016 - 2017,
,,2017 - 2018,
,,2018 - 2019,
,,2019 - 2020,
,,2020 - 2021,
,,2021 - 2022,
,,2022 - 2023,
,Alwar,2004 - 2005,
,,2010 - 2011,
,Banswara,2000 - 2001,
,,2001 - 2002,
,,2002 - 2003,
,,2003 - 2004,
,,2004 - 2005,
,,2005 - 2006,
,,2006 - 2007,
,,2007 - 2008,
,,2008 - 2009,
,,2010 - 2011,
,,2011 - 2012,
,,2012 - 2013,
,,2013 - 2014,
,,2016 - 2017,
,Baran,2000 - 2001,
,,2001 - 2002,
,,2002 - 2003,
,,2003 - 2004,
,,2004 - 2005,
,,2005 - 2006,
,,2006 - 2007,
,,2007 - 2008,
,,2008 - 2009,
,,2009 - 2010,
,,2010 - 2011,
,,2011 - 2012,
,,2012 - 2013,
,,2013 - 2014,
,,2014 - 2015,
,,2015 - 2016,
,,2016 - 2017,
,,2017 - 2018,
,,2018 - 2019,
,,2019 - 2020,
,,2020 - 2021,
,,2021 - 2022,
,,2022 - 2023,
,Barmer,2001 - 2002,
,,2002 - 2003,
,,2006 - 2007,
,,2007 - 2008,
,,2008 - 2009,
,,2010 - 2011,
,,2011 - 2012,
,,2013 - 2014,
,,2014 - 2015,
,,2015 - 2016,
,,2016 - 2017,
,,2017 - 2018,
,,2018 - 2019,
,,2019 - 2020,
,,2020 - 2021,
,,2021 - 2022,
,,2022 - 2023,
,Bharatpur,2002 - 2003,
,,2008 - 2009,
,,2010 - 2011,
,,2011 - 2012,
,,2016 - 2017,
,,2019 - 2020,
,,2020 - 2021,
,Bhilwara,2000 - 2001,
,,2001 - 2002,
,,2002 - 2003,
,,2003 - 2004,
,,2004 - 2005,
,,2005 - 2006,
,,2006 - 2007,
,,2007 - 2008,
,,2008 - 2009,
,,2009 - 2010,
,,2010 - 2011,
,,2011 - 2012,
,,2012 - 2013,
,,2013 - 2014,
,,2014 - 2015,
,,2015 - 2016,
,,2016 - 2017,
,,2017 - 2018,
,,2018 - 2019,
,,2019 - 2020,
,,2020 - 2021,
,,2021 - 2022,
,,2022 - 2023,
,Bikaner,2001 - 2002,
,,2002 - 2003,
,,2003 - 2004,
,,2005 - 2006,
,,2007 - 2008,
,,2008 - 2009,
,,2009 - 2010,
,,2010 - 2011,
,,2011 - 2012,
,,2012 - 2013,
,,2017 - 2018,
,,2018 - 2019,
,,2020 - 2021,
,,2022 - 2023,
,Bundi,2000 - 2001,
,,2001 - 2002,
,,2002 - 2003,
,,2003 - 2004,
,,2004 - 2005,
,,2005 - 2006,
,,2006 - 2007,
,,2007 - 2008,
,,2008 - 2009,
,,2009 - 2010,
,,2010 - 2011,
,,2011 - 2012,
,,2012 - 2013,
,,2013 - 2014,
,,2014 - 2015,
,,2015 - 2016,
,,2016 - 2017,
,,2017 - 2018,
,,2018 - 2019,
,,2019 - 2020,
,,2020 - 2021,
,,2021 - 2022,
,,2022 - 2023,
,Chittorgarh,2000 - 2001,
,,2001 - 2002,
,,2002 - 2003,
,,2003 - 2004,
,,2004 - 2005,
,,2005 - 2006,
,,2006 - 2007,
,,2007 - 2008,
,,2008 - 2009,
,,2009 - 2010,
,,2010 - 2011,
,,2011 - 2012,
,,2012 - 2013,
,,2013 - 2014,
,,2014 - 2015,
,,2015 - 2016,
,,2016 - 2017,
,,2017 - 2018,
,,2018 - 2019,
,,2019 - 2020,
,,2020 - 2021,
,,2021 - 2022,
,,2022 - 2023,
,Churu,2000 - 2001,
,,2003 - 2004,
,,2004 - 2005,
,,2009 - 2010,
,,2013 - 2014,
,,2016 - 2017,
,,2017 - 2018,
,,2018 - 2019,
,,2019 - 2020,
,,2020 - 2021,
,Dausa,2000 - 2001,
,,2001 - 2002,
,,2002 - 2003,
,,2003 - 2004,
,,2006 - 2007,
,,2007 - 2008,
,Dholpur,2001 - 2002,
,,2002 - 2003,
,,2003 - 2004,
,,2004 - 2005,
,,2010 - 2011,
,Dungarpur,2000 - 2001,
,,2001 - 2002,
,Ganganagar,2000 - 2001,
,,2002 - 2003,
,,2004 - 2005,
,,2006 - 2007,
,,2008 - 2009,
,,2009 - 2010,
,,2012 - 2013,
,,2015 - 2016,
,,2016 - 2017,
,,2017 - 2018,
,,2018 - 2019,
,,2019 - 2020,
,,2020 - 2021,
,,2021 - 2022,
,,2022 - 2023,
,Hanumangarh,2006 - 2007,
,,2008 - 2009,
,,2009 - 2010,
,,2013 - 2014,
,,2014 - 2015,
,,2015 - 2016,
,,2019 - 2020,
,,2020 - 2021,
,,2022 - 2023,
,Jaipur,2000 - 2001,
,,2001 - 2002,
,,2002 - 2003,
,,2003 - 2004,
,,2004 - 2005,
,,2006 - 2007,
,,2007 - 2008,
,,2008 - 2009,
,,2010 - 2011,
,,2011 - 2012,
,,2012 - 2013,
,,2013 - 2014,
,,2014 - 2015,
,,2015 - 2016,
,,2016 - 2017,
,,2017 - 2018,
,,2018 - 2019,
,,2019 - 2020,
,,2020 - 2021,
,,2021 - 2022,
,,2022 - 2023,
,Jaisalmer,2000 - 2001,
,,2003 - 2004,
,,2004 - 2005,
,,2005 - 2006,
,,2006 - 2007,
,,2017 - 2018,
,Jalore,2001 - 2002,
,,2002 - 2003,
,,2006 - 2007,
,,2007 - 2008,
,,2008 - 2009,
,,2009 - 2010,
,,2010 - 2011,
,,2013 - 2014,
,,2014 - 2015,
,,2015 - 2016,
,,2016 - 2017,
,,2017 - 2018,
,,2018 - 2019,
,,2019 - 2020,
,,2020 - 2021,
,,2021 - 2022,
,Jhalawar,2000 - 2001,
,,2001 - 2002,
,,2002 - 2003,
,,2003 - 2004,
,,2004 - 2005,
,,2005 - 2006,
,,2006 - 2007,
,,2007 - 2008,
,,2008 - 2009,
,,2009 - 2010,
,,2010 - 2011,
,,2011 - 2012,
,,2012 - 2013,
,,2013 - 2014,
,,2014 - 2015,
,,2015 - 2016,
,,2016 - 2017,
,,2017 - 2018,
,,2018 - 2019,
,,2019 - 2020,
,,2020 - 2021,
,,2021 - 2022,
,,2022 - 2023,
,Jhunjhunu,2005 - 2006,
,,2020 - 2021,
,Jodhpur,2010 - 2011,
,,2011 - 2012,
,,2012 - 2013,
,,2014 - 2015,
,,2015 - 2016,
,,2016 - 2017,
,,2017 - 2018,
,,2018 - 2019,
,,2020 - 2021,
,,2022 - 2023,
,Karauli,2000 - 2001,
,,2001 - 2002,
,,2002 - 2003,
,,2003 - 2004,
,,2004 - 2005,
,,2009 - 2010,
,,2011 - 2012,
,,2013 - 2014,
,,2014 - 2015,
,,2021 - 2022,
,Kota,2000 - 2001,
,,2001 - 2002,
,,2002 - 2003,
,,2003 - 2004,
,,2004 - 2005,
,,2005 - 2006,
,,2006 - 2007,
,,2007 - 2008,
,,2008 - 2009,
,,2009 - 2010,
,,2010 - 2011,
,,2011 - 2012,
,,2012 - 2013,
,,2013 - 2014,
,,2014 - 2015,
,,2015 - 2016,
,,2016 - 2017,
,,2017 - 2018,
,,2018 - 2019,
,,2019 - 2020,
,,2020 - 2021,
,,2021 - 2022,
,,2022 - 2023,
,Nagaur,2000 - 2001,
,,2001 - 2002,
,,2002 - 2003,
,,2003 - 2004,
,,2005 - 2006,
,,2006 - 2007,
,,2007 - 2008,
,,2008 - 2009,
,,2009 - 2010,
,,2010 - 2011,
,,2011 - 2012,
,,2012 - 2013,
,,2013 - 2014,
,,2014 - 2015,
,,2015 - 2016,
,,2016 - 2017,
,,2017 - 2018,
,,2018 - 2019,
,,2019 - 2020,
,,2020 - 2021,
,,2021 - 2022,
,,2022 - 2023,
,Pali,2000 - 2001,
,,2001 - 2002,
,,2003 - 2004,
,,2004 - 2005,
,,2007 - 2008,
,,2008 - 2009,
,,2010 - 2011,
,,2013 - 2014,
,,2014 - 2015,
,,2015 - 2016,
,,2016 - 2017,
,,2017 - 2018,
,,2018 - 2019,
,,2019 - 2020,
,Pratapgarh,2008 - 2009,
,,2009 - 2010,
,,2010 - 2011,
,,2011 - 2012,
,,2012 - 2013,
,,2013 - 2014,
,,2014 - 2015,
,,2015 - 2016,
,,2016 - 2017,
,,2017 - 2018,
,,2018 - 2019,
,,2019 - 2020,
,,2020 - 2021,
,,2021 - 2022,
,,2022 - 2023,
,Rajsamand,2001 - 2002,
,,2005 - 2006,
,,2006 - 2007,
,,2007 - 2008,
,,2010 - 2011,
,,2011 - 2012,
,,2013 - 2014,
,,2014 - 2015,
,,2015 - 2016,
,,2016 - 2017,
,,2017 - 2018,
,,2018 - 2019,
,,2019 - 2020,
,,2020 - 2021,
,,2021 - 2022,
,,2022 - 2023,
,Sawai madhopur,2000 - 2001,
,,2001 - 2002,
,,2002 - 2003,
,,2003 - 2004,
,,2004 - 2005,
,,2005 - 2006,
,,2006 - 2007,
,,2007 - 2008,
,,2010 - 2011,
,,2014 - 2015,
,,2015 - 2016,
,,2016 - 2017,
,,2017 - 2018,
,,2019 - 2020,
,,2020 - 2021,
,,2021 - 2022,
,Sikar,2007 - 2008,
,,2019 - 2020,
,Sirohi,2000 - 2001,
,,2001 - 2002,
,,2003 - 2004,
,,2010 - 2011,
,,2022 - 2023,
,Tonk,2000 - 2001,
,,2001 - 2002,
,,2002 - 2003,
,,2003 - 2004,
,,2004 - 2005,
,,2005 - 2006,
,,2006 - 2007,
,,2007 - 2008,
,,2008 - 2009,
,,2009 - 2010,
,,2010 - 2011,
,,2011 - 2012,
,,2012 - 2013,
,,2013 - 2014,
,,2014 - 2015,
,,2015 - 2016,
,,2016 - 2017,
,,2017 - 2018,
,,2018 - 2019,
,,2019 - 2020,
,,2020 - 2021,
,,2021 - 2022,
,,2022 - 2023,
,Udaipur,2001 - 2002,
,,2002 - 2003,
,,2003 - 2004,
,,2004 - 2005,
,,2005 - 2006,
,,2006 - 2007,
,,2007 - 2008,
,,2008 - 2009,
,,2009 - 2010,
,,2011 - 2012,
,,2012 - 2013,
,,2013 - 2014,
,,2014 - 2015,
,,2015 - 2016,
,,2016 - 2017,
,,2017 - 2018,
,,2018 - 2019,
,,2019 - 2020,
,,2020 - 2021,
,,2021 - 2022,
,,2022 - 2023,
Telangana,Adilabad,2000 - 2001,
,,2001 - 2002,
,,2002 - 2003,
,,2003 - 2004,
,,2004 - 2005,
,,2005 - 2006,
,,2006 - 2007,
,,2009 - 2010,
,,2010 - 2011,
,,2013 - 2014,
,Medak,2000 - 2001,
,,2001 - 2002,
,,2002 - 2003,
,,2003 - 2004,
,,2004 - 2005,
,,2005 - 2006,
,,2006 - 2007,
,,2008 - 2009,
,,2009 - 2010,
,,2010 - 2011,
,,2011 - 2012,
,,2013 - 2014,
,,2014 - 2015,
,,2015 - 2016,
,Nizamabad,2000 - 2001,
,,2001 - 2002,
,,2002 - 2003,
,Rangareddi,2000 - 2001,
,,2001 - 2002,
,,2002 - 2003,
,,2003 - 2004,
,,2004 - 2005,
,,2005 - 2006,
,,2006 - 2007,
,,2008 - 2009,
,,2010 - 2011,
Tripura,Dhalai,2016 - 2017,
,,2017 - 2018,
,Gomati,2016 - 2017,
,,2017 - 2018,
,Khowai,2016 - 2017,
,,2017 - 2018,
,North tripura,2016 - 2017,
,,2017 - 2018,
,Sepahijala,2016 - 2017,
,South tripura,2016 - 2017,
,Unakoti,2016 - 2017,
,,2017 - 2018,
Uttar Pradesh,Agra,2000 - 2001,
,,2001 - 2002,
,,2002 - 2003,
,,2003 - 2004,
,Aligarh,2004 - 2005,
,,2013 - 2014,
,,2019 - 2020,
,,2020 - 2021,
,Allahabad,2000 - 2001,
,,2001 - 2002,
,,2003 - 2004,
,,2004 - 2005,
,,2005 - 2006,
,,2006 - 2007,
,,2007 - 2008,
,,2008 - 2009,
,,2009 - 2010,
,,2010 - 2011,
,,2011 - 2012,
,,2012 - 2013,
,,2013 - 2014,
,,2014 - 2015,
,,2015 - 2016,
,,2016 - 2017,
,,2017 - 2018,
,,2018 - 2019,
,,2019 - 2020,
,,2020 - 2021,
,,2021 - 2022,
,,2022 - 2023,
,Ambedkar nagar,2000 - 2001,
,,2001 - 2002,
,,2002 - 2003,
,,2007 - 2008,
,,2013 - 2014,
,,2018 - 2019,
,,2019 - 2020,
,,2020 - 2021,
,Amethi,2011 - 2012,
,,2012 - 2013,
,,2013 - 2014,
,,2014 - 2015,
,,2015 - 2016,
,,2016 - 2017,
,,2017 - 2018,
,,2018 - 2019,
,,2019 - 2020,
,,2020 - 2021,
,,2021 - 2022,
,,2022 - 2023,
,Amroha,2017 - 2018,
,,2018 - 2019,
,Auraiya,2000 - 2001,
,,2001 - 2002,
,,2002 - 2003,
,,2003 - 2004,
,,2004 - 2005,
,,2005 - 2006,
,,2006 - 2007,
,,2008 - 2009,
,,2009 - 2010,
,,2010 - 2011,
,,2012 - 2013,
,,2014 - 2015,
,,2015 - 2016,
,,2017 - 2018,
,Azamgarh,2001 - 2002,
,,2002 - 2003,
,,2003 - 2004,
,,2004 - 2005,
,,2005 - 2006,
,,2006 - 2007,
,,2008 - 2009,
,,2009 - 2010,
,,2011 - 2012,
,,2013 - 2014,
,,2017 - 2018,
,,2018 - 2019,
,Baghpat,2002 - 2003,
,,2017 - 2018,
,,2018 - 2019,
,Bahraich,2000 - 2001,
,,2001 - 2002,
,,2002 - 2003,
,,2003 - 2004,
,,2004 - 2005,
,,2005 - 2006,
,,2006 - 2007,
,,2007 - 2008,
,,2008 - 2009,
,,2009 - 2010,
,,2011 - 2012,
,,2012 - 2013,
,,2013 - 2014,
,,2014 - 2015,
,,2015 - 2016,
,,2016 - 2017,
,,2017 - 2018,
,,2018 - 2019,
,,2019 - 2020,
,,2020 - 2021,
,,2021 - 2022,
,,2022 - 2023,
,Balrampur,2000 - 2001,
,,2001 - 2002,
,,2002 - 2003,
,,2003 - 2004,
,,2004 - 2005,
,,2005 - 2006,
,,2006 - 2007,
,,2007 - 2008,
,,2008 - 2009,
,,2010 - 2011,
,,2011 - 2012,
,,2012 - 2013,
,,2013 - 2014,
,,2014 - 2015,
,,2015 - 2016,
,,2017 - 2018,
,,2018 - 2019,
,,2019 - 2020,
,,2020 - 2021,
,,2021 - 2022,
,,2022 - 2023,
,Banda,2000 - 2001,
,,2001 - 2002,
,,2002 - 2003,
,,2003 - 2004,
,,2004 - 2005,
,,2005 - 2006,
,,2006 - 2007,
,,2007 - 2008,
,,2008 - 2009,
,,2009 - 2010,
,,2010 - 2011,
,,2011 - 2012,
,,2012 - 2013,
,,2013 - 2014,
,,2014 - 2015,
,,2015 - 2016,
,,2016 - 2017,
,,2017 - 2018,
,,2018 - 2019,
,,2019 - 2020,
,,2020 - 2021,
,,2021 - 2022,
,,2022 - 2023,
,Barabanki,2000 - 2001,
,,2001 - 2002,
,,2002 - 2003,
,,2003 - 2004,
,,2004 - 2005,
,,2005 - 2006,
,,2006 - 2007,
,,2007 - 2008,
,,2008 - 2009,
,,2009 - 2010,
,,2010 - 2011,
,,2011 - 2012,
,,2012 - 2013,
,,2013 - 2014,
,,2014 - 2015,
,,2015 - 2016,
,,2016 - 2017,
,,2018 - 2019,
,,2019 - 2020,
,,2020 - 2021,
,,2021 - 2022,
,,2022 - 2023,
,Bareilly,2000 - 2001,
,,2001 - 2002,
,,2002 - 2003,
,,2003 - 2004,
,,2004 - 2005,
,,2005 - 2006,
,,2006 - 2007,
,,2007 - 2008,
,,2017 - 2018,
,,2018 - 2019,
,,2019 - 2020,
,Basti,2000 - 2001,
,,2001 - 2002,
,,2002 - 2003,
,,2003 - 2004,
,,2004 - 2005,
,,2005 - 2006,
,,2006 - 2007,
,,2008 - 2009,
,,2009 - 2010,
,,2010 - 2011,
,,2011 - 2012,
,,2012 - 2013,
,,2013 - 2014,
,,2014 - 2015,
,,2016 - 2017,
,,2017 - 2018,
,,2018 - 2019,
,,2019 - 2020,
,,2020 - 2021,
,,2021 - 2022,
,,2022 - 2023,
,Bijnor,2000 - 2001,
,,2002 - 2003,
,,2018 - 2019,
,,2019 - 2020,
,Budaun,2002 - 2003,
,,2003 - 2004,
,,2004 - 2005,
,,2006 - 2007,
,,2013 - 2014,
,,2015 - 2016,
,,2016 - 2017,
,,2017 - 2018,
,,2018 - 2019,
,,2019 - 2020,
,,2020 - 2021,
,,2021 - 2022,
,,2022 - 2023,
,Bulandshahr,2017 - 2018,
,,2018 - 2019,
,,2019 - 2020,
,,2020 - 2021,
,Chandauli,2001 - 2002,
,,2002 - 2003,
,,2003 - 2004,
,,2004 - 2005,
,,2005 - 2006,
,,2006 - 2007,
,,2007 - 2008,
,,2008 - 2009,
,,2009 - 2010,
,,2010 - 2011,
,,2011 - 2012,
,,2012 - 2013,
,,2013 - 2014,
,,2014 - 2015,
,,2015 - 2016,
,,2016 - 2017,
,,2017 - 2018,
,,2018 - 2019,
,,2019 - 2020,
,,2020 - 2021,
,,2021 - 2022,
,,2022 - 2023,
,Chitrakoot,2000 - 2001,
,,2001 - 2002,
,,2002 - 2003,
,,2003 - 2004,
,,2004 - 2005,
,,2005 - 2006,
,,2006 - 2007,
,,2007 - 2008,
,,2008 - 2009,
,,2009 - 2010,
,,2010 - 2011,
,,2011 - 2012,
,,2012 - 2013,
,,2013 - 2014,
,,2014 - 2015,
,,2015 - 2016,
,,2016 - 2017,
,,2017 - 2018,
,,2018 - 2019,
,,2019 - 2020,
,,2020 - 2021,
,,2021 - 2022,
,,2022 - 2023,
,Deoria,2000 - 2001,
,,2001 - 2002,
,,2002 - 2003,
,,2003 - 2004,
,,2004 - 2005,
,,2007 - 2008,
,,2011 - 2012,
,,2014 - 2015,
,,2018 - 2019,
,,2020 - 2021,
,Etah,2000 - 2001,
,,2001 - 2002,
,,2007 - 2008,
,,2019 - 2020,
,Etawah,2002 - 2003,
,,2014 - 2015,
,,2015 - 2016,
,Faizabad,2000 - 2001,
,,2001 - 2002,
,,2002 - 2003,
,,2003 - 2004,
,,2004 - 2005,
,,2005 - 2006,
,,2006 - 2007,
,,2007 - 2008,
,,2008 - 2009,
,,2009 - 2010,
,,2010 - 2011,
,,2011 - 2012,
,,2012 - 2013,
,,2013 - 2014,
,,2014 - 2015,
,,2015 - 2016,
,,2016 - 2017,
,,2017 - 2018,
,,2018 - 2019,
,,2019 - 2020,
,,2020 - 2021,
,,2021 - 2022,
,,2022 - 2023,
,Farrukhabad,2018 - 2019,
,Fatehpur,2000 - 2001,
,,2001 - 2002,
,,2002 - 2003,
,,2003 - 2004,
,,2004 - 2005,
,,2005 - 2006,
,,2006 - 2007,
,,2007 - 2008,
,,2008 - 2009,
,,2009 - 2010,
,,2010 - 2011,
,,2011 - 2012,
,,2012 - 2013,
,,2013 - 2014,
,,2014 - 2015,
,,2015 - 2016,
,,2016 - 2017,
,,2017 - 2018,
,,2018 - 2019,
,,2019 - 2020,
,,2020 - 2021,
,,2021 - 2022,
,,2022 - 2023,
,Firozabad,2000 - 2001,
,,2001 - 2002,
,,2002 - 2003,
,,2003 - 2004,
,,2004 - 2005,
,,2005 - 2006,
,,2006 - 2007,
,,2010 - 2011,
,,2013 - 2014,
,Ghaziabad,2013 - 2014,
,,2019 - 2020,
,,2020 - 2021,
,Ghazipur,2000 - 2001,
,,2001 - 2002,
,,2002 - 2003,
,,2003 - 2004,
,,2004 - 2005,
,,2005 - 2006,
,,2006 - 2007,
,,2007 - 2008,
,,2008 - 2009,
,,2017 - 2018,
,,2018 - 2019,
,Gonda,2000 - 2001,
,,2001 - 2002,
,,2002 - 2003,
,,2003 - 2004,
,,2004 - 2005,
,,2005 - 2006,
,,2006 - 2007,
,,2007 - 2008,
,,2008 - 2009,
,,2009 - 2010,
,,2010 - 2011,
,,2011 - 2012,
,,2012 - 2013,
,,2013 - 2014,
,,2014 - 2015,
,,2015 - 2016,
,,2016 - 2017,
,,2017 - 2018,
,,2018 - 2019,
,,2019 - 2020,
,,2020 - 2021,
,,2021 - 2022,
,,2022 - 2023,
,Gorakhpur,2000 - 2001,
,,2001 - 2002,
,,2002 - 2003,
,,2003 - 2004,
,,2004 - 2005,
,,2005 - 2006,
,,2006 - 2007,
,,2007 - 2008,
,,2008 - 2009,
,,2010 - 2011,
,,2011 - 2012,
,,2012 - 2013,
,,2013 - 2014,
,,2014 - 2015,
,,2017 - 2018,
,,2018 - 2019,
,,2019 - 2020,
,,2020 - 2021,
,,2021 - 2022,
,,2022 - 2023,
,Hamirpur,2000 - 2001,
,,2001 - 2002,
,,2002 - 2003,
,,2003 - 2004,
,,2004 - 2005,
,,2005 - 2006,
,,2006 - 2007,
,,2007 - 2008,
,,2008 - 2009,
,,2009 - 2010,
,,2010 - 2011,
,,2011 - 2012,
,,2012 - 2013,
,,2013 - 2014,
,,2014 - 2015,
,,2015 - 2016,
,,2016 - 2017,
,,2017 - 2018,
,,2018 - 2019,
,,2019 - 2020,
,,2020 - 2021,
,,2021 - 2022,
,,2022 - 2023,
,Hardoi,2000 - 2001,
,,2001 - 2002,
,,2002 - 2003,
,,2003 - 2004,
,,2004 - 2005,
,,2005 - 2006,
,,2006 - 2007,
,,2007 - 2008,
,,2008 - 2009,
,,2009 - 2010,
,,2010 - 2011,
,,2011 - 2012,
,,2012 - 2013,
,,2013 - 2014,
,,2017 - 2018,
,,2018 - 2019,
,,2019 - 2020,
,Hathras,2017 - 2018,
,Jalaun,2000 - 2001,
,,2001 - 2002,
,,2002 - 2003,
,,2003 - 2004,
,,2004 - 2005,
,,2005 - 2006,
,,2006 - 2007,
,,2007 - 2008,
,,2008 - 2009,
,,2009 - 2010,
,,2010 - 2011,
,,2011 - 2012,
,,2012 - 2013,
,,2013 - 2014,
,,2014 - 2015,
,,2015 - 2016,
,,2016 - 2017,
,,2017 - 2018,
,,2018 - 2019,
,,2019 - 2020,
,,2020 - 2021,
,,2021 - 2022,
,,2022 - 2023,
,Jaunpur,2000 - 2001,
,,2001 - 2002,
,,2002 - 2003,
,,2003 - 2004,
,,2004 - 2005,
,,2005 - 2006,
,,2006 - 2007,
,,2007 - 2008,
,,2008 - 2009,
,,2009 - 2010,
,,2010 - 2011,
,,2013 - 2014,
,,2015 - 2016,
,,2017 - 2018,
,,2018 - 2019,
,,2020 - 2021,
,Jhansi,2000 - 2001,
,,2001 - 2002,
,,2002 - 2003,
,,2003 - 2004,
,,2004 - 2005,
,,2005 - 2006,
,,2006 - 2007,
,,2007 - 2008,
,,2008 - 2009,
,,2009 - 2010,
,,2010 - 2011,
,,2011 - 2012,
,,2012 - 2013,
,,2013 - 2014,
,,2014 - 2015,
,,2015 - 2016,
,,2016 - 2017,
,,2017 - 2018,
,,2018 - 2019,
,,2019 - 2020,
,,2020 - 2021,
,,2021 - 2022,
,,2022 - 2023,
,Kannauj,2013 - 2014,
,Kanpur dehat,2003 - 2004,
,,2004 - 2005,
,,2005 - 2006,
,,2006 - 2007,
,,2007 - 2008,
,,2008 - 2009,
,,2009 - 2010,
,,2010 - 2011,
,,2011 - 2012,
,,2012 - 2013,
,,2013 - 2014,
,,2014 - 2015,
,,2015 - 2016,
,,2016 - 2017,
,,2017 - 2018,
,,2018 - 2019,
,,2019 - 2020,
,,2020 - 2021,
,,2021 - 2022,
,,2022 - 2023,
,Kanpur nagar,2000 - 2001,
,,2001 - 2002,
,,2002 - 2003,
,,2003 - 2004,
,,2004 - 2005,
,,2005 - 2006,
,,2006 - 2007,
,,2007 - 2008,
,,2008 - 2009,
,,2009 - 2010,
,,2013 - 2014,
,,2014 - 2015,
,,2015 - 2016,
,,2016 - 2017,
,,2017 - 2018,
,,2018 - 2019,
,,2019 - 2020,
,,2020 - 2021,
,,2021 - 2022,
,,2022 - 2023,
,Kasganj,2019 - 2020,
,Kaushambi,2000 - 2001,
,,2001 - 2002,
,,2002 - 2003,
,,2004 - 2005,
,,2006 - 2007,
,,2007 - 2008,
,,2008 - 2009,
,,2009 - 2010,
,,2010 - 2011,
,,2011 - 2012,
,,2012 - 2013,
,,2013 - 2014,
,,2014 - 2015,
,,2015 - 2016,
,,2020 - 2021,
,Kheri,2000 - 2001,
,,2001 - 2002,
,,2002 - 2003,
,,2003 - 2004,
,,2004 - 2005,
,,2005 - 2006,
,,2006 - 2007,
,,2007 - 2008,
,,2008 - 2009,
,,2009 - 2010,
,,2010 - 2011,
,,2014 - 2015,
,,2017 - 2018,
,,2018 - 2019,
,Kushi nagar,2000 - 2001,
,,2001 - 2002,
,,2002 - 2003,
,,2003 - 2004,
,,2004 - 2005,
,,2005 - 2006,
,,2006 - 2007,
,,2008 - 2009,
,,2011 - 2012,
,,2012 - 2013,
,,2013 - 2014,
,,2019 - 2020,
,,2020 - 2021,
,,2021 - 2022,
,,2022 - 2023,
,Lalitpur,2000 - 2001,
,,2001 - 2002,
,,2002 - 2003,
,,2003 - 2004,
,,2004 - 2005,
,,2005 - 2006,
,,2006 - 2007,
,,2007 - 2008,
,,2008 - 2009,
,,2009 - 2010,
,,2010 - 2011,
,,2011 - 2012,
,,2013 - 2014,
,,2015 - 2016,
,,2017 - 2018,
,,2019 - 2020,
,,2020 - 2021,
,,2021 - 2022,
,Lucknow,2000 - 2001,
,,2001 - 2002,
,,2002 - 2003,
,,2003 - 2004,
,,2004 - 2005,
,,2005 - 2006,
,,2006 - 2007,
,,2007 - 2008,
,,2008 - 2009,
,,2009 - 2010,
,,2010 - 2011,
,,2011 - 2012,
,,2012 - 2013,
,,2018 - 2019,
,,2019 - 2020,
,,2020 - 2021,
,,2021 - 2022,
,,2022 - 2023,
,Maharajganj,2000 - 2001,
,,2001 - 2002,
,,2002 - 2003,
,,2003 - 2004,
,,2004 - 2005,
,,2005 - 2006,
,,2006 - 2007,
,,2007 - 2008,
,,2008 - 2009,
,,2009 - 2010,
,,2010 - 2011,
,,2011 - 2012,
,,2012 - 2013,
,,2013 - 2014,
,,2014 - 2015,
,,2015 - 2016,
,,2016 - 2017,
,,2017 - 2018,
,,2018 - 2019,
,,2019 - 2020,
,,2020 - 2021,
,,2021 - 2022,
,,2022 - 2023,
,Mahoba,2000 - 2001,
,,2001 - 2002,
,,2002 - 2003,
,,2003 - 2004,
,,2004 - 2005,
,,2005 - 2006,
,,2006 - 2007,
,,2007 - 2008,
,,2008 - 2009,
,,2009 - 2010,
,,2010 - 2011,
,,2011 - 2012,
,,2012 - 2013,
,,2013 - 2014,
,,2014 - 2015,
,,2015 - 2016,
,,2016 - 2017,
,,2017 - 2018,
,,2018 - 2019,
,,2019 - 2020,
,,2020 - 2021,
,,2021 - 2022,
,,2022 - 2023,
,Mainpuri,2000 - 2001,
,,2003 - 2004,
,,2005 - 2006,
,Mathura,2000 - 2001,
,Mau,2000 - 2001,
,,2001 - 2002,
,,2002 - 2003,
,,2003 - 2004,
,,2005 - 2006,
,,2020 - 2021,
,Meerut,2014 - 2015,
,Mirzapur,2000 - 2001,
,,2001 - 2002,
,,2002 - 2003,
,,2003 - 2004,
,,2004 - 2005,
,,2005 - 2006,
,,2006 - 2007,
,,2007 - 2008,
,,2008 - 2009,
,,2009 - 2010,
,,2010 - 2011,
,,2011 - 2012,
,,2012 - 2013,
,,2013 - 2014,
,,2014 - 2015,
,,2015 - 2016,
,,2016 - 2017,
,,2017 - 2018,
,,2018 - 2019,
,,2019 - 2020,
,,2020 - 2021,
,,2021 - 2022,
,,2022 - 2023,
,Moradabad,2000 - 2001,
,,2003 - 2004,
,,2004 - 2005,
,,2005 - 2006,
,,2006 - 2007,
,,2007 - 2008,
,,2018 - 2019,
,Muzaffarnagar,2000 - 2001,
,,2001 - 2002,
,,2002 - 2003,
,,2008 - 2009,
,,2009 - 2010,
,,2011 - 2012,
,,2012 - 2013,
,Pilibhit,2000 - 2001,
,,2001 - 2002,
,,2002 - 2003,
,,2004 - 2005,
,,2006 - 2007,
,,2016 - 2017,
,,2017 - 2018,
,,2019 - 2020,
,,2020 - 2021,
,,2021 - 2022,
,,2022 - 2023,
,Pratapgarh,2000 - 2001,
,,2001 - 2002,
,,2002 - 2003,
,,2003 - 2004,
,,2004 - 2005,
,,2005 - 2006,
,,2006 - 2007,
,,2007 - 2008,
,,2008 - 2009,
,,2009 - 2010,
,,2010 - 2011,
,,2011 - 2012,
,,2012 - 2013,
,,2013 - 2014,
,,2016 - 2017,
,,2017 - 2018,
,,2018 - 2019,
,,2019 - 2020,
,,2020 - 2021,
,,2022 - 2023,
,Rae bareli,2000 - 2001,
,,2001 - 2002,
,,2002 - 2003,
,,2003 - 2004,
,,2004 - 2005,
,,2005 - 2006,
,,2006 - 2007,
,,2007 - 2008,
,,2008 - 2009,
,,2009 - 2010,
,,2010 - 2011,
,,2011 - 2012,
,,2012 - 2013,
,,2013 - 2014,
,,2014 - 2015,
,,2015 - 2016,
,,2016 - 2017,
,,2017 - 2018,
,,2018 - 2019,
,,2019 - 2020,
,,2020 - 2021,
,,2021 - 2022,
,,2022 - 2023,
,Rampur,2000 - 2001,
,,2002 - 2003,
,,2003 - 2004,
,,2004 - 2005,
,,2007 - 2008,
,,2011 - 2012,
,Saharanpur,2000 - 2001,
,,2018 - 2019,
,Sambhal,2017 - 2018,
,,2019 - 2020,
,,2020 - 2021,
,,2021 - 2022,
,,2022 - 2023,
,Sant kabeer nagar,2000 - 2001,
,,2001 - 2002,
,,2002 - 2003,
,,2003 - 2004,
,,2004 - 2005,
,,2005 - 2006,
,,2006 - 2007,
,,2007 - 2008,
,,2008 - 2009,
,,2009 - 2010,
,,2011 - 2012,
,,2012 - 2013,
,,2013 - 2014,
,,2014 - 2015,
,,2017 - 2018,
,,2018 - 2019,
,,2019 - 2020,
,,2020 - 2021,
,,2021 - 2022,
,,2022 - 2023,
,Sant ravidas nagar,2000 - 2001,
,,2001 - 2002,
,,2002 - 2003,
,,2003 - 2004,
,,2004 - 2005,
,,2005 - 2006,
,,2006 - 2007,
,,2007 - 2008,
,,2008 - 2009,
,,2009 - 2010,
,,2010 - 2011,
,,2013 - 2014,
,,2017 - 2018,
,,2020 - 2021,
,Shahjahanpur,2000 - 2001,
,,2001 - 2002,
,,2002 - 2003,
,,2003 - 2004,
,,2004 - 2005,
,,2005 - 2006,
,,2006 - 2007,
,,2007 - 2008,
,,2008 - 2009,
,,2010 - 2011,
,,2012 - 2013,
,,2013 - 2014,
,,2017 - 2018,
,Shravasti,2000 - 2001,
,,2001 - 2002,
,,2002 - 2003,
,,2003 - 2004,
,,2004 - 2005,
,,2005 - 2006,
,,2006 - 2007,
,,2007 - 2008,
,,2008 - 2009,
,,2009 - 2010,
,,2010 - 2011,
,,2011 - 2012,
,,2012 - 2013,
,,2013 - 2014,
,,2017 - 2018,
,,2018 - 2019,
,,2019 - 2020,
,,2020 - 2021,
,,2021 - 2022,
,,2022 - 2023,
,Siddharth nagar,2000 - 2001,
,,2001 - 2002,
,,2002 - 2003,
,,2003 - 2004,
,,2004 - 2005,
,,2005 - 2006,
,,2006 - 2007,
,,2007 - 2008,
,,2008 - 2009,
,,2009 - 2010,
,,2010 - 2011,
,,2011 - 2012,
,,2012 - 2013,
,,2013 - 2014,
,,2014 - 2015,
,,2015 - 2016,
,,2016 - 2017,
,,2017 - 2018,
,,2018 - 2019,
,,2019 - 2020,
,,2020 - 2021,
,,2021 - 2022,
,,2022 - 2023,
,Sitapur,2000 - 2001,
,,2001 - 2002,
,,2002 - 2003,
,,2003 - 2004,
,,2004 - 2005,
,,2005 - 2006,
,,2006 - 2007,
,,2007 - 2008,
,,2011 - 2012,
,,2012 - 2013,
,,2013 - 2014,
,,2016 - 2017,
,,2017 - 2018,
,,2018 - 2019,
,,2019 - 2020,
,,2020 - 2021,
,,2021 - 2022,
,,2022 - 2023,
,Sonbhadra,2000 - 2001,
,,2001 - 2002,
,,2002 - 2003,
,,2003 - 2004,
,,2004 - 2005,
,,2005 - 2006,
,,2006 - 2007,
,,2007 - 2008,
,,2008 - 2009,
,,2009 - 2010,
,,2010 - 2011,
,,2011 - 2012,
,,2012 - 2013,
,,2013 - 2014,
,,2014 - 2015,
,,2015 - 2016,
,,2016 - 2017,
,,2017 - 2018,
,,2018 - 2019,
,,2019 - 2020,
,,2020 - 2021,
,,2021 - 2022,
,,2022 - 2023,
,Sultanpur,2000 - 2001,
,,2001 - 2002,
,,2002 - 2003,
,,2003 - 2004,
,,2004 - 2005,
,,2005 - 2006,
,,2006 - 2007,
,,2007 - 2008,
,,2008 - 2009,
,,2009 - 2010,
,,2010 - 2011,
,,2011 - 2012,
,,2012 - 2013,
,,2013 - 2014,
,,2014 - 2015,
,,2015 - 2016,
,,2016 - 2017,
,,2017 - 2018,
,,2018 - 2019,
,,2019 - 2020,
,,2020 - 2021,
,,2021 - 2022,
,,2022 - 2023,
,Unnao,2000 - 2001,
,,2001 - 2002,
,,2002 - 2003,
,,2003 - 2004,
,,2004 - 2005,
,,2005 - 2006,
,,2006 - 2007,
,,2007 - 2008,
,,2008 - 2009,
,,2009 - 2010,
,,2010 - 2011,
,,2011 - 2012,
,,2012 - 2013,
,,2013 - 2014,
,,2014 - 2015,
,,2015 - 2016,
,,2016 - 2017,
,,2017 - 2018,
,,2018 - 2019,
,,2019 - 2020,
,,2020 - 2021,
,,2021 - 2022,
,,2022 - 2023,
,Varanasi,2000 - 2001,
,,2001 - 2002,
,,2002 - 2003,
,,2003 - 2004,
,,2004 - 2005,
,,2005 - 2006,
,,2008 - 2009,
,,2009 - 2010,
,,2010 - 2011,
,,2011 - 2012,
,,2012 - 2013,
,,2013 - 2014,
,,2014 - 2015,
,,2015 - 2016,
,,2016 - 2017,
,,2017 - 2018,
,,2018 - 2019,
,,2019 - 2020,
,,2020 - 2021,
,,2021 - 2022,
,,2022 - 2023,
Uttarakhand,Champawat,2000 - 2001,
,Dehradun,2000 - 2001,
,,2001 - 2002,
,,2002 - 2003,
,,2016 - 2017,
,,2018 - 2019,
,Haridwar,2001 - 2002,
,,2002 - 2003,
,,2004 - 2005,
,,2014 - 2015,
,,2016 - 2017,
,Nainital,2006 - 2007,
,,2016 - 2017,
,Udam singh nagar,2000 - 2001,
,,2001 - 2002,
,,2002 - 2003,
,,2003 - 2004,
,,2004 - 2005,
,,2005 - 2006,
,,2013 - 2014,
West Bengal,paraganas north,2001 - 2002,
,,2004 - 2005,
,,2005 - 2006,
,,2006 - 2007,
,,2007 - 2008,
,,2008 - 2009,
,,2009 - 2010,
,,2011 - 2012,
,,2014 - 2015,
,,2016 - 2017,
,,2017 - 2018,
,,2018 - 2019,
,,2019 - 2020,
,,2020 - 2021,
,,2021 - 2022,
,,2022 - 2023,
,paraganas south,2001 - 2002,
,,2003 - 2004,
,,2005 - 2006,
,,2007 - 2008,
,,2008 - 2009,
,,2009 - 2010,
,,2010 - 2011,
,,2011 - 2012,
,,2012 - 2013,
,,2013 - 2014,
,,2014 - 2015,
,,2015 - 2016,
,,2016 - 2017,
,,2017 - 2018,
,,2018 - 2019,
,,2019 - 2020,
,,2020 - 2021,
,,2021 - 2022,
,,2022 - 2023,
,Alipurduar,2016 - 2017,
,,2017 - 2018,
,,2018 - 2019,
,,2019 - 2020,
,,2020 - 2021,
,,2021 - 2022,
,,2022 - 2023,
,Bankura,2000 - 2001,
,,2001 - 2002,
,,2002 - 2003,
,,2003 - 2004,
,,2004 - 2005,
,,2005 - 2006,
,,2006 - 2007,
,,2007 - 2008,
,,2008 - 2009,
,,2009 - 2010,
,,2010 - 2011,
,,2011 - 2012,
,,2012 - 2013,
,,2013 - 2014,
,,2014 - 2015,
,,2015 - 2016,
,,2016 - 2017,
,,2017 - 2018,
,,2018 - 2019,
,,2019 - 2020,
,,2022 - 2023,
,Birbhum,2000 - 2001,
,,2001 - 2002,
,,2002 - 2003,
,,2003 - 2004,
,,2004 - 2005,
,,2005 - 2006,
,,2006 - 2007,
,,2007 - 2008,
,,2008 - 2009,
,,2009 - 2010,
,,2010 - 2011,
,,2011 - 2012,
,,2012 - 2013,
,,2013 - 2014,
,,2014 - 2015,
,,2015 - 2016,
,,2016 - 2017,
,,2017 - 2018,
,,2018 - 2019,
,,2019 - 2020,
,,2020 - 2021,
,,2021 - 2022,
,,2022 - 2023,
,Coochbehar,2000 - 2001,
,,2001 - 2002,
,,2002 - 2003,
,,2003 - 2004,
,,2004 - 2005,
,,2005 - 2006,
,,2006 - 2007,
,,2007 - 2008,
,,2008 - 2009,
,,2009 - 2010,
,,2010 - 2011,
,,2011 - 2012,
,,2012 - 2013,
,,2013 - 2014,
,,2014 - 2015,
,,2015 - 2016,
,,2016 - 2017,
,,2017 - 2018,
,,2018 - 2019,
,,2019 - 2020,
,,2020 - 2021,
,,2021 - 2022,
,,2022 - 2023,
,Darjeeling,2000 - 2001,
,,2001 - 2002,
,,2002 - 2003,
,,2003 - 2004,
,,2004 - 2005,
,,2005 - 2006,
,,2006 - 2007,
,,2007 - 2008,
,,2008 - 2009,
,,2009 - 2010,
,,2010 - 2011,
,,2011 - 2012,
,,2012 - 2013,
,,2013 - 2014,
,,2014 - 2015,
,,2015 - 2016,
,,2016 - 2017,
,,2017 - 2018,
,,2018 - 2019,
,,2019 - 2020,
,,2020 - 2021,
,,2021 - 2022,
,,2022 - 2023,
,Dinajpur dakshin,2000 - 2001,
,,2001 - 2002,
,,2002 - 2003,
,,2003 - 2004,
,,2004 - 2005,
,,2005 - 2006,
,,2006 - 2007,
,,2007 - 2008,
,,2008 - 2009,
,,2009 - 2010,
,,2010 - 2011,
,,2011 - 2012,
,,2012 - 2013,
,,2013 - 2014,
,,2014 - 2015,
,,2015 - 2016,
,,2016 - 2017,
,,2017 - 2018,
,,2018 - 2019,
,,2019 - 2020,
,,2020 - 2021,
,,2021 - 2022,
,,2022 - 2023,
,Dinajpur uttar,2000 - 2001,
,,2001 - 2002,
,,2002 - 2003,
,,2003 - 2004,
,,2004 - 2005,
,,2005 - 2006,
,,2006 - 2007,
,,2007 - 2008,
,,2008 - 2009,
,,2009 - 2010,
,,2010 - 2011,
,,2011 - 2012,
,,2012 - 2013,
,,2013 - 2014,
,,2014 - 2015,
,,2015 - 2016,
,,2016 - 2017,
,,2017 - 2018,
,,2018 - 2019,
,,2019 - 2020,
,,2020 - 2021,
,,2021 - 2022,
,,2022 - 2023,
,Howrah,2017 - 2018,
,,2018 - 2019,
,,2021 - 2022,
,,2022 - 2023,
,Jalpaiguri,2000 - 2001,
,,2001 - 2002,
,,2002 - 2003,
,,2003 - 2004,
,,2004 - 2005,
,,2005 - 2006,
,,2006 - 2007,
,,2007 - 2008,
,,2008 - 2009,
,,2009 - 2010,
,,2010 - 2011,
,,2011 - 2012,
,,2012 - 2013,
,,2013 - 2014,
,,2014 - 2015,
,,2015 - 2016,
,,2016 - 2017,
,,2017 - 2018,
,,2018 - 2019,
,,2019 - 2020,
,,2020 - 2021,
,,2021 - 2022,
,,2022 - 2023,
,Maldah,2000 - 2001,
,,2001 - 2002,
,,2002 - 2003,
,,2003 - 2004,
,,2004 - 2005,
,,2005 - 2006,
,,2006 - 2007,
,,2007 - 2008,
,,2008 - 2009,
,,2009 - 2010,
,,2010 - 2011,
,,2011 - 2012,
,,2012 - 2013,
,,2013 - 2014,
,,2014 - 2015,
,,2015 - 2016,
,,2016 - 2017,
,,2017 - 2018,
,,2018 - 2019,
,,2019 - 2020,
,,2020 - 2021,
,,2021 - 2022,
,,2022 - 2023,
,Medinipur west,2000 - 2001,
,,2004 - 2005,
,,2005 - 2006,
,,2008 - 2009,
,,2012 - 2013,
,,2013 - 2014,
,,2014 - 2015,
,,2015 - 2016,
,,2016 - 2017,
,,2017 - 2018,
,,2018 - 2019,
,,2019 - 2020,
,,2020 - 2021,
,Murshidabad,2000 - 2001,
,,2001 - 2002,
,,2002 - 2003,
,,2003 - 2004,
,,2004 - 2005,
,,2005 - 2006,
,,2006 - 2007,
,,2007 - 2008,
,,2008 - 2009,
,,2009 - 2010,
,,2010 - 2011,
,,2011 - 2012,
,,2012 - 2013,
,,2013 - 2014,
,,2014 - 2015,
,,2015 - 2016,
,,2016 - 2017,
,,2017 - 2018,
,,2018 - 2019,
,,2019 - 2020,
,,2020 - 2021,
,,2021 - 2022,
,,2022 - 2023,
,Nadia,2000 - 2001,
,,2001 - 2002,
,,2002 - 2003,
,,2003 - 2004,
,,2004 - 2005,
,,2005 - 2006,
,,2006 - 2007,
,,2007 - 2008,
,,2008 - 2009,
,,2009 - 2010,
,,2010 - 2011,
,,2011 - 2012,
,,2012 - 2013,
,,2013 - 2014,
,,2014 - 2015,
,,2015 - 2016,
,,2016 - 2017,
,,2017 - 2018,
,,2018 - 2019,
,,2019 - 2020,
,,2020 - 2021,
,,2021 - 2022,
,,2022 - 2023,
,Purba bardhaman,2000 - 2001,
,,2001 - 2002,
,,2002 - 2003,
,,2003 - 2004,
,,2004 - 2005,
,,2005 - 2006,
,,2006 - 2007,
,,2007 - 2008,
,,2008 - 2009,
,,2009 - 2010,
,,2010 - 2011,
,,2011 - 2012,
,,2012 - 2013,
,,2014 - 2015,
,,2015 - 2016,
,,2016 - 2017,
,,2017 - 2018,
,,2018 - 2019,
,,2019 - 2020,
,,2020 - 2021,
,,2021 - 2022,
,,2022 - 2023,
,Purulia,2000 - 2001,
,,2001 - 2002,
,,2002 - 2003,
,,2003 - 2004,
,,2004 - 2005,
,,2005 - 2006,
,,2006 - 2007,
,,2007 - 2008,
,,2008 - 2009,
,,2009 - 2010,
,,2010 - 2011,
,,2011 - 2012,
,,2012 - 2013,
,,2013 - 2014,
,,2014 - 2015,
,,2015 - 2016,
,,2016 - 2017,
,,2017 - 2018,
,,2018 - 2019,
,,2019 - 2020,
,,2020 - 2021,
,,2021 - 2022,
,,2022 - 2023,
