state,district,year,cowpea_whole_year_yield_tonne_per_hectare
Andaman and Nicobar Islands,Nicobars,2011 - 2012,
,,2012 - 2013,
,,2013 - 2014,
,,2014 - 2015,
,,2015 - 2016,
,North and middle andaman,2011 - 2012,
,,2012 - 2013,
,,2013 - 2014,
,,2014 - 2015,
,,2015 - 2016,
,South andamans,2011 - 2012,
,,2012 - 2013,
,,2013 - 2014,
,,2014 - 2015,
,,2015 - 2016,
,,2016 - 2017,
Andhra Pradesh,Alluri sitharama raju,2022 - 2023,
,Anakapalli,2022 - 2023,
,Anantapur,2011 - 2012,
,,2012 - 2013,
,,2013 - 2014,
,,2014 - 2015,
,,2015 - 2016,
,,2016 - 2017,
,,2017 - 2018,
,,2018 - 2019,
,,2019 - 2020,
,,2020 - 2021,
,,2021 - 2022,
,,2022 - 2023,
,Annamayya,2022 - 2023,
,Bapatla,2022 - 2023,
,Chittoor,2011 - 2012,
,,2012 - 2013,
,,2013 - 2014,
,,2014 - 2015,
,,2015 - 2016,
,,2016 - 2017,
,,2017 - 2018,
,,2018 - 2019,
,,2019 - 2020,
,,2020 - 2021,
,,2021 - 2022,
,,2022 - 2023,
,East godavari,2011 - 2012,
,,2013 - 2014,
,,2014 - 2015,
,,2015 - 2016,
,,2016 - 2017,
,,2017 - 2018,
,,2018 - 2019,
,,2019 - 2020,
,,2020 - 2021,
,,2021 - 2022,
,,2022 - 2023,
,Eluru,2022 - 2023,
,Guntur,2013 - 2014,
,,2014 - 2015,
,,2015 - 2016,
,,2018 - 2019,
,,2020 - 2021,
,,2021 - 2022,
,Kadapa,2011 - 2012,
,,2012 - 2013,
,,2013 - 2014,
,,2014 - 2015,
,,2015 - 2016,
,,2016 - 2017,
,,2017 - 2018,
,,2018 - 2019,
,,2019 - 2020,
,,2020 - 2021,
,,2021 - 2022,
,,2022 - 2023,
,Kakinada,2022 - 2023,
,Krishna,2019 - 2020,
,,2020 - 2021,
,,2021 - 2022,
,Kurnool,2011 - 2012,
,,2013 - 2014,
,,2014 - 2015,
,,2015 - 2016,
,,2018 - 2019,
,,2019 - 2020,
,,2020 - 2021,
,,2021 - 2022,
,,2022 - 2023,
,Nandyal,2022 - 2023,
,Ntr,2022 - 2023,
,Palnadu,2022 - 2023,
,Prakasam,2011 - 2012,
,,2012 - 2013,
,,2013 - 2014,
,,2014 - 2015,
,,2015 - 2016,
,,2016 - 2017,
,,2017 - 2018,
,,2018 - 2019,
,,2019 - 2020,
,,2020 - 2021,
,,2021 - 2022,
,,2022 - 2023,
,Spsr nellore,2011 - 2012,
,,2013 - 2014,
,,2014 - 2015,
,,2015 - 2016,
,,2016 - 2017,
,,2017 - 2018,
,,2018 - 2019,
,,2019 - 2020,
,,2020 - 2021,
,,2021 - 2022,
,,2022 - 2023,
,Sri sathya sai,2022 - 2023,
,Tirupati,2022 - 2023,
,Visakhapatanam,2011 - 2012,
,,2012 - 2013,
,,2013 - 2014,
,,2014 - 2015,
,,2015 - 2016,
,,2016 - 2017,
,,2017 - 2018,
,,2018 - 2019,
,,2019 - 2020,
,,2020 - 2021,
,,2021 - 2022,
,,2022 - 2023,
,Vizianagaram,2019 - 2020,
,West godavari,2011 - 2012,
,,2013 - 2014,
,,2014 - 2015,
,,2015 - 2016,
,,2016 - 2017,
,,2017 - 2018,
,,2018 - 2019,
,,2019 - 2020,
,,2020 - 2021,
,,2021 - 2022,
Dadra and Nagar Haveli,Dadra and Nagar Haveli,2016 - 2017,
,,2018 - 2019,
,,2019 - 2020,
Haryana,Hisar,2021 - 2022,
Jammu and Kashmir,Badgam,2006 - 2007,
,Bandipora,2010 - 2011,
,,2015 - 2016,
,,2016 - 2017,
,Baramulla,2006 - 2007,
,,2011 - 2012,
,,2015 - 2016,
,,2016 - 2017,
,Jammu,2006 - 2007,
,,2010 - 2011,
,,2015 - 2016,
,,2016 - 2017,
,Kathua,2015 - 2016,
,,2016 - 2017,
,Kishtwar,2015 - 2016,
,Leh ladakh,2010 - 2011,
,Samba,2015 - 2016,
Karnataka,Bagalkot,2010 - 2011,
,,2011 - 2012,
,,2012 - 2013,
,,2013 - 2014,
,,2014 - 2015,
,,2015 - 2016,
,,2016 - 2017,
,,2017 - 2018,
,,2018 - 2019,
,,2019 - 2020,
,,2020 - 2021,
,,2021 - 2022,
,,2022 - 2023,
,Bangalore rural,2010 - 2011,
,,2011 - 2012,
,,2012 - 2013,
,,2013 - 2014,
,,2014 - 2015,
,,2015 - 2016,
,,2016 - 2017,
,,2017 - 2018,
,,2018 - 2019,
,,2019 - 2020,
,,2020 - 2021,
,,2021 - 2022,
,,2022 - 2023,
,Belgaum,2010 - 2011,
,,2011 - 2012,
,,2012 - 2013,
,,2013 - 2014,
,,2014 - 2015,
,,2015 - 2016,
,,2016 - 2017,
,,2017 - 2018,
,,2018 - 2019,
,,2019 - 2020,
,,2020 - 2021,
,,2021 - 2022,
,,2022 - 2023,
,Bellary,2010 - 2011,
,,2011 - 2012,
,,2012 - 2013,
,,2013 - 2014,
,,2014 - 2015,
,,2015 - 2016,
,,2016 - 2017,
,,2017 - 2018,
,,2018 - 2019,
,,2019 - 2020,
,,2020 - 2021,
,,2021 - 2022,
,,2022 - 2023,
,Bengaluru urban,2010 - 2011,
,,2011 - 2012,
,,2012 - 2013,
,,2013 - 2014,
,,2014 - 2015,
,,2015 - 2016,
,,2016 - 2017,
,,2017 - 2018,
,,2018 - 2019,
,,2019 - 2020,
,,2020 - 2021,
,,2021 - 2022,
,,2022 - 2023,
,Bidar,2010 - 2011,
,,2011 - 2012,
,,2012 - 2013,
,,2013 - 2014,
,,2014 - 2015,
,,2015 - 2016,
,,2016 - 2017,
,,2017 - 2018,
,,2018 - 2019,
,,2019 - 2020,
,,2020 - 2021,
,,2021 - 2022,
,,2022 - 2023,
,Bijapur,2010 - 2011,
,,2011 - 2012,
,,2012 - 2013,
,,2013 - 2014,
,,2014 - 2015,
,,2015 - 2016,
,,2016 - 2017,
,,2017 - 2018,
,,2018 - 2019,
,,2019 - 2020,
,,2020 - 2021,
,,2021 - 2022,
,,2022 - 2023,
,Chamarajanagar,2010 - 2011,
,,2011 - 2012,
,,2012 - 2013,
,,2013 - 2014,
,,2014 - 2015,
,,2015 - 2016,
,,2016 - 2017,
,,2017 - 2018,
,,2018 - 2019,
,,2019 - 2020,
,,2020 - 2021,
,,2021 - 2022,
,,2022 - 2023,
,Chikballapur,2010 - 2011,
,,2011 - 2012,
,,2012 - 2013,
,,2013 - 2014,
,,2014 - 2015,
,,2015 - 2016,
,,2016 - 2017,
,,2017 - 2018,
,,2018 - 2019,
,,2019 - 2020,
,,2020 - 2021,
,,2021 - 2022,
,,2022 - 2023,
,Chikmagalur,2010 - 2011,
,,2011 - 2012,
,,2012 - 2013,
,,2013 - 2014,
,,2014 - 2015,
,,2015 - 2016,
,,2016 - 2017,
,,2017 - 2018,
,,2018 - 2019,
,,2019 - 2020,
,,2020 - 2021,
,,2021 - 2022,
,,2022 - 2023,
,Chitradurga,2010 - 2011,
,,2011 - 2012,
,,2012 - 2013,
,,2013 - 2014,
,,2014 - 2015,
,,2015 - 2016,
,,2016 - 2017,
,,2017 - 2018,
,,2018 - 2019,
,,2019 - 2020,
,,2020 - 2021,
,,2021 - 2022,
,,2022 - 2023,
,Dakshin kannad,2010 - 2011,
,,2011 - 2012,
,,2012 - 2013,
,,2013 - 2014,
,,2014 - 2015,
,,2015 - 2016,
,,2016 - 2017,
,,2017 - 2018,
,,2018 - 2019,
,,2019 - 2020,
,,2020 - 2021,
,,2021 - 2022,
,,2022 - 2023,
,Davangere,2010 - 2011,
,,2011 - 2012,
,,2012 - 2013,
,,2013 - 2014,
,,2014 - 2015,
,,2015 - 2016,
,,2016 - 2017,
,,2017 - 2018,
,,2018 - 2019,
,,2019 - 2020,
,,2020 - 2021,
,,2021 - 2022,
,,2022 - 2023,
,Dharwad,2010 - 2011,
,,2011 - 2012,
,,2012 - 2013,
,,2013 - 2014,
,,2014 - 2015,
,,2015 - 2016,
,,2016 - 2017,
,,2017 - 2018,
,,2018 - 2019,
,,2019 - 2020,
,,2020 - 2021,
,,2021 - 2022,
,,2022 - 2023,
,Gadag,2010 - 2011,
,,2011 - 2012,
,,2012 - 2013,
,,2013 - 2014,
,,2014 - 2015,
,,2015 - 2016,
,,2016 - 2017,
,,2017 - 2018,
,,2018 - 2019,
,,2019 - 2020,
,,2020 - 2021,
,,2021 - 2022,
,,2022 - 2023,
,Gulbarga,2010 - 2011,
,,2011 - 2012,
,,2012 - 2013,
,,2013 - 2014,
,,2014 - 2015,
,,2015 - 2016,
,,2016 - 2017,
,,2017 - 2018,
,,2018 - 2019,
,,2019 - 2020,
,,2020 - 2021,
,,2021 - 2022,
,,2022 - 2023,
,Hassan,2010 - 2011,
,,2011 - 2012,
,,2012 - 2013,
,,2013 - 2014,
,,2014 - 2015,
,,2015 - 2016,
,,2016 - 2017,
,,2017 - 2018,
,,2018 - 2019,
,,2019 - 2020,
,,2020 - 2021,
,,2021 - 2022,
,,2022 - 2023,
,Haveri,2010 - 2011,
,,2011 - 2012,
,,2012 - 2013,
,,2013 - 2014,
,,2014 - 2015,
,,2015 - 2016,
,,2016 - 2017,
,,2017 - 2018,
,,2018 - 2019,
,,2019 - 2020,
,,2020 - 2021,
,,2021 - 2022,
,,2022 - 2023,
,Kodagu,2010 - 2011,
,,2011 - 2012,
,,2012 - 2013,
,,2013 - 2014,
,,2014 - 2015,
,,2015 - 2016,
,,2016 - 2017,
,,2017 - 2018,
,,2018 - 2019,
,,2019 - 2020,
,,2021 - 2022,
,Kolar,2010 - 2011,
,,2011 - 2012,
,,2012 - 2013,
,,2013 - 2014,
,,2014 - 2015,
,,2015 - 2016,
,,2016 - 2017,
,,2017 - 2018,
,,2018 - 2019,
,,2019 - 2020,
,,2020 - 2021,
,,2021 - 2022,
,,2022 - 2023,
,Koppal,2010 - 2011,
,,2011 - 2012,
,,2012 - 2013,
,,2013 - 2014,
,,2014 - 2015,
,,2015 - 2016,
,,2016 - 2017,
,,2017 - 2018,
,,2018 - 2019,
,,2019 - 2020,
,,2020 - 2021,
,,2021 - 2022,
,,2022 - 2023,
,Mandya,2010 - 2011,
,,2011 - 2012,
,,2012 - 2013,
,,2013 - 2014,
,,2014 - 2015,
,,2015 - 2016,
,,2016 - 2017,
,,2017 - 2018,
,,2018 - 2019,
,,2019 - 2020,
,,2020 - 2021,
,,2021 - 2022,
,,2022 - 2023,
,Mysore,2010 - 2011,
,,2011 - 2012,
,,2012 - 2013,
,,2013 - 2014,
,,2014 - 2015,
,,2015 - 2016,
,,2016 - 2017,
,,2017 - 2018,
,,2018 - 2019,
,,2019 - 2020,
,,2020 - 2021,
,,2021 - 2022,
,,2022 - 2023,
,Raichur,2010 - 2011,
,,2011 - 2012,
,,2012 - 2013,
,,2013 - 2014,
,,2014 - 2015,
,,2015 - 2016,
,,2016 - 2017,
,,2017 - 2018,
,,2018 - 2019,
,,2019 - 2020,
,,2020 - 2021,
,,2021 - 2022,
,,2022 - 2023,
,Ramanagara,2010 - 2011,
,,2011 - 2012,
,,2012 - 2013,
,,2013 - 2014,
,,2014 - 2015,
,,2015 - 2016,
,,2016 - 2017,
,,2017 - 2018,
,,2018 - 2019,
,,2019 - 2020,
,,2020 - 2021,
,,2021 - 2022,
,,2022 - 2023,
,Shimoga,2010 - 2011,
,,2011 - 2012,
,,2012 - 2013,
,,2013 - 2014,
,,2014 - 2015,
,,2015 - 2016,
,,2016 - 2017,
,,2017 - 2018,
,,2018 - 2019,
,,2019 - 2020,
,,2020 - 2021,
,,2021 - 2022,
,,2022 - 2023,
,Tumkur,2010 - 2011,
,,2011 - 2012,
,,2012 - 2013,
,,2013 - 2014,
,,2014 - 2015,
,,2015 - 2016,
,,2016 - 2017,
,,2017 - 2018,
,,2018 - 2019,
,,2019 - 2020,
,,2020 - 2021,
,,2021 - 2022,
,,2022 - 2023,
,Udupi,2010 - 2011,
,,2011 - 2012,
,,2012 - 2013,
,,2013 - 2014,
,,2014 - 2015,
,,2015 - 2016,
,,2016 - 2017,
,,2017 - 2018,
,,2018 - 2019,
,,2019 - 2020,
,,2020 - 2021,
,,2021 - 2022,
,,2022 - 2023,
,Uttar kannad,2010 - 2011,
,,2011 - 2012,
,,2012 - 2013,
,,2013 - 2014,
,,2014 - 2015,
,,2015 - 2016,
,,2016 - 2017,
,,2017 - 2018,
,,2018 - 2019,
,,2019 - 2020,
,,2020 - 2021,
,,2021 - 2022,
,,2022 - 2023,
,Vijayanagar,2022 - 2023,
,Yadgir,2010 - 2011,
,,2011 - 2012,
,,2012 - 2013,
,,2013 - 2014,
,,2014 - 2015,
,,2015 - 2016,
,,2016 - 2017,
,,2017 - 2018,
,,2018 - 2019,
,,2019 - 2020,
,,2020 - 2021,
,,2021 - 2022,
,,2022 - 2023,
Kerala,Alappuzha,2012 - 2013,0.0
,,2014 - 2015,0.0
,Ernakulam,2012 - 2013,0.0
,,2013 - 2014,0.0
,,2014 - 2015,0.0
,Idukki,2014 - 2015,0.0
,Kannur,2012 - 2013,0.0
,,2013 - 2014,0.0
,,2014 - 2015,0.0
,Kasaragod,2012 - 2013,0.0
,,2013 - 2014,0.0
,,2014 - 2015,0.0
,Kollam,2012 - 2013,0.0
,,2013 - 2014,0.0
,,2014 - 2015,0.0
,Kottayam,2012 - 2013,0.0
,,2013 - 2014,0.0
,,2014 - 2015,0.0
,Kozhikode,2012 - 2013,0.0
,,2013 - 2014,0.0
,,2014 - 2015,0.0
,Malappuram,2012 - 2013,0.0
,,2013 - 2014,0.0
,,2014 - 2015,0.0
,Palakkad,2012 - 2013,0.0
,,2013 - 2014,0.0
,,2014 - 2015,0.0
,Pathanamthitta,2013 - 2014,0.0
,,2014 - 2015,0.0
,Thiruvananthapuram,2012 - 2013,0.0
,,2013 - 2014,0.0
,,2014 - 2015,0.0
,Wayanad,2012 - 2013,0.0
,,2013 - 2014,0.0
Madhya Pradesh,Anuppur,2009 - 2010,
,,2010 - 2011,
,Balaghat,2009 - 2010,
,,2010 - 2011,
,Betul,2009 - 2010,
,,2010 - 2011,
,Bhopal,2009 - 2010,
,,2010 - 2011,
,Chhatarpur,2009 - 2010,
,,2010 - 2011,
,Chhindwara,2009 - 2010,
,,2010 - 2011,
,Damoh,2009 - 2010,
,,2010 - 2011,
,Datia,2009 - 2010,
,Dhar,2009 - 2010,
,,2010 - 2011,
,Hoshangabad,2009 - 2010,
,,2010 - 2011,
,Jabalpur,2009 - 2010,
,,2010 - 2011,
,Jhabua,2009 - 2010,
,,2010 - 2011,
,Katni,2009 - 2010,
,,2010 - 2011,
,Khandwa,2009 - 2010,
,,2010 - 2011,
,Mandla,2009 - 2010,
,,2010 - 2011,
,Narsinghpur,2009 - 2010,
,,2010 - 2011,
,Panna,2009 - 2010,
,,2010 - 2011,
,Raisen,2009 - 2010,
,,2010 - 2011,
,Rewa,2009 - 2010,
,,2010 - 2011,
,Sagar,2009 - 2010,
,,2010 - 2011,
,Satna,2009 - 2010,
,,2010 - 2011,
,Seoni,2009 - 2010,
,,2010 - 2011,
,Shahdol,2009 - 2010,
,,2010 - 2011,
,Shajapur,2009 - 2010,
,,2010 - 2011,
,Sidhi,2009 - 2010,
,,2010 - 2011,
,Singrauli,2009 - 2010,
,,2010 - 2011,
,Tikamgarh,2009 - 2010,
,,2010 - 2011,
,Umaria,2009 - 2010,
,,2010 - 2011,
Manipur,Bishnupur,2008 - 2009,
,,2009 - 2010,
,,2010 - 2011,
,,2011 - 2012,
,,2012 - 2013,
,,2013 - 2014,
,,2014 - 2015,
,,2015 - 2016,
,,2016 - 2017,
,,2017 - 2018,
,,2018 - 2019,
,Chandel,2008 - 2009,
,,2010 - 2011,
,,2011 - 2012,
,,2012 - 2013,
,,2013 - 2014,
,,2014 - 2015,
,,2015 - 2016,
,,2016 - 2017,
,,2017 - 2018,
,,2018 - 2019,
,Churachandpur,2008 - 2009,
,,2009 - 2010,
,,2010 - 2011,
,,2011 - 2012,
,,2012 - 2013,
,,2013 - 2014,
,,2014 - 2015,
,,2015 - 2016,
,,2016 - 2017,
,,2017 - 2018,
,,2018 - 2019,
,Imphal east,2008 - 2009,
,,2009 - 2010,
,,2010 - 2011,
,,2011 - 2012,
,,2012 - 2013,
,,2013 - 2014,
,,2014 - 2015,
,,2015 - 2016,
,,2016 - 2017,
,,2017 - 2018,
,,2018 - 2019,
,Imphal west,2008 - 2009,
,,2009 - 2010,
,,2010 - 2011,
,,2011 - 2012,
,,2012 - 2013,
,,2013 - 2014,
,,2014 - 2015,
,,2015 - 2016,
,,2016 - 2017,
,,2017 - 2018,
,,2018 - 2019,
,Senapati,2008 - 2009,
,,2009 - 2010,
,,2010 - 2011,
,,2011 - 2012,
,,2012 - 2013,
,,2013 - 2014,
,,2014 - 2015,
,,2015 - 2016,
,,2016 - 2017,
,,2017 - 2018,
,,2018 - 2019,
,Tamenglong,2008 - 2009,
,,2009 - 2010,
,,2010 - 2011,
,,2011 - 2012,
,,2012 - 2013,
,,2013 - 2014,
,,2014 - 2015,
,,2015 - 2016,
,,2016 - 2017,
,,2017 - 2018,
,,2018 - 2019,
,Thoubal,2008 - 2009,
,,2009 - 2010,
,,2010 - 2011,
,,2011 - 2012,
,,2012 - 2013,
,,2013 - 2014,
,,2014 - 2015,
,,2015 - 2016,
,,2016 - 2017,
,,2017 - 2018,
,,2018 - 2019,
,Ukhrul,2008 - 2009,
,,2009 - 2010,
,,2010 - 2011,
,,2011 - 2012,
,,2012 - 2013,
,,2013 - 2014,
,,2014 - 2015,
,,2015 - 2016,
,,2016 - 2017,
,,2017 - 2018,
,,2018 - 2019,
Meghalaya,East garo hills,2013 - 2014,
,,2014 - 2015,
,,2015 - 2016,
,,2016 - 2017,
,,2017 - 2018,
,,2018 - 2019,
,,2019 - 2020,
,,2020 - 2021,
,,2022 - 2023,
,East jaintia hills,2013 - 2014,
,,2014 - 2015,
,,2015 - 2016,
,,2016 - 2017,
,,2017 - 2018,
,,2018 - 2019,
,,2019 - 2020,
,,2020 - 2021,
,,2022 - 2023,
,East khasi hills,2013 - 2014,
,,2014 - 2015,
,,2015 - 2016,
,,2016 - 2017,
,,2017 - 2018,
,,2018 - 2019,
,,2019 - 2020,
,,2020 - 2021,
,,2022 - 2023,
,North garo hills,2013 - 2014,
,,2014 - 2015,
,,2015 - 2016,
,,2016 - 2017,
,,2017 - 2018,
,,2018 - 2019,
,,2019 - 2020,
,,2020 - 2021,
,,2022 - 2023,
,Ri bhoi,2013 - 2014,
,,2014 - 2015,
,,2015 - 2016,
,,2016 - 2017,
,,2017 - 2018,
,,2018 - 2019,
,,2019 - 2020,
,,2020 - 2021,
,,2022 - 2023,
,South garo hills,2013 - 2014,
,,2014 - 2015,
,,2015 - 2016,
,,2016 - 2017,
,,2017 - 2018,
,,2018 - 2019,
,,2019 - 2020,
,,2020 - 2021,
,,2022 - 2023,
,South west garo hills,2013 - 2014,
,,2014 - 2015,
,,2015 - 2016,
,,2016 - 2017,
,,2017 - 2018,
,,2018 - 2019,
,,2019 - 2020,
,,2020 - 2021,
,,2022 - 2023,
,South west khasi hills,2013 - 2014,
,,2014 - 2015,
,,2015 - 2016,
,,2016 - 2017,
,,2017 - 2018,
,,2018 - 2019,
,,2019 - 2020,
,,2020 - 2021,
,,2022 - 2023,
,West garo hills,2013 - 2014,
,,2014 - 2015,
,,2015 - 2016,
,,2016 - 2017,
,,2017 - 2018,
,,2018 - 2019,
,,2019 - 2020,
,,2020 - 2021,
,,2022 - 2023,
,West jaintia hills,2013 - 2014,
,,2014 - 2015,
,,2015 - 2016,
,,2016 - 2017,
,,2017 - 2018,
,,2018 - 2019,
,,2019 - 2020,
,,2020 - 2021,
,,2022 - 2023,
,West khasi hills,2013 - 2014,
,,2014 - 2015,
,,2015 - 2016,
,,2016 - 2017,
,,2017 - 2018,
,,2018 - 2019,
,,2019 - 2020,
,,2020 - 2021,
,,2022 - 2023,
Mizoram,Aizawl,2010 - 2011,
,,2011 - 2012,
,,2012 - 2013,
,,2013 - 2014,
,,2014 - 2015,
,,2015 - 2016,
,,2016 - 2017,
,,2017 - 2018,
,,2018 - 2019,
,,2019 - 2020,
,,2020 - 2021,
,,2021 - 2022,
,,2022 - 2023,
,Champhai,2010 - 2011,
,,2011 - 2012,
,,2012 - 2013,
,,2013 - 2014,
,,2014 - 2015,
,,2015 - 2016,
,,2016 - 2017,
,,2017 - 2018,
,,2018 - 2019,
,,2019 - 2020,
,,2020 - 2021,
,,2021 - 2022,
,,2022 - 2023,
,Hnahthial,2020 - 2021,
,,2022 - 2023,
,Khawzawl,2020 - 2021,
,,2021 - 2022,
,,2022 - 2023,
,Kolasib,2010 - 2011,
,,2011 - 2012,
,,2012 - 2013,
,,2013 - 2014,
,,2014 - 2015,
,,2015 - 2016,
,,2016 - 2017,
,,2017 - 2018,
,,2018 - 2019,
,,2019 - 2020,
,,2020 - 2021,
,,2021 - 2022,
,,2022 - 2023,
,Lawngtlai,2010 - 2011,
,,2011 - 2012,
,,2013 - 2014,
,,2014 - 2015,
,,2015 - 2016,
,,2016 - 2017,
,,2017 - 2018,
,,2018 - 2019,
,,2019 - 2020,
,,2020 - 2021,
,,2021 - 2022,
,,2022 - 2023,
,Lunglei,2010 - 2011,
,,2011 - 2012,
,,2012 - 2013,
,,2013 - 2014,
,,2014 - 2015,
,,2015 - 2016,
,,2016 - 2017,
,,2017 - 2018,
,,2018 - 2019,
,,2019 - 2020,
,,2020 - 2021,
,,2021 - 2022,
,,2022 - 2023,
,Mamit,2010 - 2011,
,,2011 - 2012,
,,2012 - 2013,
,,2013 - 2014,
,,2014 - 2015,
,,2015 - 2016,
,,2016 - 2017,
,,2017 - 2018,
,,2018 - 2019,
,,2019 - 2020,
,,2020 - 2021,
,,2021 - 2022,
,,2022 - 2023,
,Saiha,2010 - 2011,
,,2011 - 2012,
,,2012 - 2013,
,,2013 - 2014,
,,2014 - 2015,
,,2015 - 2016,
,,2016 - 2017,
,,2017 - 2018,
,,2018 - 2019,
,,2019 - 2020,
,,2020 - 2021,
,,2021 - 2022,
,,2022 - 2023,
,Saitual,2020 - 2021,
,,2021 - 2022,
,,2022 - 2023,
,Serchhip,2010 - 2011,
,,2011 - 2012,
,,2012 - 2013,
,,2013 - 2014,
,,2014 - 2015,
,,2015 - 2016,
,,2016 - 2017,
,,2017 - 2018,
,,2018 - 2019,
,,2019 - 2020,
,,2020 - 2021,
,,2021 - 2022,
,,2022 - 2023,
Nagaland,Chumoukedima,2022 - 2023,
,Dimapur,2013 - 2014,
,,2014 - 2015,
,,2015 - 2016,
,,2016 - 2017,
,,2017 - 2018,
,,2018 - 2019,
,,2019 - 2020,
,,2020 - 2021,
,,2021 - 2022,
,,2022 - 2023,
,Kiphire,2021 - 2022,
,,2022 - 2023,
,Kohima,2021 - 2022,
,,2022 - 2023,
,Mokokchung,2021 - 2022,
,,2022 - 2023,
,Mon,2013 - 2014,
,,2014 - 2015,
,,2015 - 2016,
,,2016 - 2017,
,,2017 - 2018,
,,2018 - 2019,
,,2019 - 2020,
,,2020 - 2021,
,,2021 - 2022,
,,2022 - 2023,
,Nuiland,2022 - 2023,
,Peren,2021 - 2022,
,,2022 - 2023,
,Phek,2013 - 2014,
,,2014 - 2015,
,,2015 - 2016,
,,2016 - 2017,
,,2017 - 2018,
,,2018 - 2019,
,,2019 - 2020,
,,2020 - 2021,
,,2021 - 2022,
,,2022 - 2023,
,Tseminyu,2022 - 2023,
,Wokha,2021 - 2022,
,,2022 - 2023,
Odisha,Balangir,2019 - 2020,
,Baleshwar,2019 - 2020,
,Bargarh,2019 - 2020,
,Bhadrak,2019 - 2020,
,Cuttack,2019 - 2020,
,Deogarh,2019 - 2020,
,Gajapati,2019 - 2020,
,Ganjam,2019 - 2020,
,Jagatsinghapur,2019 - 2020,
,Jajapur,2019 - 2020,
,Jharsuguda,2019 - 2020,
,Kalahandi,2019 - 2020,
,Kandhamal,2019 - 2020,
,Kendrapara,2019 - 2020,
,Kendujhar,2019 - 2020,
,Khordha,2019 - 2020,
,Koraput,2019 - 2020,
,Malkangiri,2019 - 2020,
,Mayurbhanj,2019 - 2020,
,Nabarangpur,2019 - 2020,
,Nayagarh,2019 - 2020,
,Puri,2019 - 2020,
,Rayagada,2019 - 2020,
,Sambalpur,2019 - 2020,
,Sonepur,2019 - 2020,
,Sundargarh,2019 - 2020,
Tamil Nadu,Ariyalur,2018 - 2019,
,,2019 - 2020,
,,2020 - 2021,
,,2022 - 2023,
,Chengalpattu,2020 - 2021,
,,2021 - 2022,
,,2022 - 2023,
,Coimbatore,2017 - 2018,
,,2018 - 2019,
,,2019 - 2020,
,,2020 - 2021,
,,2021 - 2022,
,,2022 - 2023,
,Cuddalore,2017 - 2018,
,,2018 - 2019,
,,2019 - 2020,
,,2020 - 2021,
,,2021 - 2022,
,,2022 - 2023,
,Dharmapuri,2017 - 2018,
,,2018 - 2019,
,,2019 - 2020,
,,2020 - 2021,
,,2021 - 2022,
,,2022 - 2023,
,Dindigul,2017 - 2018,
,,2018 - 2019,
,,2019 - 2020,
,,2020 - 2021,
,,2021 - 2022,
,,2022 - 2023,
,Erode,2017 - 2018,
,,2018 - 2019,
,,2019 - 2020,
,,2020 - 2021,
,,2021 - 2022,
,,2022 - 2023,
,Kallakurichi,2020 - 2021,
,,2021 - 2022,
,Kanchipuram,2017 - 2018,
,,2018 - 2019,
,,2019 - 2020,
,,2022 - 2023,
,Kanniyakumari,2017 - 2018,
,,2018 - 2019,
,,2019 - 2020,
,,2020 - 2021,
,,2021 - 2022,
,Karur,2017 - 2018,
,,2018 - 2019,
,,2019 - 2020,
,,2020 - 2021,
,,2021 - 2022,
,,2022 - 2023,
,Krishnagiri,2017 - 2018,
,,2018 - 2019,
,,2019 - 2020,
,,2020 - 2021,
,,2021 - 2022,
,,2022 - 2023,
,Madurai,2017 - 2018,
,,2018 - 2019,
,,2019 - 2020,
,,2020 - 2021,
,,2021 - 2022,
,,2022 - 2023,
,Namakkal,2017 - 2018,
,,2018 - 2019,
,,2019 - 2020,
,,2020 - 2021,
,,2021 - 2022,
,,2022 - 2023,
,Perambalur,2017 - 2018,
,,2018 - 2019,
,,2019 - 2020,
,,2020 - 2021,
,,2021 - 2022,
,,2022 - 2023,
,Pudukkottai,2017 - 2018,
,,2018 - 2019,
,,2019 - 2020,
,,2020 - 2021,
,,2021 - 2022,
,,2022 - 2023,
,Ramanathapuram,2017 - 2018,
,,2018 - 2019,
,,2019 - 2020,
,,2020 - 2021,
,,2021 - 2022,
,,2022 - 2023,
,Ranipet,2020 - 2021,
,,2021 - 2022,
,,2022 - 2023,
,Salem,2017 - 2018,
,,2018 - 2019,
,,2019 - 2020,
,,2020 - 2021,
,,2021 - 2022,
,,2022 - 2023,
,Sivaganga,2017 - 2018,
,,2018 - 2019,
,,2019 - 2020,
,,2020 - 2021,
,,2021 - 2022,
,,2022 - 2023,
,Theni,2017 - 2018,
,,2018 - 2019,
,,2019 - 2020,
,,2020 - 2021,
,,2021 - 2022,
,,2022 - 2023,
,Thenkasi,2020 - 2021,
,,2021 - 2022,
,,2022 - 2023,
,Thiruvallur,2017 - 2018,
,,2018 - 2019,
,,2019 - 2020,
,,2020 - 2021,
,,2021 - 2022,
,,2022 - 2023,
,Thoothukudi,2017 - 2018,
,,2018 - 2019,
,,2019 - 2020,
,,2020 - 2021,
,,2021 - 2022,
,,2022 - 2023,
,Tiruchirappalli,2017 - 2018,
,,2018 - 2019,
,,2019 - 2020,
,,2020 - 2021,
,,2021 - 2022,
,,2022 - 2023,
,Tirunelveli,2017 - 2018,
,,2018 - 2019,
,,2019 - 2020,
,,2020 - 2021,
,,2021 - 2022,
,,2022 - 2023,
,Tirupathur,2020 - 2021,
,,2021 - 2022,
,,2022 - 2023,
,Tiruppur,2017 - 2018,
,,2018 - 2019,
,,2019 - 2020,
,,2020 - 2021,
,,2021 - 2022,
,,2022 - 2023,
,Tiruvannamalai,2017 - 2018,
,,2018 - 2019,
,,2019 - 2020,
,,2020 - 2021,
,,2021 - 2022,
,,2022 - 2023,
,Vellore,2017 - 2018,
,,2018 - 2019,
,,2019 - 2020,
,,2020 - 2021,
,,2021 - 2022,
,,2022 - 2023,
,Villupuram,2017 - 2018,
,,2018 - 2019,
,,2019 - 2020,
,,2020 - 2021,
,,2021 - 2022,
,,2022 - 2023,
,Virudhunagar,2017 - 2018,
,,2018 - 2019,
,,2019 - 2020,
,,2020 - 2021,
,,2021 - 2022,
,,2022 - 2023,
Telangana,Adilabad,2011 - 2012,
,,2013 - 2014,
,,2014 - 2015,
,,2015 - 2016,
,,2016 - 2017,
,,2017 - 2018,
,,2018 - 2019,
,,2019 - 2020,
,,2020 - 2021,
,,2021 - 2022,
,,2022 - 2023,
,Bhadradri,2016 - 2017,
,,2017 - 2018,
,,2018 - 2019,
,,2019 - 2020,
,,2020 - 2021,
,,2021 - 2022,
,,2022 - 2023,
,Jagitial,2016 - 2017,
,,2017 - 2018,
,,2018 - 2019,
,,2019 - 2020,
,,2020 - 2021,
,,2021 - 2022,
,,2022 - 2023,
,Jangoan,2016 - 2017,
,,2017 - 2018,
,,2018 - 2019,
,,2019 - 2020,
,,2020 - 2021,
,,2021 - 2022,
,,2022 - 2023,
,Jayashankar,2016 - 2017,
,,2017 - 2018,
,,2018 - 2019,
,,2019 - 2020,
,,2020 - 2021,
,,2021 - 2022,
,,2022 - 2023,
,Jogulamba,2016 - 2017,
,,2017 - 2018,
,,2018 - 2019,
,,2019 - 2020,
,,2020 - 2021,
,,2021 - 2022,
,,2022 - 2023,
,Kamareddy,2016 - 2017,
,,2017 - 2018,
,,2019 - 2020,
,,2020 - 2021,
,,2021 - 2022,
,,2022 - 2023,
,Karimnagar,2011 - 2012,
,,2012 - 2013,
,,2013 - 2014,
,,2014 - 2015,
,,2015 - 2016,
,,2016 - 2017,
,,2017 - 2018,
,,2018 - 2019,
,,2019 - 2020,
,,2020 - 2021,
,,2021 - 2022,
,,2022 - 2023,
,Khammam,2011 - 2012,
,,2012 - 2013,
,,2013 - 2014,
,,2014 - 2015,
,,2015 - 2016,
,,2016 - 2017,
,,2017 - 2018,
,,2018 - 2019,
,,2019 - 2020,
,,2020 - 2021,
,,2021 - 2022,
,,2022 - 2023,
,Komaram bheem asifabad,2016 - 2017,
,,2017 - 2018,
,,2018 - 2019,
,,2019 - 2020,
,,2020 - 2021,
,,2021 - 2022,
,,2022 - 2023,
,Mahabubabad,2016 - 2017,
,,2017 - 2018,
,,2018 - 2019,
,,2019 - 2020,
,,2020 - 2021,
,,2021 - 2022,
,,2022 - 2023,
,Mahbubnagar,2011 - 2012,
,,2013 - 2014,
,,2014 - 2015,
,,2015 - 2016,
,,2016 - 2017,
,,2017 - 2018,
,,2018 - 2019,
,,2019 - 2020,
,,2020 - 2021,
,,2021 - 2022,
,,2022 - 2023,
,Mancherial,2016 - 2017,
,,2018 - 2019,
,,2019 - 2020,
,,2020 - 2021,
,,2021 - 2022,
,,2022 - 2023,
,Medak,2011 - 2012,
,,2012 - 2013,
,,2013 - 2014,
,,2014 - 2015,
,,2015 - 2016,
,,2016 - 2017,
,,2017 - 2018,
,,2018 - 2019,
,,2019 - 2020,
,,2020 - 2021,
,,2021 - 2022,
,,2022 - 2023,
,Medchal,2021 - 2022,
,,2022 - 2023,
,Mulugu,2018 - 2019,
,,2019 - 2020,
,,2020 - 2021,
,,2021 - 2022,
,,2022 - 2023,
,Nagarkurnool,2016 - 2017,
,,2017 - 2018,
,,2019 - 2020,
,,2020 - 2021,
,,2021 - 2022,
,,2022 - 2023,
,Nalgonda,2011 - 2012,
,,2012 - 2013,
,,2013 - 2014,
,,2014 - 2015,
,,2015 - 2016,
,,2016 - 2017,
,,2017 - 2018,
,,2018 - 2019,
,,2019 - 2020,
,,2020 - 2021,
,,2021 - 2022,
,,2022 - 2023,
,Narayanapet,2018 - 2019,
,,2019 - 2020,
,,2020 - 2021,
,,2021 - 2022,
,,2022 - 2023,
,Nirmal,2016 - 2017,
,,2017 - 2018,
,,2018 - 2019,
,,2020 - 2021,
,,2021 - 2022,
,,2022 - 2023,
,Nizamabad,2011 - 2012,
,,2013 - 2014,
,,2015 - 2016,
,,2019 - 2020,
,,2020 - 2021,
,,2021 - 2022,
,,2022 - 2023,
,Peddapalli,2016 - 2017,
,,2017 - 2018,
,,2018 - 2019,
,,2019 - 2020,
,,2020 - 2021,
,,2021 - 2022,
,,2022 - 2023,
,Rajanna,2016 - 2017,
,,2017 - 2018,
,,2018 - 2019,
,,2019 - 2020,
,,2020 - 2021,
,,2021 - 2022,
,,2022 - 2023,
,Rangareddi,2011 - 2012,
,,2013 - 2014,
,,2014 - 2015,
,,2015 - 2016,
,,2016 - 2017,
,,2019 - 2020,
,,2020 - 2021,
,,2021 - 2022,
,,2022 - 2023,
,Sangareddy,2019 - 2020,
,,2020 - 2021,
,,2021 - 2022,
,,2022 - 2023,
,Siddipet,2016 - 2017,
,,2017 - 2018,
,,2018 - 2019,
,,2019 - 2020,
,,2020 - 2021,
,,2021 - 2022,
,,2022 - 2023,
,Suryapet,2016 - 2017,
,,2017 - 2018,
,,2018 - 2019,
,,2019 - 2020,
,,2020 - 2021,
,,2021 - 2022,
,,2022 - 2023,
,Vikarabad,2016 - 2017,
,,2017 - 2018,
,,2018 - 2019,
,,2019 - 2020,
,,2020 - 2021,
,,2021 - 2022,
,,2022 - 2023,
,Wanaparthy,2016 - 2017,
,,2017 - 2018,
,,2018 - 2019,
,,2019 - 2020,
,,2020 - 2021,
,,2021 - 2022,
,,2022 - 2023,
,Warangal,2011 - 2012,
,,2012 - 2013,
,,2013 - 2014,
,,2014 - 2015,
,,2015 - 2016,
,,2016 - 2017,
,,2017 - 2018,
,,2018 - 2019,
,,2019 - 2020,
,,2020 - 2021,
,,2021 - 2022,
,,2022 - 2023,
,Warangal urban,2016 - 2017,
,,2017 - 2018,
,,2018 - 2019,
,,2019 - 2020,
,,2020 - 2021,
,,2021 - 2022,
,,2022 - 2023,
,Yadadri,2016 - 2017,
,,2017 - 2018,
,,2018 - 2019,
,,2019 - 2020,
,,2020 - 2021,
,,2021 - 2022,
,,2022 - 2023,
Tripura,Dhalai,2015 - 2016,
,,2016 - 2017,
,,2017 - 2018,
,,2018 - 2019,
,,2019 - 2020,
,,2020 - 2021,
,,2021 - 2022,
,,2022 - 2023,
,Gomati,2015 - 2016,
,,2016 - 2017,
,,2017 - 2018,
,,2018 - 2019,
,,2019 - 2020,
,,2020 - 2021,
,,2021 - 2022,
,,2022 - 2023,
,Khowai,2015 - 2016,
,,2016 - 2017,
,,2017 - 2018,
,,2018 - 2019,
,,2019 - 2020,
,,2020 - 2021,
,,2021 - 2022,
,,2022 - 2023,
,North tripura,2015 - 2016,
,,2016 - 2017,
,,2017 - 2018,
,,2018 - 2019,
,,2019 - 2020,
,,2020 - 2021,
,,2021 - 2022,
,,2022 - 2023,
,Sepahijala,2015 - 2016,
,,2016 - 2017,
,,2017 - 2018,
,,2018 - 2019,
,,2019 - 2020,
,,2020 - 2021,
,,2021 - 2022,
,,2022 - 2023,
,South tripura,2015 - 2016,
,,2016 - 2017,
,,2017 - 2018,
,,2018 - 2019,
,,2019 - 2020,
,,2020 - 2021,
,,2021 - 2022,
,,2022 - 2023,
,Unakoti,2015 - 2016,
,,2016 - 2017,
,,2017 - 2018,
,,2018 - 2019,
,,2019 - 2020,
,,2020 - 2021,
,,2021 - 2022,
,,2022 - 2023,
,West tripura,2015 - 2016,
,,2016 - 2017,
,,2017 - 2018,
,,2018 - 2019,
,,2019 - 2020,
,,2020 - 2021,
,,2021 - 2022,
,,2022 - 2023,
