state,district,year,coriander_whole_year_yield_tonne_per_hectare
Andhra Pradesh,Anantapur,2000 - 2001,0.25
,,2001 - 2002,0.24
,,2002 - 2003,0.12
,,2003 - 2004,0.11
,,2004 - 2005,0.12
,,2005 - 2006,0.3
,,2006 - 2007,0.28
,,2008 - 2009,0.34
,,2009 - 2010,0.4
,,2010 - 2011,0.68
,,2011 - 2012,0.55
,,2012 - 2013,
,,2013 - 2014,
,,2014 - 2015,
,,2015 - 2016,
,,2016 - 2017,
,,2017 - 2018,
,,2018 - 2019,
,,2019 - 2020,
,,2020 - 2021,
,,2021 - 2022,
,,2022 - 2023,
,Annamayya,2022 - 2023,
,Bapatla,2022 - 2023,
,Chittoor,2000 - 2001,0.32
,,2001 - 2002,0.35
,,2002 - 2003,0.28
,,2003 - 2004,0.26
,,2004 - 2005,0.24
,,2005 - 2006,0.45
,,2006 - 2007,0.34
,,2008 - 2009,0.41
,,2009 - 2010,0.51
,,2010 - 2011,0.68
,,2011 - 2012,0.58
,,2012 - 2013,
,,2013 - 2014,
,,2014 - 2015,
,,2015 - 2016,
,,2016 - 2017,
,,2017 - 2018,
,,2018 - 2019,
,,2019 - 2020,
,,2020 - 2021,
,,2021 - 2022,
,,2022 - 2023,
,East godavari,2000 - 2001,0.74
,,2001 - 2002,0.78
,,2002 - 2003,0.57
,,2003 - 2004,0.76
,,2004 - 2005,0.64
,,2005 - 2006,0.73
,,2006 - 2007,0.55
,,2009 - 2010,1.0
,,2015 - 2016,
,,2016 - 2017,
,,2017 - 2018,
,,2018 - 2019,
,,2019 - 2020,
,,2020 - 2021,
,,2021 - 2022,
,,2022 - 2023,
,Guntur,2000 - 2001,0.74
,,2001 - 2002,0.77
,,2002 - 2003,0.55
,,2003 - 2004,0.76
,,2004 - 2005,0.63
,,2009 - 2010,1.05
,,2010 - 2011,0.68
,,2012 - 2013,
,,2019 - 2020,
,,2020 - 2021,
,,2022 - 2023,
,Kadapa,2000 - 2001,0.36
,,2001 - 2002,0.28
,,2002 - 2003,0.2
,,2003 - 2004,0.25
,,2004 - 2005,0.24
,,2005 - 2006,0.5
,,2006 - 2007,0.36
,,2008 - 2009,0.31
,,2009 - 2010,0.43
,,2010 - 2011,0.7
,,2011 - 2012,0.58
,,2012 - 2013,
,,2013 - 2014,
,,2014 - 2015,
,,2015 - 2016,
,,2016 - 2017,
,,2017 - 2018,
,,2018 - 2019,
,,2019 - 2020,
,,2020 - 2021,
,,2021 - 2022,
,,2022 - 2023,
,Krishna,2001 - 2002,0.76
,,2002 - 2003,0.57
,,2003 - 2004,0.73
,,2004 - 2005,0.64
,,2005 - 2006,0.67
,,2006 - 2007,0.55
,Kurnool,2000 - 2001,0.34
,,2001 - 2002,0.41
,,2002 - 2003,0.31
,,2003 - 2004,0.32
,,2004 - 2005,0.27
,,2005 - 2006,0.42
,,2006 - 2007,0.31
,,2008 - 2009,0.69
,,2009 - 2010,0.72
,,2010 - 2011,0.68
,,2011 - 2012,0.54
,,2012 - 2013,
,,2013 - 2014,
,,2014 - 2015,
,,2015 - 2016,
,,2016 - 2017,
,,2017 - 2018,
,,2018 - 2019,
,,2019 - 2020,
,,2020 - 2021,
,,2021 - 2022,
,,2022 - 2023,
,Nandyal,2022 - 2023,
,Palnadu,2022 - 2023,
,Prakasam,2000 - 2001,0.74
,,2001 - 2002,0.77
,,2002 - 2003,0.55
,,2003 - 2004,0.76
,,2004 - 2005,0.61
,,2005 - 2006,0.71
,,2006 - 2007,0.54
,,2008 - 2009,0.96
,,2009 - 2010,1.03
,,2010 - 2011,0.68
,,2011 - 2012,0.95
,,2012 - 2013,
,,2013 - 2014,
,,2014 - 2015,
,,2015 - 2016,
,,2016 - 2017,
,,2017 - 2018,
,,2018 - 2019,
,,2019 - 2020,
,,2020 - 2021,
,,2021 - 2022,
,,2022 - 2023,
,Spsr nellore,2000 - 2001,0.74
,,2001 - 2002,0.75
,,2002 - 2003,0.55
,,2003 - 2004,0.76
,,2004 - 2005,0.63
,,2005 - 2006,0.7
,,2015 - 2016,
,,2016 - 2017,
,,2017 - 2018,
,,2018 - 2019,
,,2019 - 2020,
,,2020 - 2021,
,,2022 - 2023,
,Sri sathya sai,2022 - 2023,
,Srikakulam,2008 - 2009,1.0
,Visakhapatanam,2008 - 2009,0.97
,,2014 - 2015,
,,2015 - 2016,
,,2016 - 2017,
,,2017 - 2018,
,West godavari,2005 - 2006,0.7
,,2015 - 2016,
,,2016 - 2017,
,,2021 - 2022,
Bihar,Araria,2000 - 2001,0.47
,,2001 - 2002,0.56
,,2002 - 2003,0.61
,,2003 - 2004,0.69
,,2004 - 2005,0.66
,,2005 - 2006,0.79
,,2007 - 2008,0.72
,,2016 - 2017,0.88
,,2017 - 2018,0.92
,,2018 - 2019,0.88
,,2021 - 2022,0.83
,,2022 - 2023,1.0
,Arwal,2003 - 2004,0.67
,,2004 - 2005,0.7
,,2005 - 2006,0.88
,,2007 - 2008,0.75
,,2016 - 2017,0.87
,,2017 - 2018,0.92
,,2018 - 2019,1.0
,Aurangabad,2000 - 2001,0.64
,,2001 - 2002,0.58
,,2002 - 2003,0.67
,,2003 - 2004,0.67
,,2004 - 2005,0.5
,,2005 - 2006,0.75
,,2007 - 2008,0.71
,,2016 - 2017,0.91
,,2017 - 2018,0.91
,,2018 - 2019,0.91
,Banka,2000 - 2001,0.5
,,2001 - 2002,0.5
,,2016 - 2017,0.83
,,2017 - 2018,0.8
,Begusarai,2000 - 2001,0.46
,,2001 - 2002,0.57
,,2002 - 2003,0.64
,,2003 - 2004,0.67
,,2004 - 2005,0.66
,,2005 - 2006,0.65
,,2007 - 2008,0.73
,,2016 - 2017,0.88
,,2017 - 2018,0.92
,,2018 - 2019,0.93
,,2019 - 2020,0.89
,,2020 - 2021,0.91
,,2021 - 2022,0.91
,,2022 - 2023,0.91
,Bhagalpur,2000 - 2001,0.48
,,2001 - 2002,0.58
,,2002 - 2003,0.67
,,2003 - 2004,0.69
,,2004 - 2005,0.65
,,2005 - 2006,0.79
,,2007 - 2008,0.74
,,2016 - 2017,0.88
,,2017 - 2018,0.9
,,2018 - 2019,0.89
,,2019 - 2020,0.89
,,2020 - 2021,0.89
,,2021 - 2022,0.9
,,2022 - 2023,0.89
,Bhojpur,2001 - 2002,0.5
,,2002 - 2003,1.0
,,2003 - 2004,0.75
,,2004 - 2005,0.75
,,2005 - 2006,0.8
,,2007 - 2008,0.73
,,2016 - 2017,0.82
,,2017 - 2018,0.85
,,2018 - 2019,1.0
,Buxar,2000 - 2001,0.57
,,2001 - 2002,0.56
,,2002 - 2003,0.67
,,2003 - 2004,0.67
,,2005 - 2006,0.83
,,2007 - 2008,0.71
,Darbhanga,2000 - 2001,0.38
,,2001 - 2002,0.6
,,2002 - 2003,0.66
,,2003 - 2004,0.7
,,2004 - 2005,0.66
,,2005 - 2006,0.79
,,2007 - 2008,0.72
,,2016 - 2017,0.85
,,2017 - 2018,0.83
,,2018 - 2019,0.83
,,2019 - 2020,0.85
,,2020 - 2021,0.88
,,2021 - 2022,0.85
,Gaya,2000 - 2001,0.59
,,2001 - 2002,0.56
,,2002 - 2003,0.67
,,2003 - 2004,0.68
,,2004 - 2005,0.65
,,2005 - 2006,0.84
,,2007 - 2008,0.71
,Gopalganj,2000 - 2001,0.47
,,2001 - 2002,0.57
,,2002 - 2003,0.67
,,2003 - 2004,0.5
,,2004 - 2005,0.5
,,2005 - 2006,1.0
,,2007 - 2008,0.75
,,2022 - 2023,0.9
,Jehanabad,2000 - 2001,0.6
,,2001 - 2002,0.58
,,2002 - 2003,0.64
,,2003 - 2004,0.7
,,2004 - 2005,0.64
,,2005 - 2006,0.83
,,2007 - 2008,0.74
,,2016 - 2017,0.96
,,2017 - 2018,0.9
,,2018 - 2019,0.95
,,2019 - 2020,0.95
,,2020 - 2021,0.95
,,2021 - 2022,0.95
,,2022 - 2023,0.94
,Kaimur (bhabua),2000 - 2001,0.58
,,2001 - 2002,0.58
,,2002 - 2003,0.65
,,2003 - 2004,0.69
,,2004 - 2005,0.69
,,2005 - 2006,1.0
,,2019 - 2020,1.0
,Katihar,2000 - 2001,0.47
,,2001 - 2002,0.57
,,2002 - 2003,0.63
,,2004 - 2005,0.7
,,2005 - 2006,0.79
,,2007 - 2008,0.7
,,2016 - 2017,0.92
,,2017 - 2018,0.9
,,2018 - 2019,1.0
,,2019 - 2020,1.0
,,2020 - 2021,0.9
,,2021 - 2022,0.91
,,2022 - 2023,0.9
,Khagaria,2000 - 2001,0.48
,,2001 - 2002,0.59
,,2002 - 2003,0.65
,,2003 - 2004,0.7
,,2004 - 2005,0.66
,,2005 - 2006,0.65
,,2007 - 2008,0.73
,,2016 - 2017,0.88
,,2017 - 2018,0.9
,,2018 - 2019,0.9
,,2019 - 2020,0.89
,,2020 - 2021,0.9
,,2021 - 2022,1.21
,,2022 - 2023,1.22
,Kishanganj,2000 - 2001,0.5
,,2001 - 2002,0.56
,,2002 - 2003,0.58
,,2003 - 2004,0.75
,,2004 - 2005,0.64
,,2005 - 2006,0.79
,,2007 - 2008,0.72
,,2016 - 2017,0.88
,,2017 - 2018,0.88
,,2018 - 2019,0.89
,,2019 - 2020,0.88
,,2020 - 2021,0.89
,,2021 - 2022,0.9
,,2022 - 2023,0.89
,Lakhisarai,2002 - 2003,0.64
,,2021 - 2022,1.07
,,2022 - 2023,1.04
,Madhepura,2000 - 2001,0.5
,,2001 - 2002,0.5
,,2002 - 2003,0.64
,,2003 - 2004,0.69
,,2004 - 2005,0.65
,,2005 - 2006,0.88
,,2007 - 2008,0.77
,,2016 - 2017,0.88
,,2017 - 2018,0.92
,,2018 - 2019,0.89
,,2019 - 2020,1.0
,,2020 - 2021,0.83
,Madhubani,2000 - 2001,0.38
,,2001 - 2002,0.61
,,2002 - 2003,0.67
,,2003 - 2004,0.7
,,2004 - 2005,0.66
,,2005 - 2006,0.8
,,2007 - 2008,0.71
,,2016 - 2017,0.88
,,2017 - 2018,0.91
,,2018 - 2019,0.91
,,2019 - 2020,0.92
,,2020 - 2021,0.9
,,2021 - 2022,0.9
,,2022 - 2023,0.9
,Muzaffarpur,2000 - 2001,0.48
,,2001 - 2002,0.58
,,2002 - 2003,0.66
,,2003 - 2004,0.69
,,2004 - 2005,0.65
,,2005 - 2006,0.77
,,2007 - 2008,0.67
,,2016 - 2017,0.91
,,2017 - 2018,0.92
,,2018 - 2019,0.91
,,2019 - 2020,0.91
,,2020 - 2021,0.91
,,2021 - 2022,0.91
,,2022 - 2023,0.92
,Nalanda,2000 - 2001,0.59
,,2001 - 2002,0.57
,,2002 - 2003,0.64
,,2003 - 2004,0.7
,,2004 - 2005,0.67
,,2005 - 2006,0.78
,,2007 - 2008,0.72
,,2016 - 2017,0.89
,,2017 - 2018,0.91
,,2018 - 2019,0.9
,,2019 - 2020,0.9
,,2020 - 2021,0.9
,,2021 - 2022,0.9
,,2022 - 2023,0.9
,Nawada,2000 - 2001,0.58
,,2001 - 2002,0.67
,,2002 - 2003,0.6
,,2003 - 2004,0.5
,,2004 - 2005,0.5
,,2005 - 2006,0.83
,,2007 - 2008,1.0
,Pashchim champaran,2000 - 2001,0.4
,,2001 - 2002,0.58
,,2002 - 2003,0.65
,,2003 - 2004,0.69
,,2004 - 2005,0.66
,,2005 - 2006,0.78
,,2007 - 2008,0.71
,,2016 - 2017,0.91
,,2017 - 2018,0.92
,,2018 - 2019,0.92
,,2019 - 2020,0.92
,,2020 - 2021,0.92
,,2021 - 2022,0.91
,,2022 - 2023,0.91
,Patna,2000 - 2001,0.59
,,2001 - 2002,0.58
,,2002 - 2003,0.64
,,2003 - 2004,0.69
,,2004 - 2005,0.66
,,2005 - 2006,0.78
,,2007 - 2008,0.72
,,2016 - 2017,0.91
,,2017 - 2018,0.91
,,2018 - 2019,0.91
,,2019 - 2020,0.91
,,2020 - 2021,0.91
,,2021 - 2022,0.91
,,2022 - 2023,0.91
,Purbi champaran,2000 - 2001,0.42
,,2001 - 2002,0.58
,,2003 - 2004,0.7
,,2004 - 2005,0.66
,,2005 - 2006,0.79
,,2007 - 2008,0.72
,,2016 - 2017,0.91
,Purnia,2000 - 2001,0.47
,,2001 - 2002,0.55
,,2002 - 2003,0.67
,,2003 - 2004,0.67
,,2004 - 2005,0.67
,,2005 - 2006,0.67
,,2007 - 2008,0.8
,Rohtas,2000 - 2001,0.59
,,2001 - 2002,0.59
,,2002 - 2003,0.65
,,2003 - 2004,0.69
,,2004 - 2005,0.66
,,2005 - 2006,0.83
,,2007 - 2008,0.72
,,2016 - 2017,0.93
,,2017 - 2018,0.93
,,2018 - 2019,0.92
,,2019 - 2020,0.92
,Saharsa,2000 - 2001,0.62
,,2001 - 2002,0.57
,,2002 - 2003,0.66
,,2003 - 2004,0.69
,,2004 - 2005,0.66
,,2005 - 2006,0.86
,,2007 - 2008,0.76
,Samastipur,2000 - 2001,0.39
,,2001 - 2002,0.61
,,2002 - 2003,0.67
,,2003 - 2004,0.69
,,2004 - 2005,0.66
,,2005 - 2006,0.79
,,2007 - 2008,0.73
,,2016 - 2017,0.88
,,2017 - 2018,0.91
,,2018 - 2019,0.91
,,2019 - 2020,0.9
,,2020 - 2021,0.91
,,2021 - 2022,0.9
,,2022 - 2023,0.9
,Saran,2004 - 2005,0.5
,Sheikhpura,2007 - 2008,0.7
,,2016 - 2017,0.91
,,2017 - 2018,0.92
,,2018 - 2019,0.92
,,2019 - 2020,0.92
,,2020 - 2021,0.91
,,2021 - 2022,0.92
,,2022 - 2023,0.92
,Sheohar,2000 - 2001,0.42
,,2001 - 2002,0.6
,,2002 - 2003,0.7
,,2003 - 2004,0.71
,,2004 - 2005,0.67
,,2005 - 2006,0.79
,,2016 - 2017,0.93
,,2017 - 2018,0.9
,,2018 - 2019,0.92
,,2019 - 2020,0.92
,,2020 - 2021,0.92
,,2021 - 2022,0.92
,,2022 - 2023,0.91
,Sitamarhi,2000 - 2001,0.41
,,2001 - 2002,0.6
,,2002 - 2003,0.64
,,2003 - 2004,0.7
,,2004 - 2005,0.65
,,2005 - 2006,0.78
,,2007 - 2008,0.71
,,2016 - 2017,0.91
,,2017 - 2018,0.91
,,2018 - 2019,0.9
,,2019 - 2020,0.9
,,2020 - 2021,0.9
,,2021 - 2022,0.9
,,2022 - 2023,0.9
,Siwan,2003 - 2004,1.0
,,2004 - 2005,0.67
,,2005 - 2006,0.76
,,2016 - 2017,0.82
,,2017 - 2018,0.82
,,2018 - 2019,0.82
,,2019 - 2020,0.82
,,2020 - 2021,0.82
,,2021 - 2022,0.91
,,2022 - 2023,0.91
,Supaul,2000 - 2001,0.62
,,2001 - 2002,0.58
,,2002 - 2003,0.65
,,2003 - 2004,0.69
,,2004 - 2005,0.65
,,2005 - 2006,0.86
,,2007 - 2008,0.76
,,2016 - 2017,0.92
,,2017 - 2018,0.91
,,2018 - 2019,0.91
,,2019 - 2020,0.91
,,2020 - 2021,0.91
,,2021 - 2022,0.92
,,2022 - 2023,0.91
,Vaishali,2000 - 2001,0.41
,,2001 - 2002,0.58
,,2002 - 2003,0.65
,,2003 - 2004,0.69
,,2004 - 2005,0.66
,,2005 - 2006,0.78
,,2007 - 2008,0.74
,,2016 - 2017,0.92
,,2017 - 2018,0.89
,,2018 - 2019,0.88
,,2019 - 2020,0.86
,,2020 - 2021,0.86
,,2021 - 2022,0.88
,,2022 - 2023,0.89
Chhattisgarh,Balod,2011 - 2012,0.27
,,2012 - 2013,0.27
,,2013 - 2014,0.27
,,2014 - 2015,0.27
,,2015 - 2016,0.22
,,2016 - 2017,0.22
,,2017 - 2018,0.33
,,2018 - 2019,0.32
,,2019 - 2020,0.28
,,2020 - 2021,0.13
,,2021 - 2022,0.27
,,2022 - 2023,0.27
,Baloda bazar,2011 - 2012,0.48
,,2012 - 2013,0.44
,,2013 - 2014,0.48
,,2014 - 2015,0.47
,,2015 - 2016,0.37
,,2016 - 2017,0.38
,,2017 - 2018,0.34
,,2018 - 2019,0.36
,,2019 - 2020,0.35
,,2020 - 2021,0.37
,,2021 - 2022,0.4
,,2022 - 2023,0.38
,Balrampur,2011 - 2012,0.18
,,2012 - 2013,0.22
,,2013 - 2014,0.19
,,2014 - 2015,0.2
,,2015 - 2016,0.22
,,2016 - 2017,0.2
,,2017 - 2018,0.21
,,2018 - 2019,0.2
,,2019 - 2020,0.19
,,2020 - 2021,0.22
,,2021 - 2022,0.2
,,2022 - 2023,0.25
,Bastar,2000 - 2001,0.26
,,2001 - 2002,0.27
,,2002 - 2003,0.24
,,2003 - 2004,0.23
,,2004 - 2005,0.24
,,2005 - 2006,0.27
,,2006 - 2007,0.25
,,2007 - 2008,0.26
,,2008 - 2009,0.26
,,2009 - 2010,0.21
,,2010 - 2011,0.27
,,2011 - 2012,0.26
,,2012 - 2013,0.25
,,2013 - 2014,0.25
,,2014 - 2015,0.27
,,2015 - 2016,0.29
,,2016 - 2017,0.33
,,2017 - 2018,0.14
,,2018 - 2019,0.29
,,2019 - 2020,0.2
,,2020 - 2021,0.2
,,2021 - 2022,0.29
,,2022 - 2023,0.29
,Bemetara,2011 - 2012,0.28
,,2012 - 2013,0.26
,,2013 - 2014,0.24
,,2014 - 2015,0.25
,,2015 - 2016,0.25
,,2016 - 2017,0.28
,,2017 - 2018,0.28
,,2018 - 2019,0.3
,,2019 - 2020,0.27
,,2020 - 2021,0.3
,,2021 - 2022,0.32
,,2022 - 2023,0.32
,Bijapur,2006 - 2007,0.0
,,2007 - 2008,0.33
,,2009 - 2010,0.0
,,2012 - 2013,0.5
,,2014 - 2015,0.0
,,2015 - 2016,0.0
,,2016 - 2017,0.0
,,2017 - 2018,0.0
,,2018 - 2019,0.0
,,2019 - 2020,0.0
,Bilaspur,2000 - 2001,0.25
,,2001 - 2002,0.25
,,2002 - 2003,0.25
,,2003 - 2004,0.25
,,2004 - 2005,0.26
,,2005 - 2006,0.26
,,2006 - 2007,0.26
,,2007 - 2008,0.25
,,2008 - 2009,0.27
,,2009 - 2010,0.27
,,2010 - 2011,0.26
,,2011 - 2012,0.27
,,2012 - 2013,0.27
,,2013 - 2014,0.28
,,2014 - 2015,0.27
,,2015 - 2016,0.27
,,2016 - 2017,0.26
,,2017 - 2018,0.27
,,2018 - 2019,0.28
,,2019 - 2020,0.27
,,2020 - 2021,0.22
,,2021 - 2022,0.27
,,2022 - 2023,0.26
,Dantewada,2000 - 2001,0.25
,,2001 - 2002,0.23
,,2003 - 2004,0.13
,,2004 - 2005,0.13
,,2005 - 2006,0.2
,,2006 - 2007,0.5
,,2007 - 2008,1.0
,,2008 - 2009,3.0
,,2009 - 2010,0.0
,,2010 - 2011,0.13
,,2011 - 2012,0.33
,,2012 - 2013,0.33
,,2013 - 2014,0.33
,,2014 - 2015,0.2
,,2015 - 2016,0.0
,,2016 - 2017,0.27
,,2017 - 2018,0.5
,,2018 - 2019,0.33
,,2019 - 2020,0.33
,,2020 - 2021,1.0
,Dhamtari,2000 - 2001,0.37
,,2001 - 2002,0.41
,,2002 - 2003,0.34
,,2003 - 2004,0.4
,,2004 - 2005,0.41
,,2005 - 2006,0.4
,,2006 - 2007,0.4
,,2007 - 2008,0.4
,,2008 - 2009,0.41
,,2009 - 2010,0.4
,,2010 - 2011,0.41
,,2011 - 2012,0.41
,,2012 - 2013,0.41
,,2013 - 2014,0.41
,,2014 - 2015,0.4
,,2015 - 2016,0.41
,,2016 - 2017,0.41
,,2017 - 2018,0.41
,,2018 - 2019,0.42
,,2019 - 2020,0.44
,,2020 - 2021,0.43
,,2021 - 2022,0.42
,,2022 - 2023,0.5
,Durg,2000 - 2001,0.24
,,2001 - 2002,0.24
,,2002 - 2003,0.26
,,2003 - 2004,0.31
,,2004 - 2005,0.2
,,2005 - 2006,0.28
,,2006 - 2007,0.27
,,2007 - 2008,0.28
,,2008 - 2009,0.27
,,2009 - 2010,0.28
,,2010 - 2011,0.29
,,2011 - 2012,0.28
,,2012 - 2013,0.31
,,2013 - 2014,0.33
,,2014 - 2015,0.25
,,2015 - 2016,0.32
,,2016 - 2017,0.34
,,2017 - 2018,0.28
,,2018 - 2019,0.5
,,2019 - 2020,0.2
,,2020 - 2021,0.23
,,2021 - 2022,0.25
,,2022 - 2023,0.27
,Gariyaband,2011 - 2012,0.48
,,2012 - 2013,0.43
,,2013 - 2014,0.46
,,2014 - 2015,0.4
,,2015 - 2016,0.43
,,2016 - 2017,0.54
,,2017 - 2018,0.37
,,2018 - 2019,0.4
,,2019 - 2020,0.62
,,2020 - 2021,0.56
,,2021 - 2022,0.5
,,2022 - 2023,1.0
,Gaurella-pendra-marwahi,2019 - 2020,0.25
,,2021 - 2022,0.5
,,2022 - 2023,0.31
,Janjgir-champa,2000 - 2001,0.23
,,2001 - 2002,0.23
,,2002 - 2003,0.27
,,2003 - 2004,0.27
,,2004 - 2005,0.25
,,2005 - 2006,0.26
,,2006 - 2007,0.27
,,2007 - 2008,0.23
,,2008 - 2009,0.25
,,2009 - 2010,0.3
,,2010 - 2011,0.31
,,2011 - 2012,0.29
,,2012 - 2013,0.29
,,2013 - 2014,0.32
,,2014 - 2015,0.28
,,2015 - 2016,0.32
,,2016 - 2017,0.3
,,2017 - 2018,0.33
,,2019 - 2020,0.0
,,2020 - 2021,0.29
,,2021 - 2022,0.4
,,2022 - 2023,0.33
,Jashpur,2000 - 2001,0.21
,,2001 - 2002,0.21
,,2002 - 2003,0.2
,,2003 - 2004,0.22
,,2004 - 2005,0.21
,,2005 - 2006,0.21
,,2006 - 2007,0.23
,,2007 - 2008,0.21
,,2008 - 2009,0.21
,,2009 - 2010,0.22
,,2010 - 2011,0.21
,,2011 - 2012,0.18
,,2012 - 2013,0.18
,,2013 - 2014,0.24
,,2014 - 2015,0.2
,,2015 - 2016,0.15
,,2016 - 2017,0.23
,,2017 - 2018,0.23
,,2018 - 2019,0.24
,,2019 - 2020,0.21
,,2020 - 2021,0.22
,,2021 - 2022,0.22
,,2022 - 2023,0.22
,Kabirdham,2000 - 2001,0.11
,,2001 - 2002,0.23
,,2002 - 2003,0.2
,,2003 - 2004,0.25
,,2004 - 2005,0.2
,,2005 - 2006,0.21
,,2006 - 2007,0.21
,,2007 - 2008,0.24
,,2008 - 2009,0.2
,,2009 - 2010,0.21
,,2010 - 2011,0.25
,,2011 - 2012,0.26
,,2012 - 2013,0.24
,,2013 - 2014,0.24
,,2014 - 2015,0.27
,,2015 - 2016,0.3
,,2016 - 2017,0.24
,,2018 - 2019,0.32
,,2019 - 2020,0.31
,,2020 - 2021,0.33
,,2021 - 2022,0.27
,,2022 - 2023,0.29
,Kanker,2000 - 2001,0.2
,,2001 - 2002,0.33
,,2002 - 2003,0.17
,,2003 - 2004,0.28
,,2004 - 2005,0.26
,,2005 - 2006,0.24
,,2006 - 2007,0.25
,,2007 - 2008,0.26
,,2008 - 2009,0.2
,,2009 - 2010,0.22
,,2010 - 2011,0.29
,,2011 - 2012,0.24
,,2012 - 2013,0.23
,,2013 - 2014,0.17
,,2014 - 2015,0.16
,,2015 - 2016,0.21
,,2016 - 2017,0.22
,,2017 - 2018,0.28
,,2018 - 2019,0.22
,,2019 - 2020,0.23
,,2020 - 2021,0.33
,,2021 - 2022,0.29
,,2022 - 2023,0.27
,Khairgarh chhuikhadan gandai,2022 - 2023,0.25
,Kondagaon,2011 - 2012,0.24
,,2012 - 2013,0.24
,,2013 - 2014,0.26
,,2014 - 2015,0.21
,,2015 - 2016,0.21
,,2016 - 2017,0.26
,,2017 - 2018,0.17
,,2018 - 2019,0.25
,,2019 - 2020,0.29
,,2020 - 2021,0.2
,,2021 - 2022,0.36
,,2022 - 2023,0.27
,Korba,2001 - 2002,0.5
,,2004 - 2005,0.25
,,2006 - 2007,0.28
,,2007 - 2008,0.25
,,2008 - 2009,0.22
,,2009 - 2010,0.24
,,2010 - 2011,0.33
,,2011 - 2012,0.23
,,2012 - 2013,0.26
,,2013 - 2014,0.26
,,2014 - 2015,0.27
,,2015 - 2016,0.25
,,2016 - 2017,0.33
,,2017 - 2018,0.21
,,2018 - 2019,0.26
,,2019 - 2020,0.25
,,2020 - 2021,0.29
,,2021 - 2022,0.29
,,2022 - 2023,0.5
,Korea,2000 - 2001,0.23
,,2001 - 2002,0.24
,,2002 - 2003,0.19
,,2003 - 2004,0.23
,,2004 - 2005,0.18
,,2005 - 2006,0.17
,,2006 - 2007,0.17
,,2007 - 2008,0.15
,,2008 - 2009,0.22
,,2009 - 2010,0.2
,,2010 - 2011,0.19
,,2011 - 2012,0.17
,,2012 - 2013,0.19
,,2013 - 2014,0.21
,,2014 - 2015,0.19
,,2015 - 2016,0.17
,,2016 - 2017,0.2
,,2017 - 2018,0.21
,,2018 - 2019,0.18
,,2019 - 2020,0.22
,,2020 - 2021,0.2
,,2021 - 2022,0.18
,,2022 - 2023,0.21
,Mahasamund,2000 - 2001,0.47
,,2001 - 2002,0.44
,,2002 - 2003,0.35
,,2003 - 2004,0.37
,,2004 - 2005,0.37
,,2005 - 2006,0.34
,,2006 - 2007,0.36
,,2007 - 2008,0.37
,,2008 - 2009,0.34
,,2009 - 2010,0.35
,,2010 - 2011,0.37
,,2011 - 2012,0.47
,,2012 - 2013,0.44
,,2013 - 2014,0.42
,,2014 - 2015,0.41
,,2015 - 2016,0.42
,,2016 - 2017,0.39
,,2017 - 2018,0.41
,,2018 - 2019,0.4
,,2019 - 2020,0.42
,,2020 - 2021,0.33
,,2021 - 2022,0.5
,,2022 - 2023,0.44
,Manendragarh chirimiri bharatpur,2022 - 2023,0.23
,Mohla manpur ambagarh chouki,2022 - 2023,0.33
,Mungeli,2011 - 2012,0.27
,,2012 - 2013,0.29
,,2013 - 2014,0.29
,,2014 - 2015,0.27
,,2015 - 2016,0.29
,,2016 - 2017,0.29
,,2017 - 2018,0.23
,,2018 - 2019,0.24
,,2019 - 2020,0.37
,,2020 - 2021,0.28
,,2021 - 2022,0.26
,,2022 - 2023,0.27
,Narayanpur,2006 - 2007,0.0
,,2007 - 2008,0.2
,,2008 - 2009,3.0
,,2009 - 2010,0.25
,,2010 - 2011,0.29
,,2011 - 2012,0.17
,,2012 - 2013,0.0
,,2013 - 2014,0.5
,,2014 - 2015,0.29
,,2015 - 2016,0.25
,,2016 - 2017,0.25
,,2017 - 2018,0.0
,,2018 - 2019,0.4
,,2019 - 2020,0.0
,,2020 - 2021,0.5
,Raigarh,2000 - 2001,0.2
,,2001 - 2002,0.21
,,2002 - 2003,0.2
,,2003 - 2004,0.22
,,2004 - 2005,0.2
,,2005 - 2006,0.22
,,2006 - 2007,0.23
,,2007 - 2008,0.22
,,2008 - 2009,0.22
,,2009 - 2010,0.18
,,2010 - 2011,0.2
,,2011 - 2012,0.18
,,2012 - 2013,0.22
,,2013 - 2014,0.18
,,2015 - 2016,0.29
,,2017 - 2018,0.24
,,2019 - 2020,0.3
,,2020 - 2021,0.23
,,2021 - 2022,0.22
,,2022 - 2023,0.22
,Raipur,2000 - 2001,0.37
,,2001 - 2002,0.38
,,2002 - 2003,0.34
,,2003 - 2004,0.37
,,2004 - 2005,0.36
,,2005 - 2006,0.36
,,2006 - 2007,0.37
,,2007 - 2008,0.37
,,2008 - 2009,0.37
,,2009 - 2010,0.37
,,2010 - 2011,0.43
,,2011 - 2012,0.48
,,2012 - 2013,0.44
,,2013 - 2014,0.47
,,2014 - 2015,0.47
,,2015 - 2016,0.44
,,2016 - 2017,0.5
,,2017 - 2018,0.43
,,2018 - 2019,0.51
,,2019 - 2020,0.41
,,2020 - 2021,0.57
,,2021 - 2022,0.58
,,2022 - 2023,0.59
,Rajnandgaon,2000 - 2001,0.23
,,2001 - 2002,0.23
,,2002 - 2003,0.22
,,2003 - 2004,0.22
,,2004 - 2005,0.23
,,2005 - 2006,0.24
,,2006 - 2007,0.24
,,2007 - 2008,0.25
,,2008 - 2009,0.21
,,2009 - 2010,0.21
,,2010 - 2011,0.24
,,2011 - 2012,0.24
,,2012 - 2013,0.25
,,2013 - 2014,0.25
,,2014 - 2015,0.28
,,2015 - 2016,0.23
,,2016 - 2017,0.31
,,2017 - 2018,0.3
,,2018 - 2019,0.29
,,2019 - 2020,0.27
,,2020 - 2021,0.28
,,2021 - 2022,0.28
,,2022 - 2023,0.27
,Sakti,2022 - 2023,0.2
,Sukma,2011 - 2012,0.2
,,2012 - 2013,0.33
,,2013 - 2014,0.2
,,2015 - 2016,0.17
,,2016 - 2017,0.14
,,2017 - 2018,0.25
,,2020 - 2021,0.33
,Surajpur,2011 - 2012,0.18
,,2012 - 2013,0.18
,,2013 - 2014,0.25
,,2014 - 2015,0.2
,,2015 - 2016,0.24
,,2016 - 2017,0.2
,,2017 - 2018,0.22
,,2018 - 2019,0.23
,,2019 - 2020,0.25
,,2020 - 2021,0.28
,,2021 - 2022,0.29
,,2022 - 2023,0.26
,Surguja,2000 - 2001,0.22
,,2001 - 2002,0.22
,,2002 - 2003,0.19
,,2003 - 2004,0.23
,,2004 - 2005,0.21
,,2005 - 2006,0.21
,,2006 - 2007,0.22
,,2007 - 2008,0.22
,,2008 - 2009,0.22
,,2009 - 2010,0.18
,,2010 - 2011,0.26
,,2011 - 2012,0.18
,,2012 - 2013,0.11
,,2013 - 2014,0.23
,,2014 - 2015,0.23
,,2015 - 2016,0.25
,,2016 - 2017,0.24
,,2017 - 2018,0.25
,,2018 - 2019,0.25
,,2019 - 2020,0.21
,,2020 - 2021,0.25
,,2021 - 2022,0.29
,,2022 - 2023,0.25
Haryana,Ambala,2008 - 2009,0.0
,,2013 - 2014,1.93
,,2014 - 2015,4.23
,,2015 - 2016,2.17
,,2016 - 2017,2.36
,,2017 - 2018,2.5
,,2019 - 2020,8.0
,Bhiwani,2013 - 2014,1.45
,,2014 - 2015,2.5
,,2015 - 2016,6.2
,,2016 - 2017,1.26
,,2018 - 2019,6.0
,,2019 - 2020,2.78
,Charki dadri,2018 - 2019,1.09
,,2019 - 2020,1.6
,Faridabad,2013 - 2014,1.73
,,2014 - 2015,3.0
,,2015 - 2016,4.09
,,2016 - 2017,1.3
,,2017 - 2018,1.16
,,2018 - 2019,4.63
,,2019 - 2020,4.5
,Fatehabad,2013 - 2014,1.75
,,2014 - 2015,1.92
,,2015 - 2016,0.75
,,2016 - 2017,1.67
,,2017 - 2018,1.5
,,2021 - 2022,0.0
,Gurgaon,2013 - 2014,1.27
,,2014 - 2015,1.0
,,2015 - 2016,4.0
,,2016 - 2017,1.6
,,2017 - 2018,4.8
,,2018 - 2019,3.4
,,2019 - 2020,1.5
,Hisar,2013 - 2014,1.33
,,2014 - 2015,1.2
,,2015 - 2016,3.0
,,2016 - 2017,3.33
,,2017 - 2018,3.33
,,2018 - 2019,0.0
,,2019 - 2020,2.0
,Jhajjar,2013 - 2014,1.3
,,2014 - 2015,2.0
,,2015 - 2016,2.44
,,2016 - 2017,1.59
,,2017 - 2018,2.67
,,2018 - 2019,3.19
,Jind,2008 - 2009,0.0
,,2009 - 2010,0.0
,,2010 - 2011,0.0
,,2013 - 2014,1.25
,,2014 - 2015,1.15
,,2015 - 2016,0.63
,,2016 - 2017,0.99
,,2017 - 2018,1.99
,,2018 - 2019,0.79
,,2019 - 2020,1.03
,,2021 - 2022,0.0
,Kaithal,2009 - 2010,0.0
,,2012 - 2013,0.91
,,2013 - 2014,1.45
,,2014 - 2015,1.5
,,2015 - 2016,2.09
,,2016 - 2017,2.22
,,2017 - 2018,1.92
,,2018 - 2019,2.73
,,2019 - 2020,3.3
,,2021 - 2022,0.0
,Karnal,2009 - 2010,3.45
,,2010 - 2011,0.0
,,2011 - 2012,1.54
,,2012 - 2013,1.05
,,2013 - 2014,0.83
,,2014 - 2015,1.47
,,2015 - 2016,5.6
,,2016 - 2017,5.0
,,2017 - 2018,2.0
,,2018 - 2019,6.88
,,2019 - 2020,6.67
,,2021 - 2022,0.0
,Kurukshetra,2009 - 2010,0.0
,,2010 - 2011,0.0
,,2012 - 2013,1.0
,,2013 - 2014,1.18
,,2014 - 2015,2.75
,,2015 - 2016,1.67
,,2016 - 2017,1.71
,,2021 - 2022,0.0
,Mahendragarh,2008 - 2009,0.0
,,2009 - 2010,0.0
,,2013 - 2014,2.57
,,2014 - 2015,5.0
,,2015 - 2016,1.67
,,2016 - 2017,2.0
,,2017 - 2018,0.33
,,2018 - 2019,8.0
,,2019 - 2020,15.0
,Mewat,2013 - 2014,3.0
,,2014 - 2015,2.5
,,2015 - 2016,1.95
,,2016 - 2017,1.9
,,2017 - 2018,1.67
,,2018 - 2019,2.19
,,2019 - 2020,1.64
,Palwal,2013 - 2014,2.9
,,2014 - 2015,1.67
,,2015 - 2016,1.59
,,2016 - 2017,0.68
,,2018 - 2019,1.8
,,2019 - 2020,1.6
,Panchkula,2008 - 2009,0.0
,,2009 - 2010,0.0
,,2012 - 2013,1.0
,,2013 - 2014,2.21
,,2014 - 2015,2.0
,,2015 - 2016,1.93
,,2016 - 2017,0.17
,,2017 - 2018,3.36
,,2018 - 2019,2.5
,,2019 - 2020,2.5
,,2021 - 2022,0.0
,Panipat,2008 - 2009,2.29
,,2009 - 2010,1.63
,,2010 - 2011,0.0
,,2011 - 2012,1.28
,,2012 - 2013,1.05
,,2013 - 2014,1.54
,,2014 - 2015,3.0
,,2015 - 2016,5.29
,,2016 - 2017,5.69
,,2017 - 2018,6.29
,,2018 - 2019,5.93
,,2019 - 2020,5.98
,,2020 - 2021,0.0
,,2021 - 2022,0.0
,Rewari,2013 - 2014,2.0
,,2014 - 2015,2.17
,,2015 - 2016,1.94
,,2016 - 2017,2.0
,,2017 - 2018,2.18
,,2018 - 2019,2.38
,,2019 - 2020,2.63
,Rohtak,2008 - 2009,0.0
,,2009 - 2010,0.0
,,2010 - 2011,0.0
,,2011 - 2012,0.0
,,2013 - 2014,1.43
,,2014 - 2015,2.8
,,2015 - 2016,2.76
,,2016 - 2017,1.17
,,2019 - 2020,2.0
,Sirsa,2008 - 2009,0.0
,,2009 - 2010,0.0
,,2013 - 2014,1.09
,,2014 - 2015,1.11
,,2015 - 2016,0.15
,,2016 - 2017,0.91
,,2017 - 2018,6.88
,,2018 - 2019,4.97
,,2019 - 2020,4.48
,Sonipat,2013 - 2014,0.81
,,2014 - 2015,1.09
,,2015 - 2016,1.95
,,2016 - 2017,1.32
,,2017 - 2018,2.15
,,2018 - 2019,1.96
,,2019 - 2020,3.04
,,2021 - 2022,0.0
,Yamunanagar,2008 - 2009,0.0
,,2011 - 2012,0.0
,,2013 - 2014,1.0
,,2014 - 2015,1.54
,,2015 - 2016,1.81
,,2016 - 2017,0.95
,,2017 - 2018,1.01
,,2018 - 2019,2.15
,,2019 - 2020,2.8
,,2021 - 2022,0.0
Himachal Pradesh,Bilaspur,2009 - 2010,
,,2010 - 2011,
,,2012 - 2013,
,,2013 - 2014,
,,2014 - 2015,
,,2015 - 2016,
,,2018 - 2019,
,,2019 - 2020,
,,2020 - 2021,
,,2021 - 2022,
,Chamba,2001 - 2002,0.31
,,2002 - 2003,0.3
,,2005 - 2006,
,,2006 - 2007,
,,2007 - 2008,
,,2008 - 2009,
,,2009 - 2010,
,,2010 - 2011,
,,2011 - 2012,
,,2012 - 2013,
,,2013 - 2014,
,,2014 - 2015,
,,2015 - 2016,
,,2016 - 2017,
,,2017 - 2018,
,,2018 - 2019,
,,2019 - 2020,
,,2020 - 2021,
,,2021 - 2022,
,Hamirpur,2001 - 2002,2.67
,,2002 - 2003,0.0
,,2006 - 2007,
,,2008 - 2009,
,,2009 - 2010,
,,2010 - 2011,
,,2011 - 2012,
,,2012 - 2013,
,,2014 - 2015,
,,2015 - 2016,
,,2016 - 2017,
,,2017 - 2018,
,,2018 - 2019,
,,2019 - 2020,
,,2020 - 2021,
,,2021 - 2022,
,Kangra,2001 - 2002,2.0
,,2002 - 2003,0.33
,,2009 - 2010,
,,2010 - 2011,
,,2011 - 2012,
,,2012 - 2013,
,,2018 - 2019,
,,2019 - 2020,
,,2020 - 2021,
,,2021 - 2022,
,Kullu,2001 - 2002,0.25
,,2002 - 2003,0.29
,,2005 - 2006,
,,2006 - 2007,
,,2007 - 2008,
,,2008 - 2009,
,,2009 - 2010,
,,2010 - 2011,
,,2011 - 2012,
,,2012 - 2013,
,,2013 - 2014,
,,2014 - 2015,
,,2015 - 2016,
,,2016 - 2017,
,,2017 - 2018,
,,2018 - 2019,
,,2019 - 2020,
,,2020 - 2021,
,,2021 - 2022,
,Mandi,2001 - 2002,2.0
,,2002 - 2003,0.33
,,2005 - 2006,
,,2006 - 2007,
,,2007 - 2008,
,,2008 - 2009,
,,2009 - 2010,
,,2010 - 2011,
,,2011 - 2012,
,,2012 - 2013,
,,2013 - 2014,
,,2014 - 2015,
,,2015 - 2016,
,,2016 - 2017,
,,2017 - 2018,
,,2018 - 2019,
,,2019 - 2020,
,,2020 - 2021,
,,2021 - 2022,
,Shimla,2001 - 2002,0.29
,,2002 - 2003,0.32
,,2005 - 2006,
,,2006 - 2007,
,,2007 - 2008,
,,2008 - 2009,
,,2009 - 2010,
,,2010 - 2011,
,,2011 - 2012,
,,2012 - 2013,
,,2013 - 2014,
,,2014 - 2015,
,,2015 - 2016,
,,2016 - 2017,
,,2017 - 2018,
,,2018 - 2019,
,,2019 - 2020,
,,2020 - 2021,
,,2021 - 2022,
,Sirmaur,2001 - 2002,0.29
,,2002 - 2003,0.32
,,2005 - 2006,
,,2006 - 2007,
,,2007 - 2008,
,,2008 - 2009,
,,2009 - 2010,
,,2010 - 2011,
,,2011 - 2012,
,,2012 - 2013,
,,2013 - 2014,
,,2014 - 2015,
,,2015 - 2016,
,,2016 - 2017,
,,2017 - 2018,
,,2018 - 2019,
,,2019 - 2020,
,,2020 - 2021,
,,2021 - 2022,
,Solan,2009 - 2010,
,,2010 - 2011,
,,2012 - 2013,
,,2015 - 2016,
,,2018 - 2019,
,,2019 - 2020,
,,2020 - 2021,
,,2021 - 2022,
,Una,2001 - 2002,3.0
,,2002 - 2003,0.32
,,2008 - 2009,
,,2009 - 2010,
,,2010 - 2011,
,,2011 - 2012,
,,2012 - 2013,
,,2013 - 2014,
,,2014 - 2015,
,,2015 - 2016,
,,2016 - 2017,
,,2017 - 2018,
,,2018 - 2019,
,,2019 - 2020,
,,2020 - 2021,
,,2021 - 2022,
Jammu and Kashmir,Jammu,2007 - 2008,
,Rajauri,2007 - 2008,
Karnataka,Bagalkot,2000 - 2001,0.09
,,2001 - 2002,0.1
,,2002 - 2003,0.1
,,2003 - 2004,0.08
,,2004 - 2005,0.1
,,2005 - 2006,0.09
,,2006 - 2007,0.1
,,2007 - 2008,0.35
,,2008 - 2009,0.54
,,2009 - 2010,0.49
,,2010 - 2011,0.37
,,2011 - 2012,0.41
,,2012 - 2013,0.39
,,2013 - 2014,0.29
,,2014 - 2015,0.34
,,2015 - 2016,0.43
,,2016 - 2017,0.4
,,2018 - 2019,0.89
,,2021 - 2022,0.54
,,2022 - 2023,0.71
,Bangalore rural,2000 - 2001,0.11
,,2001 - 2002,0.14
,,2005 - 2006,0.15
,,2006 - 2007,0.16
,,2007 - 2008,0.35
,,2008 - 2009,0.55
,,2009 - 2010,0.49
,,2010 - 2011,0.37
,,2011 - 2012,0.4
,,2012 - 2013,0.4
,,2013 - 2014,0.3
,,2014 - 2015,0.35
,,2015 - 2016,0.43
,,2016 - 2017,0.44
,,2017 - 2018,0.0
,,2018 - 2019,0.9
,,2020 - 2021,0.5
,,2022 - 2023,0.6
,Belgaum,2000 - 2001,0.12
,,2001 - 2002,0.12
,,2002 - 2003,0.12
,,2003 - 2004,0.12
,,2004 - 2005,0.12
,,2005 - 2006,0.12
,,2006 - 2007,0.12
,,2007 - 2008,0.35
,,2008 - 2009,0.54
,,2009 - 2010,0.49
,,2012 - 2013,0.36
,,2013 - 2014,0.31
,,2014 - 2015,0.4
,,2015 - 2016,0.64
,,2016 - 2017,0.6
,,2018 - 2019,0.89
,,2020 - 2021,0.67
,,2022 - 2023,8.0
,Bellary,2000 - 2001,0.2
,,2001 - 2002,0.2
,,2002 - 2003,0.2
,,2003 - 2004,0.2
,,2004 - 2005,0.2
,,2005 - 2006,0.2
,,2006 - 2007,0.2
,,2007 - 2008,0.38
,,2008 - 2009,0.54
,,2009 - 2010,0.46
,,2010 - 2011,0.32
,,2011 - 2012,0.41
,,2012 - 2013,0.39
,,2013 - 2014,0.31
,,2014 - 2015,0.34
,,2015 - 2016,0.43
,,2016 - 2017,0.44
,,2017 - 2018,0.35
,,2018 - 2019,0.9
,,2020 - 2021,0.54
,,2021 - 2022,0.52
,,2022 - 2023,0.7
,Bengaluru urban,2000 - 2001,0.17
,,2001 - 2002,0.17
,,2002 - 2003,0.17
,,2003 - 2004,0.15
,,2004 - 2005,0.16
,,2005 - 2006,0.17
,,2006 - 2007,0.17
,,2007 - 2008,0.33
,,2008 - 2009,0.53
,,2009 - 2010,0.5
,,2010 - 2011,0.38
,,2011 - 2012,0.39
,,2012 - 2013,0.39
,,2013 - 2014,0.33
,,2014 - 2015,0.32
,,2015 - 2016,0.43
,,2017 - 2018,0.25
,,2018 - 2019,0.9
,,2021 - 2022,0.5
,Bidar,2000 - 2001,0.11
,,2001 - 2002,0.11
,,2002 - 2003,0.11
,,2003 - 2004,0.11
,,2004 - 2005,0.11
,,2005 - 2006,0.11
,,2006 - 2007,0.11
,,2007 - 2008,0.35
,,2008 - 2009,0.54
,,2009 - 2010,0.49
,,2010 - 2011,0.37
,,2011 - 2012,0.26
,,2012 - 2013,0.27
,,2013 - 2014,0.31
,,2014 - 2015,0.34
,,2016 - 2017,0.0
,,2018 - 2019,0.88
,,2020 - 2021,0.53
,,2021 - 2022,0.56
,,2022 - 2023,0.59
,Bijapur,2000 - 2001,0.09
,,2001 - 2002,0.09
,,2002 - 2003,0.1
,,2003 - 2004,0.08
,,2004 - 2005,0.09
,,2005 - 2006,0.09
,,2006 - 2007,0.09
,,2007 - 2008,0.35
,,2008 - 2009,0.53
,,2009 - 2010,0.49
,,2010 - 2011,0.36
,,2011 - 2012,0.27
,,2012 - 2013,0.26
,,2013 - 2014,0.31
,,2014 - 2015,0.34
,,2015 - 2016,0.43
,,2018 - 2019,0.89
,,2019 - 2020,0.49
,,2021 - 2022,0.67
,,2022 - 2023,0.67
,Chamarajanagar,2000 - 2001,0.1
,,2001 - 2002,0.11
,,2002 - 2003,0.12
,,2003 - 2004,0.1
,,2004 - 2005,0.1
,,2005 - 2006,0.1
,,2006 - 2007,0.1
,,2007 - 2008,0.32
,,2008 - 2009,0.54
,,2009 - 2010,0.49
,,2010 - 2011,0.38
,,2011 - 2012,0.41
,,2012 - 2013,0.4
,,2013 - 2014,0.31
,,2014 - 2015,0.31
,,2015 - 2016,0.45
,,2016 - 2017,0.42
,,2017 - 2018,0.37
,,2018 - 2019,1.32
,,2020 - 2021,0.54
,,2021 - 2022,0.5
,,2022 - 2023,0.48
,Chikballapur,2007 - 2008,0.35
,,2008 - 2009,0.5
,,2009 - 2010,0.47
,,2010 - 2011,0.36
,,2012 - 2013,0.39
,,2014 - 2015,0.34
,,2015 - 2016,0.43
,,2016 - 2017,0.66
,,2017 - 2018,0.36
,,2018 - 2019,0.98
,,2020 - 2021,0.54
,,2021 - 2022,0.54
,,2022 - 2023,0.74
,Chikmagalur,2000 - 2001,0.1
,,2001 - 2002,0.1
,,2002 - 2003,0.1
,,2003 - 2004,0.1
,,2004 - 2005,0.1
,,2005 - 2006,0.1
,,2006 - 2007,0.1
,,2007 - 2008,0.29
,,2008 - 2009,0.3
,,2009 - 2010,0.3
,,2010 - 2011,0.38
,,2011 - 2012,0.43
,,2012 - 2013,0.43
,,2013 - 2014,0.32
,,2014 - 2015,0.32
,,2015 - 2016,0.28
,,2016 - 2017,0.28
,,2017 - 2018,0.34
,,2018 - 2019,0.46
,,2020 - 2021,0.55
,,2021 - 2022,0.55
,Chitradurga,2000 - 2001,0.1
,,2001 - 2002,0.1
,,2002 - 2003,0.1
,,2003 - 2004,0.1
,,2004 - 2005,0.1
,,2005 - 2006,0.1
,,2006 - 2007,0.1
,,2007 - 2008,0.35
,,2008 - 2009,0.64
,,2009 - 2010,0.59
,,2010 - 2011,0.38
,,2011 - 2012,0.4
,,2012 - 2013,0.4
,,2013 - 2014,0.31
,,2014 - 2015,0.34
,,2015 - 2016,0.36
,,2016 - 2017,0.34
,,2017 - 2018,0.45
,,2018 - 2019,0.89
,,2019 - 2020,0.5
,,2020 - 2021,0.53
,,2021 - 2022,0.53
,,2022 - 2023,0.06
,Dakshin kannad,2018 - 2019,1.0
,,2019 - 2020,0.5
,,2022 - 2023,1.0
,Davangere,2000 - 2001,0.11
,,2001 - 2002,0.09
,,2002 - 2003,0.1
,,2003 - 2004,0.12
,,2004 - 2005,0.11
,,2005 - 2006,0.11
,,2006 - 2007,0.12
,,2007 - 2008,0.38
,,2008 - 2009,0.54
,,2009 - 2010,0.49
,,2010 - 2011,0.36
,,2011 - 2012,0.4
,,2012 - 2013,0.43
,,2013 - 2014,0.25
,,2014 - 2015,0.33
,,2015 - 2016,0.43
,,2017 - 2018,0.37
,,2018 - 2019,0.89
,,2020 - 2021,0.5
,,2021 - 2022,0.5
,Dharwad,2000 - 2001,0.1
,,2001 - 2002,0.1
,,2002 - 2003,0.1
,,2003 - 2004,0.1
,,2004 - 2005,0.1
,,2005 - 2006,0.1
,,2006 - 2007,0.1
,,2007 - 2008,0.24
,,2008 - 2009,0.89
,,2009 - 2010,0.96
,,2010 - 2011,0.65
,,2011 - 2012,0.54
,,2012 - 2013,0.53
,,2013 - 2014,0.31
,,2014 - 2015,0.36
,,2015 - 2016,0.35
,,2016 - 2017,0.43
,,2017 - 2018,0.35
,,2018 - 2019,0.89
,,2019 - 2020,0.49
,,2020 - 2021,0.53
,,2021 - 2022,0.58
,Gadag,2000 - 2001,0.11
,,2001 - 2002,0.1
,,2002 - 2003,0.1
,,2003 - 2004,0.1
,,2004 - 2005,0.1
,,2005 - 2006,0.1
,,2006 - 2007,0.1
,,2007 - 2008,0.35
,,2008 - 2009,0.54
,,2009 - 2010,0.49
,,2010 - 2011,0.38
,,2011 - 2012,0.41
,,2012 - 2013,0.4
,,2013 - 2014,0.3
,,2014 - 2015,0.34
,,2015 - 2016,0.43
,,2016 - 2017,0.44
,,2017 - 2018,0.37
,,2018 - 2019,0.89
,,2019 - 2020,0.46
,,2020 - 2021,0.54
,,2021 - 2022,0.55
,,2022 - 2023,0.6
,Gulbarga,2000 - 2001,0.16
,,2001 - 2002,0.16
,,2002 - 2003,0.16
,,2003 - 2004,0.15
,,2004 - 2005,0.15
,,2005 - 2006,0.15
,,2006 - 2007,0.14
,,2007 - 2008,0.33
,,2008 - 2009,0.56
,,2009 - 2010,0.46
,,2010 - 2011,0.4
,,2011 - 2012,0.4
,,2012 - 2013,0.41
,,2013 - 2014,0.33
,,2014 - 2015,0.34
,,2018 - 2019,0.89
,,2020 - 2021,0.56
,,2022 - 2023,0.67
,Hassan,2000 - 2001,0.12
,,2001 - 2002,0.12
,,2002 - 2003,0.12
,,2003 - 2004,0.13
,,2004 - 2005,0.12
,,2005 - 2006,0.12
,,2006 - 2007,0.13
,,2007 - 2008,0.35
,,2008 - 2009,0.54
,,2009 - 2010,0.49
,,2010 - 2011,0.37
,,2011 - 2012,0.41
,,2012 - 2013,0.41
,,2013 - 2014,0.25
,,2014 - 2015,0.34
,,2015 - 2016,0.43
,,2016 - 2017,0.43
,,2017 - 2018,0.37
,,2018 - 2019,0.48
,,2020 - 2021,0.53
,,2021 - 2022,1.0
,,2022 - 2023,0.5
,Haveri,2000 - 2001,0.1
,,2001 - 2002,0.1
,,2002 - 2003,0.1
,,2003 - 2004,0.1
,,2004 - 2005,0.1
,,2005 - 2006,0.1
,,2006 - 2007,0.1
,,2007 - 2008,0.35
,,2008 - 2009,0.55
,,2009 - 2010,0.49
,,2010 - 2011,0.38
,,2011 - 2012,0.41
,,2012 - 2013,0.39
,,2013 - 2014,0.32
,,2014 - 2015,0.35
,,2015 - 2016,0.43
,,2017 - 2018,0.36
,,2018 - 2019,0.88
,,2022 - 2023,1.0
,Kodagu,2018 - 2019,1.0
,Kolar,2000 - 2001,0.1
,,2001 - 2002,0.11
,,2002 - 2003,0.11
,,2003 - 2004,0.1
,,2004 - 2005,0.1
,,2005 - 2006,0.1
,,2006 - 2007,0.11
,,2007 - 2008,0.4
,,2008 - 2009,0.6
,,2009 - 2010,0.4
,,2010 - 2011,0.4
,,2011 - 2012,0.4
,,2012 - 2013,0.4
,,2013 - 2014,0.4
,,2014 - 2015,0.4
,,2015 - 2016,0.4
,,2016 - 2017,0.4
,,2017 - 2018,0.4
,,2018 - 2019,0.89
,Koppal,2000 - 2001,0.17
,,2001 - 2002,0.18
,,2002 - 2003,0.17
,,2003 - 2004,0.18
,,2004 - 2005,0.17
,,2005 - 2006,0.17
,,2007 - 2008,0.35
,,2008 - 2009,0.54
,,2014 - 2015,0.34
,,2015 - 2016,0.39
,,2018 - 2019,0.89
,,2020 - 2021,0.5
,Mandya,2001 - 2002,0.0
,,2007 - 2008,0.0
,,2008 - 2009,0.5
,,2009 - 2010,0.43
,,2012 - 2013,0.4
,,2013 - 2014,0.5
,,2014 - 2015,0.33
,,2015 - 2016,0.0
,,2016 - 2017,0.47
,,2017 - 2018,0.5
,,2018 - 2019,0.88
,,2020 - 2021,0.52
,,2021 - 2022,0.5
,,2022 - 2023,0.5
,Mysore,2000 - 2001,0.07
,,2001 - 2002,0.1
,,2002 - 2003,0.09
,,2003 - 2004,0.09
,,2004 - 2005,0.08
,,2005 - 2006,0.08
,,2006 - 2007,0.1
,,2007 - 2008,0.35
,,2008 - 2009,0.54
,,2009 - 2010,0.49
,,2010 - 2011,0.37
,,2011 - 2012,0.42
,,2012 - 2013,0.38
,,2013 - 2014,0.31
,,2014 - 2015,0.33
,,2015 - 2016,0.5
,,2016 - 2017,0.0
,,2018 - 2019,0.89
,Raichur,2000 - 2001,0.17
,,2001 - 2002,0.17
,,2002 - 2003,0.17
,,2003 - 2004,0.17
,,2004 - 2005,0.17
,,2005 - 2006,0.25
,,2018 - 2019,0.89
,Ramanagara,2011 - 2012,0.44
,,2012 - 2013,0.5
,,2014 - 2015,0.5
,,2015 - 2016,0.0
,,2017 - 2018,0.5
,,2018 - 2019,1.0
,Shimoga,2012 - 2013,0.5
,,2014 - 2015,0.33
,,2015 - 2016,0.44
,,2016 - 2017,0.5
,,2017 - 2018,0.5
,,2018 - 2019,0.88
,,2020 - 2021,0.67
,,2021 - 2022,0.5
,Tumkur,2000 - 2001,0.1
,,2001 - 2002,0.1
,,2002 - 2003,0.13
,,2003 - 2004,0.11
,,2004 - 2005,0.1
,,2005 - 2006,0.13
,,2006 - 2007,0.0
,,2007 - 2008,0.38
,,2008 - 2009,0.54
,,2009 - 2010,0.5
,,2010 - 2011,0.38
,,2011 - 2012,0.41
,,2012 - 2013,0.4
,,2014 - 2015,0.33
,,2015 - 2016,0.44
,,2018 - 2019,0.88
,,2022 - 2023,1.0
,Udupi,2018 - 2019,1.0
,,2021 - 2022,0.5
,,2022 - 2023,0.5
,Uttar kannad,2018 - 2019,1.0
,Yadgir,2010 - 2011,0.0
,,2011 - 2012,0.5
,,2014 - 2015,0.0
,,2018 - 2019,0.9
,,2019 - 2020,0.44
,,2021 - 2022,1.0
Madhya Pradesh,Agar malwa,2013 - 2014,0.48
,,2015 - 2016,0.77
,,2016 - 2017,2.0
,,2017 - 2018,2.0
,,2018 - 2019,0.77
,,2019 - 2020,0.77
,Alirajpur,2010 - 2011,0.5
,,2011 - 2012,0.43
,,2012 - 2013,0.43
,,2013 - 2014,0.73
,,2015 - 2016,1.2
,,2016 - 2017,2.5
,,2017 - 2018,2.7
,,2018 - 2019,2.72
,,2019 - 2020,1.74
,Anuppur,2003 - 2004,0.26
,,2004 - 2005,0.27
,,2006 - 2007,0.26
,,2007 - 2008,0.26
,,2008 - 2009,0.26
,,2009 - 2010,0.26
,,2010 - 2011,0.17
,,2011 - 2012,0.18
,,2012 - 2013,0.3
,,2013 - 2014,0.33
,,2015 - 2016,1.5
,,2016 - 2017,1.66
,,2017 - 2018,1.66
,,2018 - 2019,1.7
,,2019 - 2020,1.8
,Ashoknagar,2003 - 2004,0.27
,,2004 - 2005,0.26
,,2006 - 2007,0.31
,,2007 - 2008,0.29
,,2008 - 2009,0.31
,,2009 - 2010,0.33
,,2010 - 2011,0.2
,,2011 - 2012,0.25
,,2012 - 2013,0.62
,,2013 - 2014,0.63
,,2015 - 2016,1.5
,,2016 - 2017,1.5
,,2017 - 2018,1.5
,,2018 - 2019,1.53
,,2019 - 2020,1.52
,Balaghat,2000 - 2001,0.22
,,2001 - 2002,0.29
,,2002 - 2003,0.27
,,2003 - 2004,0.28
,,2004 - 2005,0.27
,,2006 - 2007,0.27
,,2007 - 2008,0.27
,,2008 - 2009,0.27
,,2009 - 2010,0.27
,,2010 - 2011,0.27
,,2011 - 2012,0.27
,,2012 - 2013,0.2
,,2013 - 2014,0.23
,,2015 - 2016,1.6
,,2016 - 2017,1.59
,,2017 - 2018,0.95
,,2018 - 2019,0.97
,,2019 - 2020,0.98
,Barwani,2000 - 2001,0.22
,,2001 - 2002,0.26
,,2002 - 2003,0.29
,,2003 - 2004,0.29
,,2004 - 2005,0.22
,,2006 - 2007,0.21
,,2007 - 2008,0.18
,,2008 - 2009,0.19
,,2009 - 2010,0.19
,,2010 - 2011,0.22
,,2011 - 2012,0.21
,,2012 - 2013,0.42
,,2013 - 2014,0.44
,,2015 - 2016,1.0
,,2016 - 2017,1.0
,,2017 - 2018,1.0
,,2018 - 2019,1.0
,,2019 - 2020,1.0
,Betul,2000 - 2001,0.26
,,2001 - 2002,0.28
,,2002 - 2003,0.25
,,2003 - 2004,0.27
,,2004 - 2005,0.27
,,2006 - 2007,0.3
,,2007 - 2008,0.31
,,2008 - 2009,0.3
,,2009 - 2010,0.31
,,2010 - 2011,0.29
,,2011 - 2012,0.31
,,2012 - 2013,0.41
,,2013 - 2014,0.48
,,2015 - 2016,3.0
,,2016 - 2017,2.79
,,2017 - 2018,2.78
,,2018 - 2019,2.81
,,2019 - 2020,2.84
,Bhind,2000 - 2001,0.5
,,2001 - 2002,0.5
,,2002 - 2003,0.01
,,2003 - 2004,0.33
,,2004 - 2005,0.25
,,2006 - 2007,0.25
,,2007 - 2008,0.14
,,2008 - 2009,0.0
,,2015 - 2016,1.0
,,2016 - 2017,1.0
,,2017 - 2018,1.49
,,2018 - 2019,1.49
,,2019 - 2020,1.5
,Bhopal,2000 - 2001,0.41
,,2001 - 2002,0.35
,,2002 - 2003,0.35
,,2003 - 2004,0.36
,,2004 - 2005,0.35
,,2006 - 2007,0.38
,,2007 - 2008,0.39
,,2008 - 2009,0.4
,,2009 - 2010,0.47
,,2010 - 2011,0.32
,,2011 - 2012,0.45
,,2012 - 2013,0.68
,,2013 - 2014,0.8
,,2015 - 2016,1.5
,,2016 - 2017,1.5
,,2017 - 2018,1.5
,,2018 - 2019,1.5
,,2019 - 2020,1.61
,Burhanpur,2003 - 2004,0.36
,,2004 - 2005,0.26
,,2006 - 2007,0.31
,,2007 - 2008,0.33
,,2008 - 2009,0.29
,,2009 - 2010,0.34
,,2010 - 2011,0.24
,,2011 - 2012,0.26
,,2012 - 2013,0.38
,,2013 - 2014,0.28
,,2015 - 2016,1.14
,,2016 - 2017,1.5
,,2017 - 2018,1.5
,,2018 - 2019,1.5
,,2019 - 2020,1.5
,Chhatarpur,2000 - 2001,0.18
,,2001 - 2002,0.19
,,2002 - 2003,0.19
,,2003 - 2004,0.19
,,2004 - 2005,0.19
,,2006 - 2007,0.16
,,2007 - 2008,0.14
,,2008 - 2009,0.2
,,2009 - 2010,0.2
,,2010 - 2011,0.19
,,2011 - 2012,0.2
,,2012 - 2013,0.21
,,2013 - 2014,0.18
,,2015 - 2016,1.0
,,2016 - 2017,1.02
,,2017 - 2018,1.02
,,2018 - 2019,1.0
,,2019 - 2020,1.12
,Chhindwara,2000 - 2001,0.24
,,2001 - 2002,0.22
,,2002 - 2003,0.21
,,2003 - 2004,0.27
,,2004 - 2005,0.25
,,2006 - 2007,0.28
,,2007 - 2008,0.26
,,2008 - 2009,0.27
,,2009 - 2010,0.3
,,2010 - 2011,0.26
,,2011 - 2012,0.35
,,2012 - 2013,0.37
,,2013 - 2014,0.41
,,2015 - 2016,8.0
,,2016 - 2017,1.0
,,2017 - 2018,1.0
,,2018 - 2019,1.0
,,2019 - 2020,1.0
,Damoh,2000 - 2001,0.19
,,2001 - 2002,0.24
,,2002 - 2003,0.2
,,2003 - 2004,0.27
,,2004 - 2005,0.27
,,2006 - 2007,0.24
,,2007 - 2008,0.2
,,2008 - 2009,0.33
,,2009 - 2010,0.33
,,2010 - 2011,0.33
,,2011 - 2012,0.32
,,2012 - 2013,0.38
,,2013 - 2014,0.46
,Datia,2000 - 2001,0.33
,,2001 - 2002,0.25
,,2002 - 2003,0.2
,,2003 - 2004,0.2
,,2004 - 2005,0.33
,,2006 - 2007,0.2
,,2007 - 2008,0.14
,,2008 - 2009,0.36
,,2009 - 2010,0.27
,,2010 - 2011,0.25
,,2011 - 2012,0.33
,,2012 - 2013,0.42
,,2013 - 2014,0.37
,,2015 - 2016,1.0
,,2016 - 2017,1.5
,,2017 - 2018,1.5
,,2018 - 2019,1.5
,,2019 - 2020,1.5
,Dewas,2000 - 2001,0.23
,,2001 - 2002,0.29
,,2002 - 2003,0.32
,,2003 - 2004,0.33
,,2004 - 2005,0.32
,,2006 - 2007,0.38
,,2007 - 2008,0.41
,,2008 - 2009,0.35
,,2009 - 2010,0.37
,,2010 - 2011,0.41
,,2011 - 2012,0.41
,,2012 - 2013,0.48
,,2013 - 2014,0.26
,,2015 - 2016,2.04
,,2016 - 2017,2.03
,,2017 - 2018,2.1
,,2018 - 2019,2.11
,,2019 - 2020,2.11
,Dhar,2000 - 2001,0.23
,,2001 - 2002,0.35
,,2002 - 2003,0.31
,,2003 - 2004,0.37
,,2004 - 2005,0.37
,,2006 - 2007,0.41
,,2007 - 2008,0.38
,,2008 - 2009,0.37
,,2009 - 2010,0.36
,,2010 - 2011,0.4
,,2011 - 2012,0.39
,,2012 - 2013,0.4
,,2013 - 2014,0.61
,,2015 - 2016,0.8
,,2016 - 2017,1.0
,,2017 - 2018,1.01
,,2018 - 2019,1.53
,,2019 - 2020,1.69
,Dindori,2000 - 2001,0.14
,,2001 - 2002,0.19
,,2002 - 2003,0.14
,,2003 - 2004,0.19
,,2004 - 2005,0.19
,,2006 - 2007,0.14
,,2007 - 2008,0.11
,,2008 - 2009,0.12
,,2009 - 2010,0.12
,,2010 - 2011,0.12
,,2011 - 2012,0.12
,,2012 - 2013,0.18
,,2013 - 2014,0.25
,,2016 - 2017,2.89
,,2017 - 2018,2.9
,,2018 - 2019,2.8
,,2019 - 2020,2.8
,Guna,2000 - 2001,0.25
,,2001 - 2002,0.32
,,2002 - 2003,0.11
,,2003 - 2004,0.3
,,2004 - 2005,0.29
,,2006 - 2007,0.33
,,2007 - 2008,0.23
,,2008 - 2009,0.33
,,2009 - 2010,0.33
,,2010 - 2011,0.26
,,2011 - 2012,0.3
,,2012 - 2013,0.91
,,2013 - 2014,1.06
,,2015 - 2016,1.0
,,2016 - 2017,1.2
,,2017 - 2018,1.2
,,2018 - 2019,1.2
,,2019 - 2020,1.2
,Gwalior,2000 - 2001,0.43
,,2001 - 2002,0.61
,,2002 - 2003,0.27
,,2003 - 2004,0.44
,,2004 - 2005,0.45
,,2006 - 2007,0.3
,,2007 - 2008,0.33
,,2008 - 2009,0.52
,,2009 - 2010,0.56
,,2010 - 2011,0.45
,,2011 - 2012,0.5
,,2012 - 2013,0.33
,,2013 - 2014,0.32
,,2015 - 2016,2.5
,,2016 - 2017,2.5
,,2017 - 2018,2.5
,,2018 - 2019,2.5
,,2019 - 2020,3.0
,Harda,2000 - 2001,0.29
,,2001 - 2002,0.36
,,2002 - 2003,0.37
,,2003 - 2004,0.36
,,2004 - 2005,0.43
,,2006 - 2007,0.31
,,2007 - 2008,0.3
,,2008 - 2009,0.39
,,2009 - 2010,0.36
,,2010 - 2011,0.37
,,2011 - 2012,0.34
,,2012 - 2013,0.39
,,2013 - 2014,0.34
,,2015 - 2016,1.5
,,2016 - 2017,1.5
,,2017 - 2018,1.51
,,2018 - 2019,1.51
,,2019 - 2020,1.51
,Hoshangabad,2000 - 2001,0.44
,,2001 - 2002,0.43
,,2002 - 2003,0.41
,,2003 - 2004,0.36
,,2004 - 2005,0.4
,,2006 - 2007,0.46
,,2007 - 2008,0.46
,,2008 - 2009,0.46
,,2009 - 2010,0.46
,,2010 - 2011,0.46
,,2011 - 2012,0.52
,,2012 - 2013,0.47
,,2013 - 2014,0.43
,,2015 - 2016,2.0
,,2016 - 2017,1.1
,,2017 - 2018,1.1
,,2018 - 2019,1.1
,,2019 - 2020,1.1
,Indore,2000 - 2001,0.26
,,2002 - 2003,0.32
,,2003 - 2004,0.36
,,2004 - 2005,0.37
,,2006 - 2007,0.33
,,2007 - 2008,0.37
,,2008 - 2009,0.36
,,2009 - 2010,0.39
,,2010 - 2011,0.41
,,2011 - 2012,0.39
,,2012 - 2013,0.28
,,2013 - 2014,0.31
,,2015 - 2016,1.0
,,2016 - 2017,1.0
,,2017 - 2018,1.0
,,2018 - 2019,1.0
,,2019 - 2020,1.0
,Jabalpur,2000 - 2001,0.23
,,2001 - 2002,0.3
,,2002 - 2003,0.29
,,2003 - 2004,0.35
,,2004 - 2005,0.36
,,2006 - 2007,0.36
,,2007 - 2008,0.22
,,2008 - 2009,0.23
,,2009 - 2010,0.23
,,2010 - 2011,0.27
,,2011 - 2012,0.29
,,2012 - 2013,0.27
,,2013 - 2014,0.36
,,2015 - 2016,1.4
,,2016 - 2017,1.4
,,2017 - 2018,1.4
,,2018 - 2019,1.5
,,2019 - 2020,1.4
,Jhabua,2007 - 2008,0.33
,,2010 - 2011,0.5
,,2012 - 2013,0.5
,,2013 - 2014,0.5
,,2015 - 2016,1.0
,,2016 - 2017,1.0
,,2017 - 2018,1.0
,,2018 - 2019,1.0
,,2019 - 2020,1.0
,Katni,2000 - 2001,0.19
,,2001 - 2002,0.21
,,2002 - 2003,0.19
,,2003 - 2004,0.23
,,2004 - 2005,0.23
,,2006 - 2007,0.15
,,2007 - 2008,0.17
,,2008 - 2009,0.19
,,2009 - 2010,0.19
,,2010 - 2011,0.17
,,2011 - 2012,0.2
,,2012 - 2013,0.21
,,2013 - 2014,0.48
,,2015 - 2016,1.99
,,2016 - 2017,0.83
,,2017 - 2018,1.13
,,2018 - 2019,1.13
,,2019 - 2020,1.13
,Khandwa,2000 - 2001,0.22
,,2001 - 2002,0.25
,,2002 - 2003,0.29
,,2003 - 2004,0.29
,,2004 - 2005,0.27
,,2006 - 2007,0.32
,,2007 - 2008,0.34
,,2008 - 2009,0.29
,,2009 - 2010,0.34
,,2010 - 2011,0.33
,,2011 - 2012,0.34
,,2012 - 2013,0.26
,,2013 - 2014,0.33
,,2015 - 2016,16.0
,,2016 - 2017,1.6
,,2017 - 2018,1.6
,,2018 - 2019,1.6
,,2019 - 2020,1.61
,Khargone,2000 - 2001,0.2
,,2001 - 2002,0.27
,,2002 - 2003,0.26
,,2003 - 2004,0.29
,,2004 - 2005,0.28
,,2006 - 2007,0.35
,,2007 - 2008,0.35
,,2008 - 2009,0.34
,,2009 - 2010,0.34
,,2010 - 2011,0.39
,,2011 - 2012,0.38
,,2012 - 2013,0.29
,,2013 - 2014,0.32
,,2015 - 2016,1.1
,,2016 - 2017,1.1
,,2017 - 2018,1.1
,,2018 - 2019,1.1
,,2019 - 2020,1.49
,Mandla,2000 - 2001,0.1
,,2001 - 2002,0.19
,,2002 - 2003,0.19
,,2003 - 2004,0.23
,,2004 - 2005,0.23
,,2006 - 2007,0.23
,,2007 - 2008,0.23
,,2008 - 2009,0.23
,,2009 - 2010,0.21
,,2010 - 2011,0.21
,,2011 - 2012,0.21
,,2012 - 2013,0.22
,,2013 - 2014,0.37
,,2015 - 2016,2.87
,,2016 - 2017,1.37
,,2017 - 2018,1.44
,,2018 - 2019,1.45
,,2019 - 2020,1.46
,Mandsaur,2000 - 2001,0.44
,,2001 - 2002,0.53
,,2002 - 2003,0.35
,,2003 - 2004,0.54
,,2004 - 2005,0.56
,,2006 - 2007,0.61
,,2007 - 2008,0.49
,,2008 - 2009,0.62
,,2009 - 2010,0.61
,,2010 - 2011,0.59
,,2011 - 2012,0.53
,,2012 - 2013,0.59
,,2013 - 2014,0.58
,,2015 - 2016,1.4
,,2016 - 2017,1.4
,,2017 - 2018,1.4
,,2018 - 2019,1.4
,,2019 - 2020,1.4
,Morena,2001 - 2002,0.57
,,2002 - 2003,0.29
,,2003 - 2004,0.01
,,2018 - 2019,1.01
,,2019 - 2020,1.03
,Narsinghpur,2000 - 2001,0.54
,,2001 - 2002,0.54
,,2002 - 2003,0.5
,,2003 - 2004,0.53
,,2004 - 2005,0.53
,,2006 - 2007,0.53
,,2007 - 2008,0.51
,,2008 - 2009,0.51
,,2009 - 2010,0.51
,,2010 - 2011,0.43
,,2011 - 2012,0.48
,,2012 - 2013,0.43
,,2013 - 2014,0.48
,,2015 - 2016,1.45
,,2016 - 2017,1.46
,,2017 - 2018,1.46
,,2018 - 2019,1.47
,,2019 - 2020,1.47
,Neemuch,2000 - 2001,0.56
,,2001 - 2002,0.67
,,2002 - 2003,0.64
,,2003 - 2004,0.65
,,2004 - 2005,0.7
,,2006 - 2007,0.66
,,2007 - 2008,0.46
,,2008 - 2009,0.64
,,2009 - 2010,0.58
,,2010 - 2011,0.48
,,2011 - 2012,0.58
,,2012 - 2013,1.05
,,2013 - 2014,0.72
,,2015 - 2016,1.0
,,2016 - 2017,1.0
,,2017 - 2018,1.0
,,2018 - 2019,1.0
,,2019 - 2020,1.0
,Panna,2000 - 2001,0.32
,,2001 - 2002,0.44
,,2002 - 2003,0.4
,,2003 - 2004,0.45
,,2004 - 2005,0.34
,,2006 - 2007,0.4
,,2007 - 2008,0.41
,,2008 - 2009,0.55
,,2009 - 2010,0.55
,,2010 - 2011,0.55
,,2011 - 2012,0.6
,,2012 - 2013,0.67
,,2013 - 2014,0.76
,,2015 - 2016,2.62
,,2016 - 2017,2.24
,,2017 - 2018,2.23
,,2018 - 2019,2.23
,,2019 - 2020,2.23
,Raisen,2000 - 2001,0.23
,,2001 - 2002,0.24
,,2002 - 2003,0.24
,,2003 - 2004,0.26
,,2004 - 2005,0.26
,,2006 - 2007,0.26
,,2007 - 2008,0.26
,,2008 - 2009,0.26
,,2009 - 2010,0.26
,,2010 - 2011,0.22
,,2011 - 2012,0.32
,,2012 - 2013,0.2
,,2013 - 2014,0.37
,,2015 - 2016,1.09
,,2016 - 2017,1.09
,,2017 - 2018,1.09
,,2018 - 2019,1.05
,,2019 - 2020,1.05
,Rajgarh,2000 - 2001,0.34
,,2001 - 2002,0.36
,,2002 - 2003,0.35
,,2003 - 2004,0.47
,,2004 - 2005,0.46
,,2006 - 2007,0.5
,,2007 - 2008,0.33
,,2008 - 2009,0.46
,,2009 - 2010,0.55
,,2010 - 2011,0.36
,,2011 - 2012,0.49
,,2012 - 2013,0.39
,,2013 - 2014,0.46
,,2015 - 2016,1.25
,,2016 - 2017,1.25
,,2017 - 2018,1.25
,,2018 - 2019,1.25
,,2019 - 2020,1.25
,Ratlam,2000 - 2001,0.45
,,2001 - 2002,0.34
,,2002 - 2003,0.4
,,2003 - 2004,0.46
,,2004 - 2005,0.45
,,2006 - 2007,0.45
,,2007 - 2008,0.45
,,2008 - 2009,0.35
,,2009 - 2010,0.43
,,2010 - 2011,0.42
,,2011 - 2012,0.45
,,2012 - 2013,0.41
,,2013 - 2014,0.42
,,2015 - 2016,1.5
,,2016 - 2017,1.5
,,2017 - 2018,1.5
,,2018 - 2019,6.18
,,2019 - 2020,1.5
,Rewa,2000 - 2001,0.25
,,2001 - 2002,0.25
,,2002 - 2003,0.23
,,2003 - 2004,0.24
,,2004 - 2005,0.24
,,2006 - 2007,0.35
,,2007 - 2008,0.35
,,2008 - 2009,0.39
,,2009 - 2010,0.38
,,2010 - 2011,0.38
,,2011 - 2012,0.41
,,2012 - 2013,0.32
,,2013 - 2014,0.32
,,2015 - 2016,1.5
,,2016 - 2017,2.6
,,2017 - 2018,2.6
,,2018 - 2019,2.5
,,2019 - 2020,2.5
,Sagar,2000 - 2001,0.33
,,2001 - 2002,0.32
,,2002 - 2003,0.22
,,2003 - 2004,0.35
,,2004 - 2005,0.35
,,2006 - 2007,0.34
,,2007 - 2008,0.34
,,2008 - 2009,0.37
,,2009 - 2010,0.3
,,2010 - 2011,0.4
,,2011 - 2012,0.37
,,2012 - 2013,0.53
,,2013 - 2014,0.47
,,2015 - 2016,4.0
,,2016 - 2017,4.0
,,2017 - 2018,4.0
,,2018 - 2019,4.81
,,2019 - 2020,2.8
,Satna,2000 - 2001,0.31
,,2001 - 2002,0.34
,,2002 - 2003,0.34
,,2003 - 2004,0.36
,,2004 - 2005,0.41
,,2006 - 2007,0.33
,,2007 - 2008,0.26
,,2008 - 2009,0.36
,,2009 - 2010,0.43
,,2010 - 2011,0.39
,,2011 - 2012,0.4
,,2012 - 2013,0.3
,,2013 - 2014,0.33
,,2015 - 2016,5.79
,,2016 - 2017,2.24
,,2017 - 2018,2.24
,,2018 - 2019,2.16
,,2019 - 2020,2.24
,Sehore,2000 - 2001,0.42
,,2001 - 2002,0.51
,,2002 - 2003,0.51
,,2003 - 2004,0.51
,,2004 - 2005,0.51
,,2006 - 2007,0.51
,,2007 - 2008,0.52
,,2008 - 2009,0.62
,,2009 - 2010,0.68
,,2010 - 2011,0.39
,,2011 - 2012,0.67
,,2012 - 2013,0.52
,,2013 - 2014,0.56
,,2015 - 2016,15.0
,,2016 - 2017,1.8
,,2017 - 2018,1.8
,,2018 - 2019,1.8
,,2019 - 2020,1.8
,Seoni,2000 - 2001,0.24
,,2001 - 2002,0.27
,,2002 - 2003,0.21
,,2003 - 2004,0.26
,,2004 - 2005,0.25
,,2006 - 2007,0.26
,,2007 - 2008,0.25
,,2008 - 2009,0.25
,,2009 - 2010,0.25
,,2010 - 2011,0.25
,,2011 - 2012,0.25
,,2012 - 2013,0.35
,,2013 - 2014,0.43
,,2015 - 2016,0.98
,,2016 - 2017,1.0
,,2017 - 2018,1.01
,,2018 - 2019,1.02
,,2019 - 2020,1.01
,Shahdol,2000 - 2001,0.3
,,2001 - 2002,0.29
,,2002 - 2003,0.3
,,2003 - 2004,0.28
,,2004 - 2005,0.23
,,2006 - 2007,0.25
,,2007 - 2008,0.27
,,2008 - 2009,0.25
,,2009 - 2010,0.25
,,2010 - 2011,0.29
,,2011 - 2012,0.31
,,2012 - 2013,0.44
,,2013 - 2014,0.48
,,2015 - 2016,14.0
,,2016 - 2017,0.7
,,2017 - 2018,0.71
,,2018 - 2019,0.7
,,2019 - 2020,0.7
,Shajapur,2000 - 2001,0.36
,,2001 - 2002,0.36
,,2002 - 2003,0.29
,,2003 - 2004,0.43
,,2004 - 2005,0.45
,,2006 - 2007,0.48
,,2007 - 2008,0.29
,,2008 - 2009,0.33
,,2009 - 2010,0.49
,,2010 - 2011,0.49
,,2011 - 2012,0.49
,,2012 - 2013,0.47
,,2013 - 2014,0.48
,,2015 - 2016,1.32
,,2016 - 2017,1.35
,,2017 - 2018,1.4
,,2018 - 2019,1.4
,,2019 - 2020,1.4
,Sheopur,2000 - 2001,0.56
,,2001 - 2002,0.61
,,2002 - 2003,0.34
,,2003 - 2004,0.47
,,2004 - 2005,0.47
,,2006 - 2007,0.53
,,2007 - 2008,0.58
,,2008 - 2009,0.58
,,2009 - 2010,0.58
,,2010 - 2011,0.56
,,2011 - 2012,0.58
,,2012 - 2013,0.93
,,2013 - 2014,0.86
,,2015 - 2016,1.6
,,2016 - 2017,1.75
,,2017 - 2018,1.75
,,2018 - 2019,1.75
,,2019 - 2020,1.75
,Shivpuri,2000 - 2001,0.25
,,2001 - 2002,0.27
,,2002 - 2003,0.15
,,2003 - 2004,0.29
,,2004 - 2005,0.32
,,2006 - 2007,0.25
,,2007 - 2008,0.21
,,2008 - 2009,0.27
,,2009 - 2010,0.3
,,2010 - 2011,0.23
,,2011 - 2012,0.27
,,2012 - 2013,0.23
,,2013 - 2014,0.29
,,2015 - 2016,0.5
,,2016 - 2017,1.48
,,2017 - 2018,1.5
,,2018 - 2019,1.5
,,2019 - 2020,1.21
,Sidhi,2000 - 2001,0.45
,,2001 - 2002,0.5
,,2002 - 2003,0.4
,,2003 - 2004,0.49
,,2004 - 2005,0.49
,,2006 - 2007,0.47
,,2007 - 2008,0.43
,,2008 - 2009,0.53
,,2009 - 2010,0.51
,,2010 - 2011,0.5
,,2011 - 2012,0.66
,,2012 - 2013,0.74
,,2013 - 2014,0.91
,,2015 - 2016,1.53
,,2016 - 2017,1.7
,,2017 - 2018,1.69
,,2018 - 2019,1.7
,,2019 - 2020,1.7
,Singrauli,2008 - 2009,0.53
,,2009 - 2010,0.51
,,2010 - 2011,0.51
,,2011 - 2012,0.65
,,2012 - 2013,0.63
,,2013 - 2014,0.63
,,2015 - 2016,1.0
,,2016 - 2017,1.0
,,2017 - 2018,1.64
,,2018 - 2019,1.74
,,2019 - 2020,1.82
,Tikamgarh,2000 - 2001,0.41
,,2001 - 2002,0.41
,,2002 - 2003,0.33
,,2003 - 2004,0.4
,,2004 - 2005,0.33
,,2006 - 2007,0.27
,,2007 - 2008,0.25
,,2008 - 2009,0.33
,,2009 - 2010,0.33
,,2010 - 2011,0.27
,,2011 - 2012,0.46
,,2012 - 2013,0.26
,,2013 - 2014,0.25
,,2015 - 2016,0.15
,,2016 - 2017,1.1
,,2017 - 2018,1.1
,,2018 - 2019,1.09
,,2019 - 2020,1.09
,Ujjain,2000 - 2001,0.19
,,2001 - 2002,0.17
,,2002 - 2003,0.16
,,2003 - 2004,0.32
,,2004 - 2005,0.32
,,2006 - 2007,0.35
,,2007 - 2008,0.23
,,2008 - 2009,0.29
,,2009 - 2010,0.3
,,2010 - 2011,0.26
,,2011 - 2012,0.29
,,2012 - 2013,0.29
,,2013 - 2014,0.29
,,2015 - 2016,1.76
,,2016 - 2017,2.7
,,2017 - 2018,2.83
,,2018 - 2019,2.9
,,2019 - 2020,3.0
,Umaria,2000 - 2001,0.3
,,2001 - 2002,0.26
,,2002 - 2003,0.28
,,2003 - 2004,0.26
,,2004 - 2005,0.27
,,2006 - 2007,0.26
,,2007 - 2008,0.27
,,2008 - 2009,0.25
,,2009 - 2010,0.27
,,2010 - 2011,0.25
,,2011 - 2012,0.33
,,2012 - 2013,0.34
,,2013 - 2014,0.47
,,2015 - 2016,2.0
,,2016 - 2017,2.0
,,2017 - 2018,1.3
,,2018 - 2019,1.3
,,2019 - 2020,1.3
,Vidisha,2000 - 2001,0.22
,,2001 - 2002,0.27
,,2002 - 2003,0.21
,,2003 - 2004,0.31
,,2004 - 2005,0.31
,,2006 - 2007,0.32
,,2007 - 2008,0.26
,,2008 - 2009,0.27
,,2009 - 2010,0.3
,,2010 - 2011,0.23
,,2011 - 2012,0.32
,,2012 - 2013,0.36
,,2015 - 2016,1.1
,,2016 - 2017,1.5
,,2017 - 2018,1.5
,,2018 - 2019,1.5
,,2019 - 2020,1.54
Meghalaya,East garo hills,2004 - 2005,5.38
,,2017 - 2018,2.44
,,2018 - 2019,2.44
,,2019 - 2020,2.44
,,2020 - 2021,2.44
,East jaintia hills,2004 - 2005,4.17
,,2017 - 2018,4.0
,,2018 - 2019,4.0
,,2019 - 2020,4.0
,,2020 - 2021,4.0
,East khasi hills,2017 - 2018,2.47
,,2018 - 2019,2.47
,,2019 - 2020,2.47
,,2020 - 2021,2.47
,North garo hills,2017 - 2018,3.58
,,2018 - 2019,3.58
,,2019 - 2020,3.58
,,2020 - 2021,3.58
,South garo hills,2004 - 2005,5.36
,,2017 - 2018,9.48
,,2018 - 2019,9.49
,,2019 - 2020,9.5
,,2020 - 2021,9.51
,South west garo hills,2017 - 2018,2.9
,,2018 - 2019,2.9
,,2019 - 2020,2.91
,,2020 - 2021,2.91
,South west khasi hills,2017 - 2018,2.86
,,2018 - 2019,2.86
,,2019 - 2020,2.86
,,2020 - 2021,2.86
,West garo hills,2004 - 2005,7.06
,,2017 - 2018,3.01
,,2018 - 2019,3.02
,,2019 - 2020,3.02
,,2020 - 2021,3.03
,West jaintia hills,2017 - 2018,2.7
,,2018 - 2019,2.7
,,2019 - 2020,2.7
,,2020 - 2021,2.7
,West khasi hills,2017 - 2018,3.94
,,2018 - 2019,3.94
,,2019 - 2020,3.94
,,2020 - 2021,3.94
Odisha,Anugul,2000 - 2001,0.49
,,2001 - 2002,0.41
,,2002 - 2003,0.41
,,2003 - 2004,0.41
,,2004 - 2005,0.41
,,2019 - 2020,
,Balangir,2000 - 2001,0.48
,,2001 - 2002,0.05
,,2002 - 2003,0.48
,,2003 - 2004,0.48
,,2004 - 2005,0.49
,,2019 - 2020,
,Baleshwar,2000 - 2001,0.49
,,2001 - 2002,0.49
,,2002 - 2003,0.49
,,2003 - 2004,0.49
,,2004 - 2005,0.49
,,2019 - 2020,
,Bargarh,2000 - 2001,0.5
,,2001 - 2002,0.5
,,2002 - 2003,0.5
,,2003 - 2004,0.49
,,2004 - 2005,0.5
,,2019 - 2020,
,Bhadrak,2000 - 2001,0.5
,,2001 - 2002,0.5
,,2002 - 2003,0.48
,,2003 - 2004,0.48
,,2004 - 2005,0.49
,,2019 - 2020,
,Boudh,2000 - 2001,0.5
,,2001 - 2002,0.48
,,2002 - 2003,0.49
,,2003 - 2004,0.49
,,2004 - 2005,0.49
,,2019 - 2020,
,Cuttack,2000 - 2001,0.49
,,2001 - 2002,0.49
,,2002 - 2003,0.49
,,2003 - 2004,0.49
,,2004 - 2005,0.49
,,2019 - 2020,
,Deogarh,2000 - 2001,0.45
,,2001 - 2002,0.5
,,2002 - 2003,0.5
,,2003 - 2004,0.49
,,2004 - 2005,0.49
,,2019 - 2020,
,Dhenkanal,2000 - 2001,0.5
,,2001 - 2002,0.47
,,2002 - 2003,0.48
,,2003 - 2004,0.48
,,2004 - 2005,0.48
,,2019 - 2020,
,Gajapati,2000 - 2001,0.33
,,2001 - 2002,0.5
,,2002 - 2003,0.33
,,2003 - 2004,0.5
,,2004 - 2005,0.5
,,2019 - 2020,
,Ganjam,2000 - 2001,0.48
,,2001 - 2002,0.5
,,2002 - 2003,0.5
,,2003 - 2004,0.48
,,2004 - 2005,0.49
,,2019 - 2020,
,Jagatsinghapur,2000 - 2001,0.47
,,2001 - 2002,0.5
,,2002 - 2003,0.49
,,2003 - 2004,0.5
,,2004 - 2005,0.49
,,2019 - 2020,
,Jajapur,2000 - 2001,0.49
,,2001 - 2002,0.49
,,2002 - 2003,0.49
,,2003 - 2004,0.49
,,2004 - 2005,0.49
,,2019 - 2020,
,Jharsuguda,2000 - 2001,0.5
,,2001 - 2002,0.43
,,2002 - 2003,0.4
,,2003 - 2004,0.5
,,2004 - 2005,0.48
,,2019 - 2020,
,Kalahandi,2000 - 2001,0.49
,,2001 - 2002,0.49
,,2002 - 2003,0.48
,,2003 - 2004,0.48
,,2004 - 2005,0.49
,,2019 - 2020,
,Kandhamal,2000 - 2001,0.5
,,2001 - 2002,0.5
,,2002 - 2003,0.46
,,2003 - 2004,0.48
,,2004 - 2005,0.48
,,2019 - 2020,
,Kendrapara,2000 - 2001,0.49
,,2001 - 2002,0.47
,,2002 - 2003,0.49
,,2003 - 2004,0.49
,,2004 - 2005,0.54
,,2019 - 2020,
,Kendujhar,2001 - 2002,0.31
,,2002 - 2003,0.39
,,2003 - 2004,0.39
,,2004 - 2005,0.39
,,2019 - 2020,
,Khordha,2000 - 2001,0.5
,,2001 - 2002,0.48
,,2002 - 2003,0.5
,,2003 - 2004,0.5
,,2004 - 2005,0.49
,,2019 - 2020,
,Koraput,2000 - 2001,0.5
,,2001 - 2002,0.49
,,2002 - 2003,0.48
,,2003 - 2004,0.48
,,2004 - 2005,0.48
,,2019 - 2020,
,Malkangiri,2001 - 2002,0.44
,,2002 - 2003,0.5
,,2003 - 2004,0.5
,,2004 - 2005,0.48
,,2019 - 2020,
,Mayurbhanj,2000 - 2001,0.49
,,2001 - 2002,0.48
,,2002 - 2003,0.49
,,2003 - 2004,0.49
,,2004 - 2005,0.49
,,2019 - 2020,
,Nabarangpur,2000 - 2001,0.5
,,2001 - 2002,0.48
,,2002 - 2003,0.48
,,2003 - 2004,0.48
,,2004 - 2005,0.49
,,2019 - 2020,
,Nayagarh,2000 - 2001,0.46
,,2001 - 2002,0.5
,,2002 - 2003,0.45
,,2003 - 2004,0.45
,,2004 - 2005,0.45
,,2019 - 2020,
,Nuapada,2000 - 2001,0.47
,,2001 - 2002,0.5
,,2002 - 2003,0.49
,,2003 - 2004,0.49
,,2004 - 2005,0.49
,,2019 - 2020,
,Puri,2000 - 2001,0.47
,,2001 - 2002,0.05
,,2002 - 2003,0.47
,,2003 - 2004,0.48
,,2004 - 2005,0.48
,,2019 - 2020,
,Rayagada,2001 - 2002,0.5
,,2002 - 2003,0.5
,,2003 - 2004,0.5
,,2004 - 2005,0.47
,,2019 - 2020,
,Sambalpur,2000 - 2001,0.49
,,2001 - 2002,0.5
,,2002 - 2003,0.49
,,2003 - 2004,0.49
,,2004 - 2005,0.49
,,2019 - 2020,
,Sonepur,2000 - 2001,0.5
,,2001 - 2002,0.5
,,2002 - 2003,0.5
,,2003 - 2004,0.48
,,2004 - 2005,0.5
,,2019 - 2020,
,Sundargarh,2000 - 2001,0.49
,,2001 - 2002,0.49
,,2002 - 2003,0.47
,,2003 - 2004,0.47
,,2004 - 2005,0.48
,,2019 - 2020,
Puducherry,Yanam,2000 - 2001,1.0
,,2001 - 2002,0.5
,,2002 - 2003,0.8
,,2003 - 2004,0.5
,,2007 - 2008,
,,2008 - 2009,
,,2009 - 2010,
,,2012 - 2013,
,,2014 - 2015,
Rajasthan,Ajmer,2000 - 2001,0.95
,,2001 - 2002,0.63
,,2002 - 2003,0.81
,,2003 - 2004,1.24
,,2004 - 2005,1.15
,,2005 - 2006,1.05
,,2006 - 2007,1.17
,,2007 - 2008,0.78
,,2008 - 2009,1.11
,,2009 - 2010,0.38
,,2010 - 2011,1.1
,,2011 - 2012,1.23
,,2012 - 2013,1.18
,,2013 - 2014,0.64
,,2014 - 2015,0.8
,,2015 - 2016,1.07
,,2016 - 2017,1.14
,,2017 - 2018,1.33
,,2018 - 2019,0.28
,,2019 - 2020,0.21
,,2020 - 2021,1.49
,,2021 - 2022,0.62
,,2022 - 2023,1.37
,Alwar,2000 - 2001,0.79
,,2001 - 2002,0.27
,,2002 - 2003,0.69
,,2003 - 2004,1.24
,,2004 - 2005,1.15
,,2005 - 2006,1.03
,,2006 - 2007,1.19
,,2007 - 2008,0.77
,,2008 - 2009,1.11
,,2009 - 2010,1.22
,,2010 - 2011,1.11
,,2011 - 2012,1.23
,,2012 - 2013,1.17
,,2013 - 2014,0.65
,,2014 - 2015,0.81
,,2015 - 2016,1.05
,,2016 - 2017,1.15
,,2017 - 2018,1.33
,,2018 - 2019,1.27
,,2020 - 2021,1.45
,Banswara,2003 - 2004,1.33
,,2004 - 2005,1.0
,,2005 - 2006,1.0
,,2006 - 2007,1.33
,,2022 - 2023,1.0
,Baran,2000 - 2001,1.42
,,2001 - 2002,1.51
,,2002 - 2003,1.13
,,2003 - 2004,1.56
,,2004 - 2005,1.27
,,2005 - 2006,1.16
,,2006 - 2007,1.26
,,2007 - 2008,0.98
,,2008 - 2009,1.22
,,2009 - 2010,1.29
,,2010 - 2011,1.44
,,2011 - 2012,1.35
,,2012 - 2013,1.44
,,2013 - 2014,0.57
,,2014 - 2015,0.94
,,2015 - 2016,1.42
,,2016 - 2017,1.57
,,2017 - 2018,1.76
,,2018 - 2019,1.77
,,2019 - 2020,1.73
,,2020 - 2021,1.64
,,2021 - 2022,1.68
,,2022 - 2023,1.57
,Barmer,2000 - 2001,0.75
,,2001 - 2002,1.0
,,2002 - 2003,1.0
,,2003 - 2004,1.0
,,2007 - 2008,1.0
,,2008 - 2009,1.0
,,2009 - 2010,1.0
,,2012 - 2013,1.0
,,2013 - 2014,0.5
,,2014 - 2015,0.67
,,2015 - 2016,1.0
,,2016 - 2017,1.33
,,2017 - 2018,1.33
,,2018 - 2019,1.0
,,2019 - 2020,1.33
,,2020 - 2021,1.43
,,2021 - 2022,1.5
,,2022 - 2023,1.25
,Bharatpur,2000 - 2001,1.4
,,2001 - 2002,1.0
,,2002 - 2003,1.0
,,2004 - 2005,1.0
,,2007 - 2008,0.77
,,2008 - 2009,1.17
,,2009 - 2010,1.19
,,2010 - 2011,1.08
,,2011 - 2012,1.24
,,2012 - 2013,1.0
,,2013 - 2014,0.67
,,2014 - 2015,0.77
,,2015 - 2016,1.1
,,2016 - 2017,1.1
,,2017 - 2018,1.29
,,2018 - 2019,1.29
,,2019 - 2020,1.5
,Bhilwara,2000 - 2001,0.45
,,2001 - 2002,0.36
,,2002 - 2003,0.57
,,2003 - 2004,1.23
,,2004 - 2005,1.14
,,2005 - 2006,1.0
,,2006 - 2007,1.33
,,2007 - 2008,0.75
,,2008 - 2009,1.11
,,2009 - 2010,1.25
,,2010 - 2011,1.13
,,2011 - 2012,1.22
,,2012 - 2013,1.33
,,2013 - 2014,0.67
,,2014 - 2015,0.79
,,2015 - 2016,1.07
,,2016 - 2017,1.14
,,2017 - 2018,1.33
,,2018 - 2019,1.31
,,2019 - 2020,1.46
,,2020 - 2021,1.5
,,2021 - 2022,1.46
,,2022 - 2023,1.36
,Bikaner,2000 - 2001,2.0
,,2001 - 2002,0.5
,,2002 - 2003,0.5
,,2003 - 2004,1.24
,,2004 - 2005,1.15
,,2005 - 2006,1.03
,,2006 - 2007,1.19
,,2007 - 2008,0.73
,,2008 - 2009,1.13
,,2009 - 2010,1.21
,,2010 - 2011,1.1
,,2011 - 2012,1.24
,,2012 - 2013,1.18
,,2013 - 2014,0.65
,,2014 - 2015,0.8
,,2015 - 2016,1.07
,,2016 - 2017,1.14
,,2017 - 2018,1.33
,,2018 - 2019,1.3
,,2019 - 2020,1.49
,,2020 - 2021,1.49
,,2021 - 2022,1.48
,,2022 - 2023,1.37
,Bundi,2000 - 2001,0.79
,,2001 - 2002,0.98
,,2002 - 2003,0.89
,,2003 - 2004,1.13
,,2004 - 2005,1.21
,,2005 - 2006,1.26
,,2006 - 2007,1.11
,,2007 - 2008,0.82
,,2008 - 2009,0.83
,,2009 - 2010,1.11
,,2010 - 2011,1.01
,,2011 - 2012,0.91
,,2012 - 2013,1.06
,,2013 - 2014,0.82
,,2014 - 2015,0.08
,,2015 - 2016,1.08
,,2016 - 2017,1.35
,,2017 - 2018,1.56
,,2018 - 2019,1.36
,,2019 - 2020,1.41
,,2020 - 2021,1.61
,,2021 - 2022,1.31
,,2022 - 2023,1.43
,Chittorgarh,2000 - 2001,1.09
,,2001 - 2002,0.99
,,2002 - 2003,1.11
,,2003 - 2004,0.44
,,2004 - 2005,0.77
,,2005 - 2006,0.9
,,2006 - 2007,1.33
,,2007 - 2008,0.91
,,2008 - 2009,0.99
,,2009 - 2010,0.58
,,2010 - 2011,0.65
,,2011 - 2012,1.14
,,2012 - 2013,0.59
,,2013 - 2014,0.72
,,2014 - 2015,0.45
,,2015 - 2016,1.09
,,2016 - 2017,0.99
,,2017 - 2018,1.04
,,2018 - 2019,1.24
,,2019 - 2020,1.71
,,2020 - 2021,1.45
,,2021 - 2022,1.75
,,2022 - 2023,1.31
,Churu,2000 - 2001,3.5
,,2001 - 2002,1.55
,,2002 - 2003,0.67
,,2003 - 2004,1.17
,,2004 - 2005,1.0
,,2005 - 2006,1.0
,,2006 - 2007,1.0
,,2007 - 2008,0.8
,,2008 - 2009,1.2
,,2009 - 2010,1.23
,,2010 - 2011,1.12
,,2011 - 2012,1.23
,,2012 - 2013,1.17
,,2013 - 2014,0.62
,,2014 - 2015,0.8
,,2015 - 2016,1.06
,,2016 - 2017,1.14
,,2017 - 2018,1.33
,,2018 - 2019,1.3
,,2019 - 2020,1.48
,,2020 - 2021,1.49
,,2021 - 2022,1.48
,,2022 - 2023,1.37
,Dausa,2000 - 2001,1.0
,,2001 - 2002,1.07
,,2002 - 2003,1.0
,,2003 - 2004,1.24
,,2004 - 2005,1.0
,,2005 - 2006,1.0
,,2006 - 2007,1.0
,,2007 - 2008,0.8
,,2008 - 2009,1.0
,,2009 - 2010,1.0
,,2010 - 2011,1.0
,,2011 - 2012,1.25
,,2018 - 2019,1.0
,,2019 - 2020,2.0
,,2022 - 2023,1.33
,Dholpur,2001 - 2002,0.0
,,2002 - 2003,1.0
,,2003 - 2004,1.17
,,2004 - 2005,1.0
,,2005 - 2006,1.0
,,2006 - 2007,1.2
,,2007 - 2008,0.75
,,2008 - 2009,1.25
,,2009 - 2010,1.0
,,2011 - 2012,1.0
,,2013 - 2014,0.67
,,2014 - 2015,1.0
,,2015 - 2016,1.13
,,2017 - 2018,1.25
,,2020 - 2021,1.67
,,2022 - 2023,1.5
,Dungarpur,2000 - 2001,0.0
,,2001 - 2002,4.0
,,2003 - 2004,1.33
,,2004 - 2005,1.0
,,2005 - 2006,1.0
,,2006 - 2007,1.0
,,2007 - 2008,1.0
,,2009 - 2010,1.0
,,2010 - 2011,1.0
,,2011 - 2012,1.0
,,2012 - 2013,1.0
,,2013 - 2014,1.0
,,2016 - 2017,1.33
,,2018 - 2019,1.5
,,2020 - 2021,1.5
,Ganganagar,2000 - 2001,0.5
,,2001 - 2002,0.5
,,2002 - 2003,0.57
,,2003 - 2004,1.27
,,2004 - 2005,1.17
,,2005 - 2006,1.04
,,2006 - 2007,1.25
,,2007 - 2008,0.71
,,2008 - 2009,1.08
,,2009 - 2010,0.67
,,2010 - 2011,1.17
,,2011 - 2012,1.21
,,2012 - 2013,1.0
,,2013 - 2014,1.0
,,2015 - 2016,1.09
,,2016 - 2017,1.13
,,2017 - 2018,1.31
,,2020 - 2021,1.48
,,2021 - 2022,1.33
,Hanumangarh,2004 - 2005,1.0
,,2005 - 2006,1.0
,,2008 - 2009,1.0
,,2015 - 2016,1.0
,,2020 - 2021,2.0
,Jaipur,2000 - 2001,0.3
,,2001 - 2002,0.74
,,2002 - 2003,0.62
,,2003 - 2004,1.25
,,2004 - 2005,1.15
,,2005 - 2006,1.05
,,2006 - 2007,1.19
,,2007 - 2008,0.78
,,2008 - 2009,1.13
,,2009 - 2010,1.6
,,2010 - 2011,1.1
,,2011 - 2012,1.23
,,2012 - 2013,1.19
,,2013 - 2014,0.64
,,2014 - 2015,0.8
,,2015 - 2016,1.0
,,2016 - 2017,1.2
,,2017 - 2018,1.33
,,2018 - 2019,1.3
,,2019 - 2020,1.49
,,2020 - 2021,1.46
,,2021 - 2022,1.47
,,2022 - 2023,1.39
,Jaisalmer,2000 - 2001,0.0
,,2001 - 2002,0.0
,,2002 - 2003,0.13
,,2003 - 2004,1.22
,,2004 - 2005,1.15
,,2005 - 2006,1.0
,,2006 - 2007,1.0
,,2007 - 2008,0.8
,,2008 - 2009,1.0
,,2009 - 2010,2.0
,,2010 - 2011,1.11
,,2011 - 2012,1.27
,,2012 - 2013,1.0
,,2013 - 2014,1.0
,,2014 - 2015,0.5
,,2015 - 2016,1.05
,,2016 - 2017,1.17
,,2017 - 2018,1.33
,,2018 - 2019,1.4
,,2019 - 2020,2.0
,,2021 - 2022,1.5
,Jalore,2000 - 2001,1.0
,,2001 - 2002,0.62
,,2003 - 2004,1.27
,,2004 - 2005,1.0
,,2005 - 2006,1.0
,,2006 - 2007,1.14
,,2007 - 2008,0.71
,,2009 - 2010,1.0
,,2010 - 2011,1.14
,,2011 - 2012,1.0
,,2012 - 2013,1.0
,,2013 - 2014,0.75
,,2014 - 2015,1.0
,,2015 - 2016,1.0
,,2016 - 2017,1.14
,,2017 - 2018,1.33
,,2018 - 2019,1.0
,,2019 - 2020,1.5
,,2020 - 2021,1.47
,,2021 - 2022,1.5
,,2022 - 2023,1.4
,Jhalawar,2000 - 2001,0.84
,,2001 - 2002,0.74
,,2002 - 2003,0.99
,,2003 - 2004,1.08
,,2004 - 2005,0.99
,,2005 - 2006,0.84
,,2006 - 2007,1.1
,,2007 - 2008,0.45
,,2008 - 2009,0.95
,,2009 - 2010,1.1
,,2010 - 2011,0.81
,,2011 - 2012,1.05
,,2012 - 2013,0.93
,,2013 - 2014,0.66
,,2014 - 2015,0.86
,,2015 - 2016,0.91
,,2016 - 2017,0.87
,,2017 - 2018,1.23
,,2018 - 2019,1.06
,,2019 - 2020,1.31
,,2020 - 2021,1.33
,,2021 - 2022,1.33
,,2022 - 2023,1.22
,Jhunjhunu,2000 - 2001,0.5
,,2001 - 2002,0.5
,,2002 - 2003,0.5
,,2004 - 2005,1.0
,,2005 - 2006,1.0
,,2006 - 2007,1.14
,,2007 - 2008,0.83
,,2008 - 2009,1.11
,,2009 - 2010,1.25
,,2010 - 2011,1.0
,,2011 - 2012,1.33
,,2012 - 2013,1.0
,,2013 - 2014,0.63
,,2014 - 2015,0.67
,,2016 - 2017,1.0
,,2017 - 2018,1.5
,,2018 - 2019,1.0
,,2019 - 2020,2.0
,,2020 - 2021,1.43
,,2021 - 2022,1.46
,,2022 - 2023,1.39
,Jodhpur,2000 - 2001,0.59
,,2001 - 2002,0.6
,,2002 - 2003,0.6
,,2003 - 2004,1.24
,,2004 - 2005,1.15
,,2005 - 2006,1.05
,,2006 - 2007,1.19
,,2007 - 2008,0.78
,,2008 - 2009,1.12
,,2009 - 2010,0.97
,,2010 - 2011,1.11
,,2011 - 2012,1.23
,,2012 - 2013,1.17
,,2013 - 2014,0.64
,,2014 - 2015,0.8
,,2015 - 2016,1.07
,,2016 - 2017,1.14
,,2017 - 2018,1.33
,,2018 - 2019,1.3
,,2019 - 2020,1.49
,,2020 - 2021,1.49
,,2021 - 2022,1.48
,,2022 - 2023,1.37
,Karauli,2000 - 2001,0.23
,,2001 - 2002,0.02
,,2002 - 2003,0.53
,,2003 - 2004,1.25
,,2004 - 2005,1.17
,,2005 - 2006,1.0
,,2006 - 2007,1.2
,,2007 - 2008,1.0
,,2008 - 2009,1.13
,,2009 - 2010,1.19
,,2010 - 2011,1.1
,,2011 - 2012,1.22
,,2012 - 2013,1.33
,,2013 - 2014,0.75
,,2014 - 2015,0.75
,,2015 - 2016,1.0
,,2016 - 2017,1.1
,,2017 - 2018,1.0
,,2018 - 2019,1.33
,,2020 - 2021,1.33
,,2021 - 2022,2.0
,,2022 - 2023,1.0
,Kota,2000 - 2001,1.14
,,2001 - 2002,1.16
,,2002 - 2003,1.18
,,2003 - 2004,1.07
,,2004 - 2005,1.31
,,2005 - 2006,1.1
,,2006 - 2007,1.26
,,2007 - 2008,1.07
,,2008 - 2009,1.28
,,2009 - 2010,1.33
,,2010 - 2011,1.26
,,2011 - 2012,1.44
,,2012 - 2013,1.37
,,2013 - 2014,0.67
,,2014 - 2015,0.62
,,2015 - 2016,1.06
,,2016 - 2017,1.32
,,2017 - 2018,1.22
,,2018 - 2019,1.86
,,2019 - 2020,1.84
,,2020 - 2021,1.65
,,2021 - 2022,1.85
,,2022 - 2023,1.66
,Nagaur,2000 - 2001,0.1
,,2001 - 2002,0.31
,,2002 - 2003,0.92
,,2003 - 2004,1.24
,,2004 - 2005,1.1
,,2005 - 2006,1.0
,,2006 - 2007,1.14
,,2007 - 2008,0.79
,,2008 - 2009,1.1
,,2009 - 2010,1.23
,,2010 - 2011,1.17
,,2011 - 2012,1.22
,,2012 - 2013,1.17
,,2013 - 2014,0.63
,,2014 - 2015,0.81
,,2015 - 2016,1.07
,,2016 - 2017,1.14
,,2017 - 2018,1.33
,,2018 - 2019,1.29
,,2019 - 2020,1.48
,,2020 - 2021,1.49
,,2021 - 2022,1.47
,,2022 - 2023,1.38
,Pali,2000 - 2001,0.5
,,2001 - 2002,0.9
,,2002 - 2003,1.0
,,2003 - 2004,1.25
,,2004 - 2005,1.0
,,2005 - 2006,1.0
,,2006 - 2007,1.0
,,2007 - 2008,0.83
,,2008 - 2009,1.13
,,2009 - 2010,1.2
,,2010 - 2011,1.11
,,2011 - 2012,1.23
,,2012 - 2013,1.14
,,2013 - 2014,0.75
,,2014 - 2015,0.81
,,2015 - 2016,1.08
,,2016 - 2017,1.15
,,2017 - 2018,1.34
,,2018 - 2019,1.33
,,2019 - 2020,1.43
,,2020 - 2021,1.5
,,2021 - 2022,1.33
,,2022 - 2023,1.38
,Pratapgarh,2008 - 2009,1.11
,,2009 - 2010,1.21
,,2010 - 2011,1.1
,,2011 - 2012,1.22
,,2012 - 2013,1.19
,,2013 - 2014,0.64
,,2014 - 2015,0.8
,,2015 - 2016,1.07
,,2016 - 2017,1.14
,,2017 - 2018,1.33
,,2018 - 2019,1.3
,,2019 - 2020,1.49
,,2020 - 2021,1.19
,,2021 - 2022,1.39
,,2022 - 2023,1.23
,Rajsamand,2000 - 2001,0.23
,,2001 - 2002,0.35
,,2002 - 2003,0.02
,,2003 - 2004,1.27
,,2004 - 2005,1.15
,,2005 - 2006,1.04
,,2006 - 2007,1.19
,,2007 - 2008,0.79
,,2008 - 2009,1.12
,,2009 - 2010,0.53
,,2010 - 2011,1.1
,,2011 - 2012,1.23
,,2012 - 2013,1.18
,,2013 - 2014,0.63
,,2014 - 2015,0.8
,,2015 - 2016,1.06
,,2016 - 2017,1.15
,,2017 - 2018,1.36
,,2018 - 2019,0.0
,,2019 - 2020,0.13
,,2020 - 2021,1.5
,,2021 - 2022,0.75
,,2022 - 2023,1.33
,Sawai madhopur,2000 - 2001,0.32
,,2001 - 2002,0.4
,,2002 - 2003,0.5
,,2003 - 2004,1.24
,,2004 - 2005,1.16
,,2005 - 2006,1.05
,,2006 - 2007,1.17
,,2007 - 2008,0.78
,,2008 - 2009,1.11
,,2009 - 2010,1.19
,,2010 - 2011,1.11
,,2011 - 2012,1.23
,,2012 - 2013,1.18
,,2013 - 2014,0.64
,,2014 - 2015,0.8
,,2015 - 2016,1.07
,,2016 - 2017,1.34
,,2017 - 2018,1.1
,,2018 - 2019,1.66
,,2019 - 2020,1.49
,,2020 - 2021,1.49
,,2021 - 2022,1.4
,,2022 - 2023,1.35
,Sikar,2000 - 2001,0.5
,,2001 - 2002,0.5
,,2002 - 2003,0.5
,,2003 - 2004,1.24
,,2004 - 2005,1.15
,,2005 - 2006,1.04
,,2006 - 2007,1.15
,,2007 - 2008,0.79
,,2008 - 2009,1.11
,,2009 - 2010,1.19
,,2010 - 2011,1.11
,,2011 - 2012,1.23
,,2012 - 2013,1.2
,,2013 - 2014,0.64
,,2014 - 2015,0.5
,,2015 - 2016,1.07
,,2017 - 2018,1.33
,,2019 - 2020,1.47
,,2020 - 2021,1.5
,,2021 - 2022,1.48
,,2022 - 2023,1.5
,Sirohi,2000 - 2001,0.5
,,2001 - 2002,0.44
,,2002 - 2003,0.67
,,2003 - 2004,1.25
,,2004 - 2005,1.0
,,2005 - 2006,1.0
,,2006 - 2007,1.14
,,2007 - 2008,1.0
,,2008 - 2009,1.25
,,2009 - 2010,1.0
,,2010 - 2011,1.0
,,2011 - 2012,1.33
,,2012 - 2013,1.25
,,2013 - 2014,0.67
,,2014 - 2015,0.75
,,2015 - 2016,1.0
,,2016 - 2017,1.15
,,2017 - 2018,1.5
,,2018 - 2019,1.25
,,2019 - 2020,1.47
,,2020 - 2021,1.5
,,2021 - 2022,1.45
,,2022 - 2023,1.25
,Tonk,2000 - 2001,0.33
,,2001 - 2002,0.37
,,2002 - 2003,0.39
,,2003 - 2004,1.24
,,2004 - 2005,1.14
,,2005 - 2006,1.04
,,2006 - 2007,1.13
,,2007 - 2008,0.76
,,2008 - 2009,1.13
,,2009 - 2010,1.23
,,2010 - 2011,1.11
,,2011 - 2012,1.23
,,2012 - 2013,1.19
,,2013 - 2014,0.6
,,2014 - 2015,0.77
,,2015 - 2016,1.07
,,2016 - 2017,1.14
,,2017 - 2018,1.33
,,2018 - 2019,1.31
,,2019 - 2020,1.49
,,2020 - 2021,1.49
,,2021 - 2022,1.5
,,2022 - 2023,1.33
,Udaipur,2000 - 2001,0.35
,,2001 - 2002,0.48
,,2002 - 2003,0.39
,,2003 - 2004,1.26
,,2004 - 2005,1.14
,,2005 - 2006,1.05
,,2006 - 2007,1.17
,,2007 - 2008,0.78
,,2008 - 2009,1.12
,,2009 - 2010,1.33
,,2010 - 2011,1.12
,,2011 - 2012,1.24
,,2012 - 2013,1.17
,,2013 - 2014,0.61
,,2014 - 2015,0.81
,,2015 - 2016,1.09
,,2016 - 2017,1.17
,,2017 - 2018,1.29
,,2018 - 2019,1.29
,,2019 - 2020,1.0
,,2020 - 2021,1.4
,,2021 - 2022,1.38
,,2022 - 2023,1.37
Tamil Nadu,Ariyalur,2008 - 2009,0.0
,,2009 - 2010,0.4
,,2011 - 2012,0.47
,,2013 - 2014,0.36
,,2014 - 2015,0.87
,,2015 - 2016,0.61
,,2016 - 2017,0.17
,,2017 - 2018,0.5
,,2018 - 2019,0.38
,,2019 - 2020,0.67
,,2020 - 2021,0.14
,,2021 - 2022,0.33
,,2022 - 2023,0.44
,Chengalpattu,2022 - 2023,0.33
,Coimbatore,2000 - 2001,0.18
,,2002 - 2003,0.48
,,2003 - 2004,0.52
,,2004 - 2005,0.73
,,2005 - 2006,0.31
,,2006 - 2007,0.45
,,2007 - 2008,0.55
,,2008 - 2009,1.29
,,2009 - 2010,0.36
,,2011 - 2012,0.47
,,2013 - 2014,0.35
,,2014 - 2015,0.88
,,2015 - 2016,0.42
,,2016 - 2017,0.46
,,2017 - 2018,0.35
,,2018 - 2019,0.39
,,2019 - 2020,0.43
,,2020 - 2021,0.26
,,2021 - 2022,0.18
,,2022 - 2023,0.39
,Cuddalore,2000 - 2001,0.1
,,2002 - 2003,0.18
,,2003 - 2004,0.4
,,2004 - 2005,0.34
,,2005 - 2006,0.23
,,2006 - 2007,0.41
,,2007 - 2008,0.4
,,2008 - 2009,0.35
,,2009 - 2010,0.39
,,2011 - 2012,0.35
,,2013 - 2014,0.35
,,2014 - 2015,0.86
,,2015 - 2016,0.6
,,2016 - 2017,0.0
,,2018 - 2019,1.0
,,2022 - 2023,0.33
,Dharmapuri,2000 - 2001,0.34
,,2002 - 2003,0.19
,,2003 - 2004,0.29
,,2004 - 2005,0.43
,,2005 - 2006,0.3
,,2006 - 2007,0.33
,,2007 - 2008,0.39
,,2008 - 2009,0.34
,,2009 - 2010,0.4
,,2011 - 2012,0.47
,,2013 - 2014,0.3
,,2014 - 2015,0.89
,,2015 - 2016,0.6
,,2016 - 2017,0.16
,,2017 - 2018,0.51
,,2018 - 2019,0.39
,,2019 - 2020,0.5
,,2020 - 2021,0.57
,,2021 - 2022,0.54
,,2022 - 2023,0.49
,Dindigul,2000 - 2001,0.23
,,2002 - 2003,0.19
,,2003 - 2004,0.29
,,2004 - 2005,0.43
,,2005 - 2006,0.3
,,2006 - 2007,0.33
,,2007 - 2008,0.38
,,2008 - 2009,0.34
,,2009 - 2010,0.39
,,2011 - 2012,0.46
,,2013 - 2014,0.33
,,2014 - 2015,0.88
,,2015 - 2016,0.6
,,2016 - 2017,0.16
,,2017 - 2018,0.5
,,2018 - 2019,0.43
,,2019 - 2020,0.52
,,2020 - 2021,0.22
,,2021 - 2022,0.33
,,2022 - 2023,0.41
,Erode,2003 - 2004,0.25
,,2004 - 2005,0.5
,,2005 - 2006,0.5
,,2006 - 2007,0.5
,,2007 - 2008,0.0
,,2009 - 2010,0.0
,,2013 - 2014,0.33
,,2014 - 2015,1.0
,,2017 - 2018,0.67
,,2019 - 2020,0.43
,,2021 - 2022,0.5
,Kallakurichi,2021 - 2022,0.5
,Kanchipuram,2000 - 2001,0.2
,,2003 - 2004,0.27
,,2004 - 2005,0.4
,,2005 - 2006,0.33
,,2006 - 2007,0.33
,,2007 - 2008,0.5
,,2014 - 2015,1.0
,Karur,2002 - 2003,0.14
,,2003 - 2004,0.27
,,2004 - 2005,0.5
,,2005 - 2006,0.33
,,2006 - 2007,0.5
,,2007 - 2008,0.0
,,2008 - 2009,0.25
,,2009 - 2010,0.44
,,2011 - 2012,0.44
,,2013 - 2014,0.25
,,2014 - 2015,0.88
,,2015 - 2016,0.59
,,2017 - 2018,0.5
,,2018 - 2019,0.4
,,2019 - 2020,0.5
,,2020 - 2021,0.19
,,2021 - 2022,0.33
,,2022 - 2023,0.43
,Krishnagiri,2003 - 2004,0.29
,,2004 - 2005,0.43
,,2005 - 2006,0.31
,,2006 - 2007,0.33
,,2007 - 2008,0.39
,,2008 - 2009,0.34
,,2009 - 2010,0.4
,,2011 - 2012,0.47
,,2013 - 2014,0.35
,,2014 - 2015,0.88
,,2015 - 2016,0.59
,,2016 - 2017,0.14
,,2017 - 2018,0.5
,,2018 - 2019,0.4
,,2019 - 2020,0.5
,,2020 - 2021,0.15
,,2021 - 2022,0.33
,,2022 - 2023,0.39
,Madurai,2000 - 2001,0.23
,,2002 - 2003,0.19
,,2003 - 2004,0.29
,,2004 - 2005,0.43
,,2005 - 2006,0.3
,,2006 - 2007,0.33
,,2007 - 2008,0.38
,,2008 - 2009,0.34
,,2009 - 2010,0.4
,,2011 - 2012,0.47
,,2013 - 2014,0.35
,,2014 - 2015,0.88
,,2015 - 2016,0.6
,,2016 - 2017,0.16
,,2017 - 2018,0.5
,,2018 - 2019,0.4
,,2019 - 2020,0.49
,,2020 - 2021,0.17
,,2021 - 2022,0.33
,,2022 - 2023,0.41
,Namakkal,2000 - 2001,0.24
,,2002 - 2003,0.19
,,2003 - 2004,0.3
,,2004 - 2005,0.44
,,2005 - 2006,0.31
,,2006 - 2007,0.29
,,2007 - 2008,0.33
,,2008 - 2009,0.0
,,2009 - 2010,0.38
,,2011 - 2012,0.45
,,2013 - 2014,0.33
,,2014 - 2015,0.87
,,2015 - 2016,0.6
,,2016 - 2017,0.16
,,2017 - 2018,0.51
,,2018 - 2019,0.39
,,2019 - 2020,0.5
,,2020 - 2021,0.32
,,2022 - 2023,0.4
,Perambalur,2000 - 2001,0.11
,,2002 - 2003,0.25
,,2003 - 2004,0.29
,,2004 - 2005,0.32
,,2005 - 2006,0.28
,,2006 - 2007,0.32
,,2007 - 2008,0.32
,,2008 - 2009,0.93
,,2009 - 2010,0.39
,,2011 - 2012,0.48
,,2013 - 2014,0.36
,,2014 - 2015,0.88
,,2015 - 2016,0.59
,,2016 - 2017,0.16
,,2017 - 2018,0.52
,,2018 - 2019,0.4
,,2019 - 2020,0.51
,,2020 - 2021,0.18
,,2021 - 2022,0.38
,,2022 - 2023,0.36
,Pudukkottai,2000 - 2001,0.22
,,2002 - 2003,0.2
,,2003 - 2004,0.33
,,2004 - 2005,0.38
,,2006 - 2007,0.0
,,2008 - 2009,0.33
,,2009 - 2010,0.4
,,2011 - 2012,0.4
,,2014 - 2015,0.88
,,2015 - 2016,0.6
,,2016 - 2017,0.18
,,2019 - 2020,0.6
,,2020 - 2021,0.19
,,2021 - 2022,0.33
,Ramanathapuram,2000 - 2001,0.25
,,2002 - 2003,0.07
,,2003 - 2004,0.1
,,2004 - 2005,0.34
,,2005 - 2006,0.3
,,2006 - 2007,0.41
,,2007 - 2008,0.46
,,2008 - 2009,0.23
,,2009 - 2010,0.42
,,2011 - 2012,0.28
,,2013 - 2014,0.38
,,2014 - 2015,1.62
,,2015 - 2016,0.61
,,2016 - 2017,0.0
,,2017 - 2018,0.7
,,2018 - 2019,0.36
,,2019 - 2020,0.4
,,2020 - 2021,0.13
,,2021 - 2022,0.26
,,2022 - 2023,0.19
,Ranipet,2020 - 2021,0.11
,Salem,2000 - 2001,0.55
,,2002 - 2003,0.19
,,2003 - 2004,0.28
,,2004 - 2005,0.44
,,2005 - 2006,0.3
,,2006 - 2007,0.32
,,2007 - 2008,0.39
,,2008 - 2009,0.34
,,2009 - 2010,0.39
,,2011 - 2012,0.45
,,2013 - 2014,0.35
,,2014 - 2015,0.87
,,2015 - 2016,0.59
,,2016 - 2017,0.17
,,2017 - 2018,0.56
,,2018 - 2019,0.33
,,2019 - 2020,0.5
,,2020 - 2021,0.17
,,2021 - 2022,0.35
,,2022 - 2023,0.41
,Sivaganga,2002 - 2003,0.33
,,2003 - 2004,0.25
,,2004 - 2005,0.44
,,2005 - 2006,0.27
,,2006 - 2007,0.0
,,2007 - 2008,0.5
,,2008 - 2009,0.3
,,2009 - 2010,0.0
,,2011 - 2012,0.43
,,2013 - 2014,0.0
,,2014 - 2015,1.0
,,2015 - 2016,0.58
,,2016 - 2017,0.15
,,2017 - 2018,0.53
,,2018 - 2019,0.39
,,2019 - 2020,0.5
,Thanjavur,2002 - 2003,0.1
,,2003 - 2004,0.4
,,2013 - 2014,0.0
,,2021 - 2022,0.0
,,2022 - 2023,0.42
,The nilgiris,2003 - 2004,0.3
,,2004 - 2005,0.4
,,2017 - 2018,1.0
,,2021 - 2022,0.5
,Theni,2000 - 2001,0.24
,,2002 - 2003,0.14
,,2003 - 2004,0.3
,,2004 - 2005,0.42
,,2005 - 2006,0.3
,,2006 - 2007,0.32
,,2007 - 2008,0.39
,,2008 - 2009,0.33
,,2009 - 2010,0.4
,,2011 - 2012,0.46
,,2013 - 2014,0.34
,,2014 - 2015,0.88
,,2015 - 2016,0.59
,,2016 - 2017,0.16
,,2017 - 2018,0.51
,,2018 - 2019,0.39
,,2021 - 2022,0.34
,,2022 - 2023,0.38
,Thenkasi,2021 - 2022,0.25
,Thiruvallur,2000 - 2001,0.2
,,2002 - 2003,0.2
,,2003 - 2004,0.29
,,2011 - 2012,0.44
,,2014 - 2015,1.0
,,2018 - 2019,0.33
,,2019 - 2020,0.33
,,2021 - 2022,0.0
,Thiruvarur,2003 - 2004,0.33
,,2004 - 2005,0.0
,,2005 - 2006,0.0
,Thoothukudi,2000 - 2001,0.34
,,2002 - 2003,0.12
,,2003 - 2004,0.17
,,2004 - 2005,0.32
,,2005 - 2006,0.27
,,2006 - 2007,0.2
,,2007 - 2008,0.09
,,2008 - 2009,0.23
,,2009 - 2010,0.4
,,2011 - 2012,0.39
,,2013 - 2014,0.07
,,2014 - 2015,0.88
,,2015 - 2016,0.8
,,2016 - 2017,0.0
,,2017 - 2018,0.46
,,2018 - 2019,0.31
,,2019 - 2020,0.59
,,2020 - 2021,0.09
,,2021 - 2022,0.2
,,2022 - 2023,0.23
,Tiruchirappalli,2000 - 2001,0.23
,,2002 - 2003,0.13
,,2003 - 2004,0.5
,,2004 - 2005,0.55
,,2005 - 2006,0.32
,,2006 - 2007,0.3
,,2007 - 2008,0.81
,,2008 - 2009,0.34
,,2009 - 2010,0.33
,,2011 - 2012,0.47
,,2013 - 2014,0.57
,,2014 - 2015,0.35
,,2015 - 2016,0.68
,,2016 - 2017,0.36
,,2017 - 2018,0.41
,,2018 - 2019,0.31
,,2019 - 2020,0.48
,,2020 - 2021,0.29
,,2021 - 2022,0.33
,,2022 - 2023,0.36
,Tirunelveli,2000 - 2001,0.2
,,2002 - 2003,0.17
,,2003 - 2004,0.29
,,2004 - 2005,0.43
,,2005 - 2006,0.3
,,2006 - 2007,0.31
,,2007 - 2008,0.43
,,2008 - 2009,0.35
,,2009 - 2010,0.33
,,2011 - 2012,0.44
,,2013 - 2014,0.33
,,2014 - 2015,0.86
,,2015 - 2016,0.57
,,2016 - 2017,0.14
,,2017 - 2018,0.5
,,2018 - 2019,1.0
,,2019 - 2020,0.0
,,2020 - 2021,0.13
,,2022 - 2023,0.33
,Tirupathur,2020 - 2021,0.17
,,2021 - 2022,0.34
,,2022 - 2023,0.4
,Tiruppur,2008 - 2009,0.0
,,2009 - 2010,0.31
,,2011 - 2012,0.58
,,2013 - 2014,0.89
,,2014 - 2015,0.41
,,2015 - 2016,0.81
,,2016 - 2017,0.7
,,2017 - 2018,0.91
,,2018 - 2019,0.68
,,2019 - 2020,0.5
,,2021 - 2022,0.38
,,2022 - 2023,0.76
,Tiruvannamalai,2000 - 2001,0.23
,,2002 - 2003,0.19
,,2003 - 2004,0.33
,,2004 - 2005,0.43
,,2005 - 2006,0.29
,,2006 - 2007,0.33
,,2007 - 2008,0.37
,,2008 - 2009,0.33
,,2009 - 2010,0.4
,,2011 - 2012,0.4
,,2013 - 2014,0.33
,,2014 - 2015,0.9
,,2015 - 2016,0.57
,,2016 - 2017,0.18
,,2017 - 2018,1.0
,,2018 - 2019,0.4
,,2019 - 2020,0.5
,,2020 - 2021,0.18
,,2021 - 2022,0.33
,,2022 - 2023,0.4
,Vellore,2000 - 2001,0.25
,,2002 - 2003,0.19
,,2003 - 2004,0.29
,,2004 - 2005,0.43
,,2005 - 2006,0.3
,,2006 - 2007,0.32
,,2007 - 2008,0.39
,,2008 - 2009,0.34
,,2009 - 2010,0.4
,,2011 - 2012,0.46
,,2013 - 2014,0.34
,,2014 - 2015,0.38
,,2015 - 2016,0.59
,,2016 - 2017,0.17
,,2017 - 2018,0.51
,,2018 - 2019,0.4
,,2019 - 2020,0.49
,,2020 - 2021,0.18
,,2021 - 2022,0.31
,,2022 - 2023,0.39
,Villupuram,2000 - 2001,0.21
,,2002 - 2003,0.19
,,2003 - 2004,0.29
,,2004 - 2005,0.43
,,2005 - 2006,0.3
,,2006 - 2007,0.33
,,2007 - 2008,0.38
,,2008 - 2009,0.34
,,2009 - 2010,0.39
,,2011 - 2012,0.46
,,2013 - 2014,0.5
,,2014 - 2015,0.89
,,2015 - 2016,0.67
,,2018 - 2019,0.0
,Virudhunagar,2000 - 2001,0.18
,,2002 - 2003,0.19
,,2003 - 2004,0.21
,,2004 - 2005,0.63
,,2005 - 2006,0.38
,,2006 - 2007,0.43
,,2007 - 2008,0.64
,,2008 - 2009,0.59
,,2009 - 2010,0.41
,,2011 - 2012,0.72
,,2013 - 2014,0.62
,,2014 - 2015,0.55
,,2015 - 2016,0.27
,,2016 - 2017,0.27
,,2017 - 2018,0.29
,,2018 - 2019,0.38
,,2019 - 2020,0.42
,,2020 - 2021,0.36
,,2021 - 2022,0.58
,,2022 - 2023,0.86
Telangana,Adilabad,2000 - 2001,0.26
,,2001 - 2002,0.49
,,2002 - 2003,0.42
,,2003 - 2004,0.27
,,2004 - 2005,0.6
,,2005 - 2006,0.42
,,2006 - 2007,0.56
,,2008 - 2009,0.54
,,2009 - 2010,1.13
,,2010 - 2011,0.68
,,2011 - 2012,0.59
,,2013 - 2014,0.72
,,2014 - 2015,0.24
,,2015 - 2016,
,,2016 - 2017,
,,2017 - 2018,
,,2018 - 2019,
,,2019 - 2020,
,,2020 - 2021,
,,2021 - 2022,
,,2022 - 2023,
,Jagitial,2020 - 2021,
,,2021 - 2022,
,Jangoan,2019 - 2020,
,,2020 - 2021,
,,2021 - 2022,
,,2022 - 2023,
,Jayashankar,2016 - 2017,
,,2020 - 2021,
,Jogulamba,2021 - 2022,
,,2022 - 2023,
,Kamareddy,2016 - 2017,
,,2017 - 2018,
,,2018 - 2019,
,,2019 - 2020,
,,2020 - 2021,
,,2021 - 2022,
,,2022 - 2023,
,Karimnagar,2000 - 2001,0.27
,,2001 - 2002,0.49
,,2002 - 2003,0.41
,,2003 - 2004,0.28
,,2004 - 2005,0.59
,,2005 - 2006,0.42
,,2006 - 2007,0.57
,,2008 - 2009,0.55
,,2009 - 2010,0.67
,,2010 - 2011,0.67
,,2011 - 2012,0.56
,,2013 - 2014,0.7
,,2014 - 2015,0.27
,,2015 - 2016,
,,2016 - 2017,
,,2018 - 2019,
,,2019 - 2020,
,Khammam,2005 - 2006,0.5
,,2006 - 2007,0.5
,,2008 - 2009,0.5
,,2009 - 2010,0.63
,Komaram bheem asifabad,2018 - 2019,
,,2019 - 2020,
,,2020 - 2021,
,,2021 - 2022,
,,2022 - 2023,
,Mahbubnagar,2000 - 2001,0.26
,,2001 - 2002,0.49
,,2002 - 2003,0.42
,,2003 - 2004,0.27
,,2004 - 2005,0.6
,,2005 - 2006,0.42
,,2006 - 2007,0.56
,,2008 - 2009,0.66
,,2009 - 2010,0.95
,,2010 - 2011,0.68
,,2022 - 2023,
,Mancherial,2019 - 2020,
,,2020 - 2021,
,,2021 - 2022,
,Medak,2000 - 2001,0.26
,,2001 - 2002,0.49
,,2002 - 2003,0.42
,,2003 - 2004,0.27
,,2004 - 2005,0.59
,,2005 - 2006,0.34
,,2006 - 2007,0.59
,,2008 - 2009,0.58
,,2009 - 2010,0.48
,,2010 - 2011,0.55
,,2011 - 2012,0.56
,,2013 - 2014,0.72
,,2014 - 2015,0.24
,,2015 - 2016,
,,2019 - 2020,
,,2021 - 2022,
,,2022 - 2023,
,Mulugu,2021 - 2022,
,Nalgonda,2000 - 2001,0.26
,,2001 - 2002,0.49
,,2002 - 2003,0.42
,,2003 - 2004,0.27
,,2004 - 2005,0.59
,,2005 - 2006,0.52
,,2006 - 2007,0.53
,,2008 - 2009,0.52
,,2009 - 2010,0.52
,,2010 - 2011,0.68
,,2011 - 2012,0.58
,,2013 - 2014,0.71
,,2014 - 2015,0.24
,,2015 - 2016,
,,2017 - 2018,
,,2020 - 2021,
,,2021 - 2022,
,,2022 - 2023,
,Narayanapet,2020 - 2021,
,Nirmal,2016 - 2017,
,,2017 - 2018,
,,2018 - 2019,
,,2019 - 2020,
,,2020 - 2021,
,,2021 - 2022,
,,2022 - 2023,
,Nizamabad,2000 - 2001,0.26
,,2001 - 2002,0.49
,,2002 - 2003,0.42
,,2003 - 2004,0.27
,,2004 - 2005,0.6
,,2005 - 2006,0.42
,,2006 - 2007,0.56
,,2008 - 2009,0.44
,,2009 - 2010,0.63
,,2010 - 2011,0.68
,,2011 - 2012,0.58
,,2013 - 2014,0.72
,,2014 - 2015,0.24
,,2015 - 2016,
,,2016 - 2017,
,,2017 - 2018,
,,2018 - 2019,
,,2019 - 2020,
,,2020 - 2021,
,,2021 - 2022,
,,2022 - 2023,
,Peddapalli,2018 - 2019,
,,2019 - 2020,
,,2020 - 2021,
,,2021 - 2022,
,Rajanna,2018 - 2019,
,,2019 - 2020,
,,2020 - 2021,
,,2022 - 2023,
,Rangareddi,2000 - 2001,0.26
,,2001 - 2002,0.49
,,2002 - 2003,0.42
,,2003 - 2004,0.28
,,2004 - 2005,0.59
,,2005 - 2006,0.42
,,2006 - 2007,0.56
,,2008 - 2009,0.55
,,2009 - 2010,0.63
,,2010 - 2011,0.68
,,2011 - 2012,0.58
,,2013 - 2014,0.61
,,2014 - 2015,0.22
,,2015 - 2016,
,,2016 - 2017,
,,2017 - 2018,
,,2018 - 2019,
,,2019 - 2020,
,,2020 - 2021,
,,2021 - 2022,
,,2022 - 2023,
,Sangareddy,2016 - 2017,
,,2017 - 2018,
,,2018 - 2019,
,,2019 - 2020,
,,2020 - 2021,
,,2021 - 2022,
,,2022 - 2023,
,Siddipet,2016 - 2017,
,,2017 - 2018,
,,2018 - 2019,
,,2019 - 2020,
,,2020 - 2021,
,,2021 - 2022,
,,2022 - 2023,
,Suryapet,2019 - 2020,
,Vikarabad,2020 - 2021,
,,2021 - 2022,
,,2022 - 2023,
,Warangal,2000 - 2001,0.26
,,2001 - 2002,0.49
,,2002 - 2003,0.42
,,2003 - 2004,0.27
,,2004 - 2005,0.6
,,2005 - 2006,0.42
,,2006 - 2007,0.56
,,2008 - 2009,0.35
,,2009 - 2010,0.35
,,2010 - 2011,0.68
,,2011 - 2012,0.58
,,2013 - 2014,0.73
,,2014 - 2015,0.24
,,2015 - 2016,
,,2016 - 2017,
,,2017 - 2018,
,,2018 - 2019,
,,2019 - 2020,
,,2020 - 2021,
,Warangal urban,2020 - 2021,
,Yadadri,2016 - 2017,
,,2020 - 2021,
,,2021 - 2022,
,,2022 - 2023,
Uttar Pradesh,Agra,2005 - 2006,0.57
,,2006 - 2007,0.52
,,2007 - 2008,
,,2008 - 2009,
,,2009 - 2010,
,,2011 - 2012,
,,2012 - 2013,
,,2013 - 2014,
,,2014 - 2015,
,,2015 - 2016,
,,2016 - 2017,
,,2017 - 2018,
,,2018 - 2019,
,,2019 - 2020,
,,2020 - 2021,
,,2021 - 2022,
,,2022 - 2023,
,Aligarh,2005 - 2006,0.58
,,2006 - 2007,0.54
,,2007 - 2008,
,,2008 - 2009,
,,2009 - 2010,
,,2011 - 2012,
,,2012 - 2013,
,,2013 - 2014,
,,2014 - 2015,
,,2015 - 2016,
,,2016 - 2017,
,,2017 - 2018,
,,2018 - 2019,
,,2019 - 2020,
,,2020 - 2021,
,,2021 - 2022,
,,2022 - 2023,
,Allahabad,2005 - 2006,0.55
,,2006 - 2007,0.53
,,2007 - 2008,
,,2008 - 2009,
,,2009 - 2010,
,,2011 - 2012,
,,2012 - 2013,
,,2013 - 2014,
,,2014 - 2015,
,,2015 - 2016,
,,2016 - 2017,
,,2017 - 2018,
,,2018 - 2019,
,,2019 - 2020,
,,2020 - 2021,
,,2021 - 2022,
,,2022 - 2023,
,Ambedkar nagar,2005 - 2006,0.57
,,2006 - 2007,0.52
,,2007 - 2008,
,,2008 - 2009,
,,2009 - 2010,
,,2011 - 2012,
,,2012 - 2013,
,,2013 - 2014,
,,2014 - 2015,
,,2015 - 2016,
,,2016 - 2017,
,,2017 - 2018,
,,2018 - 2019,
,,2019 - 2020,
,,2020 - 2021,
,,2021 - 2022,
,,2022 - 2023,
,Amethi,2012 - 2013,
,,2013 - 2014,
,,2014 - 2015,
,,2015 - 2016,
,,2016 - 2017,
,,2017 - 2018,
,,2018 - 2019,
,,2019 - 2020,
,,2020 - 2021,
,,2021 - 2022,
,,2022 - 2023,
,Auraiya,2005 - 2006,0.59
,,2006 - 2007,0.5
,,2007 - 2008,
,,2008 - 2009,
,,2009 - 2010,
,,2011 - 2012,
,,2012 - 2013,
,,2013 - 2014,
,,2014 - 2015,
,,2015 - 2016,
,,2016 - 2017,
,,2017 - 2018,
,,2018 - 2019,
,,2019 - 2020,
,,2020 - 2021,
,,2021 - 2022,
,,2022 - 2023,
,Azamgarh,2005 - 2006,0.58
,,2006 - 2007,0.52
,,2007 - 2008,
,,2008 - 2009,
,,2009 - 2010,
,,2011 - 2012,
,,2012 - 2013,
,,2013 - 2014,
,,2014 - 2015,
,,2015 - 2016,
,,2016 - 2017,
,,2017 - 2018,
,,2018 - 2019,
,,2019 - 2020,
,,2020 - 2021,
,,2021 - 2022,
,,2022 - 2023,
,Baghpat,2008 - 2009,
,,2009 - 2010,
,,2011 - 2012,
,Bahraich,2005 - 2006,0.58
,,2006 - 2007,0.52
,,2007 - 2008,
,,2008 - 2009,
,,2009 - 2010,
,,2011 - 2012,
,,2012 - 2013,
,,2013 - 2014,
,,2014 - 2015,
,,2015 - 2016,
,,2016 - 2017,
,,2017 - 2018,
,,2018 - 2019,
,,2019 - 2020,
,,2020 - 2021,
,,2021 - 2022,
,,2022 - 2023,
,Ballia,2005 - 2006,0.55
,,2006 - 2007,0.52
,,2007 - 2008,
,,2008 - 2009,
,,2009 - 2010,
,,2011 - 2012,
,,2012 - 2013,
,,2013 - 2014,
,,2014 - 2015,
,,2015 - 2016,
,,2016 - 2017,
,,2017 - 2018,
,,2018 - 2019,
,,2019 - 2020,
,,2020 - 2021,
,,2021 - 2022,
,,2022 - 2023,
,Balrampur,2005 - 2006,0.57
,,2006 - 2007,0.52
,,2007 - 2008,
,,2008 - 2009,
,,2009 - 2010,
,,2011 - 2012,
,,2012 - 2013,
,,2013 - 2014,
,,2014 - 2015,
,,2016 - 2017,
,,2017 - 2018,
,,2018 - 2019,
,,2019 - 2020,
,,2020 - 2021,
,,2021 - 2022,
,,2022 - 2023,
,Banda,2005 - 2006,0.57
,,2006 - 2007,0.52
,,2007 - 2008,
,,2008 - 2009,
,,2009 - 2010,
,,2011 - 2012,
,,2012 - 2013,
,,2013 - 2014,
,,2014 - 2015,
,,2015 - 2016,
,,2016 - 2017,
,,2017 - 2018,
,,2018 - 2019,
,,2019 - 2020,
,,2020 - 2021,
,,2021 - 2022,
,,2022 - 2023,
,Barabanki,2005 - 2006,0.57
,,2006 - 2007,0.52
,,2007 - 2008,
,,2008 - 2009,
,,2009 - 2010,
,,2011 - 2012,
,,2012 - 2013,
,,2013 - 2014,
,,2014 - 2015,
,,2015 - 2016,
,,2016 - 2017,
,,2017 - 2018,
,,2018 - 2019,
,,2019 - 2020,
,,2020 - 2021,
,,2021 - 2022,
,,2022 - 2023,
,Bareilly,2005 - 2006,0.59
,,2006 - 2007,0.51
,,2007 - 2008,
,,2008 - 2009,
,,2009 - 2010,
,,2011 - 2012,
,,2012 - 2013,
,,2013 - 2014,
,,2014 - 2015,
,,2015 - 2016,
,,2016 - 2017,
,,2017 - 2018,
,,2018 - 2019,
,,2019 - 2020,
,,2020 - 2021,
,,2021 - 2022,
,,2022 - 2023,
,Basti,2005 - 2006,0.6
,,2006 - 2007,0.5
,,2007 - 2008,
,,2008 - 2009,
,,2009 - 2010,
,,2011 - 2012,
,,2012 - 2013,
,,2013 - 2014,
,,2014 - 2015,
,,2015 - 2016,
,,2016 - 2017,
,,2017 - 2018,
,,2018 - 2019,
,,2019 - 2020,
,,2020 - 2021,
,,2021 - 2022,
,,2022 - 2023,
,Budaun,2005 - 2006,0.56
,,2006 - 2007,0.52
,,2007 - 2008,
,,2008 - 2009,
,,2009 - 2010,
,,2011 - 2012,
,,2012 - 2013,
,,2013 - 2014,
,,2014 - 2015,
,,2015 - 2016,
,,2016 - 2017,
,,2017 - 2018,
,,2018 - 2019,
,,2019 - 2020,
,,2020 - 2021,
,,2021 - 2022,
,,2022 - 2023,
,Bulandshahr,2005 - 2006,0.5
,,2006 - 2007,0.6
,,2007 - 2008,
,,2008 - 2009,
,,2009 - 2010,
,,2011 - 2012,
,,2013 - 2014,
,,2014 - 2015,
,,2015 - 2016,
,,2016 - 2017,
,,2017 - 2018,
,,2018 - 2019,
,,2019 - 2020,
,,2020 - 2021,
,,2021 - 2022,
,,2022 - 2023,
,Chandauli,2005 - 2006,0.5
,,2006 - 2007,0.5
,,2007 - 2008,
,,2008 - 2009,
,,2009 - 2010,
,Chitrakoot,2005 - 2006,0.56
,,2006 - 2007,0.4
,,2007 - 2008,
,,2008 - 2009,
,,2009 - 2010,
,,2011 - 2012,
,,2012 - 2013,
,,2013 - 2014,
,,2014 - 2015,
,,2015 - 2016,
,,2016 - 2017,
,,2017 - 2018,
,,2018 - 2019,
,,2019 - 2020,
,,2020 - 2021,
,,2021 - 2022,
,,2022 - 2023,
,Deoria,2005 - 2006,0.5
,,2006 - 2007,0.5
,,2007 - 2008,
,,2008 - 2009,
,,2009 - 2010,
,,2011 - 2012,
,,2013 - 2014,
,,2016 - 2017,
,,2017 - 2018,
,,2019 - 2020,
,,2020 - 2021,
,,2021 - 2022,
,,2022 - 2023,
,Etah,2005 - 2006,0.58
,,2006 - 2007,0.56
,,2007 - 2008,
,,2008 - 2009,
,,2009 - 2010,
,,2011 - 2012,
,,2012 - 2013,
,,2013 - 2014,
,,2014 - 2015,
,,2016 - 2017,
,,2017 - 2018,
,,2018 - 2019,
,,2019 - 2020,
,,2020 - 2021,
,,2021 - 2022,
,,2022 - 2023,
,Etawah,2005 - 2006,0.57
,,2006 - 2007,0.54
,,2007 - 2008,
,,2008 - 2009,
,,2009 - 2010,
,,2011 - 2012,
,,2012 - 2013,
,,2013 - 2014,
,,2014 - 2015,
,,2015 - 2016,
,,2016 - 2017,
,,2017 - 2018,
,,2018 - 2019,
,,2019 - 2020,
,,2020 - 2021,
,,2021 - 2022,
,,2022 - 2023,
,Faizabad,2005 - 2006,0.58
,,2006 - 2007,0.52
,,2007 - 2008,
,,2008 - 2009,
,,2009 - 2010,
,,2011 - 2012,
,,2012 - 2013,
,,2013 - 2014,
,,2014 - 2015,
,,2015 - 2016,
,,2016 - 2017,
,,2017 - 2018,
,,2018 - 2019,
,,2019 - 2020,
,,2020 - 2021,
,,2021 - 2022,
,,2022 - 2023,
,Farrukhabad,2005 - 2006,0.5
,,2006 - 2007,0.5
,,2008 - 2009,
,,2009 - 2010,
,,2011 - 2012,
,,2012 - 2013,
,,2013 - 2014,
,,2014 - 2015,
,,2015 - 2016,
,,2016 - 2017,
,,2017 - 2018,
,,2018 - 2019,
,,2019 - 2020,
,,2020 - 2021,
,,2021 - 2022,
,,2022 - 2023,
,Fatehpur,2005 - 2006,0.57
,,2006 - 2007,0.52
,,2007 - 2008,
,,2008 - 2009,
,,2009 - 2010,
,,2011 - 2012,
,,2012 - 2013,
,,2013 - 2014,
,,2014 - 2015,
,,2015 - 2016,
,,2016 - 2017,
,,2017 - 2018,
,,2018 - 2019,
,,2019 - 2020,
,,2020 - 2021,
,,2021 - 2022,
,,2022 - 2023,
,Firozabad,2005 - 2006,0.57
,,2006 - 2007,0.5
,,2007 - 2008,
,,2008 - 2009,
,,2009 - 2010,
,,2011 - 2012,
,,2012 - 2013,
,,2013 - 2014,
,,2014 - 2015,
,,2015 - 2016,
,,2016 - 2017,
,,2017 - 2018,
,,2018 - 2019,
,,2019 - 2020,
,,2020 - 2021,
,,2021 - 2022,
,,2022 - 2023,
,Gautam buddha nagar,2005 - 2006,1.0
,,2006 - 2007,0.57
,,2011 - 2012,
,,2012 - 2013,
,,2013 - 2014,
,,2015 - 2016,
,,2016 - 2017,
,,2017 - 2018,
,,2018 - 2019,
,,2019 - 2020,
,,2020 - 2021,
,,2021 - 2022,
,,2022 - 2023,
,Ghaziabad,2005 - 2006,0.58
,,2006 - 2007,0.53
,,2007 - 2008,
,,2008 - 2009,
,,2009 - 2010,
,,2011 - 2012,
,,2012 - 2013,
,,2013 - 2014,
,,2014 - 2015,
,,2015 - 2016,
,,2016 - 2017,
,,2017 - 2018,
,,2018 - 2019,
,,2019 - 2020,
,,2020 - 2021,
,,2021 - 2022,
,,2022 - 2023,
,Ghazipur,2005 - 2006,0.61
,,2006 - 2007,0.53
,,2007 - 2008,
,,2008 - 2009,
,,2009 - 2010,
,,2011 - 2012,
,,2012 - 2013,
,,2013 - 2014,
,,2014 - 2015,
,,2015 - 2016,
,,2016 - 2017,
,,2017 - 2018,
,,2018 - 2019,
,,2019 - 2020,
,,2020 - 2021,
,,2021 - 2022,
,,2022 - 2023,
,Gonda,2005 - 2006,0.6
,,2006 - 2007,0.51
,,2007 - 2008,
,,2008 - 2009,
,,2009 - 2010,
,,2011 - 2012,
,,2012 - 2013,
,,2013 - 2014,
,,2014 - 2015,
,,2015 - 2016,
,,2016 - 2017,
,,2017 - 2018,
,,2018 - 2019,
,,2019 - 2020,
,,2020 - 2021,
,,2021 - 2022,
,,2022 - 2023,
,Gorakhpur,2005 - 2006,0.57
,,2006 - 2007,0.52
,,2007 - 2008,
,,2008 - 2009,
,,2009 - 2010,
,,2011 - 2012,
,,2012 - 2013,
,,2013 - 2014,
,,2014 - 2015,
,,2015 - 2016,
,,2016 - 2017,
,,2017 - 2018,
,,2018 - 2019,
,,2019 - 2020,
,,2020 - 2021,
,,2021 - 2022,
,,2022 - 2023,
,Hamirpur,2005 - 2006,0.55
,,2006 - 2007,0.53
,,2007 - 2008,
,,2008 - 2009,
,,2009 - 2010,
,,2011 - 2012,
,,2012 - 2013,
,,2013 - 2014,
,,2014 - 2015,
,,2015 - 2016,
,,2016 - 2017,
,,2017 - 2018,
,,2018 - 2019,
,,2019 - 2020,
,,2020 - 2021,
,,2021 - 2022,
,,2022 - 2023,
,Hapur,2014 - 2015,
,,2016 - 2017,
,,2017 - 2018,
,,2018 - 2019,
,,2019 - 2020,
,,2020 - 2021,
,,2021 - 2022,
,,2022 - 2023,
,Hardoi,2005 - 2006,0.58
,,2006 - 2007,0.53
,,2007 - 2008,
,,2008 - 2009,
,,2009 - 2010,
,,2011 - 2012,
,,2012 - 2013,
,,2013 - 2014,
,,2014 - 2015,
,,2015 - 2016,
,,2016 - 2017,
,,2017 - 2018,
,,2018 - 2019,
,,2019 - 2020,
,,2020 - 2021,
,,2021 - 2022,
,,2022 - 2023,
,Hathras,2005 - 2006,0.57
,,2006 - 2007,0.51
,,2007 - 2008,
,,2008 - 2009,
,,2009 - 2010,
,,2011 - 2012,
,,2012 - 2013,
,,2013 - 2014,
,,2014 - 2015,
,,2015 - 2016,
,,2016 - 2017,
,,2017 - 2018,
,,2018 - 2019,
,,2019 - 2020,
,,2020 - 2021,
,,2021 - 2022,
,,2022 - 2023,
,Jalaun,2005 - 2006,0.5
,,2006 - 2007,0.33
,,2007 - 2008,
,,2008 - 2009,
,,2009 - 2010,
,,2011 - 2012,
,,2012 - 2013,
,,2013 - 2014,
,,2014 - 2015,
,,2015 - 2016,
,,2016 - 2017,
,,2017 - 2018,
,,2018 - 2019,
,,2019 - 2020,
,,2020 - 2021,
,,2021 - 2022,
,,2022 - 2023,
,Jaunpur,2005 - 2006,0.57
,,2006 - 2007,0.52
,,2007 - 2008,
,,2008 - 2009,
,,2009 - 2010,
,,2011 - 2012,
,,2012 - 2013,
,,2013 - 2014,
,,2014 - 2015,
,,2015 - 2016,
,,2016 - 2017,
,,2017 - 2018,
,,2018 - 2019,
,,2019 - 2020,
,,2020 - 2021,
,,2021 - 2022,
,,2022 - 2023,
,Jhansi,2005 - 2006,0.57
,,2006 - 2007,0.52
,,2007 - 2008,
,,2008 - 2009,
,,2009 - 2010,
,,2011 - 2012,
,,2012 - 2013,
,,2013 - 2014,
,,2014 - 2015,
,,2015 - 2016,
,,2016 - 2017,
,,2017 - 2018,
,,2018 - 2019,
,,2019 - 2020,
,,2020 - 2021,
,,2021 - 2022,
,,2022 - 2023,
,Kannauj,2005 - 2006,0.58
,,2006 - 2007,0.52
,,2007 - 2008,
,,2008 - 2009,
,,2009 - 2010,
,,2011 - 2012,
,,2012 - 2013,
,,2013 - 2014,
,,2014 - 2015,
,,2015 - 2016,
,,2016 - 2017,
,,2017 - 2018,
,,2018 - 2019,
,,2019 - 2020,
,,2020 - 2021,
,,2021 - 2022,
,,2022 - 2023,
,Kanpur dehat,2005 - 2006,0.57
,,2006 - 2007,0.52
,,2007 - 2008,
,,2008 - 2009,
,,2009 - 2010,
,,2011 - 2012,
,,2012 - 2013,
,,2013 - 2014,
,,2014 - 2015,
,,2015 - 2016,
,,2016 - 2017,
,,2017 - 2018,
,,2018 - 2019,
,,2019 - 2020,
,,2020 - 2021,
,,2021 - 2022,
,,2022 - 2023,
,Kanpur nagar,2005 - 2006,0.57
,,2006 - 2007,0.52
,,2007 - 2008,
,,2008 - 2009,
,,2009 - 2010,
,,2011 - 2012,
,,2012 - 2013,
,,2013 - 2014,
,,2014 - 2015,
,,2015 - 2016,
,,2016 - 2017,
,,2017 - 2018,
,,2018 - 2019,
,,2019 - 2020,
,,2020 - 2021,
,,2021 - 2022,
,,2022 - 2023,
,Kasganj,2009 - 2010,
,,2011 - 2012,
,,2012 - 2013,
,,2013 - 2014,
,,2014 - 2015,
,,2015 - 2016,
,,2016 - 2017,
,,2017 - 2018,
,,2018 - 2019,
,,2019 - 2020,
,,2020 - 2021,
,,2021 - 2022,
,,2022 - 2023,
,Kaushambi,2005 - 2006,0.58
,,2006 - 2007,0.52
,,2007 - 2008,
,,2008 - 2009,
,,2009 - 2010,
,,2011 - 2012,
,,2012 - 2013,
,,2013 - 2014,
,,2014 - 2015,
,,2015 - 2016,
,,2016 - 2017,
,,2017 - 2018,
,,2018 - 2019,
,,2019 - 2020,
,,2020 - 2021,
,,2021 - 2022,
,,2022 - 2023,
,Kheri,2005 - 2006,0.57
,,2006 - 2007,0.52
,,2007 - 2008,
,,2008 - 2009,
,,2009 - 2010,
,,2011 - 2012,
,,2012 - 2013,
,,2013 - 2014,
,,2014 - 2015,
,,2015 - 2016,
,,2016 - 2017,
,,2017 - 2018,
,,2018 - 2019,
,,2019 - 2020,
,,2020 - 2021,
,,2021 - 2022,
,,2022 - 2023,
,Kushi nagar,2005 - 2006,0.58
,,2006 - 2007,0.53
,,2007 - 2008,
,,2008 - 2009,
,,2009 - 2010,
,,2011 - 2012,
,,2012 - 2013,
,,2013 - 2014,
,,2014 - 2015,
,,2015 - 2016,
,,2016 - 2017,
,,2017 - 2018,
,,2018 - 2019,
,,2019 - 2020,
,,2020 - 2021,
,,2021 - 2022,
,,2022 - 2023,
,Lalitpur,2005 - 2006,0.56
,,2007 - 2008,
,,2008 - 2009,
,,2009 - 2010,
,,2011 - 2012,
,,2012 - 2013,
,,2013 - 2014,
,,2014 - 2015,
,,2015 - 2016,
,,2016 - 2017,
,,2017 - 2018,
,,2018 - 2019,
,,2019 - 2020,
,,2020 - 2021,
,,2021 - 2022,
,,2022 - 2023,
,Lucknow,2005 - 2006,0.57
,,2006 - 2007,0.52
,,2007 - 2008,
,,2008 - 2009,
,,2009 - 2010,
,,2011 - 2012,
,,2012 - 2013,
,,2013 - 2014,
,,2014 - 2015,
,,2015 - 2016,
,,2016 - 2017,
,,2017 - 2018,
,,2018 - 2019,
,,2019 - 2020,
,,2020 - 2021,
,,2021 - 2022,
,,2022 - 2023,
,Maharajganj,2005 - 2006,0.57
,,2006 - 2007,0.51
,,2007 - 2008,
,,2008 - 2009,
,,2009 - 2010,
,,2011 - 2012,
,,2012 - 2013,
,,2013 - 2014,
,,2014 - 2015,
,,2015 - 2016,
,,2016 - 2017,
,,2017 - 2018,
,,2018 - 2019,
,,2019 - 2020,
,,2020 - 2021,
,,2021 - 2022,
,,2022 - 2023,
,Mahoba,2005 - 2006,0.58
,,2006 - 2007,0.54
,,2007 - 2008,
,,2008 - 2009,
,,2009 - 2010,
,,2011 - 2012,
,,2012 - 2013,
,,2013 - 2014,
,,2014 - 2015,
,,2015 - 2016,
,,2016 - 2017,
,,2017 - 2018,
,,2018 - 2019,
,,2019 - 2020,
,,2020 - 2021,
,,2021 - 2022,
,,2022 - 2023,
,Mainpuri,2005 - 2006,0.57
,,2006 - 2007,0.5
,,2007 - 2008,
,,2008 - 2009,
,,2009 - 2010,
,,2011 - 2012,
,,2012 - 2013,
,,2013 - 2014,
,,2014 - 2015,
,,2015 - 2016,
,,2016 - 2017,
,,2017 - 2018,
,,2018 - 2019,
,,2019 - 2020,
,,2020 - 2021,
,,2021 - 2022,
,,2022 - 2023,
,Mathura,2005 - 2006,0.5
,,2008 - 2009,
,,2009 - 2010,
,,2011 - 2012,
,,2016 - 2017,
,Mau,2005 - 2006,0.56
,,2006 - 2007,0.5
,,2007 - 2008,
,,2008 - 2009,
,,2009 - 2010,
,,2011 - 2012,
,,2012 - 2013,
,,2013 - 2014,
,,2014 - 2015,
,,2015 - 2016,
,,2016 - 2017,
,,2017 - 2018,
,,2018 - 2019,
,,2019 - 2020,
,,2020 - 2021,
,,2021 - 2022,
,,2022 - 2023,
,Meerut,2005 - 2006,0.56
,,2006 - 2007,0.5
,,2007 - 2008,
,,2008 - 2009,
,,2009 - 2010,
,,2011 - 2012,
,,2012 - 2013,
,,2013 - 2014,
,,2014 - 2015,
,,2015 - 2016,
,,2016 - 2017,
,,2017 - 2018,
,,2018 - 2019,
,,2019 - 2020,
,,2020 - 2021,
,,2021 - 2022,
,,2022 - 2023,
,Mirzapur,2005 - 2006,0.6
,,2006 - 2007,0.55
,,2008 - 2009,
,,2009 - 2010,
,Moradabad,2006 - 2007,0.5
,,2007 - 2008,
,,2008 - 2009,
,,2009 - 2010,
,,2011 - 2012,
,,2016 - 2017,
,Muzaffarnagar,2009 - 2010,
,,2011 - 2012,
,,2013 - 2014,
,,2015 - 2016,
,,2016 - 2017,
,,2017 - 2018,
,,2018 - 2019,
,,2019 - 2020,
,,2020 - 2021,
,,2021 - 2022,
,,2022 - 2023,
,Pilibhit,2006 - 2007,0.5
,,2008 - 2009,
,Pratapgarh,2005 - 2006,0.56
,,2006 - 2007,0.52
,,2007 - 2008,
,,2008 - 2009,
,,2009 - 2010,
,,2011 - 2012,
,,2012 - 2013,
,,2013 - 2014,
,,2014 - 2015,
,,2015 - 2016,
,,2016 - 2017,
,,2017 - 2018,
,,2018 - 2019,
,,2019 - 2020,
,,2020 - 2021,
,,2021 - 2022,
,,2022 - 2023,
,Rae bareli,2005 - 2006,0.57
,,2006 - 2007,0.52
,,2007 - 2008,
,,2008 - 2009,
,,2009 - 2010,
,,2011 - 2012,
,,2012 - 2013,
,,2013 - 2014,
,,2014 - 2015,
,,2015 - 2016,
,,2016 - 2017,
,,2017 - 2018,
,,2018 - 2019,
,,2019 - 2020,
,,2020 - 2021,
,,2021 - 2022,
,,2022 - 2023,
,Rampur,2005 - 2006,1.0
,,2006 - 2007,0.5
,,2008 - 2009,
,,2009 - 2010,
,,2011 - 2012,
,,2012 - 2013,
,,2013 - 2014,
,,2014 - 2015,
,,2016 - 2017,
,,2017 - 2018,
,,2018 - 2019,
,,2019 - 2020,
,,2020 - 2021,
,,2021 - 2022,
,,2022 - 2023,
,Saharanpur,2009 - 2010,
,,2011 - 2012,
,,2012 - 2013,
,,2013 - 2014,
,,2014 - 2015,
,,2016 - 2017,
,,2017 - 2018,
,,2018 - 2019,
,,2019 - 2020,
,,2020 - 2021,
,,2021 - 2022,
,,2022 - 2023,
,Sambhal,2012 - 2013,
,,2013 - 2014,
,,2014 - 2015,
,,2015 - 2016,
,,2016 - 2017,
,,2017 - 2018,
,,2018 - 2019,
,,2019 - 2020,
,,2020 - 2021,
,,2021 - 2022,
,,2022 - 2023,
,Sant kabeer nagar,2005 - 2006,0.56
,,2006 - 2007,0.52
,,2007 - 2008,
,,2008 - 2009,
,,2009 - 2010,
,,2011 - 2012,
,,2012 - 2013,
,,2013 - 2014,
,,2014 - 2015,
,,2015 - 2016,
,,2016 - 2017,
,,2017 - 2018,
,,2018 - 2019,
,,2019 - 2020,
,,2020 - 2021,
,,2021 - 2022,
,,2022 - 2023,
,Sant ravidas nagar,2009 - 2010,
,Shahjahanpur,2005 - 2006,0.57
,,2006 - 2007,0.53
,,2007 - 2008,
,,2008 - 2009,
,,2009 - 2010,
,,2011 - 2012,
,,2012 - 2013,
,,2013 - 2014,
,,2014 - 2015,
,,2015 - 2016,
,,2016 - 2017,
,,2017 - 2018,
,,2018 - 2019,
,,2019 - 2020,
,,2020 - 2021,
,,2021 - 2022,
,,2022 - 2023,
,Shamli,2021 - 2022,
,Shravasti,2005 - 2006,0.5
,,2006 - 2007,0.56
,,2007 - 2008,
,,2009 - 2010,
,,2011 - 2012,
,,2012 - 2013,
,,2013 - 2014,
,,2014 - 2015,
,,2015 - 2016,
,,2016 - 2017,
,,2017 - 2018,
,,2018 - 2019,
,,2019 - 2020,
,,2020 - 2021,
,,2021 - 2022,
,,2022 - 2023,
,Siddharth nagar,2005 - 2006,0.57
,,2006 - 2007,0.52
,,2007 - 2008,
,,2008 - 2009,
,,2009 - 2010,
,,2011 - 2012,
,,2012 - 2013,
,,2013 - 2014,
,,2014 - 2015,
,,2015 - 2016,
,,2016 - 2017,
,,2017 - 2018,
,,2018 - 2019,
,,2019 - 2020,
,,2020 - 2021,
,,2021 - 2022,
,,2022 - 2023,
,Sitapur,2005 - 2006,0.57
,,2006 - 2007,0.52
,,2007 - 2008,
,,2008 - 2009,
,,2009 - 2010,
,,2011 - 2012,
,,2012 - 2013,
,,2013 - 2014,
,,2014 - 2015,
,,2015 - 2016,
,,2016 - 2017,
,,2017 - 2018,
,,2018 - 2019,
,,2019 - 2020,
,,2020 - 2021,
,,2021 - 2022,
,,2022 - 2023,
,Sonbhadra,2005 - 2006,0.58
,,2006 - 2007,0.5
,,2007 - 2008,
,,2008 - 2009,
,,2009 - 2010,
,,2011 - 2012,
,,2012 - 2013,
,,2013 - 2014,
,,2014 - 2015,
,,2015 - 2016,
,,2016 - 2017,
,,2017 - 2018,
,,2018 - 2019,
,,2019 - 2020,
,,2020 - 2021,
,,2021 - 2022,
,,2022 - 2023,
,Sultanpur,2005 - 2006,0.56
,,2006 - 2007,0.52
,,2007 - 2008,
,,2008 - 2009,
,,2009 - 2010,
,,2011 - 2012,
,,2012 - 2013,
,,2013 - 2014,
,,2014 - 2015,
,,2015 - 2016,
,,2016 - 2017,
,,2017 - 2018,
,,2018 - 2019,
,,2019 - 2020,
,,2020 - 2021,
,,2021 - 2022,
,,2022 - 2023,
,Unnao,2005 - 2006,0.56
,,2006 - 2007,0.52
,,2007 - 2008,
,,2008 - 2009,
,,2009 - 2010,
,,2011 - 2012,
,,2012 - 2013,
,,2013 - 2014,
,,2014 - 2015,
,,2015 - 2016,
,,2016 - 2017,
,,2017 - 2018,
,,2018 - 2019,
,,2019 - 2020,
,,2020 - 2021,
,,2021 - 2022,
,,2022 - 2023,
,Varanasi,2005 - 2006,0.58
,,2006 - 2007,0.53
,,2007 - 2008,
,,2008 - 2009,
,,2009 - 2010,
,,2011 - 2012,
,,2012 - 2013,
,,2013 - 2014,
,,2014 - 2015,
,,2015 - 2016,
,,2016 - 2017,
,,2017 - 2018,
,,2018 - 2019,
,,2019 - 2020,
,,2020 - 2021,
,,2021 - 2022,
,,2022 - 2023,
