state,district,year,turmeric_kharif_yield_tonne_per_hectare
Andaman and Nicobar Islands,Nicobars,2005 - 2006,
,,2006 - 2007,
,,2010 - 2011,
,,2011 - 2012,
,,2012 - 2013,
,,2016 - 2017,
,,2017 - 2018,
,,2018 - 2019,
,,2019 - 2020,
,,2020 - 2021,
,,2021 - 2022,
,,2022 - 2023,
,North and middle andaman,2006 - 2007,
,,2010 - 2011,
,,2011 - 2012,
,,2012 - 2013,
,,2013 - 2014,
,,2014 - 2015,
,,2015 - 2016,
,,2016 - 2017,
,,2017 - 2018,
,,2018 - 2019,
,,2019 - 2020,
,,2020 - 2021,
,,2021 - 2022,
,,2022 - 2023,
,South andamans,2005 - 2006,
,,2006 - 2007,
,,2010 - 2011,
,,2011 - 2012,
,,2012 - 2013,
,,2013 - 2014,
,,2014 - 2015,
,,2015 - 2016,
,,2016 - 2017,
,,2017 - 2018,
,,2018 - 2019,
,,2019 - 2020,
,,2020 - 2021,
,,2021 - 2022,
,,2022 - 2023,
Andhra Pradesh,Anantapur,2000 - 2001,
,,2001 - 2002,
,,2004 - 2005,
,,2005 - 2006,
,,2006 - 2007,
,,2008 - 2009,
,,2010 - 2011,
,,2011 - 2012,
,,2012 - 2013,11.2
,,2013 - 2014,12.33
,,2014 - 2015,11.74
,,2015 - 2016,7.95
,,2018 - 2019,0.0
,Chittoor,2000 - 2001,
,,2001 - 2002,
,,2002 - 2003,
,,2003 - 2004,
,,2004 - 2005,
,,2005 - 2006,
,,2006 - 2007,
,,2008 - 2009,
,,2009 - 2010,
,,2010 - 2011,
,,2011 - 2012,
,,2012 - 2013,11.18
,,2013 - 2014,12.31
,,2014 - 2015,11.71
,,2015 - 2016,7.92
,,2016 - 2017,4.0
,,2017 - 2018,12.0
,,2018 - 2019,964.8
,,2019 - 2020,12.0
,East godavari,2000 - 2001,
,,2001 - 2002,
,,2002 - 2003,
,,2003 - 2004,
,,2004 - 2005,
,,2005 - 2006,
,,2006 - 2007,
,,2008 - 2009,
,,2009 - 2010,
,,2010 - 2011,
,,2011 - 2012,
,,2012 - 2013,6.62
,,2013 - 2014,6.66
,,2014 - 2015,7.19
,,2015 - 2016,6.76
,,2016 - 2017,4.22
,,2017 - 2018,12.0
,,2018 - 2019,18.6
,,2019 - 2020,12.0
,Guntur,2000 - 2001,
,,2001 - 2002,
,,2002 - 2003,
,,2003 - 2004,
,,2004 - 2005,
,,2005 - 2006,
,,2006 - 2007,
,,2008 - 2009,
,,2009 - 2010,
,,2010 - 2011,
,,2011 - 2012,
,,2012 - 2013,6.52
,,2013 - 2014,6.99
,,2014 - 2015,8.0
,,2015 - 2016,6.39
,,2016 - 2017,4.57
,,2017 - 2018,12.0
,,2018 - 2019,12.06
,,2019 - 2020,12.0
,Kadapa,2000 - 2001,
,,2001 - 2002,
,,2002 - 2003,
,,2003 - 2004,
,,2004 - 2005,
,,2005 - 2006,
,,2006 - 2007,
,,2008 - 2009,
,,2009 - 2010,
,,2010 - 2011,
,,2011 - 2012,
,,2012 - 2013,3.89
,,2013 - 2014,9.72
,,2014 - 2015,8.13
,,2015 - 2016,5.49
,,2016 - 2017,3.3
,,2017 - 2018,12.0
,,2018 - 2019,14.16
,,2019 - 2020,12.0
,Krishna,2000 - 2001,
,,2001 - 2002,
,,2002 - 2003,
,,2003 - 2004,
,,2004 - 2005,
,,2005 - 2006,
,,2006 - 2007,
,,2008 - 2009,
,,2009 - 2010,
,,2010 - 2011,
,,2011 - 2012,
,,2012 - 2013,10.9
,,2013 - 2014,11.09
,,2014 - 2015,11.97
,,2015 - 2016,10.08
,,2016 - 2017,6.01
,,2017 - 2018,12.0
,,2018 - 2019,15.85
,,2019 - 2020,12.0
,Kurnool,2000 - 2001,
,,2001 - 2002,
,,2002 - 2003,
,,2003 - 2004,
,,2004 - 2005,
,,2005 - 2006,
,,2006 - 2007,
,,2008 - 2009,
,,2009 - 2010,
,,2010 - 2011,
,,2011 - 2012,
,,2012 - 2013,24.73
,,2013 - 2014,18.24
,,2014 - 2015,17.53
,,2015 - 2016,13.17
,,2016 - 2017,5.97
,,2017 - 2018,12.0
,,2018 - 2019,17.69
,,2019 - 2020,12.0
,Prakasam,2000 - 2001,
,,2001 - 2002,
,,2002 - 2003,
,,2003 - 2004,
,,2004 - 2005,
,,2005 - 2006,
,,2006 - 2007,
,,2008 - 2009,
,,2009 - 2010,
,,2010 - 2011,
,,2011 - 2012,
,,2012 - 2013,6.62
,,2013 - 2014,6.66
,,2014 - 2015,7.2
,,2015 - 2016,6.62
,,2016 - 2017,3.1
,,2017 - 2018,12.0
,,2018 - 2019,11.98
,,2019 - 2020,12.0
,Spsr nellore,2000 - 2001,
,,2001 - 2002,
,,2002 - 2003,
,,2003 - 2004,
,,2004 - 2005,
,,2005 - 2006,
,,2006 - 2007,
,,2008 - 2009,
,,2009 - 2010,
,,2010 - 2011,
,,2011 - 2012,
,,2012 - 2013,6.63
,,2013 - 2014,6.66
,,2014 - 2015,7.2
,,2015 - 2016,6.76
,,2016 - 2017,4.22
,,2017 - 2018,12.0
,,2018 - 2019,20.38
,,2019 - 2020,12.0
,Srikakulam,2000 - 2001,
,,2001 - 2002,
,,2002 - 2003,
,,2003 - 2004,
,,2004 - 2005,
,,2005 - 2006,
,,2006 - 2007,
,,2008 - 2009,
,,2009 - 2010,
,,2010 - 2011,
,,2011 - 2012,
,,2012 - 2013,6.63
,,2013 - 2014,6.66
,,2014 - 2015,7.2
,,2015 - 2016,6.75
,,2016 - 2017,4.22
,,2017 - 2018,12.0
,,2018 - 2019,15.24
,,2019 - 2020,12.0
,Visakhapatanam,2000 - 2001,
,,2001 - 2002,
,,2002 - 2003,
,,2003 - 2004,
,,2004 - 2005,
,,2005 - 2006,
,,2006 - 2007,
,,2008 - 2009,
,,2009 - 2010,
,,2010 - 2011,
,,2011 - 2012,
,,2012 - 2013,3.35
,,2013 - 2014,2.82
,,2014 - 2015,2.81
,,2015 - 2016,5.14
,,2016 - 2017,2.44
,,2017 - 2018,12.0
,,2018 - 2019,18.58
,,2019 - 2020,12.0
,Vizianagaram,2000 - 2001,
,,2001 - 2002,
,,2002 - 2003,
,,2003 - 2004,
,,2004 - 2005,
,,2005 - 2006,
,,2006 - 2007,
,,2008 - 2009,
,,2009 - 2010,
,,2010 - 2011,
,,2011 - 2012,
,,2012 - 2013,6.63
,,2013 - 2014,6.66
,,2014 - 2015,7.19
,,2015 - 2016,6.74
,,2016 - 2017,4.23
,,2018 - 2019,8.28
,West godavari,2000 - 2001,
,,2001 - 2002,
,,2002 - 2003,
,,2003 - 2004,
,,2004 - 2005,
,,2005 - 2006,
,,2006 - 2007,
,,2008 - 2009,
,,2009 - 2010,
,,2010 - 2011,
,,2011 - 2012,
,,2012 - 2013,6.62
,,2013 - 2014,6.66
,,2014 - 2015,7.2
,,2015 - 2016,6.75
,,2016 - 2017,4.22
,,2017 - 2018,12.0
,,2018 - 2019,10.15
,,2019 - 2020,12.0
Arunachal Pradesh,Anjaw,2004 - 2005,
,,2005 - 2006,
,,2006 - 2007,
,,2007 - 2008,
,,2008 - 2009,
,,2009 - 2010,
,,2010 - 2011,
,,2011 - 2012,
,,2012 - 2013,
,,2013 - 2014,
,,2014 - 2015,
,,2015 - 2016,
,,2016 - 2017,
,,2017 - 2018,
,,2018 - 2019,
,,2019 - 2020,
,,2020 - 2021,
,,2021 - 2022,
,,2022 - 2023,
,Changlang,2000 - 2001,
,,2001 - 2002,
,,2002 - 2003,
,,2003 - 2004,
,,2005 - 2006,
,,2006 - 2007,
,,2007 - 2008,
,,2008 - 2009,
,,2009 - 2010,
,,2010 - 2011,
,,2011 - 2012,
,,2012 - 2013,
,,2013 - 2014,
,,2014 - 2015,
,,2015 - 2016,
,,2016 - 2017,
,,2017 - 2018,
,,2018 - 2019,
,,2019 - 2020,
,,2020 - 2021,
,,2021 - 2022,
,,2022 - 2023,
,Dibang valley,2000 - 2001,
,,2001 - 2002,
,,2008 - 2009,
,,2009 - 2010,
,East kameng,2008 - 2009,
,East siang,2000 - 2001,
,,2001 - 2002,
,,2002 - 2003,
,,2003 - 2004,
,,2004 - 2005,
,,2005 - 2006,
,,2006 - 2007,
,,2007 - 2008,
,,2008 - 2009,
,,2009 - 2010,
,,2010 - 2011,
,,2011 - 2012,
,,2012 - 2013,
,,2013 - 2014,
,,2014 - 2015,
,,2015 - 2016,
,,2016 - 2017,
,,2017 - 2018,
,,2018 - 2019,
,,2019 - 2020,
,,2020 - 2021,
,,2021 - 2022,
,,2022 - 2023,
,Kurung kumey,2002 - 2003,
,,2003 - 2004,
,,2006 - 2007,
,,2008 - 2009,
,,2009 - 2010,
,Leparada,2019 - 2020,
,,2020 - 2021,
,,2021 - 2022,
,,2022 - 2023,
,Lohit,2000 - 2001,
,,2001 - 2002,
,,2002 - 2003,
,,2003 - 2004,
,,2004 - 2005,
,,2005 - 2006,
,,2006 - 2007,
,,2007 - 2008,
,,2008 - 2009,
,,2009 - 2010,
,,2010 - 2011,
,,2011 - 2012,
,,2012 - 2013,
,,2013 - 2014,
,,2014 - 2015,
,,2015 - 2016,
,,2016 - 2017,
,,2017 - 2018,
,,2018 - 2019,
,,2019 - 2020,
,,2020 - 2021,
,,2021 - 2022,
,,2022 - 2023,
,Lower dibang valley,2002 - 2003,
,,2003 - 2004,
,,2004 - 2005,
,,2005 - 2006,
,,2006 - 2007,
,,2007 - 2008,
,,2008 - 2009,
,,2009 - 2010,
,,2010 - 2011,
,,2011 - 2012,
,,2012 - 2013,
,,2013 - 2014,
,,2014 - 2015,
,,2015 - 2016,
,,2016 - 2017,
,,2017 - 2018,
,,2018 - 2019,
,,2019 - 2020,
,,2020 - 2021,
,,2021 - 2022,
,,2022 - 2023,
,Lower siang,2018 - 2019,
,,2019 - 2020,
,,2020 - 2021,
,,2021 - 2022,
,,2022 - 2023,
,Lower subansiri,2000 - 2001,
,,2001 - 2002,
,,2002 - 2003,
,,2004 - 2005,
,Namsai,2015 - 2016,
,,2016 - 2017,
,,2017 - 2018,
,,2018 - 2019,
,,2019 - 2020,
,,2020 - 2021,
,,2021 - 2022,
,,2022 - 2023,
,Papum pare,2002 - 2003,
,,2004 - 2005,
,,2005 - 2006,
,,2007 - 2008,
,,2008 - 2009,
,,2009 - 2010,
,,2010 - 2011,
,,2011 - 2012,
,,2012 - 2013,
,,2013 - 2014,
,,2014 - 2015,
,,2015 - 2016,
,,2016 - 2017,
,,2017 - 2018,
,,2018 - 2019,
,,2019 - 2020,
,,2020 - 2021,
,,2021 - 2022,
,,2022 - 2023,
,Shi yomi,2019 - 2020,
,,2020 - 2021,
,,2021 - 2022,
,,2022 - 2023,
,Siang,2015 - 2016,
,,2016 - 2017,
,,2017 - 2018,
,,2018 - 2019,
,,2019 - 2020,
,,2020 - 2021,
,,2021 - 2022,
,,2022 - 2023,
,Tawang,2002 - 2003,
,,2003 - 2004,
,,2004 - 2005,
,,2005 - 2006,
,,2006 - 2007,
,,2007 - 2008,
,,2008 - 2009,
,,2009 - 2010,
,,2010 - 2011,
,,2011 - 2012,
,,2012 - 2013,
,,2013 - 2014,
,,2014 - 2015,
,,2015 - 2016,
,,2016 - 2017,
,,2017 - 2018,
,,2018 - 2019,
,,2019 - 2020,
,,2020 - 2021,
,,2021 - 2022,
,,2022 - 2023,
,Tirap,2000 - 2001,
,,2001 - 2002,
,,2002 - 2003,
,,2004 - 2005,
,Upper subansiri,2001 - 2002,
,,2002 - 2003,
,,2003 - 2004,
,,2004 - 2005,
,West siang,2000 - 2001,
,,2001 - 2002,
,,2002 - 2003,
,,2003 - 2004,
,,2006 - 2007,
,,2007 - 2008,
,,2008 - 2009,
,,2009 - 2010,
,,2010 - 2011,
,,2011 - 2012,
,,2012 - 2013,
,,2013 - 2014,
,,2014 - 2015,
,,2015 - 2016,
,,2016 - 2017,
,,2017 - 2018,
,,2018 - 2019,
,,2019 - 2020,
,,2020 - 2021,
,,2021 - 2022,
,,2022 - 2023,
Assam,Baksa,2005 - 2006,
,,2006 - 2007,
,,2007 - 2008,
,,2008 - 2009,
,,2009 - 2010,
,,2010 - 2011,
,,2011 - 2012,
,,2012 - 2013,
,,2013 - 2014,
,,2014 - 2015,
,,2015 - 2016,
,,2016 - 2017,
,,2017 - 2018,
,,2018 - 2019,
,,2019 - 2020,
,,2020 - 2021,
,,2021 - 2022,
,,2022 - 2023,
,Barpeta,2000 - 2001,
,,2001 - 2002,
,,2002 - 2003,
,,2003 - 2004,
,,2004 - 2005,
,,2005 - 2006,
,,2006 - 2007,
,,2007 - 2008,
,,2008 - 2009,
,,2009 - 2010,
,,2010 - 2011,
,,2011 - 2012,
,,2012 - 2013,
,,2013 - 2014,
,,2014 - 2015,
,,2015 - 2016,
,,2016 - 2017,
,,2017 - 2018,
,,2018 - 2019,
,,2019 - 2020,
,,2020 - 2021,
,,2021 - 2022,
,,2022 - 2023,
,Biswanath,2020 - 2021,
,,2021 - 2022,
,,2022 - 2023,
,Bongaigaon,2000 - 2001,
,,2001 - 2002,
,,2002 - 2003,
,,2003 - 2004,
,,2004 - 2005,
,,2005 - 2006,
,,2006 - 2007,
,,2007 - 2008,
,,2008 - 2009,
,,2009 - 2010,
,,2010 - 2011,
,,2011 - 2012,
,,2012 - 2013,
,,2013 - 2014,
,,2014 - 2015,
,,2015 - 2016,
,,2016 - 2017,
,,2017 - 2018,
,,2018 - 2019,
,,2019 - 2020,
,,2020 - 2021,
,,2021 - 2022,
,,2022 - 2023,
,Cachar,2000 - 2001,
,,2001 - 2002,
,,2002 - 2003,
,,2003 - 2004,
,,2004 - 2005,
,,2005 - 2006,
,,2006 - 2007,
,,2007 - 2008,
,,2008 - 2009,
,,2009 - 2010,
,,2010 - 2011,
,,2011 - 2012,
,,2012 - 2013,
,,2013 - 2014,
,,2014 - 2015,
,,2015 - 2016,
,,2016 - 2017,
,,2017 - 2018,
,,2018 - 2019,
,,2019 - 2020,
,,2020 - 2021,
,,2021 - 2022,
,,2022 - 2023,
,Charaideo,2020 - 2021,
,,2021 - 2022,
,,2022 - 2023,
,Chirang,2005 - 2006,
,,2006 - 2007,
,,2007 - 2008,
,,2008 - 2009,
,,2009 - 2010,
,,2010 - 2011,
,,2011 - 2012,
,,2012 - 2013,
,,2013 - 2014,
,,2014 - 2015,
,,2015 - 2016,
,,2016 - 2017,
,,2017 - 2018,
,,2018 - 2019,
,,2019 - 2020,
,,2020 - 2021,
,,2021 - 2022,
,,2022 - 2023,
,Darrang,2000 - 2001,
,,2001 - 2002,
,,2002 - 2003,
,,2003 - 2004,
,,2004 - 2005,
,,2005 - 2006,
,,2006 - 2007,
,,2007 - 2008,
,,2008 - 2009,
,,2009 - 2010,
,,2010 - 2011,
,,2011 - 2012,
,,2012 - 2013,
,,2013 - 2014,
,,2014 - 2015,
,,2015 - 2016,
,,2016 - 2017,
,,2017 - 2018,
,,2018 - 2019,
,,2019 - 2020,
,,2020 - 2021,
,,2021 - 2022,
,,2022 - 2023,
,Dhemaji,2000 - 2001,
,,2001 - 2002,
,,2002 - 2003,
,,2003 - 2004,
,,2004 - 2005,
,,2005 - 2006,
,,2006 - 2007,
,,2007 - 2008,
,,2008 - 2009,
,,2009 - 2010,
,,2010 - 2011,
,,2011 - 2012,
,,2012 - 2013,
,,2013 - 2014,
,,2014 - 2015,
,,2015 - 2016,
,,2016 - 2017,
,,2017 - 2018,
,,2018 - 2019,
,,2019 - 2020,
,,2020 - 2021,
,,2021 - 2022,
,,2022 - 2023,
,Dhubri,2000 - 2001,
,,2001 - 2002,
,,2002 - 2003,
,,2003 - 2004,
,,2004 - 2005,
,,2005 - 2006,
,,2006 - 2007,
,,2007 - 2008,
,,2008 - 2009,
,,2009 - 2010,
,,2010 - 2011,
,,2011 - 2012,
,,2012 - 2013,
,,2013 - 2014,
,,2014 - 2015,
,,2015 - 2016,
,,2016 - 2017,
,,2017 - 2018,
,,2018 - 2019,
,,2019 - 2020,
,,2020 - 2021,
,,2021 - 2022,
,,2022 - 2023,
,Dibrugarh,2000 - 2001,
,,2001 - 2002,
,,2002 - 2003,
,,2003 - 2004,
,,2004 - 2005,
,,2005 - 2006,
,,2006 - 2007,
,,2007 - 2008,
,,2008 - 2009,
,,2009 - 2010,
,,2010 - 2011,
,,2011 - 2012,
,,2012 - 2013,
,,2013 - 2014,
,,2014 - 2015,
,,2015 - 2016,
,,2016 - 2017,
,,2017 - 2018,
,,2018 - 2019,
,,2019 - 2020,
,,2020 - 2021,
,,2021 - 2022,
,,2022 - 2023,
,Dima hasao,2000 - 2001,
,,2001 - 2002,
,,2002 - 2003,
,,2003 - 2004,
,,2004 - 2005,
,,2005 - 2006,
,,2006 - 2007,
,,2007 - 2008,
,,2008 - 2009,
,,2009 - 2010,
,,2010 - 2011,
,,2011 - 2012,
,,2012 - 2013,
,,2013 - 2014,
,,2014 - 2015,
,,2015 - 2016,
,,2016 - 2017,
,,2017 - 2018,
,,2018 - 2019,
,,2019 - 2020,
,,2020 - 2021,
,,2021 - 2022,
,,2022 - 2023,
,Goalpara,2000 - 2001,
,,2001 - 2002,
,,2002 - 2003,
,,2003 - 2004,
,,2004 - 2005,
,,2005 - 2006,
,,2006 - 2007,
,,2007 - 2008,
,,2008 - 2009,
,,2009 - 2010,
,,2010 - 2011,
,,2011 - 2012,
,,2012 - 2013,
,,2013 - 2014,
,,2014 - 2015,
,,2015 - 2016,
,,2016 - 2017,
,,2017 - 2018,
,,2018 - 2019,
,,2019 - 2020,
,,2020 - 2021,
,,2021 - 2022,
,,2022 - 2023,
,Golaghat,2000 - 2001,
,,2001 - 2002,
,,2002 - 2003,
,,2003 - 2004,
,,2004 - 2005,
,,2005 - 2006,
,,2006 - 2007,
,,2007 - 2008,
,,2008 - 2009,
,,2009 - 2010,
,,2010 - 2011,
,,2011 - 2012,
,,2012 - 2013,
,,2013 - 2014,
,,2014 - 2015,
,,2015 - 2016,
,,2016 - 2017,
,,2017 - 2018,
,,2018 - 2019,
,,2019 - 2020,
,,2020 - 2021,
,,2021 - 2022,
,,2022 - 2023,
,Hailakandi,2000 - 2001,
,,2001 - 2002,
,,2002 - 2003,
,,2003 - 2004,
,,2004 - 2005,
,,2005 - 2006,
,,2006 - 2007,
,,2007 - 2008,
,,2008 - 2009,
,,2009 - 2010,
,,2010 - 2011,
,,2011 - 2012,
,,2012 - 2013,
,,2013 - 2014,
,,2014 - 2015,
,,2015 - 2016,
,,2016 - 2017,
,,2017 - 2018,
,,2018 - 2019,
,,2019 - 2020,
,,2020 - 2021,
,,2021 - 2022,
,,2022 - 2023,
,Hojai,2020 - 2021,
,,2021 - 2022,
,,2022 - 2023,
,Jorhat,2000 - 2001,
,,2001 - 2002,
,,2002 - 2003,
,,2003 - 2004,
,,2004 - 2005,
,,2005 - 2006,
,,2006 - 2007,
,,2007 - 2008,
,,2008 - 2009,
,,2009 - 2010,
,,2010 - 2011,
,,2011 - 2012,
,,2012 - 2013,
,,2013 - 2014,
,,2014 - 2015,
,,2015 - 2016,
,,2016 - 2017,
,,2017 - 2018,
,,2018 - 2019,
,,2019 - 2020,
,,2020 - 2021,
,,2021 - 2022,
,,2022 - 2023,
,Kamrup,2000 - 2001,
,,2001 - 2002,
,,2002 - 2003,
,,2003 - 2004,
,,2004 - 2005,
,,2005 - 2006,
,,2006 - 2007,
,,2007 - 2008,
,,2008 - 2009,
,,2009 - 2010,
,,2010 - 2011,
,,2011 - 2012,
,,2012 - 2013,
,,2013 - 2014,
,,2014 - 2015,
,,2015 - 2016,
,,2016 - 2017,
,,2017 - 2018,
,,2018 - 2019,
,,2019 - 2020,
,,2020 - 2021,
,,2021 - 2022,
,,2022 - 2023,
,Kamrup metro,2005 - 2006,
,,2006 - 2007,
,,2007 - 2008,
,,2008 - 2009,
,,2009 - 2010,
,,2010 - 2011,
,,2011 - 2012,
,,2012 - 2013,
,,2013 - 2014,
,,2014 - 2015,
,,2015 - 2016,
,,2016 - 2017,
,,2017 - 2018,
,,2018 - 2019,
,,2019 - 2020,
,,2020 - 2021,
,,2021 - 2022,
,,2022 - 2023,
,Karbi anglong,2000 - 2001,
,,2001 - 2002,
,,2002 - 2003,
,,2003 - 2004,
,,2004 - 2005,
,,2005 - 2006,
,,2006 - 2007,
,,2007 - 2008,
,,2008 - 2009,
,,2009 - 2010,
,,2010 - 2011,
,,2011 - 2012,
,,2012 - 2013,
,,2013 - 2014,
,,2014 - 2015,
,,2015 - 2016,
,,2016 - 2017,
,,2017 - 2018,
,,2018 - 2019,
,,2019 - 2020,
,,2020 - 2021,
,,2021 - 2022,
,,2022 - 2023,
,Karimganj,2000 - 2001,
,,2001 - 2002,
,,2002 - 2003,
,,2003 - 2004,
,,2004 - 2005,
,,2005 - 2006,
,,2006 - 2007,
,,2007 - 2008,
,,2008 - 2009,
,,2009 - 2010,
,,2010 - 2011,
,,2011 - 2012,
,,2012 - 2013,
,,2013 - 2014,
,,2014 - 2015,
,,2015 - 2016,
,,2016 - 2017,
,,2017 - 2018,
,,2018 - 2019,
,,2019 - 2020,
,,2020 - 2021,
,,2021 - 2022,
,,2022 - 2023,
,Kokrajhar,2000 - 2001,
,,2001 - 2002,
,,2002 - 2003,
,,2003 - 2004,
,,2004 - 2005,
,,2005 - 2006,
,,2006 - 2007,
,,2007 - 2008,
,,2008 - 2009,
,,2009 - 2010,
,,2010 - 2011,
,,2011 - 2012,
,,2012 - 2013,
,,2013 - 2014,
,,2014 - 2015,
,,2015 - 2016,
,,2016 - 2017,
,,2017 - 2018,
,,2018 - 2019,
,,2019 - 2020,
,,2020 - 2021,
,,2021 - 2022,
,,2022 - 2023,
,Lakhimpur,2000 - 2001,
,,2001 - 2002,
,,2002 - 2003,
,,2003 - 2004,
,,2004 - 2005,
,,2005 - 2006,
,,2006 - 2007,
,,2007 - 2008,
,,2008 - 2009,
,,2009 - 2010,
,,2010 - 2011,
,,2011 - 2012,
,,2012 - 2013,
,,2013 - 2014,
,,2014 - 2015,
,,2015 - 2016,
,,2016 - 2017,
,,2017 - 2018,
,,2018 - 2019,
,,2019 - 2020,
,,2020 - 2021,
,,2021 - 2022,
,,2022 - 2023,
,Majuli,2020 - 2021,
,,2021 - 2022,
,,2022 - 2023,
,Marigaon,2000 - 2001,
,,2001 - 2002,
,,2002 - 2003,
,,2003 - 2004,
,,2004 - 2005,
,,2005 - 2006,
,,2006 - 2007,
,,2007 - 2008,
,,2008 - 2009,
,,2009 - 2010,
,,2010 - 2011,
,,2011 - 2012,
,,2012 - 2013,
,,2013 - 2014,
,,2014 - 2015,
,,2015 - 2016,
,,2016 - 2017,
,,2017 - 2018,
,,2018 - 2019,
,,2019 - 2020,
,,2020 - 2021,
,,2021 - 2022,
,,2022 - 2023,
,Nagaon,2000 - 2001,
,,2001 - 2002,
,,2002 - 2003,
,,2003 - 2004,
,,2004 - 2005,
,,2005 - 2006,
,,2006 - 2007,
,,2007 - 2008,
,,2008 - 2009,
,,2009 - 2010,
,,2010 - 2011,
,,2011 - 2012,
,,2012 - 2013,
,,2013 - 2014,
,,2014 - 2015,
,,2015 - 2016,
,,2016 - 2017,
,,2017 - 2018,
,,2018 - 2019,
,,2019 - 2020,
,,2020 - 2021,
,,2021 - 2022,
,,2022 - 2023,
,Nalbari,2000 - 2001,
,,2001 - 2002,
,,2002 - 2003,
,,2003 - 2004,
,,2004 - 2005,
,,2005 - 2006,
,,2006 - 2007,
,,2007 - 2008,
,,2008 - 2009,
,,2009 - 2010,
,,2010 - 2011,
,,2011 - 2012,
,,2012 - 2013,
,,2013 - 2014,
,,2014 - 2015,
,,2015 - 2016,
,,2016 - 2017,
,,2017 - 2018,
,,2018 - 2019,
,,2019 - 2020,
,,2020 - 2021,
,,2021 - 2022,
,,2022 - 2023,
,Sivasagar,2000 - 2001,
,,2001 - 2002,
,,2002 - 2003,
,,2003 - 2004,
,,2004 - 2005,
,,2005 - 2006,
,,2006 - 2007,
,,2007 - 2008,
,,2008 - 2009,
,,2009 - 2010,
,,2010 - 2011,
,,2011 - 2012,
,,2012 - 2013,
,,2013 - 2014,
,,2014 - 2015,
,,2015 - 2016,
,,2016 - 2017,
,,2017 - 2018,
,,2018 - 2019,
,,2019 - 2020,
,,2020 - 2021,
,,2021 - 2022,
,,2022 - 2023,
,Sonitpur,2000 - 2001,
,,2001 - 2002,
,,2002 - 2003,
,,2003 - 2004,
,,2004 - 2005,
,,2005 - 2006,
,,2006 - 2007,
,,2007 - 2008,
,,2008 - 2009,
,,2009 - 2010,
,,2010 - 2011,
,,2011 - 2012,
,,2012 - 2013,
,,2013 - 2014,
,,2014 - 2015,
,,2015 - 2016,
,,2016 - 2017,
,,2017 - 2018,
,,2018 - 2019,
,,2019 - 2020,
,,2020 - 2021,
,,2021 - 2022,
,,2022 - 2023,
,South salmara mancachar,2020 - 2021,
,,2021 - 2022,
,,2022 - 2023,
,Tinsukia,2000 - 2001,
,,2001 - 2002,
,,2002 - 2003,
,,2003 - 2004,
,,2004 - 2005,
,,2005 - 2006,
,,2006 - 2007,
,,2007 - 2008,
,,2008 - 2009,
,,2009 - 2010,
,,2010 - 2011,
,,2011 - 2012,
,,2012 - 2013,
,,2013 - 2014,
,,2014 - 2015,
,,2015 - 2016,
,,2016 - 2017,
,,2017 - 2018,
,,2018 - 2019,
,,2019 - 2020,
,,2020 - 2021,
,,2021 - 2022,
,,2022 - 2023,
,Udalguri,2005 - 2006,
,,2006 - 2007,
,,2007 - 2008,
,,2008 - 2009,
,,2009 - 2010,
,,2010 - 2011,
,,2011 - 2012,
,,2012 - 2013,
,,2013 - 2014,
,,2014 - 2015,
,,2015 - 2016,
,,2016 - 2017,
,,2017 - 2018,
,,2018 - 2019,
,,2019 - 2020,
,,2020 - 2021,
,,2021 - 2022,
,,2022 - 2023,
,West karbi anglong,2020 - 2021,
,,2021 - 2022,
,,2022 - 2023,
Bihar,Araria,2000 - 2001,
,,2001 - 2002,
,,2002 - 2003,
,,2003 - 2004,
,,2004 - 2005,
,,2005 - 2006,
,,2007 - 2008,
,,2008 - 2009,
,,2016 - 2017,
,,2017 - 2018,
,,2018 - 2019,
,,2022 - 2023,
,Arwal,2003 - 2004,
,,2005 - 2006,
,,2016 - 2017,
,,2017 - 2018,
,,2018 - 2019,
,Aurangabad,2001 - 2002,
,,2005 - 2006,
,,2007 - 2008,
,,2008 - 2009,
,Banka,2000 - 2001,
,,2001 - 2002,
,Begusarai,2000 - 2001,
,,2001 - 2002,
,,2002 - 2003,
,,2003 - 2004,
,,2004 - 2005,
,,2005 - 2006,
,,2007 - 2008,
,,2016 - 2017,
,,2017 - 2018,
,,2018 - 2019,
,,2019 - 2020,
,,2020 - 2021,
,,2021 - 2022,
,,2022 - 2023,
,Bhagalpur,2000 - 2001,
,,2001 - 2002,
,,2002 - 2003,
,,2003 - 2004,
,,2004 - 2005,
,,2005 - 2006,
,,2007 - 2008,
,,2008 - 2009,
,,2016 - 2017,
,,2017 - 2018,
,,2018 - 2019,
,,2019 - 2020,
,,2020 - 2021,
,,2021 - 2022,
,,2022 - 2023,
,Bhojpur,2005 - 2006,
,,2008 - 2009,
,,2016 - 2017,
,,2017 - 2018,
,Darbhanga,2001 - 2002,
,,2002 - 2003,
,,2004 - 2005,
,,2007 - 2008,
,,2018 - 2019,
,,2019 - 2020,
,,2020 - 2021,
,Gaya,2000 - 2001,
,,2001 - 2002,
,,2002 - 2003,
,,2003 - 2004,
,,2004 - 2005,
,,2005 - 2006,
,,2007 - 2008,
,,2008 - 2009,
,Gopalganj,2001 - 2002,
,,2022 - 2023,
,Jehanabad,2001 - 2002,
,,2003 - 2004,
,,2005 - 2006,
,,2008 - 2009,
,Katihar,2000 - 2001,
,,2001 - 2002,
,,2002 - 2003,
,,2003 - 2004,
,,2004 - 2005,
,,2005 - 2006,
,,2007 - 2008,
,,2008 - 2009,
,,2016 - 2017,
,,2017 - 2018,
,,2018 - 2019,
,,2019 - 2020,
,,2020 - 2021,
,,2021 - 2022,
,,2022 - 2023,
,Khagaria,2000 - 2001,
,,2001 - 2002,
,,2002 - 2003,
,,2003 - 2004,
,,2004 - 2005,
,,2005 - 2006,
,,2007 - 2008,
,,2008 - 2009,
,,2016 - 2017,
,,2017 - 2018,
,,2018 - 2019,
,,2019 - 2020,
,,2020 - 2021,
,,2021 - 2022,
,,2022 - 2023,
,Kishanganj,2000 - 2001,
,,2001 - 2002,
,,2002 - 2003,
,,2003 - 2004,
,,2004 - 2005,
,,2005 - 2006,
,,2007 - 2008,
,,2008 - 2009,
,,2016 - 2017,
,,2017 - 2018,
,,2018 - 2019,
,,2019 - 2020,
,,2020 - 2021,
,,2021 - 2022,
,,2022 - 2023,
,Lakhisarai,2016 - 2017,
,Madhepura,2001 - 2002,
,,2002 - 2003,
,,2003 - 2004,
,,2004 - 2005,
,,2005 - 2006,
,,2007 - 2008,
,,2008 - 2009,
,,2016 - 2017,
,,2017 - 2018,
,,2018 - 2019,
,,2019 - 2020,
,,2020 - 2021,
,,2021 - 2022,
,,2022 - 2023,
,Madhubani,2000 - 2001,
,,2001 - 2002,
,,2002 - 2003,
,,2003 - 2004,
,,2004 - 2005,
,,2005 - 2006,
,,2007 - 2008,
,,2008 - 2009,
,,2016 - 2017,
,,2017 - 2018,
,,2018 - 2019,
,,2019 - 2020,
,,2020 - 2021,
,,2021 - 2022,
,,2022 - 2023,
,Muzaffarpur,2000 - 2001,
,,2001 - 2002,
,,2002 - 2003,
,,2003 - 2004,
,,2004 - 2005,
,,2005 - 2006,
,,2007 - 2008,
,,2008 - 2009,
,,2016 - 2017,
,,2017 - 2018,
,,2018 - 2019,
,,2019 - 2020,
,,2020 - 2021,
,,2021 - 2022,
,,2022 - 2023,
,Nalanda,2002 - 2003,
,,2003 - 2004,
,,2004 - 2005,
,,2005 - 2006,
,,2008 - 2009,
,,2016 - 2017,
,Nawada,2004 - 2005,
,,2005 - 2006,
,Pashchim champaran,2000 - 2001,
,,2001 - 2002,
,,2002 - 2003,
,,2003 - 2004,
,,2005 - 2006,
,,2007 - 2008,
,,2008 - 2009,
,,2016 - 2017,
,,2017 - 2018,
,,2018 - 2019,
,,2019 - 2020,
,,2020 - 2021,
,,2021 - 2022,
,,2022 - 2023,
,Patna,2016 - 2017,
,,2017 - 2018,
,Purbi champaran,2000 - 2001,
,,2001 - 2002,
,,2003 - 2004,
,,2004 - 2005,
,,2005 - 2006,
,,2007 - 2008,
,,2008 - 2009,
,,2016 - 2017,
,Purnia,2000 - 2001,
,,2001 - 2002,
,,2002 - 2003,
,,2003 - 2004,
,,2004 - 2005,
,,2005 - 2006,
,,2007 - 2008,
,,2008 - 2009,
,Rohtas,2000 - 2001,
,,2001 - 2002,
,,2002 - 2003,
,,2003 - 2004,
,,2004 - 2005,
,,2016 - 2017,
,,2017 - 2018,
,,2018 - 2019,
,,2019 - 2020,
,Saharsa,2002 - 2003,
,,2003 - 2004,
,,2004 - 2005,
,,2005 - 2006,
,,2007 - 2008,
,Samastipur,2000 - 2001,
,,2001 - 2002,
,,2002 - 2003,
,,2003 - 2004,
,,2004 - 2005,
,,2005 - 2006,
,,2007 - 2008,
,,2008 - 2009,
,,2016 - 2017,
,,2017 - 2018,
,,2018 - 2019,
,,2019 - 2020,
,,2020 - 2021,
,,2021 - 2022,
,,2022 - 2023,
,Sheohar,2000 - 2001,
,,2001 - 2002,
,,2002 - 2003,
,,2003 - 2004,
,,2004 - 2005,
,,2016 - 2017,
,,2017 - 2018,
,,2018 - 2019,
,,2019 - 2020,
,,2020 - 2021,
,,2021 - 2022,
,,2022 - 2023,
,Sitamarhi,2000 - 2001,
,,2001 - 2002,
,,2002 - 2003,
,,2003 - 2004,
,,2004 - 2005,
,Siwan,2000 - 2001,
,,2004 - 2005,
,,2005 - 2006,
,,2007 - 2008,
,,2008 - 2009,
,,2016 - 2017,
,,2017 - 2018,
,,2018 - 2019,
,,2019 - 2020,
,,2020 - 2021,
,,2021 - 2022,
,,2022 - 2023,
,Supaul,2000 - 2001,
,,2001 - 2002,
,,2002 - 2003,
,,2003 - 2004,
,,2004 - 2005,
,,2005 - 2006,
,,2007 - 2008,
,,2008 - 2009,
,,2016 - 2017,
,,2017 - 2018,
,,2018 - 2019,
,,2019 - 2020,
,,2020 - 2021,
,,2021 - 2022,
,,2022 - 2023,
,Vaishali,2000 - 2001,
,,2001 - 2002,
,,2002 - 2003,
,,2003 - 2004,
,,2004 - 2005,
,,2005 - 2006,
,,2007 - 2008,
,,2008 - 2009,
,,2016 - 2017,
Chhattisgarh,Balod,2012 - 2013,
,,2013 - 2014,
,,2014 - 2015,
,,2019 - 2020,
,,2020 - 2021,
,,2021 - 2022,
,,2022 - 2023,
,Baloda bazar,2011 - 2012,
,,2012 - 2013,
,,2013 - 2014,
,,2014 - 2015,
,,2015 - 2016,
,,2016 - 2017,
,,2017 - 2018,
,,2018 - 2019,
,,2019 - 2020,
,,2020 - 2021,
,,2021 - 2022,
,,2022 - 2023,
,Balrampur,2011 - 2012,
,,2012 - 2013,
,,2013 - 2014,
,,2014 - 2015,
,,2015 - 2016,
,,2016 - 2017,
,,2017 - 2018,
,,2018 - 2019,
,,2019 - 2020,
,,2020 - 2021,
,,2021 - 2022,
,,2022 - 2023,
,Bastar,2000 - 2001,
,,2001 - 2002,
,,2002 - 2003,
,,2003 - 2004,
,,2004 - 2005,
,,2005 - 2006,
,,2006 - 2007,
,,2007 - 2008,
,,2008 - 2009,
,,2009 - 2010,
,,2010 - 2011,
,,2011 - 2012,
,,2012 - 2013,
,,2013 - 2014,
,,2014 - 2015,
,,2015 - 2016,
,,2016 - 2017,
,,2017 - 2018,
,,2018 - 2019,
,,2019 - 2020,
,,2020 - 2021,
,,2021 - 2022,
,,2022 - 2023,
,Bemetara,2011 - 2012,
,,2012 - 2013,
,,2013 - 2014,
,,2014 - 2015,
,,2015 - 2016,
,,2016 - 2017,
,,2017 - 2018,
,,2018 - 2019,
,,2019 - 2020,
,,2020 - 2021,
,,2021 - 2022,
,,2022 - 2023,
,Bijapur,2006 - 2007,
,,2007 - 2008,
,,2008 - 2009,
,,2009 - 2010,
,,2010 - 2011,
,,2011 - 2012,
,,2012 - 2013,
,,2013 - 2014,
,,2014 - 2015,
,,2015 - 2016,
,,2016 - 2017,
,,2017 - 2018,
,,2018 - 2019,
,,2019 - 2020,
,,2020 - 2021,
,,2021 - 2022,
,,2022 - 2023,
,Bilaspur,2000 - 2001,
,,2001 - 2002,
,,2002 - 2003,
,,2003 - 2004,
,,2004 - 2005,
,,2005 - 2006,
,,2006 - 2007,
,,2007 - 2008,
,,2009 - 2010,
,,2010 - 2011,
,,2018 - 2019,
,,2019 - 2020,
,,2020 - 2021,
,,2021 - 2022,
,,2022 - 2023,
,Dantewada,2000 - 2001,
,,2001 - 2002,
,,2002 - 2003,
,,2003 - 2004,
,,2004 - 2005,
,,2005 - 2006,
,,2006 - 2007,
,,2007 - 2008,
,,2008 - 2009,
,,2009 - 2010,
,,2010 - 2011,
,,2011 - 2012,
,,2012 - 2013,
,,2013 - 2014,
,,2014 - 2015,
,,2015 - 2016,
,,2016 - 2017,
,,2017 - 2018,
,,2018 - 2019,
,,2019 - 2020,
,,2020 - 2021,
,,2021 - 2022,
,,2022 - 2023,
,Dhamtari,2000 - 2001,
,,2001 - 2002,
,,2002 - 2003,
,,2003 - 2004,
,,2004 - 2005,
,,2005 - 2006,
,,2006 - 2007,
,,2007 - 2008,
,,2008 - 2009,
,,2009 - 2010,
,,2015 - 2016,
,,2016 - 2017,
,,2018 - 2019,
,,2019 - 2020,
,,2020 - 2021,
,,2021 - 2022,
,,2022 - 2023,
,Durg,2000 - 2001,
,,2001 - 2002,
,,2002 - 2003,
,,2003 - 2004,
,,2004 - 2005,
,,2006 - 2007,
,,2007 - 2008,
,,2008 - 2009,
,,2010 - 2011,
,,2011 - 2012,
,,2012 - 2013,
,,2014 - 2015,
,,2019 - 2020,
,,2020 - 2021,
,,2021 - 2022,
,,2022 - 2023,
,Gariyaband,2011 - 2012,
,,2012 - 2013,
,,2013 - 2014,
,,2014 - 2015,
,,2015 - 2016,
,,2019 - 2020,
,,2020 - 2021,
,,2021 - 2022,
,,2022 - 2023,
,Gaurella-pendra-marwahi,2020 - 2021,
,Janjgir-champa,2000 - 2001,
,,2001 - 2002,
,,2002 - 2003,
,,2003 - 2004,
,,2004 - 2005,
,,2005 - 2006,
,,2006 - 2007,
,,2007 - 2008,
,,2008 - 2009,
,,2009 - 2010,
,,2010 - 2011,
,,2011 - 2012,
,,2012 - 2013,
,,2013 - 2014,
,,2014 - 2015,
,,2015 - 2016,
,,2016 - 2017,
,,2017 - 2018,
,,2018 - 2019,
,,2019 - 2020,
,,2020 - 2021,
,,2021 - 2022,
,Jashpur,2000 - 2001,
,,2001 - 2002,
,,2002 - 2003,
,,2003 - 2004,
,,2004 - 2005,
,,2005 - 2006,
,,2006 - 2007,
,,2007 - 2008,
,,2008 - 2009,
,,2009 - 2010,
,,2010 - 2011,
,,2011 - 2012,
,,2012 - 2013,
,,2013 - 2014,
,,2014 - 2015,
,,2015 - 2016,
,,2016 - 2017,
,,2017 - 2018,
,,2018 - 2019,
,,2019 - 2020,
,,2020 - 2021,
,,2021 - 2022,
,,2022 - 2023,
,Kabirdham,2003 - 2004,
,,2004 - 2005,
,,2006 - 2007,
,,2007 - 2008,
,,2014 - 2015,
,Kanker,2000 - 2001,
,,2001 - 2002,
,,2002 - 2003,
,,2003 - 2004,
,,2004 - 2005,
,,2005 - 2006,
,,2006 - 2007,
,,2007 - 2008,
,,2008 - 2009,
,,2009 - 2010,
,,2010 - 2011,
,,2011 - 2012,
,,2012 - 2013,
,,2013 - 2014,
,,2014 - 2015,
,,2015 - 2016,
,,2016 - 2017,
,,2017 - 2018,
,,2018 - 2019,
,,2019 - 2020,
,,2020 - 2021,
,,2021 - 2022,
,,2022 - 2023,
,Khairgarh chhuikhadan gandai,2022 - 2023,
,Kondagaon,2011 - 2012,
,,2012 - 2013,
,,2013 - 2014,
,,2014 - 2015,
,,2015 - 2016,
,,2016 - 2017,
,,2017 - 2018,
,,2018 - 2019,
,,2019 - 2020,
,,2020 - 2021,
,,2021 - 2022,
,,2022 - 2023,
,Korba,2000 - 2001,
,,2001 - 2002,
,,2003 - 2004,
,,2004 - 2005,
,,2005 - 2006,
,,2006 - 2007,
,,2007 - 2008,
,,2008 - 2009,
,,2009 - 2010,
,,2010 - 2011,
,,2011 - 2012,
,,2012 - 2013,
,,2013 - 2014,
,,2014 - 2015,
,,2015 - 2016,
,,2016 - 2017,
,,2017 - 2018,
,,2018 - 2019,
,,2019 - 2020,
,,2020 - 2021,
,,2021 - 2022,
,Korea,2000 - 2001,
,,2001 - 2002,
,,2002 - 2003,
,,2003 - 2004,
,,2004 - 2005,
,,2005 - 2006,
,,2006 - 2007,
,,2007 - 2008,
,,2008 - 2009,
,,2009 - 2010,
,,2010 - 2011,
,,2011 - 2012,
,,2012 - 2013,
,,2013 - 2014,
,,2014 - 2015,
,,2015 - 2016,
,,2016 - 2017,
,,2017 - 2018,
,,2018 - 2019,
,,2019 - 2020,
,,2020 - 2021,
,,2021 - 2022,
,,2022 - 2023,
,Mahasamund,2000 - 2001,
,,2001 - 2002,
,,2002 - 2003,
,,2003 - 2004,
,,2004 - 2005,
,,2005 - 2006,
,,2006 - 2007,
,,2007 - 2008,
,,2008 - 2009,
,,2010 - 2011,
,,2012 - 2013,
,,2013 - 2014,
,,2014 - 2015,
,,2015 - 2016,
,,2016 - 2017,
,,2017 - 2018,
,,2018 - 2019,
,,2019 - 2020,
,,2020 - 2021,
,,2021 - 2022,
,,2022 - 2023,
,Manendragarh chirimiri bharatpur,2022 - 2023,
,Mohla manpur ambagarh chouki,2022 - 2023,
,Mungeli,2017 - 2018,
,,2019 - 2020,
,,2020 - 2021,
,,2021 - 2022,
,Narayanpur,2006 - 2007,
,,2007 - 2008,
,,2008 - 2009,
,,2009 - 2010,
,,2010 - 2011,
,,2011 - 2012,
,,2012 - 2013,
,,2013 - 2014,
,,2014 - 2015,
,,2015 - 2016,
,,2016 - 2017,
,,2017 - 2018,
,,2018 - 2019,
,,2019 - 2020,
,,2021 - 2022,
,,2022 - 2023,
,Raigarh,2000 - 2001,
,,2001 - 2002,
,,2002 - 2003,
,,2003 - 2004,
,,2004 - 2005,
,,2005 - 2006,
,,2006 - 2007,
,,2007 - 2008,
,,2008 - 2009,
,,2009 - 2010,
,,2010 - 2011,
,,2011 - 2012,
,,2012 - 2013,
,,2013 - 2014,
,,2014 - 2015,
,,2015 - 2016,
,,2016 - 2017,
,,2017 - 2018,
,,2018 - 2019,
,,2019 - 2020,
,,2020 - 2021,
,,2021 - 2022,
,,2022 - 2023,
,Raipur,2000 - 2001,
,,2001 - 2002,
,,2002 - 2003,
,,2003 - 2004,
,,2004 - 2005,
,,2005 - 2006,
,,2006 - 2007,
,,2007 - 2008,
,,2008 - 2009,
,,2009 - 2010,
,,2010 - 2011,
,,2011 - 2012,
,,2012 - 2013,
,,2013 - 2014,
,,2014 - 2015,
,,2015 - 2016,
,,2016 - 2017,
,,2018 - 2019,
,,2019 - 2020,
,,2020 - 2021,
,,2021 - 2022,
,,2022 - 2023,
,Rajnandgaon,2000 - 2001,
,,2001 - 2002,
,,2002 - 2003,
,,2003 - 2004,
,,2004 - 2005,
,,2005 - 2006,
,,2006 - 2007,
,,2007 - 2008,
,,2008 - 2009,
,,2009 - 2010,
,,2010 - 2011,
,,2011 - 2012,
,,2012 - 2013,
,,2013 - 2014,
,,2014 - 2015,
,,2015 - 2016,
,,2017 - 2018,
,,2018 - 2019,
,,2019 - 2020,
,,2020 - 2021,
,,2021 - 2022,
,,2022 - 2023,
,Sakti,2022 - 2023,
,Sarangarh bilaigarh,2022 - 2023,
,Sukma,2011 - 2012,
,,2012 - 2013,
,,2013 - 2014,
,,2014 - 2015,
,,2015 - 2016,
,,2016 - 2017,
,,2017 - 2018,
,,2018 - 2019,
,,2019 - 2020,
,,2020 - 2021,
,,2021 - 2022,
,,2022 - 2023,
,Surajpur,2011 - 2012,
,,2012 - 2013,
,,2013 - 2014,
,,2014 - 2015,
,,2015 - 2016,
,,2016 - 2017,
,,2017 - 2018,
,,2018 - 2019,
,,2019 - 2020,
,,2020 - 2021,
,,2021 - 2022,
,,2022 - 2023,
,Surguja,2000 - 2001,
,,2001 - 2002,
,,2002 - 2003,
,,2003 - 2004,
,,2004 - 2005,
,,2005 - 2006,
,,2006 - 2007,
,,2007 - 2008,
,,2008 - 2009,
,,2009 - 2010,
,,2010 - 2011,
,,2011 - 2012,
,,2012 - 2013,
,,2013 - 2014,
,,2014 - 2015,
,,2015 - 2016,
,,2016 - 2017,
,,2017 - 2018,
,,2018 - 2019,
,,2019 - 2020,
,,2020 - 2021,
,,2021 - 2022,
,,2022 - 2023,
Haryana,Ambala,2000 - 2001,
,,2008 - 2009,
,,2010 - 2011,
,,2011 - 2012,
,,2012 - 2013,
,,2013 - 2014,
,,2014 - 2015,
,,2015 - 2016,
,,2016 - 2017,
,,2017 - 2018,
,,2018 - 2019,
,,2019 - 2020,
,Bhiwani,2016 - 2017,
,Fatehabad,2013 - 2014,
,,2014 - 2015,
,,2015 - 2016,
,,2016 - 2017,
,,2017 - 2018,
,,2018 - 2019,
,,2021 - 2022,
,Hisar,2013 - 2014,
,,2014 - 2015,
,Jind,2011 - 2012,
,,2013 - 2014,
,,2014 - 2015,
,,2015 - 2016,
,,2016 - 2017,
,,2017 - 2018,
,,2018 - 2019,
,,2019 - 2020,
,,2021 - 2022,
,Kaithal,2000 - 2001,
,,2008 - 2009,
,,2010 - 2011,
,,2011 - 2012,
,,2012 - 2013,
,,2013 - 2014,
,,2014 - 2015,
,,2015 - 2016,
,,2016 - 2017,
,,2017 - 2018,
,Karnal,2000 - 2001,
,,2008 - 2009,
,,2011 - 2012,
,,2012 - 2013,
,,2013 - 2014,
,,2014 - 2015,
,,2015 - 2016,
,,2016 - 2017,
,,2017 - 2018,
,,2018 - 2019,
,,2019 - 2020,
,,2021 - 2022,
,Kurukshetra,2000 - 2001,
,,2010 - 2011,
,,2011 - 2012,
,,2012 - 2013,
,,2013 - 2014,
,,2014 - 2015,
,,2015 - 2016,
,,2017 - 2018,
,,2018 - 2019,
,,2019 - 2020,
,,2021 - 2022,
,Palwal,2014 - 2015,
,,2015 - 2016,
,Panchkula,2000 - 2001,
,,2010 - 2011,
,,2011 - 2012,
,,2012 - 2013,
,,2013 - 2014,
,,2014 - 2015,
,,2015 - 2016,
,,2016 - 2017,
,,2017 - 2018,
,,2018 - 2019,
,,2019 - 2020,
,,2021 - 2022,
,Panipat,2000 - 2001,
,,2011 - 2012,
,,2012 - 2013,
,,2013 - 2014,
,,2014 - 2015,
,,2015 - 2016,
,,2016 - 2017,
,,2017 - 2018,
,,2018 - 2019,
,,2019 - 2020,
,,2021 - 2022,
,Sirsa,2011 - 2012,
,,2012 - 2013,
,Sonipat,2013 - 2014,
,,2014 - 2015,
,,2015 - 2016,
,,2016 - 2017,
,,2017 - 2018,
,,2018 - 2019,
,,2019 - 2020,
,Yamunanagar,2000 - 2001,
,,2008 - 2009,
,,2010 - 2011,
,,2011 - 2012,
,,2012 - 2013,
,,2013 - 2014,
,,2014 - 2015,
,,2015 - 2016,
,,2016 - 2017,
,,2017 - 2018,
,,2018 - 2019,
,,2019 - 2020,
,,2021 - 2022,
Himachal Pradesh,Bilaspur,2001 - 2002,
,,2002 - 2003,
,,2005 - 2006,0.73
,,2006 - 2007,0.73
,,2008 - 2009,0.65
,,2009 - 2010,0.56
,,2011 - 2012,0.72
,,2012 - 2013,0.72
,,2013 - 2014,0.72
,,2014 - 2015,0.72
,,2015 - 2016,0.71
,,2016 - 2017,0.76
,,2017 - 2018,0.84
,,2018 - 2019,0.84
,,2019 - 2020,0.82
,,2020 - 2021,1.62
,,2021 - 2022,1.63
,Hamirpur,2001 - 2002,
,,2002 - 2003,
,,2005 - 2006,0.42
,,2006 - 2007,0.53
,,2007 - 2008,0.52
,,2008 - 2009,0.42
,,2009 - 2010,0.58
,,2011 - 2012,0.39
,,2012 - 2013,0.53
,,2013 - 2014,0.53
,,2014 - 2015,0.53
,,2015 - 2016,0.52
,,2016 - 2017,0.43
,,2017 - 2018,0.47
,,2018 - 2019,0.51
,,2019 - 2020,0.61
,,2020 - 2021,1.63
,,2021 - 2022,1.63
,Kangra,2001 - 2002,
,,2002 - 2003,
,,2005 - 2006,0.6
,,2006 - 2007,0.45
,,2007 - 2008,0.53
,,2008 - 2009,0.53
,,2011 - 2012,0.53
,,2012 - 2013,0.53
,,2013 - 2014,0.53
,,2016 - 2017,0.69
,,2017 - 2018,0.6
,,2018 - 2019,0.58
,,2019 - 2020,0.63
,,2020 - 2021,1.63
,,2021 - 2022,1.64
,Kullu,2008 - 2009,0.38
,,2009 - 2010,0.53
,,2015 - 2016,0.53
,,2016 - 2017,0.5
,,2017 - 2018,0.5
,,2018 - 2019,0.47
,,2019 - 2020,0.58
,Mandi,2001 - 2002,
,,2002 - 2003,
,,2005 - 2006,0.56
,,2006 - 2007,0.5
,,2007 - 2008,0.5
,,2008 - 2009,0.55
,,2009 - 2010,0.64
,,2011 - 2012,0.42
,,2012 - 2013,0.42
,,2013 - 2014,0.42
,,2014 - 2015,0.42
,,2015 - 2016,0.53
,,2016 - 2017,0.53
,,2017 - 2018,0.53
,,2018 - 2019,0.53
,,2019 - 2020,0.57
,,2020 - 2021,1.63
,,2021 - 2022,1.63
,Shimla,2001 - 2002,
,,2002 - 2003,
,,2005 - 2006,0.75
,,2006 - 2007,0.54
,,2007 - 2008,0.5
,,2008 - 2009,1.0
,,2009 - 2010,0.63
,,2011 - 2012,0.72
,,2012 - 2013,0.53
,,2013 - 2014,0.53
,,2014 - 2015,0.53
,,2015 - 2016,0.57
,,2016 - 2017,1.0
,,2017 - 2018,1.0
,,2018 - 2019,1.0
,,2019 - 2020,1.0
,,2020 - 2021,1.59
,,2021 - 2022,1.6
,Sirmaur,2001 - 2002,
,,2002 - 2003,
,,2005 - 2006,0.72
,,2006 - 2007,0.53
,,2007 - 2008,0.52
,,2008 - 2009,0.53
,,2009 - 2010,0.56
,,2011 - 2012,0.53
,,2012 - 2013,0.53
,,2013 - 2014,0.53
,,2014 - 2015,0.53
,,2015 - 2016,0.53
,,2016 - 2017,0.55
,,2017 - 2018,0.7
,,2018 - 2019,0.7
,,2019 - 2020,0.81
,,2020 - 2021,1.63
,,2021 - 2022,1.62
,Solan,2001 - 2002,
,,2009 - 2010,0.5
,,2012 - 2013,0.53
,,2013 - 2014,0.53
,,2014 - 2015,0.53
,,2015 - 2016,0.5
,,2018 - 2019,1.0
,,2019 - 2020,1.0
,,2020 - 2021,1.64
,,2021 - 2022,1.64
,Una,2001 - 2002,
,,2002 - 2003,
,,2005 - 2006,0.33
,,2006 - 2007,0.25
,,2007 - 2008,0.29
,,2008 - 2009,0.33
,,2009 - 2010,0.5
,,2011 - 2012,0.33
,,2012 - 2013,0.33
,,2014 - 2015,0.33
,,2015 - 2016,0.29
,,2016 - 2017,0.33
,,2017 - 2018,0.67
,,2018 - 2019,0.57
,,2019 - 2020,0.71
,,2020 - 2021,1.61
,,2021 - 2022,1.67
Jammu and Kashmir,Jammu,2007 - 2008,1.01
,,2010 - 2011,
,,2011 - 2012,
,,2012 - 2013,
,,2013 - 2014,
,,2016 - 2017,1.0
,,2017 - 2018,1.0
,,2018 - 2019,1.0
,Kathua,2000 - 2001,
,,2005 - 2006,1.0
,,2009 - 2010,1.03
,,2010 - 2011,1.0
,,2011 - 2012,1.0
,,2012 - 2013,1.0
,,2014 - 2015,1.0
,,2015 - 2016,1.0
,,2016 - 2017,1.0
,,2017 - 2018,1.02
,,2018 - 2019,1.01
,,2019 - 2020,1.0
,,2020 - 2021,1.0
,Poonch,2012 - 2013,1.1
,Rajauri,2000 - 2001,
,Reasi,2010 - 2011,1.08
,,2011 - 2012,1.08
,,2012 - 2013,1.1
,,2014 - 2015,1.1
,,2015 - 2016,1.0
,Udhampur,2000 - 2001,
,,2005 - 2006,1.01
,,2006 - 2007,1.02
,,2007 - 2008,1.02
,,2009 - 2010,1.08
,,2010 - 2011,1.03
,,2011 - 2012,1.03
,,2012 - 2013,1.03
,,2014 - 2015,1.02
,,2016 - 2017,1.0
,,2017 - 2018,1.0
,,2018 - 2019,1.0
,,2019 - 2020,1.0
,,2020 - 2021,1.0
Karnataka,Bagalkot,2000 - 2001,
,,2001 - 2002,
,,2002 - 2003,
,,2004 - 2005,
,,2005 - 2006,
,,2006 - 2007,
,,2007 - 2008,
,,2008 - 2009,
,,2009 - 2010,
,,2010 - 2011,
,,2011 - 2012,
,,2012 - 2013,
,,2013 - 2014,
,,2014 - 2015,
,,2015 - 2016,
,,2016 - 2017,
,,2017 - 2018,
,,2018 - 2019,
,,2019 - 2020,
,,2020 - 2021,
,,2021 - 2022,
,,2022 - 2023,
,Bangalore rural,2000 - 2001,
,,2001 - 2002,
,,2002 - 2003,
,,2003 - 2004,
,,2004 - 2005,
,,2005 - 2006,
,,2006 - 2007,
,,2007 - 2008,
,,2008 - 2009,
,,2009 - 2010,
,,2011 - 2012,
,,2012 - 2013,
,,2013 - 2014,
,,2014 - 2015,
,,2015 - 2016,
,,2018 - 2019,
,,2019 - 2020,
,,2020 - 2021,
,,2021 - 2022,
,,2022 - 2023,
,Belgaum,2000 - 2001,
,,2001 - 2002,
,,2002 - 2003,
,,2003 - 2004,
,,2004 - 2005,
,,2005 - 2006,
,,2006 - 2007,
,,2007 - 2008,
,,2008 - 2009,
,,2009 - 2010,
,,2010 - 2011,
,,2011 - 2012,
,,2012 - 2013,
,,2013 - 2014,
,,2014 - 2015,
,,2015 - 2016,
,,2016 - 2017,
,,2017 - 2018,
,,2018 - 2019,
,,2019 - 2020,
,,2020 - 2021,
,,2021 - 2022,
,,2022 - 2023,
,Bellary,2000 - 2001,
,,2001 - 2002,
,,2002 - 2003,
,,2003 - 2004,
,,2004 - 2005,
,,2007 - 2008,
,,2011 - 2012,
,,2019 - 2020,
,,2020 - 2021,
,,2021 - 2022,
,,2022 - 2023,
,Bengaluru urban,2003 - 2004,
,,2016 - 2017,
,,2017 - 2018,
,,2018 - 2019,
,,2019 - 2020,
,,2020 - 2021,
,,2021 - 2022,
,,2022 - 2023,
,Bidar,2000 - 2001,
,,2001 - 2002,
,,2002 - 2003,
,,2003 - 2004,
,,2004 - 2005,
,,2005 - 2006,
,,2006 - 2007,
,,2007 - 2008,
,,2008 - 2009,
,,2009 - 2010,
,,2010 - 2011,
,,2011 - 2012,
,,2012 - 2013,
,,2013 - 2014,
,,2014 - 2015,
,,2015 - 2016,
,,2016 - 2017,
,,2017 - 2018,
,,2018 - 2019,
,,2019 - 2020,
,,2020 - 2021,
,,2021 - 2022,
,,2022 - 2023,
,Bijapur,2000 - 2001,
,,2001 - 2002,
,,2002 - 2003,
,,2003 - 2004,
,,2004 - 2005,
,,2005 - 2006,
,,2006 - 2007,
,,2007 - 2008,
,,2008 - 2009,
,,2009 - 2010,
,,2010 - 2011,
,,2011 - 2012,
,,2012 - 2013,
,,2013 - 2014,
,,2014 - 2015,
,,2015 - 2016,
,,2016 - 2017,
,,2017 - 2018,
,,2018 - 2019,
,,2019 - 2020,
,,2020 - 2021,
,,2021 - 2022,
,,2022 - 2023,
,Chamarajanagar,2000 - 2001,
,,2001 - 2002,
,,2002 - 2003,
,,2003 - 2004,
,,2004 - 2005,
,,2005 - 2006,
,,2006 - 2007,
,,2007 - 2008,
,,2008 - 2009,
,,2009 - 2010,
,,2010 - 2011,
,,2011 - 2012,
,,2012 - 2013,
,,2013 - 2014,
,,2014 - 2015,
,,2015 - 2016,
,,2016 - 2017,
,,2017 - 2018,
,,2018 - 2019,
,,2019 - 2020,
,,2020 - 2021,
,,2021 - 2022,
,,2022 - 2023,
,Chikballapur,2011 - 2012,
,,2012 - 2013,
,,2013 - 2014,
,,2018 - 2019,
,,2019 - 2020,
,,2020 - 2021,
,,2021 - 2022,
,,2022 - 2023,
,Chikmagalur,2000 - 2001,
,,2001 - 2002,
,,2002 - 2003,
,,2003 - 2004,
,,2004 - 2005,
,,2005 - 2006,
,,2006 - 2007,
,,2007 - 2008,
,,2008 - 2009,
,,2010 - 2011,
,,2011 - 2012,
,,2012 - 2013,
,,2013 - 2014,
,,2014 - 2015,
,,2015 - 2016,
,,2016 - 2017,
,,2017 - 2018,
,,2018 - 2019,
,,2019 - 2020,
,,2020 - 2021,
,,2021 - 2022,
,,2022 - 2023,
,Chitradurga,2000 - 2001,
,,2001 - 2002,
,,2002 - 2003,
,,2006 - 2007,
,,2018 - 2019,
,,2019 - 2020,
,,2020 - 2021,
,,2021 - 2022,
,,2022 - 2023,
,Dakshin kannad,2000 - 2001,
,,2001 - 2002,
,,2002 - 2003,
,,2003 - 2004,
,,2004 - 2005,
,,2005 - 2006,
,,2006 - 2007,
,,2007 - 2008,
,,2008 - 2009,
,,2009 - 2010,
,,2010 - 2011,
,,2011 - 2012,
,,2012 - 2013,
,,2013 - 2014,
,,2014 - 2015,
,,2015 - 2016,
,,2016 - 2017,
,,2017 - 2018,
,,2018 - 2019,
,,2020 - 2021,
,,2021 - 2022,
,,2022 - 2023,
,Davangere,2000 - 2001,
,,2001 - 2002,
,,2002 - 2003,
,,2003 - 2004,
,,2004 - 2005,
,,2005 - 2006,
,,2011 - 2012,
,,2012 - 2013,
,,2015 - 2016,
,,2018 - 2019,
,,2019 - 2020,
,,2020 - 2021,
,,2021 - 2022,
,Dharwad,2000 - 2001,
,,2012 - 2013,
,,2017 - 2018,
,,2018 - 2019,
,,2019 - 2020,
,,2020 - 2021,
,,2021 - 2022,
,,2022 - 2023,
,Gadag,2001 - 2002,
,,2003 - 2004,
,,2005 - 2006,
,,2011 - 2012,
,,2012 - 2013,
,,2013 - 2014,
,,2014 - 2015,
,,2018 - 2019,
,,2019 - 2020,
,,2020 - 2021,
,,2021 - 2022,
,,2022 - 2023,
,Gulbarga,2000 - 2001,
,,2001 - 2002,
,,2002 - 2003,
,,2003 - 2004,
,,2004 - 2005,
,,2005 - 2006,
,,2006 - 2007,
,,2007 - 2008,
,,2008 - 2009,
,,2009 - 2010,
,,2010 - 2011,
,,2011 - 2012,
,,2012 - 2013,
,,2013 - 2014,
,,2015 - 2016,
,,2016 - 2017,
,,2017 - 2018,
,,2018 - 2019,
,,2019 - 2020,
,,2020 - 2021,
,,2021 - 2022,
,,2022 - 2023,
,Hassan,2000 - 2001,
,,2001 - 2002,
,,2002 - 2003,
,,2003 - 2004,
,,2004 - 2005,
,,2005 - 2006,
,,2006 - 2007,
,,2007 - 2008,
,,2008 - 2009,
,,2009 - 2010,
,,2010 - 2011,
,,2011 - 2012,
,,2012 - 2013,
,,2013 - 2014,
,,2014 - 2015,
,,2015 - 2016,
,,2016 - 2017,
,,2017 - 2018,
,,2018 - 2019,
,,2019 - 2020,
,,2020 - 2021,
,,2021 - 2022,
,,2022 - 2023,
,Haveri,2000 - 2001,
,,2001 - 2002,
,,2002 - 2003,
,,2003 - 2004,
,,2004 - 2005,
,,2005 - 2006,
,,2006 - 2007,
,,2008 - 2009,
,,2009 - 2010,
,,2010 - 2011,
,,2011 - 2012,
,,2012 - 2013,
,,2014 - 2015,
,,2016 - 2017,
,,2017 - 2018,
,,2018 - 2019,
,,2019 - 2020,
,,2020 - 2021,
,,2021 - 2022,
,,2022 - 2023,
,Kodagu,2004 - 2005,
,,2005 - 2006,
,,2006 - 2007,
,,2011 - 2012,
,,2013 - 2014,
,,2018 - 2019,
,,2019 - 2020,
,,2020 - 2021,
,,2021 - 2022,
,,2022 - 2023,
,Kolar,2018 - 2019,
,,2019 - 2020,
,,2020 - 2021,
,,2021 - 2022,
,,2022 - 2023,
,Koppal,2005 - 2006,
,,2020 - 2021,
,,2021 - 2022,
,,2022 - 2023,
,Mandya,2000 - 2001,
,,2001 - 2002,
,,2002 - 2003,
,,2003 - 2004,
,,2004 - 2005,
,,2005 - 2006,
,,2006 - 2007,
,,2007 - 2008,
,,2008 - 2009,
,,2009 - 2010,
,,2010 - 2011,
,,2011 - 2012,
,,2012 - 2013,
,,2013 - 2014,
,,2014 - 2015,
,,2015 - 2016,
,,2016 - 2017,
,,2017 - 2018,
,,2018 - 2019,
,,2019 - 2020,
,,2020 - 2021,
,,2021 - 2022,
,,2022 - 2023,
,Mysore,2000 - 2001,
,,2001 - 2002,
,,2002 - 2003,
,,2003 - 2004,
,,2004 - 2005,
,,2005 - 2006,
,,2006 - 2007,
,,2007 - 2008,
,,2008 - 2009,
,,2009 - 2010,
,,2010 - 2011,
,,2011 - 2012,
,,2012 - 2013,
,,2013 - 2014,
,,2014 - 2015,
,,2015 - 2016,
,,2016 - 2017,
,,2017 - 2018,
,,2018 - 2019,
,,2019 - 2020,
,,2020 - 2021,
,,2021 - 2022,
,,2022 - 2023,
,Raichur,2001 - 2002,
,,2002 - 2003,
,,2003 - 2004,
,,2004 - 2005,
,,2005 - 2006,
,,2006 - 2007,
,,2008 - 2009,
,,2009 - 2010,
,,2011 - 2012,
,,2012 - 2013,
,,2013 - 2014,
,,2014 - 2015,
,,2018 - 2019,
,,2019 - 2020,
,,2020 - 2021,
,,2021 - 2022,
,,2022 - 2023,
,Ramanagara,2007 - 2008,
,,2008 - 2009,
,,2009 - 2010,
,,2010 - 2011,
,,2011 - 2012,
,,2012 - 2013,
,,2013 - 2014,
,,2014 - 2015,
,,2015 - 2016,
,,2016 - 2017,
,,2017 - 2018,
,,2018 - 2019,
,,2019 - 2020,
,,2020 - 2021,
,,2021 - 2022,
,,2022 - 2023,
,Shimoga,2000 - 2001,
,,2001 - 2002,
,,2002 - 2003,
,,2003 - 2004,
,,2004 - 2005,
,,2005 - 2006,
,,2006 - 2007,
,,2007 - 2008,
,,2008 - 2009,
,,2009 - 2010,
,,2010 - 2011,
,,2011 - 2012,
,,2012 - 2013,
,,2013 - 2014,
,,2014 - 2015,
,,2015 - 2016,
,,2016 - 2017,
,,2017 - 2018,
,,2018 - 2019,
,,2019 - 2020,
,,2020 - 2021,
,,2021 - 2022,
,,2022 - 2023,
,Tumkur,2000 - 2001,
,,2001 - 2002,
,,2002 - 2003,
,,2003 - 2004,
,,2004 - 2005,
,,2005 - 2006,
,,2006 - 2007,
,,2007 - 2008,
,,2008 - 2009,
,,2011 - 2012,
,,2012 - 2013,
,,2014 - 2015,
,,2015 - 2016,
,,2017 - 2018,
,,2018 - 2019,
,,2019 - 2020,
,,2020 - 2021,
,,2021 - 2022,
,,2022 - 2023,
,Udupi,2000 - 2001,
,,2001 - 2002,
,,2002 - 2003,
,,2003 - 2004,
,,2004 - 2005,
,,2005 - 2006,
,,2006 - 2007,
,,2007 - 2008,
,,2008 - 2009,
,,2009 - 2010,
,,2010 - 2011,
,,2011 - 2012,
,,2012 - 2013,
,,2013 - 2014,
,,2014 - 2015,
,,2015 - 2016,
,,2016 - 2017,
,,2017 - 2018,
,,2018 - 2019,
,,2019 - 2020,
,,2020 - 2021,
,,2021 - 2022,
,,2022 - 2023,
,Uttar kannad,2000 - 2001,
,,2001 - 2002,
,,2002 - 2003,
,,2003 - 2004,
,,2004 - 2005,
,,2005 - 2006,
,,2006 - 2007,
,,2007 - 2008,
,,2008 - 2009,
,,2009 - 2010,
,,2010 - 2011,
,,2011 - 2012,
,,2012 - 2013,
,,2013 - 2014,
,,2014 - 2015,
,,2015 - 2016,
,,2016 - 2017,
,,2017 - 2018,
,,2018 - 2019,
,,2019 - 2020,
,,2020 - 2021,
,,2021 - 2022,
,,2022 - 2023,
,Vijayanagar,2022 - 2023,
,Yadgir,2017 - 2018,
,,2018 - 2019,
,,2019 - 2020,
,,2020 - 2021,
,,2021 - 2022,
,,2022 - 2023,
Kerala,Alappuzha,2000 - 2001,
,,2001 - 2002,
,,2002 - 2003,
,,2003 - 2004,
,,2004 - 2005,
,,2005 - 2006,
,,2006 - 2007,
,,2007 - 2008,
,,2008 - 2009,
,,2009 - 2010,
,,2010 - 2011,
,,2011 - 2012,
,,2012 - 2013,
,,2013 - 2014,
,,2014 - 2015,
,,2015 - 2016,
,,2016 - 2017,
,,2017 - 2018,
,,2018 - 2019,
,,2019 - 2020,
,,2020 - 2021,
,,2021 - 2022,
,,2022 - 2023,
,Ernakulam,2000 - 2001,
,,2001 - 2002,
,,2002 - 2003,
,,2003 - 2004,
,,2004 - 2005,
,,2005 - 2006,
,,2006 - 2007,
,,2007 - 2008,
,,2008 - 2009,
,,2009 - 2010,
,,2010 - 2011,
,,2011 - 2012,
,,2012 - 2013,
,,2013 - 2014,
,,2014 - 2015,
,,2015 - 2016,
,,2016 - 2017,
,,2017 - 2018,
,,2018 - 2019,
,,2019 - 2020,
,,2020 - 2021,
,,2021 - 2022,
,,2022 - 2023,
,Idukki,2000 - 2001,
,,2001 - 2002,
,,2002 - 2003,
,,2003 - 2004,
,,2004 - 2005,
,,2005 - 2006,
,,2006 - 2007,
,,2007 - 2008,
,,2008 - 2009,
,,2009 - 2010,
,,2010 - 2011,
,,2011 - 2012,
,,2012 - 2013,
,,2013 - 2014,
,,2014 - 2015,
,,2015 - 2016,
,,2016 - 2017,
,,2017 - 2018,
,,2018 - 2019,
,,2019 - 2020,
,,2020 - 2021,
,,2021 - 2022,
,,2022 - 2023,
,Kannur,2000 - 2001,
,,2001 - 2002,
,,2002 - 2003,
,,2003 - 2004,
,,2004 - 2005,
,,2005 - 2006,
,,2006 - 2007,
,,2007 - 2008,
,,2008 - 2009,
,,2009 - 2010,
,,2010 - 2011,
,,2011 - 2012,
,,2012 - 2013,
,,2013 - 2014,
,,2014 - 2015,
,,2015 - 2016,
,,2016 - 2017,
,,2017 - 2018,
,,2018 - 2019,
,,2019 - 2020,
,,2020 - 2021,
,,2021 - 2022,
,,2022 - 2023,
,Kasaragod,2000 - 2001,
,,2001 - 2002,
,,2002 - 2003,
,,2003 - 2004,
,,2004 - 2005,
,,2005 - 2006,
,,2006 - 2007,
,,2007 - 2008,
,,2008 - 2009,
,,2009 - 2010,
,,2010 - 2011,
,,2011 - 2012,
,,2012 - 2013,
,,2013 - 2014,
,,2014 - 2015,
,,2015 - 2016,
,,2016 - 2017,
,,2017 - 2018,
,,2018 - 2019,
,,2019 - 2020,
,,2020 - 2021,
,,2021 - 2022,
,,2022 - 2023,
,Kollam,2000 - 2001,
,,2001 - 2002,
,,2002 - 2003,
,,2003 - 2004,
,,2004 - 2005,
,,2005 - 2006,
,,2006 - 2007,
,,2007 - 2008,
,,2008 - 2009,
,,2009 - 2010,
,,2010 - 2011,
,,2011 - 2012,
,,2012 - 2013,
,,2013 - 2014,
,,2014 - 2015,
,,2015 - 2016,
,,2016 - 2017,
,,2017 - 2018,
,,2018 - 2019,
,,2019 - 2020,
,,2020 - 2021,
,,2021 - 2022,
,,2022 - 2023,
,Kottayam,2000 - 2001,
,,2001 - 2002,
,,2002 - 2003,
,,2003 - 2004,
,,2004 - 2005,
,,2005 - 2006,
,,2006 - 2007,
,,2007 - 2008,
,,2008 - 2009,
,,2009 - 2010,
,,2010 - 2011,
,,2011 - 2012,
,,2012 - 2013,
,,2013 - 2014,
,,2014 - 2015,
,,2015 - 2016,
,,2016 - 2017,
,,2017 - 2018,
,,2018 - 2019,
,,2019 - 2020,
,,2020 - 2021,
,,2021 - 2022,
,,2022 - 2023,
,Kozhikode,2000 - 2001,
,,2001 - 2002,
,,2002 - 2003,
,,2003 - 2004,
,,2004 - 2005,
,,2005 - 2006,
,,2006 - 2007,
,,2007 - 2008,
,,2008 - 2009,
,,2009 - 2010,
,,2010 - 2011,
,,2011 - 2012,
,,2012 - 2013,
,,2013 - 2014,
,,2014 - 2015,
,,2015 - 2016,
,,2016 - 2017,
,,2017 - 2018,
,,2018 - 2019,
,,2019 - 2020,
,,2020 - 2021,
,,2021 - 2022,
,,2022 - 2023,
,Malappuram,2000 - 2001,
,,2001 - 2002,
,,2002 - 2003,
,,2003 - 2004,
,,2004 - 2005,
,,2005 - 2006,
,,2006 - 2007,
,,2007 - 2008,
,,2008 - 2009,
,,2009 - 2010,
,,2010 - 2011,
,,2011 - 2012,
,,2012 - 2013,
,,2013 - 2014,
,,2014 - 2015,
,,2015 - 2016,
,,2016 - 2017,
,,2017 - 2018,
,,2018 - 2019,
,,2019 - 2020,
,,2020 - 2021,
,,2021 - 2022,
,,2022 - 2023,
,Palakkad,2000 - 2001,
,,2001 - 2002,
,,2002 - 2003,
,,2003 - 2004,
,,2004 - 2005,
,,2005 - 2006,
,,2006 - 2007,
,,2007 - 2008,
,,2008 - 2009,
,,2009 - 2010,
,,2010 - 2011,
,,2011 - 2012,
,,2012 - 2013,
,,2013 - 2014,
,,2014 - 2015,
,,2015 - 2016,
,,2016 - 2017,
,,2017 - 2018,
,,2018 - 2019,
,,2019 - 2020,
,,2020 - 2021,
,,2021 - 2022,
,,2022 - 2023,
,Pathanamthitta,2000 - 2001,
,,2001 - 2002,
,,2002 - 2003,
,,2003 - 2004,
,,2004 - 2005,
,,2005 - 2006,
,,2006 - 2007,
,,2007 - 2008,
,,2008 - 2009,
,,2009 - 2010,
,,2010 - 2011,
,,2011 - 2012,
,,2012 - 2013,
,,2013 - 2014,
,,2014 - 2015,
,,2015 - 2016,
,,2016 - 2017,
,,2017 - 2018,
,,2018 - 2019,
,,2019 - 2020,
,,2020 - 2021,
,,2021 - 2022,
,,2022 - 2023,
,Thiruvananthapuram,2000 - 2001,
,,2001 - 2002,
,,2002 - 2003,
,,2003 - 2004,
,,2004 - 2005,
,,2005 - 2006,
,,2006 - 2007,
,,2007 - 2008,
,,2008 - 2009,
,,2009 - 2010,
,,2010 - 2011,
,,2011 - 2012,
,,2012 - 2013,
,,2013 - 2014,
,,2014 - 2015,
,,2015 - 2016,
,,2016 - 2017,
,,2017 - 2018,
,,2018 - 2019,
,,2019 - 2020,
,,2020 - 2021,
,,2021 - 2022,
,,2022 - 2023,
,Thrissur,2000 - 2001,
,,2001 - 2002,
,,2002 - 2003,
,,2003 - 2004,
,,2004 - 2005,
,,2005 - 2006,
,,2006 - 2007,
,,2007 - 2008,
,,2008 - 2009,
,,2009 - 2010,
,,2010 - 2011,
,,2011 - 2012,
,,2012 - 2013,
,,2013 - 2014,
,,2014 - 2015,
,,2015 - 2016,
,,2016 - 2017,
,,2017 - 2018,
,,2018 - 2019,
,,2019 - 2020,
,,2020 - 2021,
,,2021 - 2022,
,,2022 - 2023,
,Wayanad,2000 - 2001,
,,2001 - 2002,
,,2002 - 2003,
,,2003 - 2004,
,,2004 - 2005,
,,2005 - 2006,
,,2006 - 2007,
,,2007 - 2008,
,,2008 - 2009,
,,2009 - 2010,
,,2010 - 2011,
,,2011 - 2012,
,,2012 - 2013,
,,2013 - 2014,
,,2014 - 2015,
,,2015 - 2016,
,,2016 - 2017,
,,2017 - 2018,
,,2018 - 2019,
,,2019 - 2020,
,,2020 - 2021,
,,2021 - 2022,
,,2022 - 2023,
Madhya Pradesh,Agar malwa,2015 - 2016,
,,2016 - 2017,
,,2017 - 2018,
,,2018 - 2019,
,,2019 - 2020,
,Alirajpur,2008 - 2009,
,,2009 - 2010,
,,2010 - 2011,
,,2011 - 2012,
,,2012 - 2013,
,,2013 - 2014,
,,2015 - 2016,
,,2016 - 2017,
,,2017 - 2018,
,,2018 - 2019,
,,2019 - 2020,
,Anuppur,2004 - 2005,
,,2007 - 2008,
,,2008 - 2009,
,,2009 - 2010,
,,2010 - 2011,
,,2011 - 2012,
,,2012 - 2013,
,,2013 - 2014,
,,2015 - 2016,
,,2016 - 2017,
,,2017 - 2018,
,,2018 - 2019,
,,2019 - 2020,
,Ashoknagar,2015 - 2016,
,,2016 - 2017,
,,2017 - 2018,
,,2018 - 2019,
,,2019 - 2020,
,Balaghat,2000 - 2001,
,,2001 - 2002,
,,2003 - 2004,
,,2004 - 2005,
,,2006 - 2007,
,,2007 - 2008,
,,2008 - 2009,
,,2009 - 2010,
,,2010 - 2011,
,,2011 - 2012,
,,2012 - 2013,
,,2013 - 2014,
,,2015 - 2016,
,,2016 - 2017,
,,2017 - 2018,
,,2018 - 2019,
,,2019 - 2020,
,Barwani,2000 - 2001,
,,2001 - 2002,
,,2002 - 2003,
,,2003 - 2004,
,,2004 - 2005,
,,2006 - 2007,
,,2007 - 2008,
,,2008 - 2009,
,,2009 - 2010,
,,2010 - 2011,
,,2011 - 2012,
,,2012 - 2013,
,,2013 - 2014,
,,2015 - 2016,
,,2016 - 2017,
,,2017 - 2018,
,,2018 - 2019,
,,2019 - 2020,
,Betul,2000 - 2001,
,,2001 - 2002,
,,2002 - 2003,
,,2011 - 2012,
,,2012 - 2013,
,,2015 - 2016,
,,2016 - 2017,
,,2017 - 2018,
,,2018 - 2019,
,,2019 - 2020,
,Bhind,2003 - 2004,
,,2015 - 2016,
,,2016 - 2017,
,,2017 - 2018,
,,2018 - 2019,
,,2019 - 2020,
,Bhopal,2015 - 2016,
,,2016 - 2017,
,,2017 - 2018,
,,2018 - 2019,
,,2019 - 2020,
,Burhanpur,2003 - 2004,
,,2009 - 2010,
,,2010 - 2011,
,,2011 - 2012,
,,2012 - 2013,
,,2013 - 2014,
,,2015 - 2016,
,,2016 - 2017,
,,2017 - 2018,
,,2018 - 2019,
,,2019 - 2020,
,Chhatarpur,2000 - 2001,
,,2001 - 2002,
,,2003 - 2004,
,,2004 - 2005,
,,2006 - 2007,
,,2007 - 2008,
,,2008 - 2009,
,,2009 - 2010,
,,2010 - 2011,
,,2011 - 2012,
,,2012 - 2013,
,,2013 - 2014,
,,2015 - 2016,
,,2016 - 2017,
,,2017 - 2018,
,,2018 - 2019,
,,2019 - 2020,
,Chhindwara,2000 - 2001,
,,2001 - 2002,
,,2002 - 2003,
,,2003 - 2004,
,,2004 - 2005,
,,2006 - 2007,
,,2007 - 2008,
,,2008 - 2009,
,,2009 - 2010,
,,2010 - 2011,
,,2011 - 2012,
,,2012 - 2013,
,,2013 - 2014,
,,2015 - 2016,
,,2016 - 2017,
,,2017 - 2018,
,,2018 - 2019,
,,2019 - 2020,
,Damoh,2000 - 2001,
,,2001 - 2002,
,,2003 - 2004,
,,2004 - 2005,
,,2006 - 2007,
,,2007 - 2008,
,,2008 - 2009,
,,2009 - 2010,
,,2010 - 2011,
,,2011 - 2012,
,,2012 - 2013,
,,2013 - 2014,
,,2015 - 2016,
,,2016 - 2017,
,,2017 - 2018,
,,2018 - 2019,
,,2019 - 2020,
,Datia,2002 - 2003,
,,2004 - 2005,
,,2013 - 2014,
,,2015 - 2016,
,,2016 - 2017,
,,2017 - 2018,
,,2018 - 2019,
,,2019 - 2020,
,Dewas,2002 - 2003,
,,2010 - 2011,
,,2011 - 2012,
,,2012 - 2013,
,,2013 - 2014,
,,2015 - 2016,
,,2016 - 2017,
,,2017 - 2018,
,,2018 - 2019,
,,2019 - 2020,
,Dhar,2000 - 2001,
,,2001 - 2002,
,,2002 - 2003,
,,2003 - 2004,
,,2004 - 2005,
,,2006 - 2007,
,,2007 - 2008,
,,2008 - 2009,
,,2009 - 2010,
,,2010 - 2011,
,,2011 - 2012,
,,2012 - 2013,
,,2013 - 2014,
,,2015 - 2016,
,,2016 - 2017,
,,2017 - 2018,
,,2018 - 2019,
,,2019 - 2020,
,Dindori,2015 - 2016,
,,2016 - 2017,
,,2017 - 2018,
,,2018 - 2019,
,,2019 - 2020,
,Guna,2015 - 2016,
,,2016 - 2017,
,,2017 - 2018,
,,2018 - 2019,
,,2019 - 2020,
,Gwalior,2015 - 2016,
,,2016 - 2017,
,,2017 - 2018,
,,2018 - 2019,
,,2019 - 2020,
,Harda,2001 - 2002,
,,2002 - 2003,
,,2003 - 2004,
,,2004 - 2005,
,,2009 - 2010,
,,2010 - 2011,
,,2011 - 2012,
,,2012 - 2013,
,,2013 - 2014,
,,2015 - 2016,
,,2016 - 2017,
,,2017 - 2018,
,,2018 - 2019,
,,2019 - 2020,
,Hoshangabad,2000 - 2001,
,,2001 - 2002,
,,2002 - 2003,
,,2003 - 2004,
,,2004 - 2005,
,,2006 - 2007,
,,2007 - 2008,
,,2008 - 2009,
,,2009 - 2010,
,,2010 - 2011,
,,2011 - 2012,
,,2012 - 2013,
,,2013 - 2014,
,,2015 - 2016,
,,2016 - 2017,
,,2017 - 2018,
,,2018 - 2019,
,,2019 - 2020,
,Indore,2000 - 2001,
,,2001 - 2002,
,,2002 - 2003,
,,2003 - 2004,
,,2004 - 2005,
,,2008 - 2009,
,,2010 - 2011,
,,2012 - 2013,
,,2017 - 2018,
,,2018 - 2019,
,,2019 - 2020,
,Jabalpur,2001 - 2002,
,,2003 - 2004,
,,2004 - 2005,
,,2006 - 2007,
,,2007 - 2008,
,,2009 - 2010,
,,2010 - 2011,
,,2011 - 2012,
,,2012 - 2013,
,,2013 - 2014,
,,2015 - 2016,
,,2016 - 2017,
,,2017 - 2018,
,,2018 - 2019,
,,2019 - 2020,
,Jhabua,2001 - 2002,
,,2002 - 2003,
,,2003 - 2004,
,,2004 - 2005,
,,2006 - 2007,
,,2007 - 2008,
,,2008 - 2009,
,,2009 - 2010,
,,2010 - 2011,
,,2011 - 2012,
,,2012 - 2013,
,,2013 - 2014,
,,2015 - 2016,
,,2016 - 2017,
,,2017 - 2018,
,,2018 - 2019,
,,2019 - 2020,
,Katni,2000 - 2001,
,,2001 - 2002,
,,2003 - 2004,
,,2004 - 2005,
,,2006 - 2007,
,,2007 - 2008,
,,2008 - 2009,
,,2009 - 2010,
,,2010 - 2011,
,,2011 - 2012,
,,2012 - 2013,
,,2013 - 2014,
,,2015 - 2016,
,,2016 - 2017,
,,2017 - 2018,
,,2018 - 2019,
,,2019 - 2020,
,Khandwa,2000 - 2001,
,,2001 - 2002,
,,2002 - 2003,
,,2003 - 2004,
,,2004 - 2005,
,,2006 - 2007,
,,2007 - 2008,
,,2008 - 2009,
,,2009 - 2010,
,,2010 - 2011,
,,2011 - 2012,
,,2012 - 2013,
,,2013 - 2014,
,,2015 - 2016,
,,2016 - 2017,
,,2017 - 2018,
,,2018 - 2019,
,,2019 - 2020,
,Khargone,2000 - 2001,
,,2001 - 2002,
,,2002 - 2003,
,,2003 - 2004,
,,2004 - 2005,
,,2006 - 2007,
,,2007 - 2008,
,,2008 - 2009,
,,2009 - 2010,
,,2010 - 2011,
,,2011 - 2012,
,,2012 - 2013,
,,2013 - 2014,
,,2015 - 2016,
,,2016 - 2017,
,,2017 - 2018,
,,2018 - 2019,
,,2019 - 2020,
,Mandla,2000 - 2001,
,,2001 - 2002,
,,2003 - 2004,
,,2004 - 2005,
,,2006 - 2007,
,,2007 - 2008,
,,2008 - 2009,
,,2009 - 2010,
,,2010 - 2011,
,,2011 - 2012,
,,2012 - 2013,
,,2013 - 2014,
,,2015 - 2016,
,,2016 - 2017,
,,2017 - 2018,
,,2018 - 2019,
,,2019 - 2020,
,Mandsaur,2002 - 2003,
,,2007 - 2008,
,,2008 - 2009,
,,2011 - 2012,
,,2012 - 2013,
,Narsinghpur,2000 - 2001,
,,2001 - 2002,
,,2003 - 2004,
,,2004 - 2005,
,,2006 - 2007,
,,2007 - 2008,
,,2008 - 2009,
,,2009 - 2010,
,,2010 - 2011,
,,2011 - 2012,
,,2012 - 2013,
,,2013 - 2014,
,,2015 - 2016,
,,2016 - 2017,
,,2017 - 2018,
,,2018 - 2019,
,,2019 - 2020,
,Neemuch,2001 - 2002,
,,2003 - 2004,
,,2004 - 2005,
,,2006 - 2007,
,,2007 - 2008,
,,2008 - 2009,
,,2009 - 2010,
,,2010 - 2011,
,,2011 - 2012,
,,2012 - 2013,
,,2013 - 2014,
,,2017 - 2018,
,,2018 - 2019,
,,2019 - 2020,
,Panna,2000 - 2001,
,,2004 - 2005,
,,2006 - 2007,
,,2007 - 2008,
,,2015 - 2016,
,,2016 - 2017,
,,2017 - 2018,
,,2018 - 2019,
,,2019 - 2020,
,Raisen,2000 - 2001,
,,2003 - 2004,
,,2006 - 2007,
,,2007 - 2008,
,,2012 - 2013,
,,2013 - 2014,
,,2015 - 2016,
,,2016 - 2017,
,,2017 - 2018,
,,2018 - 2019,
,,2019 - 2020,
,Rajgarh,2003 - 2004,
,,2004 - 2005,
,Ratlam,2000 - 2001,
,,2002 - 2003,
,,2003 - 2004,
,,2004 - 2005,
,,2006 - 2007,
,,2007 - 2008,
,,2008 - 2009,
,,2009 - 2010,
,,2010 - 2011,
,,2011 - 2012,
,,2012 - 2013,
,,2013 - 2014,
,,2015 - 2016,
,,2016 - 2017,
,,2017 - 2018,
,,2018 - 2019,
,,2019 - 2020,
,Rewa,2000 - 2001,
,,2001 - 2002,
,,2003 - 2004,
,,2004 - 2005,
,,2006 - 2007,
,,2007 - 2008,
,,2008 - 2009,
,,2009 - 2010,
,,2010 - 2011,
,,2011 - 2012,
,,2012 - 2013,
,,2013 - 2014,
,,2015 - 2016,
,,2016 - 2017,
,,2017 - 2018,
,,2018 - 2019,
,,2019 - 2020,
,Sagar,2000 - 2001,
,,2001 - 2002,
,,2003 - 2004,
,,2004 - 2005,
,,2006 - 2007,
,,2007 - 2008,
,,2008 - 2009,
,,2009 - 2010,
,,2010 - 2011,
,,2011 - 2012,
,,2012 - 2013,
,,2013 - 2014,
,,2015 - 2016,
,,2016 - 2017,
,,2017 - 2018,
,,2018 - 2019,
,,2019 - 2020,
,Satna,2000 - 2001,
,,2001 - 2002,
,,2003 - 2004,
,,2004 - 2005,
,,2006 - 2007,
,,2007 - 2008,
,,2008 - 2009,
,,2009 - 2010,
,,2010 - 2011,
,,2011 - 2012,
,,2012 - 2013,
,,2013 - 2014,
,,2015 - 2016,
,,2016 - 2017,
,,2017 - 2018,
,,2018 - 2019,
,,2019 - 2020,
,Sehore,2000 - 2001,
,,2002 - 2003,
,,2015 - 2016,
,,2016 - 2017,
,,2017 - 2018,
,,2018 - 2019,
,,2019 - 2020,
,Seoni,2000 - 2001,
,,2001 - 2002,
,,2002 - 2003,
,,2003 - 2004,
,,2004 - 2005,
,,2006 - 2007,
,,2007 - 2008,
,,2008 - 2009,
,,2009 - 2010,
,,2010 - 2011,
,,2011 - 2012,
,,2012 - 2013,
,,2013 - 2014,
,,2015 - 2016,
,,2016 - 2017,
,,2017 - 2018,
,,2018 - 2019,
,,2019 - 2020,
,Shahdol,2000 - 2001,
,,2001 - 2002,
,,2003 - 2004,
,,2004 - 2005,
,,2006 - 2007,
,,2007 - 2008,
,,2008 - 2009,
,,2009 - 2010,
,,2010 - 2011,
,,2011 - 2012,
,,2012 - 2013,
,,2013 - 2014,
,,2015 - 2016,
,,2016 - 2017,
,,2017 - 2018,
,,2018 - 2019,
,,2019 - 2020,
,Shajapur,2002 - 2003,
,,2006 - 2007,
,,2009 - 2010,
,,2015 - 2016,
,,2016 - 2017,
,,2017 - 2018,
,,2018 - 2019,
,,2019 - 2020,
,Sheopur,2002 - 2003,
,,2015 - 2016,
,,2016 - 2017,
,,2017 - 2018,
,,2018 - 2019,
,,2019 - 2020,
,Shivpuri,2000 - 2001,
,,2001 - 2002,
,,2003 - 2004,
,,2004 - 2005,
,,2006 - 2007,
,,2008 - 2009,
,,2009 - 2010,
,,2012 - 2013,
,,2015 - 2016,
,,2016 - 2017,
,,2017 - 2018,
,,2018 - 2019,
,,2019 - 2020,
,Sidhi,2000 - 2001,
,,2001 - 2002,
,,2002 - 2003,
,,2003 - 2004,
,,2004 - 2005,
,,2006 - 2007,
,,2007 - 2008,
,,2008 - 2009,
,,2009 - 2010,
,,2010 - 2011,
,,2011 - 2012,
,,2012 - 2013,
,,2013 - 2014,
,,2015 - 2016,
,,2016 - 2017,
,,2017 - 2018,
,,2018 - 2019,
,,2019 - 2020,
,Singrauli,2008 - 2009,
,,2009 - 2010,
,,2010 - 2011,
,,2011 - 2012,
,,2012 - 2013,
,,2013 - 2014,
,,2015 - 2016,
,,2016 - 2017,
,,2017 - 2018,
,,2018 - 2019,
,,2019 - 2020,
,Tikamgarh,2000 - 2001,
,,2001 - 2002,
,,2003 - 2004,
,,2004 - 2005,
,,2006 - 2007,
,,2007 - 2008,
,,2008 - 2009,
,,2009 - 2010,
,,2010 - 2011,
,,2011 - 2012,
,,2012 - 2013,
,,2013 - 2014,
,,2015 - 2016,
,,2016 - 2017,
,,2017 - 2018,
,,2018 - 2019,
,,2019 - 2020,
,Ujjain,2002 - 2003,
,,2003 - 2004,
,,2004 - 2005,
,,2006 - 2007,
,,2007 - 2008,
,,2012 - 2013,
,,2013 - 2014,
,,2015 - 2016,
,,2016 - 2017,
,,2017 - 2018,
,,2018 - 2019,
,,2019 - 2020,
,Umaria,2000 - 2001,
,,2001 - 2002,
,,2003 - 2004,
,,2004 - 2005,
,,2006 - 2007,
,,2007 - 2008,
,,2008 - 2009,
,,2009 - 2010,
,,2010 - 2011,
,,2011 - 2012,
,,2012 - 2013,
,,2013 - 2014,
,,2015 - 2016,
,,2016 - 2017,
,,2017 - 2018,
,,2018 - 2019,
,,2019 - 2020,
,Vidisha,2001 - 2002,
,,2010 - 2011,
,,2015 - 2016,
,,2016 - 2017,
,,2017 - 2018,
,,2018 - 2019,
,,2019 - 2020,
Manipur,Bishnupur,2002 - 2003,
,,2003 - 2004,
,,2004 - 2005,
,,2005 - 2006,
,,2006 - 2007,
,,2007 - 2008,
,,2008 - 2009,
,,2009 - 2010,
,,2010 - 2011,
,,2011 - 2012,
,,2012 - 2013,
,,2013 - 2014,
,,2014 - 2015,
,,2015 - 2016,
,,2016 - 2017,
,,2017 - 2018,
,,2018 - 2019,
,Chandel,2002 - 2003,
,,2003 - 2004,
,,2006 - 2007,
,,2008 - 2009,
,,2009 - 2010,
,,2010 - 2011,
,,2011 - 2012,
,,2012 - 2013,
,,2013 - 2014,
,,2014 - 2015,
,,2015 - 2016,
,,2016 - 2017,
,,2017 - 2018,
,,2018 - 2019,
,Churachandpur,2002 - 2003,
,,2008 - 2009,
,,2009 - 2010,
,,2010 - 2011,
,,2011 - 2012,
,,2012 - 2013,
,,2013 - 2014,
,,2014 - 2015,
,,2015 - 2016,
,,2016 - 2017,
,,2017 - 2018,
,,2018 - 2019,
,Imphal east,2003 - 2004,
,,2004 - 2005,
,,2005 - 2006,
,,2008 - 2009,
,,2009 - 2010,
,,2010 - 2011,
,,2011 - 2012,
,,2012 - 2013,
,,2013 - 2014,
,,2014 - 2015,
,,2015 - 2016,
,,2016 - 2017,
,Imphal west,2002 - 2003,
,,2005 - 2006,
,,2007 - 2008,
,,2008 - 2009,
,,2009 - 2010,
,,2010 - 2011,
,,2011 - 2012,
,,2012 - 2013,
,,2013 - 2014,
,,2014 - 2015,
,,2015 - 2016,
,,2016 - 2017,
,,2017 - 2018,
,,2018 - 2019,
,Senapati,2005 - 2006,
,,2006 - 2007,
,,2007 - 2008,
,,2008 - 2009,
,,2009 - 2010,
,,2010 - 2011,
,,2011 - 2012,
,,2012 - 2013,
,,2013 - 2014,
,,2014 - 2015,
,,2015 - 2016,
,,2016 - 2017,
,,2017 - 2018,
,,2018 - 2019,
,Tamenglong,2008 - 2009,
,,2009 - 2010,
,,2010 - 2011,
,,2011 - 2012,
,,2012 - 2013,
,,2013 - 2014,
,,2014 - 2015,
,,2015 - 2016,
,,2016 - 2017,
,,2017 - 2018,
,,2018 - 2019,
,Thoubal,2002 - 2003,
,,2003 - 2004,
,,2004 - 2005,
,,2008 - 2009,
,,2009 - 2010,
,,2010 - 2011,
,,2011 - 2012,
,,2012 - 2013,
,,2013 - 2014,
,,2014 - 2015,
,,2015 - 2016,
,,2016 - 2017,
,,2017 - 2018,
,,2018 - 2019,
,Ukhrul,2002 - 2003,
,,2003 - 2004,
,,2004 - 2005,
,,2006 - 2007,
,,2007 - 2008,
,,2008 - 2009,
,,2009 - 2010,
,,2010 - 2011,
,,2011 - 2012,
,,2012 - 2013,
,,2013 - 2014,
,,2014 - 2015,
,,2015 - 2016,
,,2016 - 2017,
,,2017 - 2018,
,,2018 - 2019,
Meghalaya,East garo hills,2000 - 2001,
,,2001 - 2002,
,,2002 - 2003,
,,2003 - 2004,
,,2004 - 2005,
,,2005 - 2006,
,,2006 - 2007,
,,2008 - 2009,
,,2010 - 2011,
,,2011 - 2012,
,,2012 - 2013,
,,2013 - 2014,
,,2014 - 2015,
,,2015 - 2016,
,,2016 - 2017,
,,2017 - 2018,
,,2018 - 2019,
,,2019 - 2020,
,,2020 - 2021,
,,2022 - 2023,
,East jaintia hills,2000 - 2001,
,,2001 - 2002,
,,2002 - 2003,
,,2003 - 2004,
,,2004 - 2005,
,,2005 - 2006,
,,2006 - 2007,
,,2008 - 2009,
,,2010 - 2011,
,,2011 - 2012,
,,2012 - 2013,
,,2013 - 2014,
,,2014 - 2015,
,,2015 - 2016,
,,2016 - 2017,
,,2017 - 2018,
,,2018 - 2019,
,,2019 - 2020,
,,2020 - 2021,
,,2022 - 2023,
,East khasi hills,2000 - 2001,
,,2001 - 2002,
,,2002 - 2003,
,,2003 - 2004,
,,2004 - 2005,
,,2005 - 2006,
,,2006 - 2007,
,,2008 - 2009,
,,2010 - 2011,
,,2011 - 2012,
,,2012 - 2013,
,,2013 - 2014,
,,2014 - 2015,
,,2015 - 2016,
,,2016 - 2017,
,,2017 - 2018,
,,2018 - 2019,
,,2019 - 2020,
,,2020 - 2021,
,,2022 - 2023,
,North garo hills,2013 - 2014,
,,2014 - 2015,
,,2015 - 2016,
,,2016 - 2017,
,,2017 - 2018,
,,2018 - 2019,
,,2019 - 2020,
,,2020 - 2021,
,,2022 - 2023,
,Ri bhoi,2000 - 2001,
,,2001 - 2002,
,,2002 - 2003,
,,2003 - 2004,
,,2004 - 2005,
,,2005 - 2006,
,,2006 - 2007,
,,2008 - 2009,
,,2010 - 2011,
,,2011 - 2012,
,,2012 - 2013,
,,2013 - 2014,
,,2014 - 2015,
,,2015 - 2016,
,,2016 - 2017,
,,2017 - 2018,
,,2018 - 2019,
,,2019 - 2020,
,,2020 - 2021,
,,2022 - 2023,
,South garo hills,2000 - 2001,
,,2001 - 2002,
,,2002 - 2003,
,,2003 - 2004,
,,2004 - 2005,
,,2005 - 2006,
,,2006 - 2007,
,,2008 - 2009,
,,2010 - 2011,
,,2011 - 2012,
,,2012 - 2013,
,,2013 - 2014,
,,2014 - 2015,
,,2015 - 2016,
,,2016 - 2017,
,,2017 - 2018,
,,2018 - 2019,
,,2019 - 2020,
,,2020 - 2021,
,,2022 - 2023,
,South west garo hills,2013 - 2014,
,,2014 - 2015,
,,2015 - 2016,
,,2016 - 2017,
,,2017 - 2018,
,,2018 - 2019,
,,2019 - 2020,
,,2020 - 2021,
,,2022 - 2023,
,South west khasi hills,2013 - 2014,
,,2014 - 2015,
,,2015 - 2016,
,,2016 - 2017,
,,2017 - 2018,
,,2018 - 2019,
,,2019 - 2020,
,,2020 - 2021,
,,2022 - 2023,
,West garo hills,2000 - 2001,
,,2001 - 2002,
,,2002 - 2003,
,,2003 - 2004,
,,2004 - 2005,
,,2005 - 2006,
,,2006 - 2007,
,,2008 - 2009,
,,2010 - 2011,
,,2011 - 2012,
,,2012 - 2013,
,,2013 - 2014,
,,2014 - 2015,
,,2015 - 2016,
,,2016 - 2017,
,,2017 - 2018,
,,2018 - 2019,
,,2019 - 2020,
,,2020 - 2021,
,,2022 - 2023,
,West jaintia hills,2013 - 2014,
,,2014 - 2015,
,,2015 - 2016,
,,2016 - 2017,
,,2017 - 2018,
,,2018 - 2019,
,,2019 - 2020,
,,2020 - 2021,
,,2022 - 2023,
,West khasi hills,2000 - 2001,
,,2001 - 2002,
,,2002 - 2003,
,,2003 - 2004,
,,2004 - 2005,
,,2005 - 2006,
,,2006 - 2007,
,,2008 - 2009,
,,2010 - 2011,
,,2011 - 2012,
,,2012 - 2013,
,,2013 - 2014,
,,2014 - 2015,
,,2015 - 2016,
,,2016 - 2017,
,,2017 - 2018,
,,2018 - 2019,
,,2019 - 2020,
,,2020 - 2021,
,,2022 - 2023,
Nagaland,Dimapur,2007 - 2008,4.25
,,2008 - 2009,4.56
,Kiphire,2008 - 2009,3.83
,Kohima,2007 - 2008,5.0
,,2008 - 2009,4.5
,Longleng,2008 - 2009,4.6
,Mokokchung,2007 - 2008,4.5
,,2008 - 2009,4.0
,Mon,2008 - 2009,4.95
,Peren,2008 - 2009,4.5
,Phek,2008 - 2009,4.33
,Tuensang,2008 - 2009,4.0
,Wokha,2007 - 2008,4.5
,,2008 - 2009,4.17
,Zunheboto,2008 - 2009,4.0
Odisha,Anugul,2000 - 2001,
,,2001 - 2002,
,,2002 - 2003,
,,2003 - 2004,
,,2004 - 2005,
,,2019 - 2020,2.53
,Balangir,2001 - 2002,
,,2002 - 2003,
,,2003 - 2004,
,,2004 - 2005,
,,2019 - 2020,2.0
,Baleshwar,2000 - 2001,
,,2001 - 2002,
,,2002 - 2003,
,,2003 - 2004,
,,2004 - 2005,
,,2019 - 2020,1.96
,Bargarh,2000 - 2001,
,,2001 - 2002,
,,2002 - 2003,
,,2003 - 2004,
,,2004 - 2005,
,,2019 - 2020,1.5
,Bhadrak,2000 - 2001,
,,2001 - 2002,
,,2002 - 2003,
,,2003 - 2004,
,,2004 - 2005,
,,2019 - 2020,1.36
,Boudh,2001 - 2002,
,,2002 - 2003,
,,2003 - 2004,
,,2004 - 2005,
,,2019 - 2020,2.55
,Cuttack,2000 - 2001,
,,2001 - 2002,
,,2002 - 2003,
,,2003 - 2004,
,,2004 - 2005,
,,2019 - 2020,1.47
,Deogarh,2000 - 2001,
,,2001 - 2002,
,,2002 - 2003,
,,2003 - 2004,
,,2004 - 2005,
,,2019 - 2020,3.29
,Dhenkanal,2000 - 2001,
,,2001 - 2002,
,,2002 - 2003,
,,2003 - 2004,
,,2004 - 2005,
,,2019 - 2020,3.0
,Gajapati,2000 - 2001,
,,2001 - 2002,
,,2002 - 2003,
,,2003 - 2004,
,,2004 - 2005,
,,2019 - 2020,2.9
,Ganjam,2000 - 2001,
,,2001 - 2002,
,,2002 - 2003,
,,2003 - 2004,
,,2004 - 2005,
,,2019 - 2020,2.0
,Jagatsinghapur,2000 - 2001,
,,2001 - 2002,
,,2002 - 2003,
,,2003 - 2004,
,,2004 - 2005,
,,2019 - 2020,1.87
,Jajapur,2000 - 2001,
,,2001 - 2002,
,,2002 - 2003,
,,2003 - 2004,
,,2004 - 2005,
,Jharsuguda,2000 - 2001,
,,2001 - 2002,
,,2002 - 2003,
,,2003 - 2004,
,,2004 - 2005,
,,2019 - 2020,3.17
,Kalahandi,2000 - 2001,
,,2001 - 2002,
,,2002 - 2003,
,,2003 - 2004,
,,2004 - 2005,
,,2019 - 2020,1.94
,Kandhamal,2000 - 2001,
,,2001 - 2002,
,,2002 - 2003,
,,2003 - 2004,
,,2004 - 2005,
,,2019 - 2020,1.67
,Kendrapara,2001 - 2002,
,,2002 - 2003,
,,2003 - 2004,
,,2004 - 2005,
,,2019 - 2020,1.5
,Kendujhar,2000 - 2001,
,,2001 - 2002,
,,2002 - 2003,
,,2003 - 2004,
,,2004 - 2005,
,,2019 - 2020,2.0
,Khordha,2000 - 2001,
,,2001 - 2002,
,,2002 - 2003,
,,2003 - 2004,
,,2004 - 2005,
,,2019 - 2020,2.55
,Koraput,2000 - 2001,
,,2001 - 2002,
,,2002 - 2003,
,,2003 - 2004,
,,2004 - 2005,
,,2019 - 2020,2.61
,Malkangiri,2000 - 2001,
,,2001 - 2002,
,,2002 - 2003,
,,2003 - 2004,
,,2004 - 2005,
,,2019 - 2020,2.29
,Mayurbhanj,2000 - 2001,
,,2001 - 2002,
,,2002 - 2003,
,,2003 - 2004,
,,2004 - 2005,
,,2019 - 2020,2.81
,Nabarangpur,2000 - 2001,
,,2001 - 2002,
,,2002 - 2003,
,,2003 - 2004,
,,2004 - 2005,
,,2019 - 2020,1.82
,Nayagarh,2000 - 2001,
,,2001 - 2002,
,,2002 - 2003,
,,2003 - 2004,
,,2004 - 2005,
,,2019 - 2020,2.19
,Nuapada,2000 - 2001,
,,2001 - 2002,
,,2002 - 2003,
,,2003 - 2004,
,,2004 - 2005,
,,2019 - 2020,1.25
,Puri,2000 - 2001,
,,2001 - 2002,
,,2002 - 2003,
,,2003 - 2004,
,,2004 - 2005,
,,2019 - 2020,3.0
,Rayagada,2000 - 2001,
,,2001 - 2002,
,,2002 - 2003,
,,2003 - 2004,
,,2004 - 2005,
,,2019 - 2020,2.98
,Sambalpur,2000 - 2001,
,,2001 - 2002,
,,2002 - 2003,
,,2003 - 2004,
,,2004 - 2005,
,,2019 - 2020,2.75
,Sonepur,2001 - 2002,
,,2003 - 2004,
,,2004 - 2005,
,,2019 - 2020,3.0
,Sundargarh,2000 - 2001,
,,2001 - 2002,
,,2002 - 2003,
,,2003 - 2004,
,,2004 - 2005,
,,2019 - 2020,2.0
Puducherry,Pondicherry,2007 - 2008,
,,2008 - 2009,
,,2009 - 2010,0.0
,,2010 - 2011,1.5
,,2011 - 2012,1.5
,,2012 - 2013,
,,2013 - 2014,
,,2014 - 2015,
,,2015 - 2016,2.0
,,2016 - 2017,3.0
,,2017 - 2018,3.0
,,2018 - 2019,2.5
,,2019 - 2020,15.0
,,2020 - 2021,25.0
,,2021 - 2022,2.54
,,2022 - 2023,6.33
Rajasthan,Alwar,2020 - 2021,
,,2021 - 2022,
,Baran,2005 - 2006,
,,2006 - 2007,
,,2010 - 2011,
,,2011 - 2012,
,,2012 - 2013,
,,2016 - 2017,
,,2017 - 2018,
,,2019 - 2020,
,,2020 - 2021,
,,2021 - 2022,
,,2022 - 2023,
,Bharatpur,2018 - 2019,
,Bhilwara,2000 - 2001,
,,2001 - 2002,
,,2002 - 2003,
,,2003 - 2004,
,,2004 - 2005,
,,2006 - 2007,
,,2007 - 2008,
,,2011 - 2012,
,,2013 - 2014,
,,2014 - 2015,
,,2015 - 2016,
,,2016 - 2017,
,,2017 - 2018,
,,2019 - 2020,
,,2020 - 2021,
,,2021 - 2022,
,,2022 - 2023,
,Bikaner,2021 - 2022,
,,2022 - 2023,
,Bundi,2000 - 2001,
,,2001 - 2002,
,,2002 - 2003,
,,2003 - 2004,
,,2004 - 2005,
,,2005 - 2006,
,,2006 - 2007,
,,2007 - 2008,
,,2008 - 2009,
,,2009 - 2010,
,,2010 - 2011,
,,2011 - 2012,
,,2012 - 2013,
,,2013 - 2014,
,,2014 - 2015,
,,2015 - 2016,
,,2016 - 2017,
,,2017 - 2018,
,,2018 - 2019,
,,2019 - 2020,
,,2020 - 2021,
,,2021 - 2022,
,,2022 - 2023,
,Chittorgarh,2000 - 2001,
,,2001 - 2002,
,,2002 - 2003,
,,2003 - 2004,
,,2004 - 2005,
,,2005 - 2006,
,,2006 - 2007,
,,2007 - 2008,
,,2008 - 2009,
,,2010 - 2011,
,,2011 - 2012,
,,2012 - 2013,
,,2013 - 2014,
,,2014 - 2015,
,,2015 - 2016,
,,2016 - 2017,
,,2017 - 2018,
,,2020 - 2021,
,,2021 - 2022,
,,2022 - 2023,
,Dholpur,2012 - 2013,
,Dungarpur,2014 - 2015,
,,2015 - 2016,
,,2017 - 2018,
,,2019 - 2020,
,,2021 - 2022,
,,2022 - 2023,
,Ganganagar,2002 - 2003,
,,2022 - 2023,
,Jhalawar,2012 - 2013,
,,2021 - 2022,
,Karauli,2001 - 2002,
,,2003 - 2004,
,,2004 - 2005,
,Kota,2000 - 2001,
,,2001 - 2002,
,,2002 - 2003,
,,2003 - 2004,
,,2006 - 2007,
,,2007 - 2008,
,,2011 - 2012,
,,2012 - 2013,
,,2013 - 2014,
,Nagaur,2021 - 2022,
,Pratapgarh,2014 - 2015,
,Rajsamand,2000 - 2001,
,,2007 - 2008,
,,2009 - 2010,
,Sawai madhopur,2007 - 2008,
,,2009 - 2010,
,,2019 - 2020,
,Sirohi,2016 - 2017,
,Tonk,2001 - 2002,
,,2002 - 2003,
,,2004 - 2005,
,,2005 - 2006,
,,2009 - 2010,
,,2016 - 2017,
,,2017 - 2018,
,,2022 - 2023,
,Udaipur,2000 - 2001,
,,2001 - 2002,
,,2002 - 2003,
,,2003 - 2004,
,,2004 - 2005,
,,2005 - 2006,
,,2006 - 2007,
,,2007 - 2008,
,,2008 - 2009,
,,2009 - 2010,
,,2010 - 2011,
,,2011 - 2012,
,,2012 - 2013,
,,2013 - 2014,
,,2014 - 2015,
,,2015 - 2016,
,,2016 - 2017,
,,2017 - 2018,
,,2018 - 2019,
,,2019 - 2020,
,,2020 - 2021,
,,2021 - 2022,
,,2022 - 2023,
Tamil Nadu,Ariyalur,2008 - 2009,
,,2009 - 2010,
,,2011 - 2012,
,,2013 - 2014,
,,2014 - 2015,
,,2015 - 2016,
,,2016 - 2017,
,,2017 - 2018,
,,2018 - 2019,
,,2019 - 2020,
,,2020 - 2021,
,,2021 - 2022,
,,2022 - 2023,
,Chengalpattu,2020 - 2021,
,,2022 - 2023,
,Coimbatore,2000 - 2001,
,,2002 - 2003,
,,2003 - 2004,
,,2004 - 2005,
,,2005 - 2006,
,,2006 - 2007,
,,2007 - 2008,
,,2008 - 2009,
,,2009 - 2010,
,,2011 - 2012,
,,2013 - 2014,
,,2014 - 2015,
,,2015 - 2016,
,,2016 - 2017,
,,2017 - 2018,
,,2018 - 2019,
,,2019 - 2020,
,,2020 - 2021,
,,2021 - 2022,
,,2022 - 2023,
,Cuddalore,2000 - 2001,
,,2002 - 2003,
,,2003 - 2004,
,,2004 - 2005,
,,2005 - 2006,
,,2006 - 2007,
,,2007 - 2008,
,,2008 - 2009,
,,2009 - 2010,
,,2011 - 2012,
,,2013 - 2014,
,,2014 - 2015,
,,2015 - 2016,
,,2016 - 2017,
,,2017 - 2018,
,,2018 - 2019,
,,2019 - 2020,
,,2020 - 2021,
,,2021 - 2022,
,,2022 - 2023,
,Dharmapuri,2000 - 2001,
,,2002 - 2003,
,,2003 - 2004,
,,2004 - 2005,
,,2005 - 2006,
,,2006 - 2007,
,,2007 - 2008,
,,2008 - 2009,
,,2009 - 2010,
,,2011 - 2012,
,,2013 - 2014,
,,2014 - 2015,
,,2015 - 2016,
,,2016 - 2017,
,,2017 - 2018,
,,2018 - 2019,
,,2019 - 2020,
,,2020 - 2021,
,,2021 - 2022,
,,2022 - 2023,
,Dindigul,2000 - 2001,
,,2002 - 2003,
,,2003 - 2004,
,,2004 - 2005,
,,2005 - 2006,
,,2006 - 2007,
,,2007 - 2008,
,,2008 - 2009,
,,2009 - 2010,
,,2011 - 2012,
,,2013 - 2014,
,,2014 - 2015,
,,2015 - 2016,
,,2016 - 2017,
,,2017 - 2018,
,,2018 - 2019,
,,2019 - 2020,
,,2020 - 2021,
,,2021 - 2022,
,,2022 - 2023,
,Erode,2000 - 2001,
,,2002 - 2003,
,,2003 - 2004,
,,2004 - 2005,
,,2005 - 2006,
,,2006 - 2007,
,,2007 - 2008,
,,2008 - 2009,
,,2009 - 2010,
,,2011 - 2012,
,,2013 - 2014,
,,2014 - 2015,
,,2015 - 2016,
,,2016 - 2017,
,,2017 - 2018,
,,2018 - 2019,
,,2019 - 2020,
,,2020 - 2021,
,,2021 - 2022,
,,2022 - 2023,
,Kallakurichi,2020 - 2021,
,,2021 - 2022,
,,2022 - 2023,
,Kanchipuram,2000 - 2001,
,,2002 - 2003,
,,2003 - 2004,
,,2004 - 2005,
,,2005 - 2006,
,,2006 - 2007,
,,2007 - 2008,
,,2008 - 2009,
,,2009 - 2010,
,,2011 - 2012,
,,2018 - 2019,
,,2019 - 2020,
,,2020 - 2021,
,,2021 - 2022,
,,2022 - 2023,
,Kanniyakumari,2008 - 2009,
,,2009 - 2010,
,Karur,2000 - 2001,
,,2002 - 2003,
,,2003 - 2004,
,,2004 - 2005,
,,2005 - 2006,
,,2006 - 2007,
,,2007 - 2008,
,,2008 - 2009,
,,2009 - 2010,
,,2011 - 2012,
,,2013 - 2014,
,,2014 - 2015,
,,2015 - 2016,
,,2016 - 2017,
,,2017 - 2018,
,,2018 - 2019,
,,2019 - 2020,
,,2020 - 2021,
,,2021 - 2022,
,,2022 - 2023,
,Krishnagiri,2003 - 2004,
,,2004 - 2005,
,,2005 - 2006,
,,2006 - 2007,
,,2007 - 2008,
,,2008 - 2009,
,,2009 - 2010,
,,2011 - 2012,
,,2013 - 2014,
,,2014 - 2015,
,,2015 - 2016,
,,2016 - 2017,
,,2017 - 2018,
,,2018 - 2019,
,,2019 - 2020,
,,2020 - 2021,
,,2021 - 2022,
,,2022 - 2023,
,Madurai,2000 - 2001,
,,2002 - 2003,
,,2003 - 2004,
,,2004 - 2005,
,,2005 - 2006,
,,2006 - 2007,
,,2007 - 2008,
,,2008 - 2009,
,,2009 - 2010,
,,2011 - 2012,
,,2013 - 2014,
,,2014 - 2015,
,,2015 - 2016,
,,2016 - 2017,
,,2017 - 2018,
,,2018 - 2019,
,,2019 - 2020,
,,2020 - 2021,
,,2021 - 2022,
,,2022 - 2023,
,Mayiladuthurai,2021 - 2022,
,,2022 - 2023,
,Nagapattinam,2000 - 2001,
,,2002 - 2003,
,,2003 - 2004,
,,2004 - 2005,
,,2005 - 2006,
,,2006 - 2007,
,,2007 - 2008,
,,2014 - 2015,
,,2015 - 2016,
,Namakkal,2000 - 2001,
,,2002 - 2003,
,,2003 - 2004,
,,2004 - 2005,
,,2005 - 2006,
,,2006 - 2007,
,,2007 - 2008,
,,2008 - 2009,
,,2009 - 2010,
,,2011 - 2012,
,,2013 - 2014,
,,2014 - 2015,
,,2015 - 2016,
,,2016 - 2017,
,,2017 - 2018,
,,2018 - 2019,
,,2019 - 2020,
,,2020 - 2021,
,,2021 - 2022,
,,2022 - 2023,
,Perambalur,2000 - 2001,
,,2002 - 2003,
,,2003 - 2004,
,,2004 - 2005,
,,2005 - 2006,
,,2006 - 2007,
,,2007 - 2008,
,,2008 - 2009,
,,2009 - 2010,
,,2011 - 2012,
,,2013 - 2014,
,,2014 - 2015,
,,2015 - 2016,
,,2016 - 2017,
,,2017 - 2018,
,,2018 - 2019,
,,2019 - 2020,
,,2020 - 2021,
,,2021 - 2022,
,,2022 - 2023,
,Pudukkottai,2000 - 2001,
,,2002 - 2003,
,,2003 - 2004,
,,2004 - 2005,
,,2005 - 2006,
,,2006 - 2007,
,,2007 - 2008,
,,2008 - 2009,
,,2009 - 2010,
,,2011 - 2012,
,,2013 - 2014,
,,2014 - 2015,
,,2015 - 2016,
,,2016 - 2017,
,,2017 - 2018,
,,2018 - 2019,
,,2019 - 2020,
,,2020 - 2021,
,,2021 - 2022,
,,2022 - 2023,
,Ramanathapuram,2002 - 2003,
,,2003 - 2004,
,,2004 - 2005,
,,2005 - 2006,
,,2006 - 2007,
,,2007 - 2008,
,,2011 - 2012,
,,2013 - 2014,
,,2021 - 2022,
,,2022 - 2023,
,Ranipet,2020 - 2021,
,,2021 - 2022,
,,2022 - 2023,
,Salem,2000 - 2001,
,,2002 - 2003,
,,2003 - 2004,
,,2004 - 2005,
,,2005 - 2006,
,,2006 - 2007,
,,2007 - 2008,
,,2008 - 2009,
,,2009 - 2010,
,,2011 - 2012,
,,2013 - 2014,
,,2014 - 2015,
,,2015 - 2016,
,,2016 - 2017,
,,2017 - 2018,
,,2018 - 2019,
,,2019 - 2020,
,,2020 - 2021,
,,2021 - 2022,
,,2022 - 2023,
,Sivaganga,2002 - 2003,
,,2004 - 2005,
,,2005 - 2006,
,,2006 - 2007,
,,2007 - 2008,
,,2011 - 2012,
,,2013 - 2014,
,,2014 - 2015,
,,2015 - 2016,
,,2016 - 2017,
,,2017 - 2018,
,,2018 - 2019,
,,2019 - 2020,
,,2020 - 2021,
,,2021 - 2022,
,,2022 - 2023,
,Thanjavur,2000 - 2001,
,,2002 - 2003,
,,2003 - 2004,
,,2004 - 2005,
,,2005 - 2006,
,,2006 - 2007,
,,2007 - 2008,
,,2008 - 2009,
,,2009 - 2010,
,,2011 - 2012,
,,2013 - 2014,
,,2014 - 2015,
,,2015 - 2016,
,,2016 - 2017,
,,2017 - 2018,
,,2018 - 2019,
,,2019 - 2020,
,,2020 - 2021,
,,2021 - 2022,
,,2022 - 2023,
,The nilgiris,2000 - 2001,
,,2002 - 2003,
,,2003 - 2004,
,,2004 - 2005,
,,2005 - 2006,
,,2006 - 2007,
,,2007 - 2008,
,,2008 - 2009,
,,2009 - 2010,
,,2011 - 2012,
,,2013 - 2014,
,,2014 - 2015,
,,2015 - 2016,
,,2016 - 2017,
,,2017 - 2018,
,,2018 - 2019,
,,2019 - 2020,
,,2020 - 2021,
,,2021 - 2022,
,,2022 - 2023,
,Theni,2000 - 2001,
,,2002 - 2003,
,,2003 - 2004,
,,2004 - 2005,
,,2005 - 2006,
,,2008 - 2009,
,,2009 - 2010,
,,2011 - 2012,
,,2013 - 2014,
,,2014 - 2015,
,,2015 - 2016,
,,2016 - 2017,
,,2017 - 2018,
,,2018 - 2019,
,,2020 - 2021,
,,2022 - 2023,
,Thenkasi,2021 - 2022,
,Thiruvallur,2000 - 2001,
,,2002 - 2003,
,,2003 - 2004,
,,2004 - 2005,
,,2005 - 2006,
,,2006 - 2007,
,,2008 - 2009,
,,2011 - 2012,
,,2013 - 2014,
,,2015 - 2016,
,,2016 - 2017,
,,2017 - 2018,
,,2018 - 2019,
,,2019 - 2020,
,,2020 - 2021,
,,2021 - 2022,
,,2022 - 2023,
,Thiruvarur,2002 - 2003,
,,2003 - 2004,
,,2004 - 2005,
,,2005 - 2006,
,,2006 - 2007,
,,2007 - 2008,
,,2008 - 2009,
,,2009 - 2010,
,,2011 - 2012,
,,2016 - 2017,
,,2017 - 2018,
,,2018 - 2019,
,,2019 - 2020,
,,2020 - 2021,
,,2021 - 2022,
,,2022 - 2023,
,Thoothukudi,2000 - 2001,
,,2002 - 2003,
,,2003 - 2004,
,,2004 - 2005,
,,2005 - 2006,
,,2006 - 2007,
,,2007 - 2008,
,,2008 - 2009,
,,2009 - 2010,
,,2011 - 2012,
,,2013 - 2014,
,,2014 - 2015,
,,2015 - 2016,
,,2016 - 2017,
,,2017 - 2018,
,,2018 - 2019,
,,2019 - 2020,
,,2020 - 2021,
,,2021 - 2022,
,,2022 - 2023,
,Tiruchirappalli,2000 - 2001,
,,2002 - 2003,
,,2003 - 2004,
,,2004 - 2005,
,,2005 - 2006,
,,2006 - 2007,
,,2007 - 2008,
,,2008 - 2009,
,,2009 - 2010,
,,2011 - 2012,
,,2013 - 2014,
,,2014 - 2015,
,,2015 - 2016,
,,2016 - 2017,
,,2017 - 2018,
,,2018 - 2019,
,,2019 - 2020,
,,2020 - 2021,
,,2021 - 2022,
,,2022 - 2023,
,Tirunelveli,2000 - 2001,
,,2002 - 2003,
,,2003 - 2004,
,,2004 - 2005,
,,2005 - 2006,
,,2006 - 2007,
,,2007 - 2008,
,,2008 - 2009,
,,2009 - 2010,
,,2011 - 2012,
,,2013 - 2014,
,,2014 - 2015,
,,2015 - 2016,
,,2016 - 2017,
,,2017 - 2018,
,,2018 - 2019,
,,2019 - 2020,
,,2020 - 2021,
,,2021 - 2022,
,,2022 - 2023,
,Tirupathur,2020 - 2021,
,,2021 - 2022,
,,2022 - 2023,
,Tiruppur,2008 - 2009,
,,2009 - 2010,
,,2011 - 2012,
,,2013 - 2014,
,,2014 - 2015,
,,2015 - 2016,
,,2016 - 2017,
,,2017 - 2018,
,,2018 - 2019,
,,2019 - 2020,
,,2020 - 2021,
,,2021 - 2022,
,,2022 - 2023,
,Tiruvannamalai,2000 - 2001,
,,2002 - 2003,
,,2003 - 2004,
,,2004 - 2005,
,,2005 - 2006,
,,2006 - 2007,
,,2007 - 2008,
,,2008 - 2009,
,,2009 - 2010,
,,2011 - 2012,
,,2013 - 2014,
,,2014 - 2015,
,,2015 - 2016,
,,2016 - 2017,
,,2017 - 2018,
,,2018 - 2019,
,,2019 - 2020,
,,2020 - 2021,
,,2021 - 2022,
,,2022 - 2023,
,Vellore,2000 - 2001,
,,2002 - 2003,
,,2003 - 2004,
,,2004 - 2005,
,,2005 - 2006,
,,2006 - 2007,
,,2007 - 2008,
,,2008 - 2009,
,,2009 - 2010,
,,2011 - 2012,
,,2013 - 2014,
,,2014 - 2015,
,,2015 - 2016,
,,2016 - 2017,
,,2017 - 2018,
,,2018 - 2019,
,,2019 - 2020,
,,2020 - 2021,
,,2021 - 2022,
,,2022 - 2023,
,Villupuram,2000 - 2001,
,,2002 - 2003,
,,2003 - 2004,
,,2004 - 2005,
,,2005 - 2006,
,,2006 - 2007,
,,2007 - 2008,
,,2008 - 2009,
,,2009 - 2010,
,,2011 - 2012,
,,2013 - 2014,
,,2014 - 2015,
,,2015 - 2016,
,,2016 - 2017,
,,2017 - 2018,
,,2018 - 2019,
,,2019 - 2020,
,,2020 - 2021,
,,2021 - 2022,
,,2022 - 2023,
,Virudhunagar,2002 - 2003,
,,2004 - 2005,
,,2006 - 2007,
,,2007 - 2008,
,,2011 - 2012,
,,2013 - 2014,
,,2015 - 2016,
,,2016 - 2017,
,,2017 - 2018,
,,2018 - 2019,
,,2019 - 2020,
,,2020 - 2021,
,,2021 - 2022,
Telangana,Adilabad,2000 - 2001,
,,2001 - 2002,
,,2002 - 2003,
,,2003 - 2004,
,,2004 - 2005,
,,2005 - 2006,
,,2006 - 2007,
,,2008 - 2009,
,,2009 - 2010,
,,2010 - 2011,
,,2011 - 2012,
,,2013 - 2014,6.72
,,2014 - 2015,6.45
,,2015 - 2016,5.37
,,2016 - 2017,4.12
,,2017 - 2018,5.87
,,2018 - 2019,6.5
,,2019 - 2020,6.97
,,2020 - 2021,7.8
,,2021 - 2022,7.36
,,2022 - 2023,7.51
,Bhadradri,2016 - 2017,6.05
,,2017 - 2018,5.88
,,2018 - 2019,6.51
,,2019 - 2020,6.98
,,2020 - 2021,7.79
,,2021 - 2022,7.36
,,2022 - 2023,7.54
,Jagitial,2016 - 2017,8.38
,,2017 - 2018,6.93
,,2018 - 2019,8.02
,,2019 - 2020,8.69
,,2020 - 2021,13.24
,,2021 - 2022,10.35
,,2022 - 2023,9.67
,Jangoan,2016 - 2017,6.05
,,2017 - 2018,5.88
,,2018 - 2019,6.5
,,2019 - 2020,6.97
,,2020 - 2021,7.79
,,2021 - 2022,7.38
,,2022 - 2023,8.0
,Jayashankar,2016 - 2017,6.06
,,2017 - 2018,5.87
,,2018 - 2019,6.5
,,2019 - 2020,6.97
,,2020 - 2021,7.8
,,2021 - 2022,7.35
,,2022 - 2023,7.52
,Kamareddy,2016 - 2017,5.44
,,2017 - 2018,5.87
,,2018 - 2019,6.51
,,2019 - 2020,6.97
,,2020 - 2021,7.8
,,2021 - 2022,7.34
,,2022 - 2023,7.5
,Karimnagar,2000 - 2001,
,,2001 - 2002,
,,2002 - 2003,
,,2003 - 2004,
,,2004 - 2005,
,,2005 - 2006,
,,2006 - 2007,
,,2008 - 2009,
,,2009 - 2010,
,,2010 - 2011,
,,2011 - 2012,
,,2013 - 2014,6.3
,,2014 - 2015,6.27
,,2015 - 2016,5.09
,,2016 - 2017,8.37
,,2017 - 2018,5.87
,,2018 - 2019,6.5
,,2019 - 2020,6.97
,,2020 - 2021,7.8
,,2021 - 2022,7.35
,,2022 - 2023,7.5
,Khammam,2000 - 2001,
,,2001 - 2002,
,,2002 - 2003,
,,2003 - 2004,
,,2004 - 2005,
,,2005 - 2006,
,,2006 - 2007,
,,2008 - 2009,
,,2009 - 2010,
,,2010 - 2011,
,,2011 - 2012,
,,2013 - 2014,5.08
,,2014 - 2015,4.98
,,2015 - 2016,4.33
,,2016 - 2017,6.05
,,2017 - 2018,5.87
,,2018 - 2019,6.51
,,2019 - 2020,6.97
,,2020 - 2021,7.8
,,2021 - 2022,7.35
,,2022 - 2023,7.5
,Komaram bheem asifabad,2016 - 2017,4.13
,,2017 - 2018,5.89
,,2018 - 2019,6.52
,,2019 - 2020,6.97
,,2020 - 2021,7.81
,,2021 - 2022,7.36
,,2022 - 2023,7.55
,Mahabubabad,2016 - 2017,6.06
,,2017 - 2018,7.49
,,2018 - 2019,6.5
,,2019 - 2020,6.35
,,2020 - 2021,5.13
,,2021 - 2022,5.38
,,2022 - 2023,4.96
,Mahbubnagar,2000 - 2001,
,,2001 - 2002,
,,2002 - 2003,
,,2003 - 2004,
,,2004 - 2005,
,,2005 - 2006,
,,2006 - 2007,
,,2008 - 2009,
,,2009 - 2010,
,,2010 - 2011,
,,2011 - 2012,
,,2013 - 2014,5.08
,,2014 - 2015,4.97
,,2015 - 2016,4.38
,,2022 - 2023,8.0
,Mancherial,2016 - 2017,4.12
,,2017 - 2018,5.88
,,2018 - 2019,6.51
,,2019 - 2020,6.98
,,2020 - 2021,7.79
,,2021 - 2022,7.35
,,2022 - 2023,7.52
,Medak,2000 - 2001,
,,2001 - 2002,
,,2002 - 2003,
,,2003 - 2004,
,,2004 - 2005,
,,2005 - 2006,
,,2006 - 2007,
,,2008 - 2009,
,,2009 - 2010,
,,2010 - 2011,
,,2011 - 2012,
,,2013 - 2014,2.87
,,2014 - 2015,2.37
,,2015 - 2016,4.33
,,2016 - 2017,6.0
,,2018 - 2019,6.5
,,2020 - 2021,8.0
,,2021 - 2022,7.5
,,2022 - 2023,8.0
,Medchal,2021 - 2022,7.0
,Mulugu,2018 - 2019,6.5
,,2019 - 2020,6.97
,,2020 - 2021,7.8
,,2021 - 2022,7.35
,,2022 - 2023,7.5
,Nagarkurnool,2020 - 2021,8.0
,,2021 - 2022,7.0
,,2022 - 2023,7.5
,Nalgonda,2000 - 2001,
,,2001 - 2002,
,,2002 - 2003,
,,2005 - 2006,
,,2006 - 2007,
,,2010 - 2011,
,,2011 - 2012,
,,2013 - 2014,5.1
,,2014 - 2015,5.0
,,2015 - 2016,4.5
,,2016 - 2017,6.0
,,2017 - 2018,5.88
,,2022 - 2023,8.0
,Nirmal,2016 - 2017,4.12
,,2017 - 2018,6.05
,,2018 - 2019,6.77
,,2019 - 2020,6.54
,,2020 - 2021,6.82
,,2021 - 2022,7.28
,,2022 - 2023,7.36
,Nizamabad,2000 - 2001,
,,2001 - 2002,
,,2002 - 2003,
,,2003 - 2004,
,,2004 - 2005,
,,2005 - 2006,
,,2006 - 2007,
,,2008 - 2009,
,,2009 - 2010,
,,2010 - 2011,
,,2011 - 2012,
,,2013 - 2014,4.18
,,2014 - 2015,3.77
,,2015 - 2016,2.76
,,2016 - 2017,5.44
,,2017 - 2018,4.9
,,2018 - 2019,6.0
,,2019 - 2020,5.92
,,2020 - 2021,6.32
,,2021 - 2022,5.67
,,2022 - 2023,6.06
,Peddapalli,2016 - 2017,8.37
,,2017 - 2018,5.87
,,2018 - 2019,6.5
,,2019 - 2020,6.97
,,2020 - 2021,7.8
,,2021 - 2022,7.35
,,2022 - 2023,7.52
,Rajanna,2016 - 2017,8.38
,,2017 - 2018,5.88
,,2018 - 2019,6.5
,,2019 - 2020,6.97
,,2020 - 2021,7.79
,,2021 - 2022,7.33
,,2022 - 2023,7.5
,Rangareddi,2000 - 2001,
,,2001 - 2002,
,,2002 - 2003,
,,2003 - 2004,
,,2004 - 2005,
,,2005 - 2006,
,,2006 - 2007,
,,2008 - 2009,
,,2009 - 2010,
,,2010 - 2011,
,,2011 - 2012,
,,2013 - 2014,3.22
,,2014 - 2015,3.43
,,2015 - 2016,3.47
,,2016 - 2017,3.42
,,2017 - 2018,5.87
,,2018 - 2019,6.5
,,2019 - 2020,7.0
,,2020 - 2021,7.86
,,2021 - 2022,7.38
,,2022 - 2023,7.67
,Sangareddy,2016 - 2017,6.04
,,2017 - 2018,5.87
,,2018 - 2019,1.7
,,2019 - 2020,6.42
,,2020 - 2021,7.62
,,2021 - 2022,7.35
,,2022 - 2023,7.51
,Siddipet,2016 - 2017,6.0
,,2020 - 2021,7.67
,,2021 - 2022,7.5
,Suryapet,2016 - 2017,6.0
,,2019 - 2020,7.0
,,2020 - 2021,8.0
,,2021 - 2022,7.0
,,2022 - 2023,8.0
,Vikarabad,2016 - 2017,3.42
,,2017 - 2018,5.69
,,2018 - 2019,6.68
,,2019 - 2020,9.31
,,2020 - 2021,8.77
,,2021 - 2022,11.27
,,2022 - 2023,13.16
,Warangal,2000 - 2001,
,,2001 - 2002,
,,2002 - 2003,
,,2003 - 2004,
,,2004 - 2005,
,,2005 - 2006,
,,2006 - 2007,
,,2008 - 2009,
,,2009 - 2010,
,,2010 - 2011,
,,2011 - 2012,
,,2013 - 2014,4.52
,,2014 - 2015,5.0
,,2015 - 2016,4.94
,,2016 - 2017,6.06
,,2017 - 2018,4.56
,,2018 - 2019,4.9
,,2019 - 2020,6.43
,,2020 - 2021,5.4
,,2021 - 2022,5.17
,,2022 - 2023,6.16
,Warangal urban,2016 - 2017,6.06
,,2017 - 2018,5.87
,,2018 - 2019,6.5
,,2019 - 2020,6.97
,,2020 - 2021,7.8
,,2021 - 2022,6.36
,,2022 - 2023,5.13
,Yadadri,2018 - 2019,7.0
,,2021 - 2022,7.33
Uttar Pradesh,Agra,2004 - 2005,
,,2006 - 2007,
,Aligarh,2004 - 2005,
,,2006 - 2007,
,,2009 - 2010,
,,2010 - 2011,
,,2011 - 2012,
,,2012 - 2013,
,,2013 - 2014,
,,2014 - 2015,
,,2015 - 2016,
,,2016 - 2017,
,,2017 - 2018,
,,2020 - 2021,
,Allahabad,2000 - 2001,
,,2001 - 2002,
,,2004 - 2005,
,,2006 - 2007,
,Ambedkar nagar,2000 - 2001,
,,2004 - 2005,
,,2006 - 2007,
,Amethi,2011 - 2012,
,,2012 - 2013,
,,2013 - 2014,
,,2014 - 2015,
,,2015 - 2016,
,,2016 - 2017,
,,2017 - 2018,
,,2018 - 2019,
,,2019 - 2020,
,,2020 - 2021,
,,2021 - 2022,
,,2022 - 2023,
,Amroha,2000 - 2001,
,,2016 - 2017,
,Auraiya,2002 - 2003,
,,2004 - 2005,
,,2006 - 2007,
,,2007 - 2008,
,,2009 - 2010,
,,2011 - 2012,
,,2016 - 2017,
,Azamgarh,2000 - 2001,
,,2002 - 2003,
,,2003 - 2004,
,,2005 - 2006,
,,2007 - 2008,
,,2009 - 2010,
,,2012 - 2013,
,,2013 - 2014,
,,2014 - 2015,
,,2016 - 2017,
,,2020 - 2021,
,,2021 - 2022,
,,2022 - 2023,
,Baghpat,2000 - 2001,
,,2013 - 2014,
,,2014 - 2015,
,,2015 - 2016,
,Bahraich,2000 - 2001,
,,2001 - 2002,
,,2002 - 2003,
,,2003 - 2004,
,,2004 - 2005,
,,2005 - 2006,
,,2006 - 2007,
,,2007 - 2008,
,,2009 - 2010,
,,2010 - 2011,
,,2011 - 2012,
,,2012 - 2013,
,,2013 - 2014,
,,2014 - 2015,
,,2015 - 2016,
,,2016 - 2017,
,,2017 - 2018,
,,2018 - 2019,
,,2019 - 2020,
,,2020 - 2021,
,,2022 - 2023,
,Ballia,2001 - 2002,
,,2002 - 2003,
,,2003 - 2004,
,,2004 - 2005,
,,2005 - 2006,
,,2006 - 2007,
,,2007 - 2008,
,,2009 - 2010,
,Balrampur,2000 - 2001,
,,2002 - 2003,
,,2003 - 2004,
,Barabanki,2000 - 2001,
,,2001 - 2002,
,,2003 - 2004,
,,2004 - 2005,
,,2005 - 2006,
,,2006 - 2007,
,,2009 - 2010,
,,2012 - 2013,
,,2013 - 2014,
,,2014 - 2015,
,,2015 - 2016,
,,2016 - 2017,
,Bareilly,2000 - 2001,
,,2001 - 2002,
,,2002 - 2003,
,,2003 - 2004,
,,2004 - 2005,
,,2005 - 2006,
,,2006 - 2007,
,,2007 - 2008,
,,2009 - 2010,
,,2010 - 2011,
,,2011 - 2012,
,,2012 - 2013,
,,2013 - 2014,
,,2014 - 2015,
,,2015 - 2016,
,,2016 - 2017,
,,2017 - 2018,
,,2018 - 2019,
,,2019 - 2020,
,,2020 - 2021,
,,2021 - 2022,
,,2022 - 2023,
,Bijnor,2001 - 2002,
,,2009 - 2010,
,,2010 - 2011,
,,2012 - 2013,
,Budaun,2000 - 2001,
,,2001 - 2002,
,,2002 - 2003,
,,2003 - 2004,
,,2004 - 2005,
,,2005 - 2006,
,,2006 - 2007,
,,2007 - 2008,
,,2009 - 2010,
,,2010 - 2011,
,,2011 - 2012,
,,2012 - 2013,
,,2013 - 2014,
,,2014 - 2015,
,,2015 - 2016,
,,2016 - 2017,
,,2017 - 2018,
,,2018 - 2019,
,,2019 - 2020,
,,2020 - 2021,
,,2021 - 2022,
,,2022 - 2023,
,Bulandshahr,2000 - 2001,
,,2001 - 2002,
,,2010 - 2011,
,,2012 - 2013,
,,2013 - 2014,
,,2014 - 2015,
,,2015 - 2016,
,,2016 - 2017,
,,2017 - 2018,
,,2018 - 2019,
,,2019 - 2020,
,,2020 - 2021,
,Chandauli,2003 - 2004,
,,2005 - 2006,
,,2009 - 2010,
,Deoria,2001 - 2002,
,,2002 - 2003,
,,2003 - 2004,
,,2004 - 2005,
,,2005 - 2006,
,,2006 - 2007,
,,2007 - 2008,
,,2009 - 2010,
,,2010 - 2011,
,,2011 - 2012,
,,2012 - 2013,
,,2013 - 2014,
,,2014 - 2015,
,,2016 - 2017,
,,2017 - 2018,
,,2018 - 2019,
,,2019 - 2020,
,,2020 - 2021,
,,2022 - 2023,
,Etah,2000 - 2001,
,,2001 - 2002,
,,2002 - 2003,
,,2003 - 2004,
,,2004 - 2005,
,,2005 - 2006,
,,2006 - 2007,
,Etawah,2003 - 2004,
,,2005 - 2006,
,,2007 - 2008,
,,2012 - 2013,
,,2013 - 2014,
,,2014 - 2015,
,Faizabad,2016 - 2017,
,,2017 - 2018,
,,2019 - 2020,
,,2020 - 2021,
,,2021 - 2022,
,Farrukhabad,2000 - 2001,
,,2001 - 2002,
,,2004 - 2005,
,,2006 - 2007,
,,2016 - 2017,
,Fatehpur,2000 - 2001,
,,2001 - 2002,
,,2002 - 2003,
,,2003 - 2004,
,,2004 - 2005,
,,2005 - 2006,
,,2006 - 2007,
,,2007 - 2008,
,,2009 - 2010,
,,2010 - 2011,
,,2011 - 2012,
,,2012 - 2013,
,,2013 - 2014,
,,2014 - 2015,
,,2015 - 2016,
,,2016 - 2017,
,,2017 - 2018,
,,2018 - 2019,
,,2019 - 2020,
,,2020 - 2021,
,,2021 - 2022,
,,2022 - 2023,
,Firozabad,2001 - 2002,
,,2002 - 2003,
,,2004 - 2005,
,,2006 - 2007,
,,2007 - 2008,
,,2013 - 2014,
,,2015 - 2016,
,,2016 - 2017,
,,2017 - 2018,
,Ghaziabad,2001 - 2002,
,,2002 - 2003,
,,2013 - 2014,
,Ghazipur,2001 - 2002,
,,2003 - 2004,
,,2004 - 2005,
,,2005 - 2006,
,,2006 - 2007,
,,2007 - 2008,
,,2009 - 2010,
,,2010 - 2011,
,,2011 - 2012,
,,2012 - 2013,
,,2014 - 2015,
,Gonda,2002 - 2003,
,,2009 - 2010,
,Gorakhpur,2000 - 2001,
,,2001 - 2002,
,,2007 - 2008,
,,2010 - 2011,
,,2012 - 2013,
,Hamirpur,2013 - 2014,
,Hapur,2013 - 2014,
,,2014 - 2015,
,,2015 - 2016,
,,2018 - 2019,
,,2020 - 2021,
,,2021 - 2022,
,,2022 - 2023,
,Hardoi,2000 - 2001,
,,2001 - 2002,
,,2003 - 2004,
,,2005 - 2006,
,,2007 - 2008,
,,2011 - 2012,
,,2012 - 2013,
,,2013 - 2014,
,,2014 - 2015,
,,2017 - 2018,
,,2022 - 2023,
,Hathras,2004 - 2005,
,,2012 - 2013,
,,2013 - 2014,
,,2014 - 2015,
,,2021 - 2022,
,Jalaun,2012 - 2013,
,,2013 - 2014,
,,2015 - 2016,
,,2017 - 2018,
,Jaunpur,2001 - 2002,
,,2003 - 2004,
,Jhansi,2000 - 2001,
,,2001 - 2002,
,,2010 - 2011,
,,2011 - 2012,
,,2012 - 2013,
,,2013 - 2014,
,,2014 - 2015,
,,2015 - 2016,
,,2016 - 2017,
,Kannauj,2001 - 2002,
,,2002 - 2003,
,,2003 - 2004,
,,2005 - 2006,
,,2007 - 2008,
,,2009 - 2010,
,,2011 - 2012,
,,2013 - 2014,
,,2015 - 2016,
,Kanpur dehat,2003 - 2004,
,,2004 - 2005,
,,2005 - 2006,
,,2006 - 2007,
,,2007 - 2008,
,,2009 - 2010,
,,2011 - 2012,
,Kanpur nagar,2000 - 2001,
,,2001 - 2002,
,,2002 - 2003,
,,2003 - 2004,
,,2005 - 2006,
,,2007 - 2008,
,,2009 - 2010,
,,2010 - 2011,
,,2011 - 2012,
,,2012 - 2013,
,,2013 - 2014,
,,2014 - 2015,
,,2015 - 2016,
,Kasganj,2010 - 2011,
,,2011 - 2012,
,,2012 - 2013,
,,2013 - 2014,
,,2014 - 2015,
,,2015 - 2016,
,,2016 - 2017,
,,2017 - 2018,
,,2018 - 2019,
,,2019 - 2020,
,,2021 - 2022,
,Kaushambi,2000 - 2001,
,,2001 - 2002,
,,2002 - 2003,
,,2003 - 2004,
,,2004 - 2005,
,,2005 - 2006,
,,2006 - 2007,
,,2007 - 2008,
,,2009 - 2010,
,,2010 - 2011,
,,2011 - 2012,
,,2012 - 2013,
,,2013 - 2014,
,,2014 - 2015,
,,2015 - 2016,
,,2016 - 2017,
,,2017 - 2018,
,,2018 - 2019,
,,2019 - 2020,
,,2020 - 2021,
,,2021 - 2022,
,,2022 - 2023,
,Kheri,2000 - 2001,
,,2001 - 2002,
,,2002 - 2003,
,,2003 - 2004,
,,2004 - 2005,
,,2005 - 2006,
,,2006 - 2007,
,,2007 - 2008,
,,2009 - 2010,
,,2010 - 2011,
,,2011 - 2012,
,,2012 - 2013,
,,2013 - 2014,
,,2014 - 2015,
,,2015 - 2016,
,,2016 - 2017,
,,2017 - 2018,
,,2018 - 2019,
,,2019 - 2020,
,,2020 - 2021,
,,2021 - 2022,
,,2022 - 2023,
,Kushi nagar,2000 - 2001,
,,2001 - 2002,
,,2002 - 2003,
,,2003 - 2004,
,,2004 - 2005,
,,2005 - 2006,
,,2006 - 2007,
,,2007 - 2008,
,,2009 - 2010,
,,2010 - 2011,
,,2011 - 2012,
,,2012 - 2013,
,,2013 - 2014,
,,2014 - 2015,
,,2015 - 2016,
,,2016 - 2017,
,,2017 - 2018,
,,2018 - 2019,
,,2019 - 2020,
,,2020 - 2021,
,,2021 - 2022,
,,2022 - 2023,
,Lalitpur,2001 - 2002,
,,2002 - 2003,
,,2003 - 2004,
,,2004 - 2005,
,,2006 - 2007,
,,2007 - 2008,
,,2009 - 2010,
,,2010 - 2011,
,,2011 - 2012,
,,2012 - 2013,
,,2013 - 2014,
,,2014 - 2015,
,,2015 - 2016,
,,2018 - 2019,
,Lucknow,2001 - 2002,
,,2009 - 2010,
,,2010 - 2011,
,,2011 - 2012,
,,2012 - 2013,
,,2013 - 2014,
,,2016 - 2017,
,,2017 - 2018,
,,2018 - 2019,
,Maharajganj,2000 - 2001,
,,2001 - 2002,
,,2002 - 2003,
,,2003 - 2004,
,,2004 - 2005,
,,2005 - 2006,
,,2006 - 2007,
,,2007 - 2008,
,,2009 - 2010,
,,2010 - 2011,
,,2011 - 2012,
,,2012 - 2013,
,,2013 - 2014,
,,2014 - 2015,
,,2016 - 2017,
,,2017 - 2018,
,,2018 - 2019,
,,2020 - 2021,
,,2022 - 2023,
,Mahoba,2012 - 2013,
,Mainpuri,2000 - 2001,
,,2007 - 2008,
,,2012 - 2013,
,,2015 - 2016,
,,2016 - 2017,
,,2018 - 2019,
,,2019 - 2020,
,Mau,2002 - 2003,
,,2009 - 2010,
,Meerut,2000 - 2001,
,,2001 - 2002,
,,2002 - 2003,
,,2003 - 2004,
,,2004 - 2005,
,,2006 - 2007,
,,2009 - 2010,
,,2010 - 2011,
,,2012 - 2013,
,,2013 - 2014,
,,2014 - 2015,
,,2015 - 2016,
,,2017 - 2018,
,,2019 - 2020,
,,2020 - 2021,
,Mirzapur,2000 - 2001,
,,2001 - 2002,
,,2002 - 2003,
,,2004 - 2005,
,,2006 - 2007,
,,2009 - 2010,
,,2012 - 2013,
,Moradabad,2000 - 2001,
,,2001 - 2002,
,,2002 - 2003,
,,2003 - 2004,
,,2004 - 2005,
,,2005 - 2006,
,,2006 - 2007,
,,2007 - 2008,
,,2009 - 2010,
,,2011 - 2012,
,,2013 - 2014,
,,2020 - 2021,
,,2021 - 2022,
,Muzaffarnagar,2001 - 2002,
,,2002 - 2003,
,,2003 - 2004,
,,2004 - 2005,
,,2005 - 2006,
,,2006 - 2007,
,,2007 - 2008,
,,2009 - 2010,
,,2011 - 2012,
,,2012 - 2013,
,,2013 - 2014,
,,2014 - 2015,
,,2015 - 2016,
,,2016 - 2017,
,,2017 - 2018,
,,2018 - 2019,
,,2020 - 2021,
,,2021 - 2022,
,Pilibhit,2001 - 2002,
,,2002 - 2003,
,,2003 - 2004,
,,2004 - 2005,
,,2005 - 2006,
,,2006 - 2007,
,,2007 - 2008,
,,2009 - 2010,
,,2010 - 2011,
,,2011 - 2012,
,,2012 - 2013,
,,2013 - 2014,
,,2014 - 2015,
,,2015 - 2016,
,,2016 - 2017,
,,2017 - 2018,
,,2018 - 2019,
,,2019 - 2020,
,,2020 - 2021,
,,2022 - 2023,
,Pratapgarh,2000 - 2001,
,,2001 - 2002,
,Rae bareli,2000 - 2001,
,,2001 - 2002,
,,2002 - 2003,
,,2003 - 2004,
,,2004 - 2005,
,,2005 - 2006,
,,2006 - 2007,
,,2007 - 2008,
,,2009 - 2010,
,,2010 - 2011,
,,2011 - 2012,
,,2012 - 2013,
,,2013 - 2014,
,,2014 - 2015,
,,2015 - 2016,
,,2016 - 2017,
,,2017 - 2018,
,,2018 - 2019,
,,2019 - 2020,
,,2020 - 2021,
,,2021 - 2022,
,,2022 - 2023,
,Rampur,2000 - 2001,
,,2001 - 2002,
,,2002 - 2003,
,,2003 - 2004,
,,2004 - 2005,
,,2005 - 2006,
,,2006 - 2007,
,,2007 - 2008,
,,2013 - 2014,
,,2014 - 2015,
,,2021 - 2022,
,Saharanpur,2000 - 2001,
,,2001 - 2002,
,,2002 - 2003,
,,2003 - 2004,
,,2004 - 2005,
,,2005 - 2006,
,,2006 - 2007,
,,2007 - 2008,
,,2009 - 2010,
,,2010 - 2011,
,,2011 - 2012,
,,2012 - 2013,
,,2013 - 2014,
,,2014 - 2015,
,,2015 - 2016,
,,2016 - 2017,
,,2017 - 2018,
,,2018 - 2019,
,,2019 - 2020,
,,2020 - 2021,
,,2021 - 2022,
,,2022 - 2023,
,Sambhal,2013 - 2014,
,,2015 - 2016,
,,2016 - 2017,
,,2017 - 2018,
,,2018 - 2019,
,,2019 - 2020,
,,2020 - 2021,
,Sant kabeer nagar,2001 - 2002,
,,2002 - 2003,
,,2003 - 2004,
,,2004 - 2005,
,,2005 - 2006,
,,2006 - 2007,
,,2007 - 2008,
,,2009 - 2010,
,,2010 - 2011,
,,2011 - 2012,
,,2012 - 2013,
,,2013 - 2014,
,,2014 - 2015,
,,2015 - 2016,
,,2018 - 2019,
,,2019 - 2020,
,,2020 - 2021,
,,2021 - 2022,
,,2022 - 2023,
,Shahjahanpur,2000 - 2001,
,,2001 - 2002,
,,2002 - 2003,
,,2004 - 2005,
,,2006 - 2007,
,,2009 - 2010,
,,2010 - 2011,
,,2011 - 2012,
,,2012 - 2013,
,,2013 - 2014,
,,2014 - 2015,
,,2015 - 2016,
,,2016 - 2017,
,,2018 - 2019,
,,2019 - 2020,
,,2020 - 2021,
,Shamli,2012 - 2013,
,,2013 - 2014,
,,2014 - 2015,
,,2015 - 2016,
,Shravasti,2000 - 2001,
,,2001 - 2002,
,,2002 - 2003,
,,2003 - 2004,
,,2004 - 2005,
,,2005 - 2006,
,,2006 - 2007,
,,2011 - 2012,
,,2012 - 2013,
,,2014 - 2015,
,Siddharth nagar,2002 - 2003,
,Sitapur,2000 - 2001,
,,2001 - 2002,
,,2002 - 2003,
,,2003 - 2004,
,,2004 - 2005,
,,2005 - 2006,
,,2006 - 2007,
,,2007 - 2008,
,,2009 - 2010,
,,2010 - 2011,
,,2011 - 2012,
,,2012 - 2013,
,,2013 - 2014,
,,2014 - 2015,
,,2015 - 2016,
,,2016 - 2017,
,,2017 - 2018,
,,2018 - 2019,
,,2019 - 2020,
,,2020 - 2021,
,,2021 - 2022,
,,2022 - 2023,
,Sonbhadra,2000 - 2001,
,,2001 - 2002,
,,2002 - 2003,
,,2003 - 2004,
,,2004 - 2005,
,,2005 - 2006,
,,2006 - 2007,
,,2007 - 2008,
,,2009 - 2010,
,,2010 - 2011,
,,2011 - 2012,
,,2012 - 2013,
,,2013 - 2014,
,,2014 - 2015,
,,2016 - 2017,
,,2017 - 2018,
,,2018 - 2019,
,,2021 - 2022,
,,2022 - 2023,
,Sultanpur,2009 - 2010,
,Unnao,2000 - 2001,
,,2001 - 2002,
,,2002 - 2003,
,,2003 - 2004,
,,2004 - 2005,
,,2005 - 2006,
,,2006 - 2007,
,,2007 - 2008,
,,2009 - 2010,
,,2010 - 2011,
,,2011 - 2012,
,,2012 - 2013,
,,2013 - 2014,
,,2014 - 2015,
,,2015 - 2016,
,,2016 - 2017,
,,2017 - 2018,
,,2018 - 2019,
,,2019 - 2020,
,,2020 - 2021,
,,2021 - 2022,
,,2022 - 2023,
,Varanasi,2001 - 2002,
,,2002 - 2003,
,,2004 - 2005,
,,2006 - 2007,
,,2007 - 2008,
Uttarakhand,Almora,2011 - 2012,
,,2012 - 2013,
,,2013 - 2014,
,,2014 - 2015,
,,2015 - 2016,
,,2016 - 2017,
,,2017 - 2018,
,,2018 - 2019,
,,2019 - 2020,
,,2020 - 2021,
,,2021 - 2022,
,Bageshwar,2006 - 2007,
,,2007 - 2008,
,,2008 - 2009,
,,2009 - 2010,
,,2010 - 2011,
,,2011 - 2012,
,,2012 - 2013,
,,2013 - 2014,
,,2014 - 2015,
,,2015 - 2016,
,,2016 - 2017,
,,2018 - 2019,
,,2019 - 2020,
,,2020 - 2021,
,,2021 - 2022,
,Chamoli,2011 - 2012,
,,2012 - 2013,
,,2013 - 2014,
,,2015 - 2016,
,,2016 - 2017,
,,2017 - 2018,
,,2018 - 2019,
,,2019 - 2020,
,,2020 - 2021,
,,2021 - 2022,
,Champawat,2001 - 2002,
,,2002 - 2003,
,,2008 - 2009,
,,2009 - 2010,
,,2010 - 2011,
,,2011 - 2012,
,,2012 - 2013,
,,2013 - 2014,
,,2014 - 2015,
,,2015 - 2016,
,,2016 - 2017,
,,2017 - 2018,
,,2018 - 2019,
,,2019 - 2020,
,,2020 - 2021,
,,2021 - 2022,
,Dehradun,2000 - 2001,
,,2001 - 2002,
,,2002 - 2003,
,,2006 - 2007,
,,2007 - 2008,
,,2008 - 2009,
,,2009 - 2010,
,,2010 - 2011,
,,2011 - 2012,
,,2012 - 2013,
,,2013 - 2014,
,,2014 - 2015,
,,2015 - 2016,
,,2016 - 2017,
,,2017 - 2018,
,,2018 - 2019,
,,2019 - 2020,
,,2020 - 2021,
,,2021 - 2022,
,Haridwar,2000 - 2001,
,,2001 - 2002,
,,2002 - 2003,
,,2007 - 2008,
,,2010 - 2011,
,,2011 - 2012,
,,2012 - 2013,
,,2013 - 2014,
,,2014 - 2015,
,,2015 - 2016,
,,2016 - 2017,
,,2017 - 2018,
,,2018 - 2019,
,,2019 - 2020,
,,2020 - 2021,
,Nainital,2000 - 2001,
,,2001 - 2002,
,,2002 - 2003,
,,2006 - 2007,
,,2007 - 2008,
,,2008 - 2009,
,,2009 - 2010,
,,2010 - 2011,
,,2011 - 2012,
,,2012 - 2013,
,,2013 - 2014,
,,2014 - 2015,
,,2015 - 2016,
,,2016 - 2017,
,,2017 - 2018,
,,2018 - 2019,
,,2019 - 2020,
,,2020 - 2021,
,,2021 - 2022,
,Pauri garhwal,2000 - 2001,
,,2006 - 2007,
,,2007 - 2008,
,,2008 - 2009,
,,2009 - 2010,
,,2010 - 2011,
,,2011 - 2012,
,,2012 - 2013,
,,2013 - 2014,
,,2014 - 2015,
,,2015 - 2016,
,,2016 - 2017,
,,2017 - 2018,
,,2018 - 2019,
,,2019 - 2020,
,,2020 - 2021,
,,2021 - 2022,
,Pithoragarh,2006 - 2007,
,,2007 - 2008,
,,2008 - 2009,
,,2011 - 2012,
,,2012 - 2013,
,,2013 - 2014,
,,2015 - 2016,
,,2016 - 2017,
,,2017 - 2018,
,,2018 - 2019,
,,2019 - 2020,
,,2020 - 2021,
,,2021 - 2022,
,Rudra prayag,2014 - 2015,
,,2018 - 2019,
,,2020 - 2021,
,Tehri garhwal,2014 - 2015,
,,2015 - 2016,
,,2016 - 2017,
,,2017 - 2018,
,,2018 - 2019,
,,2019 - 2020,
,,2020 - 2021,
,,2021 - 2022,
,Udam singh nagar,2000 - 2001,
,,2001 - 2002,
,,2002 - 2003,
,,2006 - 2007,
,,2007 - 2008,
,,2009 - 2010,
,,2010 - 2011,
,,2011 - 2012,
,,2012 - 2013,
,,2013 - 2014,
,,2014 - 2015,
,,2015 - 2016,
,,2016 - 2017,
,,2017 - 2018,
,,2020 - 2021,
,,2021 - 2022,
,Uttar kashi,2015 - 2016,
,,2016 - 2017,
,,2017 - 2018,
,,2018 - 2019,
,,2021 - 2022,
West Bengal,paraganas north,2000 - 2001,
,,2001 - 2002,
,,2002 - 2003,
,,2003 - 2004,
,,2004 - 2005,
,,2005 - 2006,
,,2006 - 2007,
,,2007 - 2008,
,,2008 - 2009,
,paraganas south,2000 - 2001,
,,2001 - 2002,
,,2002 - 2003,
,,2003 - 2004,
,,2004 - 2005,
,,2005 - 2006,
,,2006 - 2007,
,,2007 - 2008,
,,2008 - 2009,
,Bankura,2000 - 2001,
,,2001 - 2002,
,,2002 - 2003,
,,2003 - 2004,
,,2004 - 2005,
,,2005 - 2006,
,,2006 - 2007,
,,2007 - 2008,
,,2008 - 2009,
,Birbhum,2000 - 2001,
,,2001 - 2002,
,,2002 - 2003,
,,2003 - 2004,
,,2004 - 2005,
,,2005 - 2006,
,,2006 - 2007,
,,2007 - 2008,
,,2008 - 2009,
,Coochbehar,2000 - 2001,
,,2001 - 2002,
,,2002 - 2003,
,,2003 - 2004,
,,2004 - 2005,
,,2005 - 2006,
,,2006 - 2007,
,,2007 - 2008,
,,2008 - 2009,
,Darjeeling,2000 - 2001,
,,2001 - 2002,
,,2002 - 2003,
,,2003 - 2004,
,,2004 - 2005,
,,2005 - 2006,
,,2006 - 2007,
,,2007 - 2008,
,,2008 - 2009,
,Dinajpur dakshin,2000 - 2001,
,,2001 - 2002,
,,2002 - 2003,
,,2003 - 2004,
,,2004 - 2005,
,,2005 - 2006,
,,2006 - 2007,
,,2007 - 2008,
,,2008 - 2009,
,Dinajpur uttar,2000 - 2001,
,,2001 - 2002,
,,2002 - 2003,
,,2003 - 2004,
,,2004 - 2005,
,,2005 - 2006,
,,2006 - 2007,
,,2007 - 2008,
,,2008 - 2009,
,Hooghly,2000 - 2001,
,,2001 - 2002,
,,2002 - 2003,
,,2003 - 2004,
,,2004 - 2005,
,,2005 - 2006,
,,2006 - 2007,
,,2007 - 2008,
,,2008 - 2009,
,Howrah,2000 - 2001,
,,2001 - 2002,
,,2002 - 2003,
,,2003 - 2004,
,,2004 - 2005,
,,2005 - 2006,
,,2006 - 2007,
,,2007 - 2008,
,,2008 - 2009,
,Jalpaiguri,2000 - 2001,
,,2001 - 2002,
,,2002 - 2003,
,,2003 - 2004,
,,2004 - 2005,
,,2005 - 2006,
,,2006 - 2007,
,,2007 - 2008,
,,2008 - 2009,
,Maldah,2000 - 2001,
,,2001 - 2002,
,,2002 - 2003,
,,2003 - 2004,
,,2004 - 2005,
,,2005 - 2006,
,,2006 - 2007,
,,2007 - 2008,
,,2008 - 2009,
,Medinipur east,2000 - 2001,
,,2001 - 2002,
,,2002 - 2003,
,,2003 - 2004,
,,2004 - 2005,
,,2005 - 2006,
,,2006 - 2007,
,,2007 - 2008,
,,2008 - 2009,
,Medinipur west,2000 - 2001,
,,2001 - 2002,
,,2002 - 2003,
,,2003 - 2004,
,,2004 - 2005,
,,2005 - 2006,
,,2006 - 2007,
,,2007 - 2008,
,,2008 - 2009,
,Murshidabad,2000 - 2001,
,,2001 - 2002,
,,2002 - 2003,
,,2003 - 2004,
,,2004 - 2005,
,,2005 - 2006,
,,2006 - 2007,
,,2007 - 2008,
,,2008 - 2009,
,Nadia,2000 - 2001,
,,2001 - 2002,
,,2002 - 2003,
,,2003 - 2004,
,,2004 - 2005,
,,2005 - 2006,
,,2006 - 2007,
,,2007 - 2008,
,,2008 - 2009,
,Purba bardhaman,2000 - 2001,
,,2001 - 2002,
,,2002 - 2003,
,,2003 - 2004,
,,2004 - 2005,
,,2005 - 2006,
,,2006 - 2007,
,,2007 - 2008,
,,2008 - 2009,
,Purulia,2000 - 2001,
,,2001 - 2002,
,,2002 - 2003,
,,2003 - 2004,
,,2004 - 2005,
,,2005 - 2006,
,,2006 - 2007,
,,2007 - 2008,
,,2008 - 2009,
