state,district,year,guar_seed_kharif_yield_tonne_per_hectare
Andhra Pradesh,Prakasam,2019 - 2020,
,Spsr nellore,2016 - 2017,
,West godavari,2019 - 2020,0.0
Chhattisgarh,Balrampur,2013 - 2014,0.81
Gujarat,Ahmadabad,2000 - 2001,
,,2001 - 2002,
,,2002 - 2003,
,,2003 - 2004,
,,2004 - 2005,
,,2005 - 2006,
,,2006 - 2007,
,,2007 - 2008,
,,2008 - 2009,
,,2009 - 2010,
,,2010 - 2011,
,,2011 - 2012,
,,2012 - 2013,
,,2013 - 2014,
,,2014 - 2015,
,,2015 - 2016,
,,2016 - 2017,
,,2017 - 2018,
,,2018 - 2019,
,,2019 - 2020,1.1
,,2020 - 2021,0.83
,,2021 - 2022,0.86
,,2022 - 2023,0.71
,Amreli,2000 - 2001,
,,2004 - 2005,
,,2005 - 2006,
,,2013 - 2014,
,,2014 - 2015,
,,2015 - 2016,
,,2016 - 2017,
,,2017 - 2018,
,,2018 - 2019,
,,2020 - 2021,0.67
,Anand,2008 - 2009,
,,2009 - 2010,
,,2010 - 2011,
,,2011 - 2012,
,,2013 - 2014,
,,2014 - 2015,
,,2015 - 2016,
,,2016 - 2017,
,,2017 - 2018,
,,2020 - 2021,0.65
,,2021 - 2022,0.64
,Aravalli,2014 - 2015,
,,2015 - 2016,
,,2016 - 2017,
,,2017 - 2018,
,,2018 - 2019,
,,2019 - 2020,1.6
,,2020 - 2021,1.23
,,2021 - 2022,1.15
,,2022 - 2023,0.71
,Banas kantha,2000 - 2001,
,,2001 - 2002,
,,2002 - 2003,
,,2003 - 2004,
,,2004 - 2005,
,,2005 - 2006,
,,2006 - 2007,
,,2007 - 2008,
,,2008 - 2009,
,,2009 - 2010,
,,2010 - 2011,
,,2011 - 2012,
,,2012 - 2013,
,,2013 - 2014,
,,2014 - 2015,
,,2015 - 2016,
,,2016 - 2017,
,,2017 - 2018,
,,2018 - 2019,
,,2019 - 2020,1.3
,,2020 - 2021,1.3
,,2021 - 2022,1.12
,,2022 - 2023,1.08
,Bharuch,2000 - 2001,
,,2001 - 2002,
,,2002 - 2003,
,,2012 - 2013,
,,2013 - 2014,
,Bhavnagar,2000 - 2001,
,,2006 - 2007,
,,2012 - 2013,
,,2013 - 2014,
,,2014 - 2015,
,,2015 - 2016,
,,2016 - 2017,
,,2017 - 2018,
,,2018 - 2019,
,,2019 - 2020,0.74
,,2021 - 2022,0.6
,,2022 - 2023,0.67
,Botad,2014 - 2015,
,,2015 - 2016,
,,2016 - 2017,
,,2017 - 2018,
,,2018 - 2019,
,,2019 - 2020,0.45
,,2020 - 2021,0.65
,,2021 - 2022,0.67
,Chhotaudepur,2014 - 2015,
,,2016 - 2017,
,,2017 - 2018,
,,2020 - 2021,0.64
,Devbhumi dwarka,2014 - 2015,
,Dohad,2016 - 2017,
,,2017 - 2018,
,,2018 - 2019,
,,2019 - 2020,0.73
,,2020 - 2021,0.65
,Gandhinagar,2000 - 2001,
,,2001 - 2002,
,,2002 - 2003,
,,2003 - 2004,
,,2004 - 2005,
,,2005 - 2006,
,,2006 - 2007,
,,2007 - 2008,
,,2008 - 2009,
,,2009 - 2010,
,,2010 - 2011,
,,2011 - 2012,
,,2012 - 2013,
,,2013 - 2014,
,,2014 - 2015,
,,2015 - 2016,
,,2016 - 2017,
,,2017 - 2018,
,,2018 - 2019,
,,2019 - 2020,0.9
,,2020 - 2021,1.12
,,2021 - 2022,1.1
,,2022 - 2023,1.07
,Gir somnath,2014 - 2015,
,,2015 - 2016,
,,2017 - 2018,
,,2019 - 2020,0.5
,,2020 - 2021,0.63
,Jamnagar,2000 - 2001,
,,2001 - 2002,
,,2007 - 2008,
,,2012 - 2013,
,,2013 - 2014,
,,2014 - 2015,
,,2015 - 2016,
,,2016 - 2017,
,,2017 - 2018,
,,2018 - 2019,
,,2019 - 2020,0.73
,,2020 - 2021,0.65
,,2021 - 2022,0.67
,,2022 - 2023,0.73
,Junagadh,2001 - 2002,
,,2012 - 2013,
,,2013 - 2014,
,,2014 - 2015,
,,2015 - 2016,
,,2020 - 2021,0.65
,Kachchh,2000 - 2001,
,,2001 - 2002,
,,2002 - 2003,
,,2003 - 2004,
,,2004 - 2005,
,,2005 - 2006,
,,2006 - 2007,
,,2007 - 2008,
,,2008 - 2009,
,,2009 - 2010,
,,2010 - 2011,
,,2011 - 2012,
,,2012 - 2013,
,,2013 - 2014,
,,2014 - 2015,
,,2015 - 2016,
,,2016 - 2017,
,,2017 - 2018,
,,2018 - 2019,
,,2019 - 2020,0.58
,,2020 - 2021,0.47
,,2021 - 2022,0.51
,,2022 - 2023,0.6
,Kheda,2000 - 2001,
,,2001 - 2002,
,,2002 - 2003,
,,2003 - 2004,
,,2004 - 2005,
,,2005 - 2006,
,,2006 - 2007,
,,2007 - 2008,
,,2008 - 2009,
,,2009 - 2010,
,,2010 - 2011,
,,2011 - 2012,
,,2012 - 2013,
,,2013 - 2014,
,,2014 - 2015,
,,2015 - 2016,
,,2016 - 2017,
,,2017 - 2018,
,,2018 - 2019,
,,2019 - 2020,0.72
,,2020 - 2021,0.77
,,2021 - 2022,0.75
,,2022 - 2023,1.15
,Mahesana,2000 - 2001,
,,2001 - 2002,
,,2002 - 2003,
,,2003 - 2004,
,,2004 - 2005,
,,2005 - 2006,
,,2006 - 2007,
,,2007 - 2008,
,,2008 - 2009,
,,2009 - 2010,
,,2010 - 2011,
,,2011 - 2012,
,,2012 - 2013,
,,2013 - 2014,
,,2014 - 2015,
,,2015 - 2016,
,,2016 - 2017,
,,2017 - 2018,
,,2018 - 2019,
,,2019 - 2020,0.72
,,2020 - 2021,0.9
,,2021 - 2022,0.81
,,2022 - 2023,0.92
,Mahisagar,2014 - 2015,
,,2015 - 2016,
,,2016 - 2017,
,,2017 - 2018,
,,2018 - 2019,
,,2019 - 2020,0.67
,,2020 - 2021,0.65
,,2021 - 2022,0.65
,,2022 - 2023,0.71
,Morbi,2021 - 2022,0.65
,,2022 - 2023,1.81
,Narmada,2013 - 2014,
,,2014 - 2015,
,,2015 - 2016,
,Navsari,2011 - 2012,
,,2012 - 2013,
,,2013 - 2014,
,,2014 - 2015,
,Panch mahals,2000 - 2001,
,,2001 - 2002,
,,2002 - 2003,
,,2003 - 2004,
,,2004 - 2005,
,,2005 - 2006,
,,2006 - 2007,
,,2007 - 2008,
,,2008 - 2009,
,,2009 - 2010,
,,2010 - 2011,
,,2011 - 2012,
,,2012 - 2013,
,,2013 - 2014,
,,2014 - 2015,
,,2015 - 2016,
,,2016 - 2017,
,,2017 - 2018,
,,2018 - 2019,
,,2019 - 2020,0.98
,,2020 - 2021,1.07
,,2021 - 2022,1.03
,,2022 - 2023,0.71
,Patan,2003 - 2004,
,,2004 - 2005,
,,2005 - 2006,
,,2006 - 2007,
,,2007 - 2008,
,,2008 - 2009,
,,2009 - 2010,
,,2010 - 2011,
,,2011 - 2012,
,,2012 - 2013,
,,2013 - 2014,
,,2014 - 2015,
,,2015 - 2016,
,,2016 - 2017,
,,2017 - 2018,
,,2018 - 2019,
,,2019 - 2020,0.53
,,2020 - 2021,0.27
,,2021 - 2022,0.48
,,2022 - 2023,0.65
,Porbandar,2007 - 2008,
,,2013 - 2014,
,,2014 - 2015,
,,2015 - 2016,
,,2016 - 2017,
,,2018 - 2019,
,Rajkot,2008 - 2009,
,,2012 - 2013,
,,2013 - 2014,
,,2014 - 2015,
,,2015 - 2016,
,,2016 - 2017,
,,2020 - 2021,0.65
,Sabar kantha,2000 - 2001,
,,2001 - 2002,
,,2002 - 2003,
,,2003 - 2004,
,,2004 - 2005,
,,2005 - 2006,
,,2006 - 2007,
,,2007 - 2008,
,,2008 - 2009,
,,2009 - 2010,
,,2010 - 2011,
,,2011 - 2012,
,,2012 - 2013,
,,2013 - 2014,
,,2014 - 2015,
,,2015 - 2016,
,,2016 - 2017,
,,2017 - 2018,
,,2018 - 2019,
,,2019 - 2020,1.08
,,2020 - 2021,1.31
,,2021 - 2022,1.24
,,2022 - 2023,1.43
,Surat,2008 - 2009,
,,2010 - 2011,
,,2011 - 2012,
,,2013 - 2014,
,,2014 - 2015,
,,2015 - 2016,
,,2016 - 2017,
,,2017 - 2018,
,,2018 - 2019,
,,2019 - 2020,0.73
,,2020 - 2021,0.66
,,2021 - 2022,0.65
,,2022 - 2023,0.71
,Surendranagar,2012 - 2013,
,,2013 - 2014,
,,2014 - 2015,
,,2015 - 2016,
,,2016 - 2017,
,,2017 - 2018,
,,2018 - 2019,
,,2019 - 2020,0.72
,,2020 - 2021,0.65
,,2021 - 2022,0.65
,,2022 - 2023,0.71
,Tapi,2020 - 2021,0.66
,Vadodara,2000 - 2001,
,,2001 - 2002,
,,2002 - 2003,
,,2003 - 2004,
,,2004 - 2005,
,,2005 - 2006,
,,2006 - 2007,
,,2007 - 2008,
,,2009 - 2010,
,,2010 - 2011,
,,2011 - 2012,
,,2012 - 2013,
,,2013 - 2014,
,,2014 - 2015,
,,2015 - 2016,
,,2016 - 2017,
,,2017 - 2018,
,,2018 - 2019,
,,2019 - 2020,0.73
,,2020 - 2021,0.65
,,2021 - 2022,0.65
Haryana,Bhiwani,2012 - 2013,
,,2017 - 2018,0.81
,,2018 - 2019,0.81
,,2019 - 2020,0.9
,,2020 - 2021,
,,2021 - 2022,
,Charki dadri,2017 - 2018,0.82
,,2018 - 2019,0.89
,,2019 - 2020,0.9
,,2020 - 2021,
,,2021 - 2022,
,Faridabad,2018 - 2019,0.89
,,2019 - 2020,0.89
,,2020 - 2021,
,,2021 - 2022,
,Fatehabad,2012 - 2013,
,,2017 - 2018,0.84
,,2018 - 2019,0.95
,,2019 - 2020,0.95
,,2020 - 2021,
,,2021 - 2022,
,Gurgaon,2012 - 2013,
,,2017 - 2018,0.83
,,2018 - 2019,0.8
,,2019 - 2020,0.8
,,2020 - 2021,
,,2021 - 2022,
,Hisar,2012 - 2013,
,,2017 - 2018,0.85
,,2018 - 2019,0.89
,,2019 - 2020,1.0
,,2020 - 2021,
,,2021 - 2022,
,Jhajjar,2012 - 2013,
,,2017 - 2018,0.81
,,2018 - 2019,0.96
,,2019 - 2020,0.95
,,2020 - 2021,
,,2021 - 2022,
,Jind,2012 - 2013,
,,2017 - 2018,0.67
,,2018 - 2019,0.7
,,2019 - 2020,0.7
,,2020 - 2021,
,,2021 - 2022,
,Kaithal,2012 - 2013,
,Karnal,2012 - 2013,
,,2018 - 2019,0.94
,,2019 - 2020,0.9
,,2020 - 2021,
,Mahendragarh,2012 - 2013,
,,2017 - 2018,0.83
,,2018 - 2019,0.87
,,2019 - 2020,0.87
,,2020 - 2021,
,,2021 - 2022,
,Mewat,2012 - 2013,
,,2017 - 2018,1.0
,,2018 - 2019,0.83
,,2019 - 2020,0.78
,,2020 - 2021,
,,2021 - 2022,
,Palwal,2017 - 2018,0.0
,,2021 - 2022,
,Panchkula,2012 - 2013,
,,2019 - 2020,1.0
,,2020 - 2021,
,,2021 - 2022,
,Panipat,2012 - 2013,
,,2019 - 2020,1.0
,,2020 - 2021,
,,2021 - 2022,
,Rewari,2012 - 2013,
,,2017 - 2018,0.81
,,2018 - 2019,0.88
,,2019 - 2020,0.88
,,2020 - 2021,
,,2021 - 2022,
,Rohtak,2012 - 2013,
,,2017 - 2018,0.86
,,2018 - 2019,0.87
,,2019 - 2020,0.86
,,2020 - 2021,
,,2021 - 2022,
,Sirsa,2012 - 2013,
,,2017 - 2018,0.84
,,2018 - 2019,0.82
,,2019 - 2020,0.8
,,2020 - 2021,
,,2021 - 2022,
,Sonipat,2012 - 2013,
,,2018 - 2019,0.8
,,2020 - 2021,
,,2021 - 2022,
Punjab,Amritsar,2021 - 2022,1.03
,Barnala,2008 - 2009,1.0
,,2013 - 2014,1.25
,,2014 - 2015,1.0
,,2015 - 2016,1.65
,,2016 - 2017,1.0
,Bathinda,2002 - 2003,
,,2003 - 2004,
,,2004 - 2005,
,,2005 - 2006,
,,2006 - 2007,
,,2007 - 2008,0.77
,,2008 - 2009,0.76
,,2009 - 2010,0.79
,,2010 - 2011,0.8
,,2011 - 2012,0.83
,,2012 - 2013,0.88
,,2013 - 2014,0.71
,,2014 - 2015,0.66
,,2015 - 2016,0.4
,,2016 - 2017,0.77
,,2017 - 2018,0.74
,,2018 - 2019,0.76
,,2019 - 2020,0.79
,,2022 - 2023,0.41
,Faridkot,2002 - 2003,
,,2003 - 2004,
,,2004 - 2005,
,,2005 - 2006,
,,2006 - 2007,
,,2007 - 2008,0.5
,,2008 - 2009,1.67
,,2009 - 2010,1.0
,,2010 - 2011,0.75
,,2012 - 2013,0.67
,,2013 - 2014,0.8
,,2014 - 2015,1.71
,,2015 - 2016,1.7
,,2016 - 2017,1.67
,,2017 - 2018,2.0
,,2018 - 2019,2.0
,,2021 - 2022,1.0
,Fatehgarh sahib,2021 - 2022,1.0
,Fazilka,2011 - 2012,0.83
,,2012 - 2013,0.97
,,2013 - 2014,0.86
,,2015 - 2016,0.78
,,2016 - 2017,0.81
,,2017 - 2018,0.73
,,2018 - 2019,0.76
,,2019 - 2020,0.78
,,2020 - 2021,0.78
,,2021 - 2022,1.05
,,2022 - 2023,0.86
,Firozepur,2002 - 2003,
,,2003 - 2004,
,,2004 - 2005,
,,2005 - 2006,
,,2006 - 2007,
,,2007 - 2008,0.84
,,2008 - 2009,0.76
,,2009 - 2010,0.7
,,2010 - 2011,0.92
,,2013 - 2014,1.0
,,2014 - 2015,0.77
,,2015 - 2016,0.7
,,2016 - 2017,1.0
,,2017 - 2018,1.0
,,2021 - 2022,1.0
,Hoshiarpur,2021 - 2022,1.06
,Jalandhar,2021 - 2022,1.04
,Kapurthala,2021 - 2022,1.06
,Mansa,2002 - 2003,
,,2003 - 2004,
,,2004 - 2005,
,,2005 - 2006,
,,2006 - 2007,
,,2007 - 2008,0.85
,,2008 - 2009,0.85
,,2009 - 2010,0.83
,,2010 - 2011,0.94
,,2011 - 2012,0.84
,,2012 - 2013,1.0
,,2013 - 2014,0.94
,,2014 - 2015,0.74
,,2015 - 2016,0.95
,,2016 - 2017,1.04
,,2017 - 2018,1.11
,,2018 - 2019,1.17
,,2019 - 2020,1.22
,,2022 - 2023,1.43
,Moga,2003 - 2004,
,,2004 - 2005,
,,2009 - 2010,1.0
,Muktsar,2002 - 2003,
,,2003 - 2004,
,,2004 - 2005,
,,2005 - 2006,
,,2006 - 2007,
,,2007 - 2008,0.9
,,2008 - 2009,0.87
,,2009 - 2010,1.15
,,2010 - 2011,1.21
,,2012 - 2013,1.16
,,2013 - 2014,0.67
,,2014 - 2015,0.63
,,2015 - 2016,0.2
,,2016 - 2017,1.04
,,2017 - 2018,0.8
,,2018 - 2019,0.83
,,2019 - 2020,0.8
,,2020 - 2021,1.6
,,2021 - 2022,0.75
,,2022 - 2023,1.0
,Nawanshahr,2013 - 2014,1.0
,,2014 - 2015,1.0
,,2020 - 2021,1.0
,Patiala,2004 - 2005,
,Rupnagar,2021 - 2022,1.07
,Sangrur,2003 - 2004,
,,2004 - 2005,
,,2005 - 2006,
,,2013 - 2014,1.0
,,2014 - 2015,1.0
,,2015 - 2016,0.2
,,2016 - 2017,1.0
,,2017 - 2018,1.0
,,2018 - 2019,1.0
,,2020 - 2021,1.0
Rajasthan,Ajmer,2000 - 2001,
,,2001 - 2002,
,,2002 - 2003,
,,2003 - 2004,
,,2004 - 2005,
,,2005 - 2006,
,,2006 - 2007,
,,2007 - 2008,
,,2008 - 2009,
,,2009 - 2010,
,,2010 - 2011,
,,2011 - 2012,
,,2012 - 2013,
,,2013 - 2014,
,,2014 - 2015,
,,2015 - 2016,
,,2016 - 2017,
,,2017 - 2018,
,,2018 - 2019,
,,2019 - 2020,
,,2020 - 2021,
,,2021 - 2022,
,,2022 - 2023,
,Alwar,2000 - 2001,
,,2001 - 2002,
,,2002 - 2003,
,,2003 - 2004,
,,2004 - 2005,
,,2005 - 2006,
,,2006 - 2007,
,,2007 - 2008,
,,2008 - 2009,
,,2009 - 2010,
,,2010 - 2011,
,,2011 - 2012,
,,2012 - 2013,
,,2013 - 2014,
,,2014 - 2015,
,,2015 - 2016,
,,2016 - 2017,
,,2017 - 2018,
,,2018 - 2019,
,,2019 - 2020,
,,2020 - 2021,
,,2021 - 2022,
,,2022 - 2023,
,Banswara,2000 - 2001,
,,2001 - 2002,
,,2002 - 2003,
,,2003 - 2004,
,,2004 - 2005,
,,2005 - 2006,
,,2006 - 2007,
,,2007 - 2008,
,,2009 - 2010,
,,2010 - 2011,
,,2011 - 2012,
,,2012 - 2013,
,,2013 - 2014,
,,2014 - 2015,
,,2015 - 2016,
,,2016 - 2017,
,,2017 - 2018,
,,2018 - 2019,
,,2019 - 2020,
,,2020 - 2021,
,,2021 - 2022,
,,2022 - 2023,
,Baran,2003 - 2004,
,,2004 - 2005,
,,2005 - 2006,
,,2013 - 2014,
,,2014 - 2015,
,,2015 - 2016,
,,2016 - 2017,
,,2017 - 2018,
,,2018 - 2019,
,,2022 - 2023,
,Barmer,2000 - 2001,
,,2001 - 2002,
,,2002 - 2003,
,,2003 - 2004,
,,2004 - 2005,
,,2005 - 2006,
,,2006 - 2007,
,,2007 - 2008,
,,2008 - 2009,
,,2009 - 2010,
,,2010 - 2011,
,,2011 - 2012,
,,2012 - 2013,
,,2013 - 2014,
,,2014 - 2015,
,,2015 - 2016,
,,2016 - 2017,
,,2017 - 2018,
,,2018 - 2019,
,,2019 - 2020,
,,2020 - 2021,
,,2021 - 2022,
,,2022 - 2023,
,Bharatpur,2000 - 2001,
,,2001 - 2002,
,,2002 - 2003,
,,2003 - 2004,
,,2004 - 2005,
,,2005 - 2006,
,,2006 - 2007,
,,2007 - 2008,
,,2008 - 2009,
,,2009 - 2010,
,,2010 - 2011,
,,2011 - 2012,
,,2012 - 2013,
,,2013 - 2014,
,,2014 - 2015,
,,2015 - 2016,
,,2016 - 2017,
,,2017 - 2018,
,,2018 - 2019,
,,2019 - 2020,
,,2020 - 2021,
,,2021 - 2022,
,,2022 - 2023,
,Bhilwara,2000 - 2001,
,,2001 - 2002,
,,2002 - 2003,
,,2003 - 2004,
,,2004 - 2005,
,,2005 - 2006,
,,2006 - 2007,
,,2007 - 2008,
,,2008 - 2009,
,,2009 - 2010,
,,2010 - 2011,
,,2011 - 2012,
,,2012 - 2013,
,,2013 - 2014,
,,2014 - 2015,
,,2015 - 2016,
,,2016 - 2017,
,,2017 - 2018,
,,2018 - 2019,
,,2019 - 2020,
,,2020 - 2021,
,,2021 - 2022,
,,2022 - 2023,
,Bikaner,2000 - 2001,
,,2001 - 2002,
,,2002 - 2003,
,,2003 - 2004,
,,2004 - 2005,
,,2005 - 2006,
,,2006 - 2007,
,,2007 - 2008,
,,2008 - 2009,
,,2009 - 2010,
,,2010 - 2011,
,,2011 - 2012,
,,2012 - 2013,
,,2013 - 2014,
,,2014 - 2015,
,,2015 - 2016,
,,2016 - 2017,
,,2017 - 2018,
,,2018 - 2019,
,,2019 - 2020,
,,2020 - 2021,
,,2021 - 2022,
,,2022 - 2023,
,Bundi,2000 - 2001,
,,2001 - 2002,
,,2002 - 2003,
,,2003 - 2004,
,,2004 - 2005,
,,2005 - 2006,
,,2006 - 2007,
,,2007 - 2008,
,,2008 - 2009,
,,2009 - 2010,
,,2010 - 2011,
,,2011 - 2012,
,,2012 - 2013,
,,2013 - 2014,
,,2014 - 2015,
,,2015 - 2016,
,,2016 - 2017,
,,2017 - 2018,
,,2018 - 2019,
,,2019 - 2020,
,,2020 - 2021,
,,2021 - 2022,
,,2022 - 2023,
,Chittorgarh,2000 - 2001,
,,2001 - 2002,
,,2002 - 2003,
,,2003 - 2004,
,,2004 - 2005,
,,2005 - 2006,
,,2006 - 2007,
,,2007 - 2008,
,,2008 - 2009,
,,2009 - 2010,
,,2010 - 2011,
,,2011 - 2012,
,,2012 - 2013,
,,2013 - 2014,
,,2014 - 2015,
,,2015 - 2016,
,,2016 - 2017,
,,2017 - 2018,
,,2018 - 2019,
,,2019 - 2020,
,,2020 - 2021,
,,2021 - 2022,
,,2022 - 2023,
,Churu,2000 - 2001,
,,2001 - 2002,
,,2002 - 2003,
,,2003 - 2004,
,,2004 - 2005,
,,2005 - 2006,
,,2006 - 2007,
,,2007 - 2008,
,,2008 - 2009,
,,2009 - 2010,
,,2010 - 2011,
,,2011 - 2012,
,,2012 - 2013,
,,2013 - 2014,
,,2014 - 2015,
,,2015 - 2016,
,,2016 - 2017,
,,2017 - 2018,
,,2018 - 2019,
,,2019 - 2020,
,,2020 - 2021,
,,2021 - 2022,
,,2022 - 2023,
,Dausa,2000 - 2001,
,,2001 - 2002,
,,2002 - 2003,
,,2003 - 2004,
,,2004 - 2005,
,,2005 - 2006,
,,2006 - 2007,
,,2007 - 2008,
,,2008 - 2009,
,,2009 - 2010,
,,2010 - 2011,
,,2011 - 2012,
,,2012 - 2013,
,,2013 - 2014,
,,2014 - 2015,
,,2015 - 2016,
,,2016 - 2017,
,,2017 - 2018,
,,2018 - 2019,
,,2019 - 2020,
,,2020 - 2021,
,,2021 - 2022,
,,2022 - 2023,
,Dholpur,2000 - 2001,
,,2001 - 2002,
,,2002 - 2003,
,,2003 - 2004,
,,2004 - 2005,
,,2005 - 2006,
,,2006 - 2007,
,,2007 - 2008,
,,2008 - 2009,
,,2009 - 2010,
,,2010 - 2011,
,,2011 - 2012,
,,2012 - 2013,
,,2013 - 2014,
,,2014 - 2015,
,,2015 - 2016,
,,2016 - 2017,
,,2017 - 2018,
,,2018 - 2019,
,,2019 - 2020,
,,2020 - 2021,
,,2021 - 2022,
,,2022 - 2023,
,Dungarpur,2000 - 2001,
,,2002 - 2003,
,,2003 - 2004,
,,2004 - 2005,
,,2005 - 2006,
,,2006 - 2007,
,,2007 - 2008,
,,2008 - 2009,
,,2009 - 2010,
,,2010 - 2011,
,,2011 - 2012,
,,2012 - 2013,
,,2013 - 2014,
,,2014 - 2015,
,,2015 - 2016,
,,2016 - 2017,
,,2017 - 2018,
,,2018 - 2019,
,,2019 - 2020,
,,2020 - 2021,
,,2021 - 2022,
,,2022 - 2023,
,Ganganagar,2000 - 2001,
,,2001 - 2002,
,,2002 - 2003,
,,2003 - 2004,
,,2004 - 2005,
,,2005 - 2006,
,,2006 - 2007,
,,2007 - 2008,
,,2008 - 2009,
,,2009 - 2010,
,,2010 - 2011,
,,2011 - 2012,
,,2012 - 2013,
,,2013 - 2014,
,,2014 - 2015,
,,2015 - 2016,
,,2016 - 2017,
,,2017 - 2018,
,,2018 - 2019,
,,2019 - 2020,
,,2020 - 2021,
,,2021 - 2022,
,,2022 - 2023,
,Hanumangarh,2000 - 2001,
,,2001 - 2002,
,,2002 - 2003,
,,2003 - 2004,
,,2004 - 2005,
,,2005 - 2006,
,,2006 - 2007,
,,2007 - 2008,
,,2008 - 2009,
,,2009 - 2010,
,,2010 - 2011,
,,2011 - 2012,
,,2012 - 2013,
,,2013 - 2014,
,,2014 - 2015,
,,2015 - 2016,
,,2016 - 2017,
,,2017 - 2018,
,,2018 - 2019,
,,2019 - 2020,
,,2020 - 2021,
,,2021 - 2022,
,,2022 - 2023,
,Jaipur,2000 - 2001,
,,2001 - 2002,
,,2002 - 2003,
,,2003 - 2004,
,,2004 - 2005,
,,2005 - 2006,
,,2006 - 2007,
,,2007 - 2008,
,,2008 - 2009,
,,2009 - 2010,
,,2010 - 2011,
,,2011 - 2012,
,,2012 - 2013,
,,2013 - 2014,
,,2014 - 2015,
,,2015 - 2016,
,,2016 - 2017,
,,2017 - 2018,
,,2018 - 2019,
,,2019 - 2020,
,,2020 - 2021,
,,2021 - 2022,
,,2022 - 2023,
,Jaisalmer,2000 - 2001,
,,2001 - 2002,
,,2002 - 2003,
,,2003 - 2004,
,,2004 - 2005,
,,2005 - 2006,
,,2006 - 2007,
,,2007 - 2008,
,,2008 - 2009,
,,2009 - 2010,
,,2010 - 2011,
,,2011 - 2012,
,,2012 - 2013,
,,2013 - 2014,
,,2014 - 2015,
,,2015 - 2016,
,,2016 - 2017,
,,2017 - 2018,
,,2018 - 2019,
,,2019 - 2020,
,,2020 - 2021,
,,2021 - 2022,
,,2022 - 2023,
,Jalore,2000 - 2001,
,,2001 - 2002,
,,2002 - 2003,
,,2003 - 2004,
,,2004 - 2005,
,,2005 - 2006,
,,2006 - 2007,
,,2007 - 2008,
,,2008 - 2009,
,,2009 - 2010,
,,2010 - 2011,
,,2011 - 2012,
,,2012 - 2013,
,,2013 - 2014,
,,2014 - 2015,
,,2015 - 2016,
,,2016 - 2017,
,,2017 - 2018,
,,2018 - 2019,
,,2019 - 2020,
,,2020 - 2021,
,,2021 - 2022,
,,2022 - 2023,
,Jhalawar,2008 - 2009,
,,2012 - 2013,
,,2013 - 2014,
,,2014 - 2015,
,,2015 - 2016,
,,2016 - 2017,
,,2017 - 2018,
,,2018 - 2019,
,,2020 - 2021,
,,2021 - 2022,
,,2022 - 2023,
,Jhunjhunu,2000 - 2001,
,,2001 - 2002,
,,2002 - 2003,
,,2003 - 2004,
,,2004 - 2005,
,,2005 - 2006,
,,2006 - 2007,
,,2007 - 2008,
,,2008 - 2009,
,,2009 - 2010,
,,2010 - 2011,
,,2011 - 2012,
,,2012 - 2013,
,,2013 - 2014,
,,2014 - 2015,
,,2015 - 2016,
,,2016 - 2017,
,,2017 - 2018,
,,2018 - 2019,
,,2019 - 2020,
,,2020 - 2021,
,,2021 - 2022,
,,2022 - 2023,
,Jodhpur,2000 - 2001,
,,2001 - 2002,
,,2002 - 2003,
,,2003 - 2004,
,,2004 - 2005,
,,2005 - 2006,
,,2006 - 2007,
,,2007 - 2008,
,,2008 - 2009,
,,2009 - 2010,
,,2010 - 2011,
,,2011 - 2012,
,,2012 - 2013,
,,2013 - 2014,
,,2014 - 2015,
,,2015 - 2016,
,,2016 - 2017,
,,2017 - 2018,
,,2018 - 2019,
,,2019 - 2020,
,,2020 - 2021,
,,2021 - 2022,
,,2022 - 2023,
,Karauli,2000 - 2001,
,,2001 - 2002,
,,2002 - 2003,
,,2003 - 2004,
,,2004 - 2005,
,,2005 - 2006,
,,2006 - 2007,
,,2007 - 2008,
,,2008 - 2009,
,,2009 - 2010,
,,2010 - 2011,
,,2011 - 2012,
,,2012 - 2013,
,,2013 - 2014,
,,2014 - 2015,
,,2015 - 2016,
,,2016 - 2017,
,,2017 - 2018,
,,2018 - 2019,
,,2019 - 2020,
,,2020 - 2021,
,,2021 - 2022,
,,2022 - 2023,
,Kota,2000 - 2001,
,,2001 - 2002,
,,2003 - 2004,
,,2006 - 2007,
,,2007 - 2008,
,,2012 - 2013,
,,2013 - 2014,
,,2014 - 2015,
,,2015 - 2016,
,,2016 - 2017,
,,2017 - 2018,
,,2018 - 2019,
,Nagaur,2000 - 2001,
,,2001 - 2002,
,,2002 - 2003,
,,2003 - 2004,
,,2004 - 2005,
,,2005 - 2006,
,,2006 - 2007,
,,2007 - 2008,
,,2008 - 2009,
,,2009 - 2010,
,,2010 - 2011,
,,2011 - 2012,
,,2012 - 2013,
,,2013 - 2014,
,,2014 - 2015,
,,2015 - 2016,
,,2016 - 2017,
,,2017 - 2018,
,,2018 - 2019,
,,2019 - 2020,
,,2020 - 2021,
,,2021 - 2022,
,,2022 - 2023,
,Pali,2000 - 2001,
,,2001 - 2002,
,,2002 - 2003,
,,2003 - 2004,
,,2004 - 2005,
,,2005 - 2006,
,,2006 - 2007,
,,2007 - 2008,
,,2008 - 2009,
,,2009 - 2010,
,,2010 - 2011,
,,2011 - 2012,
,,2012 - 2013,
,,2013 - 2014,
,,2014 - 2015,
,,2015 - 2016,
,,2016 - 2017,
,,2017 - 2018,
,,2018 - 2019,
,,2019 - 2020,
,,2020 - 2021,
,,2021 - 2022,
,,2022 - 2023,
,Pratapgarh,2008 - 2009,
,,2009 - 2010,
,,2010 - 2011,
,,2011 - 2012,
,,2012 - 2013,
,,2013 - 2014,
,,2014 - 2015,
,,2016 - 2017,
,,2017 - 2018,
,,2018 - 2019,
,,2019 - 2020,
,,2020 - 2021,
,,2021 - 2022,
,,2022 - 2023,
,Rajsamand,2000 - 2001,
,,2001 - 2002,
,,2002 - 2003,
,,2003 - 2004,
,,2004 - 2005,
,,2005 - 2006,
,,2006 - 2007,
,,2007 - 2008,
,,2008 - 2009,
,,2009 - 2010,
,,2010 - 2011,
,,2011 - 2012,
,,2012 - 2013,
,,2013 - 2014,
,,2014 - 2015,
,,2015 - 2016,
,,2016 - 2017,
,,2017 - 2018,
,,2018 - 2019,
,,2019 - 2020,
,,2020 - 2021,
,,2021 - 2022,
,,2022 - 2023,
,Sawai madhopur,2000 - 2001,
,,2001 - 2002,
,,2002 - 2003,
,,2003 - 2004,
,,2004 - 2005,
,,2005 - 2006,
,,2006 - 2007,
,,2007 - 2008,
,,2008 - 2009,
,,2009 - 2010,
,,2010 - 2011,
,,2011 - 2012,
,,2012 - 2013,
,,2013 - 2014,
,,2014 - 2015,
,,2015 - 2016,
,,2016 - 2017,
,,2017 - 2018,
,,2018 - 2019,
,,2019 - 2020,
,,2020 - 2021,
,,2021 - 2022,
,,2022 - 2023,
,Sikar,2000 - 2001,
,,2001 - 2002,
,,2002 - 2003,
,,2003 - 2004,
,,2004 - 2005,
,,2005 - 2006,
,,2006 - 2007,
,,2007 - 2008,
,,2008 - 2009,
,,2009 - 2010,
,,2010 - 2011,
,,2011 - 2012,
,,2012 - 2013,
,,2013 - 2014,
,,2014 - 2015,
,,2015 - 2016,
,,2016 - 2017,
,,2017 - 2018,
,,2018 - 2019,
,,2019 - 2020,
,,2020 - 2021,
,,2021 - 2022,
,,2022 - 2023,
,Sirohi,2000 - 2001,
,,2001 - 2002,
,,2002 - 2003,
,,2003 - 2004,
,,2004 - 2005,
,,2005 - 2006,
,,2006 - 2007,
,,2007 - 2008,
,,2008 - 2009,
,,2009 - 2010,
,,2010 - 2011,
,,2011 - 2012,
,,2012 - 2013,
,,2013 - 2014,
,,2014 - 2015,
,,2015 - 2016,
,,2016 - 2017,
,,2017 - 2018,
,,2018 - 2019,
,,2019 - 2020,
,,2020 - 2021,
,,2021 - 2022,
,,2022 - 2023,
,Tonk,2000 - 2001,
,,2001 - 2002,
,,2002 - 2003,
,,2003 - 2004,
,,2004 - 2005,
,,2005 - 2006,
,,2006 - 2007,
,,2007 - 2008,
,,2008 - 2009,
,,2009 - 2010,
,,2010 - 2011,
,,2011 - 2012,
,,2012 - 2013,
,,2013 - 2014,
,,2014 - 2015,
,,2015 - 2016,
,,2016 - 2017,
,,2017 - 2018,
,,2018 - 2019,
,,2019 - 2020,
,,2020 - 2021,
,,2021 - 2022,
,,2022 - 2023,
,Udaipur,2000 - 2001,
,,2001 - 2002,
,,2002 - 2003,
,,2003 - 2004,
,,2004 - 2005,
,,2005 - 2006,
,,2006 - 2007,
,,2007 - 2008,
,,2008 - 2009,
,,2009 - 2010,
,,2010 - 2011,
,,2011 - 2012,
,,2012 - 2013,
,,2013 - 2014,
,,2014 - 2015,
,,2015 - 2016,
,,2016 - 2017,
,,2017 - 2018,
,,2018 - 2019,
,,2019 - 2020,
,,2020 - 2021,
,,2021 - 2022,
,,2022 - 2023,
Uttar Pradesh,Agra,2004 - 2005,
,,2005 - 2006,
,,2006 - 2007,
,,2007 - 2008,0.84
,,2008 - 2009,0.84
,,2009 - 2010,0.84
,,2010 - 2011,0.83
,,2011 - 2012,0.82
,,2012 - 2013,0.81
,,2013 - 2014,0.82
,,2014 - 2015,0.82
,,2015 - 2016,0.82
,,2016 - 2017,0.72
,,2017 - 2018,0.72
,,2018 - 2019,0.72
,,2019 - 2020,0.72
,,2020 - 2021,0.72
,,2021 - 2022,0.72
,,2022 - 2023,0.72
,Aligarh,2004 - 2005,
,,2005 - 2006,
,,2006 - 2007,
,,2007 - 2008,0.84
,,2008 - 2009,0.84
,,2009 - 2010,0.84
,,2010 - 2011,0.83
,,2011 - 2012,0.82
,,2012 - 2013,0.82
,,2013 - 2014,0.82
,,2014 - 2015,0.81
,,2015 - 2016,0.83
,,2016 - 2017,0.71
,,2017 - 2018,0.72
,,2018 - 2019,0.72
,,2019 - 2020,0.72
,,2020 - 2021,0.72
,,2021 - 2022,0.72
,,2022 - 2023,0.72
,Allahabad,2004 - 2005,
,,2005 - 2006,
,,2006 - 2007,
,,2007 - 2008,0.82
,,2008 - 2009,0.85
,,2009 - 2010,0.83
,,2010 - 2011,0.85
,,2011 - 2012,0.88
,,2012 - 2013,0.81
,,2013 - 2014,0.82
,,2014 - 2015,1.0
,,2015 - 2016,0.81
,,2016 - 2017,0.72
,,2017 - 2018,0.73
,,2018 - 2019,0.73
,,2019 - 2020,0.73
,,2020 - 2021,0.73
,,2021 - 2022,0.71
,,2022 - 2023,0.7
,Ambedkar nagar,2004 - 2005,
,,2006 - 2007,
,,2007 - 2008,1.0
,,2008 - 2009,0.84
,,2009 - 2010,0.82
,,2010 - 2011,0.83
,,2011 - 2012,0.81
,,2012 - 2013,0.79
,,2013 - 2014,0.83
,,2014 - 2015,0.81
,,2016 - 2017,0.73
,,2017 - 2018,0.73
,,2019 - 2020,0.67
,,2020 - 2021,0.75
,,2021 - 2022,0.67
,,2022 - 2023,0.75
,Amethi,2012 - 2013,1.0
,,2014 - 2015,0.86
,,2016 - 2017,0.67
,,2017 - 2018,0.75
,,2019 - 2020,0.7
,,2020 - 2021,0.71
,,2021 - 2022,0.75
,,2022 - 2023,0.67
,Amroha,2013 - 2014,1.0
,,2015 - 2016,0.75
,,2016 - 2017,1.0
,,2017 - 2018,0.5
,Auraiya,2004 - 2005,
,,2005 - 2006,
,,2006 - 2007,
,,2007 - 2008,0.87
,,2008 - 2009,0.84
,,2009 - 2010,0.84
,,2010 - 2011,0.84
,,2011 - 2012,0.81
,,2012 - 2013,0.81
,,2013 - 2014,0.8
,,2014 - 2015,0.83
,,2015 - 2016,0.81
,,2016 - 2017,0.73
,,2017 - 2018,0.71
,,2020 - 2021,0.71
,,2021 - 2022,0.71
,,2022 - 2023,0.74
,Azamgarh,2004 - 2005,
,,2005 - 2006,
,,2006 - 2007,
,,2007 - 2008,0.88
,,2008 - 2009,0.84
,,2009 - 2010,0.84
,,2010 - 2011,0.83
,,2011 - 2012,0.8
,,2012 - 2013,0.81
,,2013 - 2014,0.83
,,2014 - 2015,0.83
,,2015 - 2016,0.83
,,2016 - 2017,0.71
,,2017 - 2018,0.71
,,2018 - 2019,0.73
,,2019 - 2020,0.72
,,2020 - 2021,0.7
,,2021 - 2022,0.72
,,2022 - 2023,0.72
,Bahraich,2004 - 2005,
,,2005 - 2006,
,,2006 - 2007,
,,2007 - 2008,0.83
,,2008 - 2009,0.84
,,2009 - 2010,0.84
,,2010 - 2011,0.82
,,2011 - 2012,0.81
,,2012 - 2013,0.82
,,2013 - 2014,0.82
,,2014 - 2015,0.82
,,2015 - 2016,0.82
,,2016 - 2017,0.71
,,2017 - 2018,0.71
,,2018 - 2019,0.71
,,2019 - 2020,0.71
,,2020 - 2021,0.71
,,2021 - 2022,0.71
,,2022 - 2023,0.71
,Ballia,2004 - 2005,
,,2006 - 2007,
,,2007 - 2008,0.83
,,2008 - 2009,0.83
,,2009 - 2010,0.82
,,2010 - 2011,0.83
,,2011 - 2012,0.82
,,2012 - 2013,0.82
,,2013 - 2014,0.78
,,2014 - 2015,0.79
,,2016 - 2017,0.74
,,2017 - 2018,0.72
,,2018 - 2019,0.71
,,2019 - 2020,0.72
,,2020 - 2021,0.73
,,2021 - 2022,0.72
,,2022 - 2023,0.71
,Balrampur,2005 - 2006,
,,2006 - 2007,
,,2007 - 2008,0.86
,,2008 - 2009,0.85
,,2009 - 2010,0.82
,,2010 - 2011,0.84
,,2011 - 2012,0.81
,,2012 - 2013,0.8
,,2013 - 2014,0.81
,,2014 - 2015,0.81
,,2016 - 2017,0.71
,,2017 - 2018,0.7
,,2018 - 2019,0.72
,,2019 - 2020,0.74
,,2020 - 2021,0.72
,,2021 - 2022,0.71
,,2022 - 2023,0.71
,Banda,2004 - 2005,
,,2005 - 2006,
,,2006 - 2007,
,,2007 - 2008,0.85
,,2008 - 2009,0.84
,,2009 - 2010,0.83
,,2010 - 2011,0.82
,,2011 - 2012,0.8
,,2012 - 2013,0.82
,,2013 - 2014,0.84
,,2014 - 2015,0.81
,,2016 - 2017,0.72
,,2017 - 2018,0.71
,,2018 - 2019,0.72
,,2019 - 2020,0.71
,,2020 - 2021,0.7
,,2021 - 2022,0.72
,,2022 - 2023,0.73
,Barabanki,2005 - 2006,
,,2007 - 2008,0.83
,,2008 - 2009,0.85
,,2009 - 2010,0.84
,,2010 - 2011,0.82
,,2011 - 2012,0.83
,,2012 - 2013,0.81
,,2013 - 2014,0.82
,,2014 - 2015,0.75
,,2015 - 2016,0.75
,,2016 - 2017,0.71
,,2017 - 2018,0.69
,,2019 - 2020,0.73
,,2020 - 2021,0.73
,,2021 - 2022,0.75
,,2022 - 2023,0.73
,Bareilly,2004 - 2005,
,,2005 - 2006,
,,2006 - 2007,
,,2007 - 2008,0.75
,,2008 - 2009,0.85
,,2009 - 2010,0.87
,,2010 - 2011,0.85
,,2011 - 2012,0.79
,,2013 - 2014,0.82
,,2014 - 2015,0.81
,,2016 - 2017,0.72
,,2017 - 2018,0.71
,,2019 - 2020,0.71
,,2020 - 2021,0.71
,,2021 - 2022,0.7
,,2022 - 2023,0.68
,Basti,2004 - 2005,
,,2005 - 2006,
,,2006 - 2007,
,,2007 - 2008,0.86
,,2008 - 2009,0.85
,,2009 - 2010,0.83
,,2010 - 2011,0.86
,,2011 - 2012,0.81
,,2012 - 2013,0.82
,,2014 - 2015,0.81
,,2015 - 2016,0.84
,,2016 - 2017,0.72
,,2017 - 2018,0.73
,,2018 - 2019,0.73
,,2019 - 2020,0.72
,,2020 - 2021,0.72
,,2021 - 2022,0.72
,,2022 - 2023,0.72
,Bijnor,2004 - 2005,
,,2005 - 2006,
,,2006 - 2007,
,,2007 - 2008,0.84
,,2008 - 2009,0.86
,,2009 - 2010,0.83
,,2010 - 2011,0.83
,,2011 - 2012,0.81
,,2012 - 2013,0.84
,,2013 - 2014,0.82
,,2014 - 2015,0.82
,,2015 - 2016,0.83
,,2016 - 2017,0.72
,,2017 - 2018,0.7
,,2019 - 2020,0.73
,,2020 - 2021,0.73
,,2021 - 2022,0.7
,,2022 - 2023,0.72
,Budaun,2004 - 2005,
,,2005 - 2006,
,,2006 - 2007,
,,2007 - 2008,0.82
,,2008 - 2009,0.81
,,2009 - 2010,0.8
,,2010 - 2011,0.83
,,2011 - 2012,0.83
,,2012 - 2013,0.8
,,2013 - 2014,0.83
,,2015 - 2016,0.83
,,2016 - 2017,0.73
,,2017 - 2018,0.71
,,2019 - 2020,0.71
,,2020 - 2021,0.75
,,2021 - 2022,0.67
,,2022 - 2023,0.75
,Bulandshahr,2004 - 2005,
,,2005 - 2006,
,,2006 - 2007,
,,2007 - 2008,0.84
,,2008 - 2009,0.84
,,2009 - 2010,0.83
,,2010 - 2011,0.83
,,2011 - 2012,0.82
,,2012 - 2013,0.82
,,2013 - 2014,0.8
,,2014 - 2015,0.86
,,2016 - 2017,0.69
,,2017 - 2018,0.72
,,2018 - 2019,0.5
,,2019 - 2020,0.73
,,2020 - 2021,0.71
,,2021 - 2022,0.7
,,2022 - 2023,0.71
,Chandauli,2004 - 2005,
,,2005 - 2006,
,,2006 - 2007,
,,2007 - 2008,0.82
,,2008 - 2009,0.83
,,2009 - 2010,0.8
,,2010 - 2011,0.84
,,2011 - 2012,0.82
,,2012 - 2013,0.81
,,2013 - 2014,0.81
,,2014 - 2015,0.81
,,2015 - 2016,0.83
,,2016 - 2017,0.69
,,2017 - 2018,0.69
,,2019 - 2020,0.7
,,2020 - 2021,0.75
,,2021 - 2022,0.67
,,2022 - 2023,0.75
,Chitrakoot,2004 - 2005,
,,2005 - 2006,
,,2006 - 2007,
,,2007 - 2008,0.84
,,2008 - 2009,0.83
,,2009 - 2010,0.83
,,2010 - 2011,0.85
,,2011 - 2012,0.83
,,2012 - 2013,0.81
,,2013 - 2014,0.84
,,2014 - 2015,0.86
,,2015 - 2016,0.82
,,2016 - 2017,0.72
,,2017 - 2018,0.72
,,2018 - 2019,0.72
,,2019 - 2020,0.72
,,2020 - 2021,0.71
,,2021 - 2022,0.71
,,2022 - 2023,0.72
,Deoria,2004 - 2005,
,,2006 - 2007,
,,2007 - 2008,1.0
,,2008 - 2009,1.0
,,2009 - 2010,0.8
,,2010 - 2011,1.0
,,2011 - 2012,0.8
,,2012 - 2013,0.8
,,2014 - 2015,0.8
,,2016 - 2017,0.8
,,2017 - 2018,0.8
,,2018 - 2019,0.75
,,2019 - 2020,0.75
,,2020 - 2021,0.75
,,2021 - 2022,0.8
,,2022 - 2023,0.6
,Etah,2004 - 2005,
,,2005 - 2006,
,,2006 - 2007,
,,2007 - 2008,0.84
,,2008 - 2009,0.84
,,2009 - 2010,0.83
,,2010 - 2011,0.84
,,2011 - 2012,0.81
,,2012 - 2013,0.8
,,2013 - 2014,0.81
,,2014 - 2015,0.83
,,2015 - 2016,0.83
,,2016 - 2017,0.73
,,2017 - 2018,0.72
,,2020 - 2021,0.75
,,2021 - 2022,0.73
,,2022 - 2023,0.75
,Etawah,2004 - 2005,
,,2005 - 2006,
,,2006 - 2007,
,,2007 - 2008,0.82
,,2008 - 2009,0.88
,,2009 - 2010,0.83
,,2010 - 2011,0.78
,,2011 - 2012,0.83
,,2012 - 2013,0.85
,,2013 - 2014,0.81
,,2014 - 2015,0.8
,,2015 - 2016,1.0
,,2016 - 2017,0.71
,,2017 - 2018,0.75
,,2018 - 2019,0.72
,,2019 - 2020,0.74
,,2020 - 2021,0.74
,,2021 - 2022,0.74
,,2022 - 2023,0.75
,Faizabad,2004 - 2005,
,,2005 - 2006,
,,2006 - 2007,
,,2007 - 2008,0.81
,,2008 - 2009,0.85
,,2009 - 2010,0.83
,,2010 - 2011,0.83
,,2011 - 2012,0.82
,,2012 - 2013,0.83
,,2013 - 2014,0.82
,,2014 - 2015,0.82
,,2015 - 2016,0.88
,,2016 - 2017,0.72
,,2017 - 2018,0.71
,,2018 - 2019,0.72
,,2019 - 2020,0.72
,,2020 - 2021,0.72
,,2021 - 2022,0.73
,,2022 - 2023,0.73
,Farrukhabad,2004 - 2005,
,,2005 - 2006,
,,2006 - 2007,
,,2007 - 2008,0.83
,,2008 - 2009,0.86
,,2009 - 2010,0.82
,,2010 - 2011,0.81
,,2011 - 2012,0.81
,,2012 - 2013,0.8
,,2013 - 2014,0.88
,,2014 - 2015,0.8
,,2016 - 2017,0.73
,,2017 - 2018,0.7
,,2018 - 2019,0.67
,,2019 - 2020,0.75
,,2020 - 2021,0.71
,,2021 - 2022,0.75
,,2022 - 2023,0.75
,Fatehpur,2004 - 2005,
,,2005 - 2006,
,,2007 - 2008,0.9
,,2009 - 2010,0.8
,,2010 - 2011,0.75
,,2011 - 2012,0.75
,,2012 - 2013,0.82
,,2013 - 2014,0.83
,,2014 - 2015,1.0
,,2015 - 2016,0.82
,,2016 - 2017,0.71
,,2017 - 2018,0.71
,,2018 - 2019,0.71
,,2019 - 2020,0.72
,,2020 - 2021,0.71
,,2021 - 2022,0.72
,,2022 - 2023,0.72
,Firozabad,2004 - 2005,
,,2005 - 2006,
,,2006 - 2007,
,,2008 - 2009,0.83
,,2009 - 2010,0.83
,,2010 - 2011,0.83
,,2011 - 2012,0.82
,,2012 - 2013,0.82
,,2013 - 2014,0.82
,,2014 - 2015,0.82
,,2015 - 2016,0.86
,,2016 - 2017,0.72
,,2017 - 2018,0.72
,,2018 - 2019,0.7
,,2019 - 2020,0.71
,,2020 - 2021,0.71
,,2021 - 2022,0.72
,,2022 - 2023,0.71
,Gautam buddha nagar,2004 - 2005,
,,2008 - 2009,0.67
,,2009 - 2010,1.0
,,2010 - 2011,1.0
,,2012 - 2013,1.0
,,2014 - 2015,0.8
,,2015 - 2016,0.86
,,2016 - 2017,0.75
,,2017 - 2018,0.71
,,2019 - 2020,0.71
,,2020 - 2021,0.7
,,2021 - 2022,0.73
,,2022 - 2023,0.7
,Ghaziabad,2007 - 2008,1.0
,Ghazipur,2004 - 2005,
,,2005 - 2006,
,,2006 - 2007,
,,2007 - 2008,0.83
,,2008 - 2009,0.83
,,2009 - 2010,0.84
,,2010 - 2011,0.84
,,2011 - 2012,0.81
,,2012 - 2013,0.8
,,2013 - 2014,0.82
,,2014 - 2015,0.81
,,2015 - 2016,0.82
,,2016 - 2017,0.7
,,2017 - 2018,0.72
,,2018 - 2019,0.5
,,2019 - 2020,0.72
,,2020 - 2021,0.72
,,2021 - 2022,0.71
,,2022 - 2023,0.7
,Gonda,2005 - 2006,
,,2006 - 2007,
,,2007 - 2008,0.75
,,2008 - 2009,0.85
,,2009 - 2010,0.83
,,2010 - 2011,0.81
,,2011 - 2012,0.83
,,2012 - 2013,0.83
,,2013 - 2014,0.82
,,2014 - 2015,0.81
,,2015 - 2016,0.86
,,2016 - 2017,0.72
,,2017 - 2018,0.71
,,2019 - 2020,0.71
,,2020 - 2021,0.69
,,2021 - 2022,0.75
,,2022 - 2023,0.73
,Gorakhpur,2004 - 2005,
,,2005 - 2006,
,,2006 - 2007,
,,2007 - 2008,0.67
,,2008 - 2009,0.82
,,2009 - 2010,0.82
,,2010 - 2011,0.81
,,2011 - 2012,0.83
,,2012 - 2013,0.79
,,2013 - 2014,0.87
,,2014 - 2015,0.81
,,2015 - 2016,0.81
,,2016 - 2017,0.69
,,2017 - 2018,0.69
,,2018 - 2019,0.71
,,2019 - 2020,0.69
,,2020 - 2021,0.75
,,2021 - 2022,0.75
,,2022 - 2023,0.73
,Hamirpur,2004 - 2005,
,,2006 - 2007,
,,2008 - 2009,0.88
,,2009 - 2010,0.78
,,2010 - 2011,0.89
,,2011 - 2012,0.75
,,2012 - 2013,0.82
,,2013 - 2014,0.78
,,2014 - 2015,0.8
,,2016 - 2017,0.67
,,2017 - 2018,0.67
,,2019 - 2020,0.67
,,2020 - 2021,0.67
,,2021 - 2022,0.75
,,2022 - 2023,0.67
,Hardoi,2004 - 2005,
,,2005 - 2006,
,,2006 - 2007,
,,2007 - 2008,0.84
,,2008 - 2009,0.85
,,2009 - 2010,0.85
,,2010 - 2011,0.81
,,2011 - 2012,0.84
,,2012 - 2013,0.8
,,2013 - 2014,0.83
,,2014 - 2015,0.83
,,2016 - 2017,0.69
,,2017 - 2018,0.7
,,2018 - 2019,0.72
,,2019 - 2020,0.7
,,2020 - 2021,0.72
,,2021 - 2022,0.73
,,2022 - 2023,0.73
,Hathras,2005 - 2006,
,,2006 - 2007,
,,2008 - 2009,0.84
,,2009 - 2010,0.85
,,2010 - 2011,0.82
,,2011 - 2012,0.83
,,2012 - 2013,0.81
,,2013 - 2014,0.82
,,2014 - 2015,0.81
,,2015 - 2016,0.79
,,2016 - 2017,0.8
,,2017 - 2018,0.72
,,2018 - 2019,0.71
,,2019 - 2020,0.72
,,2020 - 2021,0.71
,,2021 - 2022,0.71
,,2022 - 2023,0.72
,Jalaun,2004 - 2005,
,,2005 - 2006,
,,2006 - 2007,
,,2007 - 2008,0.84
,,2008 - 2009,0.84
,,2009 - 2010,0.83
,,2010 - 2011,0.83
,,2011 - 2012,0.81
,,2012 - 2013,0.81
,,2013 - 2014,0.83
,,2014 - 2015,0.81
,,2015 - 2016,0.81
,,2016 - 2017,0.73
,,2017 - 2018,0.72
,,2018 - 2019,0.72
,,2019 - 2020,0.71
,,2020 - 2021,0.72
,,2021 - 2022,0.72
,,2022 - 2023,0.72
,Jaunpur,2004 - 2005,
,,2005 - 2006,
,,2006 - 2007,
,,2007 - 2008,0.85
,,2008 - 2009,1.0
,,2009 - 2010,0.83
,,2010 - 2011,0.82
,,2011 - 2012,0.84
,,2012 - 2013,1.0
,,2013 - 2014,0.83
,,2014 - 2015,0.78
,,2015 - 2016,0.81
,,2016 - 2017,0.71
,,2017 - 2018,0.74
,,2018 - 2019,0.72
,,2019 - 2020,0.71
,,2020 - 2021,0.71
,,2021 - 2022,0.72
,,2022 - 2023,0.73
,Jhansi,2004 - 2005,
,,2005 - 2006,
,,2007 - 2008,0.88
,,2008 - 2009,0.8
,,2009 - 2010,0.86
,,2010 - 2011,0.83
,,2011 - 2012,0.86
,,2012 - 2013,0.81
,,2013 - 2014,0.82
,,2014 - 2015,0.83
,,2016 - 2017,0.71
,,2017 - 2018,0.74
,,2018 - 2019,0.67
,,2019 - 2020,0.69
,,2020 - 2021,0.73
,,2021 - 2022,0.73
,,2022 - 2023,0.75
,Kannauj,2006 - 2007,
,,2007 - 2008,0.8
,,2008 - 2009,0.5
,,2009 - 2010,1.0
,,2010 - 2011,1.0
,,2011 - 2012,1.0
,,2012 - 2013,0.67
,,2014 - 2015,1.0
,,2016 - 2017,0.5
,,2017 - 2018,0.5
,,2018 - 2019,0.75
,,2019 - 2020,0.5
,,2020 - 2021,0.5
,,2021 - 2022,0.5
,,2022 - 2023,0.5
,Kanpur dehat,2004 - 2005,
,,2006 - 2007,
,,2007 - 2008,0.83
,,2008 - 2009,0.83
,,2009 - 2010,0.85
,,2010 - 2011,0.85
,,2011 - 2012,0.82
,,2012 - 2013,0.83
,,2013 - 2014,0.83
,,2014 - 2015,0.83
,,2015 - 2016,0.82
,,2016 - 2017,0.72
,,2017 - 2018,0.72
,,2018 - 2019,0.72
,,2019 - 2020,0.71
,,2020 - 2021,0.71
,,2021 - 2022,0.71
,,2022 - 2023,0.72
,Kanpur nagar,2004 - 2005,
,,2005 - 2006,
,,2006 - 2007,
,,2007 - 2008,0.84
,,2009 - 2010,0.83
,,2010 - 2011,0.84
,,2011 - 2012,0.82
,,2012 - 2013,0.83
,,2014 - 2015,0.81
,,2015 - 2016,0.82
,,2016 - 2017,0.7
,,2017 - 2018,0.72
,,2018 - 2019,0.71
,,2019 - 2020,0.71
,,2020 - 2021,0.72
,,2021 - 2022,0.72
,,2022 - 2023,0.71
,Kasganj,2012 - 2013,0.82
,,2013 - 2014,0.75
,,2015 - 2016,0.83
,,2016 - 2017,0.75
,,2017 - 2018,0.67
,,2020 - 2021,0.67
,,2021 - 2022,0.67
,,2022 - 2023,0.75
,Kaushambi,2004 - 2005,
,,2005 - 2006,
,,2006 - 2007,
,,2007 - 2008,0.83
,,2008 - 2009,0.84
,,2009 - 2010,0.86
,,2010 - 2011,0.83
,,2011 - 2012,0.83
,,2012 - 2013,0.81
,,2013 - 2014,0.81
,,2014 - 2015,0.8
,,2015 - 2016,0.83
,,2016 - 2017,0.71
,,2017 - 2018,0.72
,,2018 - 2019,0.72
,,2019 - 2020,0.73
,,2020 - 2021,0.71
,,2021 - 2022,0.71
,,2022 - 2023,0.72
,Kheri,2004 - 2005,
,,2005 - 2006,
,,2006 - 2007,
,,2007 - 2008,0.83
,,2008 - 2009,0.84
,,2009 - 2010,0.83
,,2010 - 2011,0.83
,,2011 - 2012,0.5
,,2012 - 2013,0.81
,,2013 - 2014,0.8
,,2014 - 2015,0.82
,,2015 - 2016,0.5
,,2016 - 2017,0.7
,,2017 - 2018,0.71
,,2019 - 2020,0.71
,,2020 - 2021,0.69
,,2021 - 2022,0.73
,,2022 - 2023,0.71
,Kushi nagar,2006 - 2007,
,,2007 - 2008,0.83
,,2009 - 2010,0.86
,,2010 - 2011,0.8
,,2011 - 2012,0.83
,,2012 - 2013,0.83
,,2013 - 2014,0.82
,,2016 - 2017,0.75
,,2017 - 2018,0.75
,,2019 - 2020,0.67
,,2020 - 2021,0.75
,,2021 - 2022,0.8
,,2022 - 2023,0.75
,Lucknow,2005 - 2006,
,,2006 - 2007,
,,2007 - 2008,0.86
,,2008 - 2009,0.75
,,2009 - 2010,0.8
,,2010 - 2011,0.83
,,2011 - 2012,0.83
,,2012 - 2013,0.83
,,2013 - 2014,0.8
,,2014 - 2015,0.83
,,2016 - 2017,0.8
,,2017 - 2018,0.75
,,2020 - 2021,0.5
,,2022 - 2023,1.0
,Maharajganj,2006 - 2007,
,,2010 - 2011,0.83
,,2011 - 2012,0.5
,,2012 - 2013,0.8
,,2016 - 2017,1.0
,,2017 - 2018,1.0
,Mahoba,2006 - 2007,
,,2008 - 2009,1.0
,,2009 - 2010,0.86
,,2011 - 2012,0.75
,,2012 - 2013,0.75
,,2013 - 2014,0.67
,,2014 - 2015,0.82
,,2016 - 2017,0.71
,,2017 - 2018,0.69
,,2019 - 2020,0.71
,,2020 - 2021,0.69
,,2021 - 2022,0.69
,,2022 - 2023,0.75
,Mainpuri,2004 - 2005,
,,2005 - 2006,
,,2006 - 2007,
,,2007 - 2008,0.84
,,2008 - 2009,0.83
,,2009 - 2010,0.83
,,2010 - 2011,0.84
,,2011 - 2012,0.81
,,2012 - 2013,0.82
,,2013 - 2014,0.75
,,2014 - 2015,0.81
,,2015 - 2016,0.81
,,2016 - 2017,0.72
,,2017 - 2018,0.71
,,2018 - 2019,1.0
,,2019 - 2020,0.73
,,2020 - 2021,0.72
,,2021 - 2022,0.71
,,2022 - 2023,0.71
,Mathura,2004 - 2005,
,,2005 - 2006,
,,2006 - 2007,
,,2007 - 2008,0.84
,,2008 - 2009,0.84
,,2009 - 2010,0.84
,,2010 - 2011,0.83
,,2011 - 2012,0.82
,,2012 - 2013,0.81
,,2013 - 2014,0.83
,,2014 - 2015,0.82
,,2015 - 2016,0.82
,,2016 - 2017,0.72
,,2017 - 2018,0.72
,,2018 - 2019,0.72
,,2019 - 2020,0.71
,,2020 - 2021,0.71
,,2021 - 2022,0.71
,,2022 - 2023,0.73
,Mau,2004 - 2005,
,,2008 - 2009,1.0
,,2009 - 2010,1.0
,,2013 - 2014,1.0
,Meerut,2012 - 2013,0.75
,,2013 - 2014,1.0
,,2016 - 2017,1.0
,,2017 - 2018,1.0
,Mirzapur,2004 - 2005,
,,2005 - 2006,
,,2006 - 2007,
,,2007 - 2008,0.84
,,2008 - 2009,0.84
,,2009 - 2010,0.84
,,2010 - 2011,0.84
,,2011 - 2012,0.82
,,2012 - 2013,0.82
,,2013 - 2014,0.81
,,2014 - 2015,0.81
,,2015 - 2016,0.8
,,2016 - 2017,0.71
,,2017 - 2018,0.71
,,2019 - 2020,0.71
,,2020 - 2021,0.7
,,2021 - 2022,0.7
,,2022 - 2023,0.7
,Moradabad,2004 - 2005,
,,2005 - 2006,
,,2006 - 2007,
,,2007 - 2008,0.83
,,2008 - 2009,0.83
,,2009 - 2010,0.85
,,2010 - 2011,0.83
,,2011 - 2012,0.84
,,2012 - 2013,0.81
,,2013 - 2014,0.81
,,2014 - 2015,0.83
,,2015 - 2016,0.82
,,2016 - 2017,0.72
,,2017 - 2018,0.71
,,2019 - 2020,0.7
,,2020 - 2021,0.73
,,2021 - 2022,0.74
,,2022 - 2023,0.71
,Pilibhit,2004 - 2005,
,,2005 - 2006,
,,2006 - 2007,
,,2007 - 2008,0.85
,,2008 - 2009,0.85
,,2009 - 2010,0.83
,,2010 - 2011,0.88
,,2011 - 2012,0.83
,,2012 - 2013,0.82
,,2013 - 2014,0.81
,,2015 - 2016,0.83
,,2016 - 2017,0.71
,,2017 - 2018,0.74
,,2021 - 2022,0.71
,,2022 - 2023,0.8
,Pratapgarh,2004 - 2005,
,,2005 - 2006,
,,2006 - 2007,
,,2007 - 2008,0.85
,,2008 - 2009,0.85
,,2009 - 2010,0.81
,,2010 - 2011,0.86
,,2011 - 2012,0.81
,,2012 - 2013,0.79
,,2014 - 2015,0.77
,,2015 - 2016,0.83
,,2016 - 2017,0.73
,,2017 - 2018,0.7
,,2018 - 2019,0.71
,,2019 - 2020,0.72
,,2020 - 2021,0.74
,,2021 - 2022,0.71
,,2022 - 2023,0.74
,Rae bareli,2004 - 2005,
,,2005 - 2006,
,,2006 - 2007,
,,2007 - 2008,0.85
,,2008 - 2009,0.84
,,2009 - 2010,0.83
,,2010 - 2011,0.84
,,2011 - 2012,0.81
,,2012 - 2013,0.82
,,2013 - 2014,0.82
,,2014 - 2015,0.82
,,2015 - 2016,0.85
,,2016 - 2017,0.72
,,2017 - 2018,0.71
,,2018 - 2019,0.72
,,2019 - 2020,0.72
,,2020 - 2021,0.72
,,2021 - 2022,0.71
,,2022 - 2023,0.71
,Rampur,2004 - 2005,
,,2005 - 2006,
,,2006 - 2007,
,,2008 - 2009,0.86
,,2009 - 2010,0.82
,,2011 - 2012,0.8
,,2012 - 2013,0.8
,,2013 - 2014,0.83
,,2014 - 2015,0.8
,,2016 - 2017,0.75
,,2017 - 2018,0.75
,,2020 - 2021,0.5
,,2021 - 2022,0.5
,,2022 - 2023,1.0
,Saharanpur,2004 - 2005,
,,2005 - 2006,
,,2006 - 2007,
,,2007 - 2008,0.84
,,2008 - 2009,0.84
,,2009 - 2010,0.84
,,2010 - 2011,0.83
,,2011 - 2012,0.82
,,2012 - 2013,0.81
,,2013 - 2014,0.82
,,2017 - 2018,0.71
,,2018 - 2019,0.72
,,2019 - 2020,0.7
,,2020 - 2021,0.71
,,2021 - 2022,0.72
,,2022 - 2023,0.74
,Sambhal,2012 - 2013,0.8
,,2013 - 2014,1.0
,,2014 - 2015,0.83
,,2016 - 2017,0.71
,,2017 - 2018,0.75
,,2020 - 2021,0.67
,,2021 - 2022,0.75
,,2022 - 2023,0.67
,Sant kabeer nagar,2004 - 2005,
,,2005 - 2006,
,,2006 - 2007,
,,2008 - 2009,0.83
,,2009 - 2010,0.86
,,2010 - 2011,0.82
,,2011 - 2012,0.83
,,2012 - 2013,0.78
,,2014 - 2015,0.86
,,2015 - 2016,1.0
,,2016 - 2017,0.67
,,2017 - 2018,0.75
,,2018 - 2019,1.0
,,2019 - 2020,0.71
,,2020 - 2021,0.8
,,2021 - 2022,0.67
,,2022 - 2023,0.75
,Sant ravidas nagar,2004 - 2005,
,,2005 - 2006,
,,2006 - 2007,
,,2007 - 2008,0.81
,,2008 - 2009,0.83
,,2009 - 2010,0.83
,,2010 - 2011,0.83
,,2011 - 2012,0.82
,,2012 - 2013,0.81
,,2013 - 2014,0.86
,,2014 - 2015,0.83
,,2015 - 2016,0.84
,,2016 - 2017,0.69
,,2017 - 2018,0.73
,,2019 - 2020,0.72
,,2020 - 2021,0.71
,,2021 - 2022,0.71
,,2022 - 2023,0.73
,Shahjahanpur,2004 - 2005,
,,2005 - 2006,
,,2006 - 2007,
,,2007 - 2008,0.85
,,2008 - 2009,0.84
,,2009 - 2010,0.83
,,2010 - 2011,0.84
,,2011 - 2012,0.82
,,2012 - 2013,0.82
,,2013 - 2014,0.87
,,2014 - 2015,1.0
,,2016 - 2017,0.7
,,2017 - 2018,0.72
,,2018 - 2019,0.7
,,2019 - 2020,0.73
,,2020 - 2021,0.75
,,2021 - 2022,0.73
,,2022 - 2023,0.69
,Shravasti,2004 - 2005,
,,2005 - 2006,
,,2006 - 2007,
,,2007 - 2008,0.84
,,2008 - 2009,0.84
,,2009 - 2010,1.0
,,2010 - 2011,0.84
,,2011 - 2012,0.81
,,2012 - 2013,0.83
,,2013 - 2014,0.83
,,2014 - 2015,0.85
,,2015 - 2016,0.8
,,2016 - 2017,0.72
,,2017 - 2018,0.7
,,2018 - 2019,0.72
,,2019 - 2020,0.72
,,2020 - 2021,0.71
,,2021 - 2022,0.73
,,2022 - 2023,0.73
,Siddharth nagar,2004 - 2005,
,,2005 - 2006,
,,2006 - 2007,
,,2007 - 2008,0.83
,,2008 - 2009,0.84
,,2009 - 2010,0.83
,,2010 - 2011,0.82
,,2011 - 2012,0.83
,,2012 - 2013,0.83
,,2013 - 2014,0.81
,,2014 - 2015,0.82
,,2015 - 2016,0.8
,,2016 - 2017,0.71
,,2017 - 2018,0.7
,,2018 - 2019,0.5
,,2019 - 2020,0.71
,,2020 - 2021,0.69
,,2021 - 2022,0.67
,,2022 - 2023,0.69
,Sitapur,2004 - 2005,
,,2005 - 2006,
,,2006 - 2007,
,,2007 - 2008,0.84
,,2008 - 2009,0.85
,,2009 - 2010,0.84
,,2010 - 2011,0.84
,,2011 - 2012,0.82
,,2012 - 2013,0.82
,,2013 - 2014,0.83
,,2014 - 2015,0.81
,,2015 - 2016,0.83
,,2016 - 2017,0.75
,,2017 - 2018,0.71
,,2019 - 2020,0.72
,,2020 - 2021,0.73
,,2021 - 2022,0.7
,,2022 - 2023,0.7
,Sonbhadra,2005 - 2006,
,,2008 - 2009,1.0
,,2009 - 2010,0.75
,,2010 - 2011,0.75
,,2011 - 2012,1.0
,,2012 - 2013,0.67
,,2016 - 2017,1.0
,,2017 - 2018,1.0
,Sultanpur,2004 - 2005,
,,2005 - 2006,
,,2006 - 2007,
,,2007 - 2008,0.85
,,2008 - 2009,0.84
,,2009 - 2010,0.84
,,2010 - 2011,0.83
,,2011 - 2012,0.81
,,2012 - 2013,0.81
,,2013 - 2014,0.83
,,2014 - 2015,0.81
,,2015 - 2016,0.82
,,2016 - 2017,0.71
,,2017 - 2018,0.71
,,2018 - 2019,0.72
,,2019 - 2020,0.72
,,2020 - 2021,0.72
,,2021 - 2022,0.71
,,2022 - 2023,0.72
,Unnao,2005 - 2006,
,,2006 - 2007,
,,2007 - 2008,0.84
,,2008 - 2009,0.85
,,2009 - 2010,0.8
,,2010 - 2011,0.83
,,2011 - 2012,0.82
,,2012 - 2013,0.82
,,2013 - 2014,0.82
,,2014 - 2015,0.82
,,2015 - 2016,0.83
,,2016 - 2017,0.71
,,2017 - 2018,0.72
,,2018 - 2019,0.73
,,2019 - 2020,0.73
,,2020 - 2021,0.71
,,2021 - 2022,0.71
,,2022 - 2023,0.73
,Varanasi,2004 - 2005,
,,2005 - 2006,
,,2006 - 2007,
,,2007 - 2008,0.83
,,2008 - 2009,0.84
,,2009 - 2010,0.85
,,2010 - 2011,0.83
,,2011 - 2012,0.81
,,2012 - 2013,0.81
,,2013 - 2014,0.81
,,2014 - 2015,0.86
,,2015 - 2016,0.83
,,2016 - 2017,0.73
,,2017 - 2018,0.71
,,2018 - 2019,0.71
,,2019 - 2020,0.72
,,2020 - 2021,0.72
,,2021 - 2022,0.72
,,2022 - 2023,0.72
