Crop: Maize,,,,,,,,,,,,,,,,,,,,,,,,,
S.No.,State,District,2000 - 2001,2001 - 2002,2002 - 2003,2003 - 2004,2004 - 2005,2005 - 2006,2006 - 2007,2007 - 2008,2008 - 2009,2009 - 2010,2010 - 2011,2011 - 2012,2012 - 2013,2013 - 2014,2014 - 2015,2015 - 2016,2016 - 2017,2017 - 2018,2018 - 2019,2019 - 2020,2020 - 2021,2021 - 2022,2022 - 2023
,,,Yield (Ton./Ha.),Yield (Ton./Ha.),Yield (Ton./Ha.),Yield (Ton./Ha.),Yield (Ton./Ha.),Yield (Ton./Ha.),Yield (Ton./Ha.),Yield (Ton./Ha.),Yield (Ton./Ha.),Yield (Ton./Ha.),Yield (Ton./Ha.),Yield (Ton./Ha.),Yield (Ton./Ha.),Yield (Ton./Ha.),Yield (Ton./Ha.),Yield (Ton./Ha.),Yield (Ton./Ha.),Yield (Ton./Ha.),Yield (Ton./Ha.),Yield (Ton./Ha.),Yield (Ton./Ha.),Yield (Ton./Ha.),Yield (Ton./Ha.)
1,Tamil Nadu,Coimbatore,1.13,,1.12,1.13,1.13,,5.39,5.28,25.68,5.55,5.85,7.45,3.68,6.58,8.35,7.09,2.36,7.71,7.14,7.21,6.08,6.7,6.69
2,Delhi,Delhi_total,,,,,,,,,1.83,21.96,21.95,22.18,22.38,22.38,22.37,5.12,5.12,4.83,5.1,5.1,,,
3,Chhattisgarh,Khairgarh chhuikhadan gandai,,,,,,,,,,,,,,,,,,,,,,,17.94
4,Sikkim,Namchi,1.47,1.4,1.5,1.5,1.5,15.49,1.55,1.82,0.95,1.63,16.27,1.64,1.73,1.76,1.76,1.8,1.82,1.82,1.82,1.82,1.82,1.83,1.83
5,Kerala,Malappuram,,,,,,,,,,,,,,,,,,,15,,,,
6,Andhra Pradesh,Guntur,3.89,5.07,5.35,5.04,8.1,10.04,8.06,8.81,9.9,7.67,11.27,8.78,8.04,7.45,9.56,9.06,8.87,10.72,9.14,10.45,9.61,8.05,12.49
7,West Bengal,Dinajpur dakshin,5,,,,2.09,2.06,2.67,3.16,3,4.61,3.67,3.84,3.62,4.95,4.01,4.28,4.68,4.97,5.97,7.15,8.23,10.1,12.48
8,Andhra Pradesh,Eluru,,,,,,,,,,,,,,,,,,,,,,,11.84
9,Andhra Pradesh,Bapatla,,,,,,,,,,,,,,,,,,,,,,,11.42
10,Andhra Pradesh,Kadapa,3.52,4.08,1.89,1.93,2.87,5.17,4.46,,7.55,5.87,7.91,6.15,6,6.75,6.14,1.64,5.15,11.37,2.9,0.42,4.45,3.16,3.38
11,Tamil Nadu,Perambalur,1.61,,1.18,1.18,1.18,,2.12,1.21,1.84,2.14,2.77,5.77,1.94,7.65,11.04,6,2.45,11.17,7.54,9.97,8.3,8.95,9
12,Tamil Nadu,The nilgiris,1.62,,,,,,,,,,,,,,,,,,,11,8,10.67,6.75
13,Andhra Pradesh,East godavari,4.68,5.27,5.78,4.63,5.85,6.84,8.41,6.88,6.63,7.05,7.07,6.53,7.3,8.37,7.8,9.33,8.48,9.45,7.81,9.17,7.39,8.91,10.45
14,Bihar,Katihar,2.72,2.32,2.09,2.38,2.59,2.45,3.45,3.06,2.96,2.97,3.73,3.75,5.04,6.42,6.51,8.02,10.37,9,6.93,8.04,8.2,7.91,9.7
15,Tamil Nadu,Salem,1.86,,1.86,1.86,1.86,,3.86,3.57,2.88,4.94,5.09,5.72,5.67,7.53,9.91,10.18,7.83,9.54,10.18,8.43,9.48,7.96,8.22
16,Tamil Nadu,Tiruchirappalli,1.2,,1.38,1.33,1.31,,4.1,2.63,1.57,6.26,4.96,5.35,2.47,4.17,7.81,6.91,3.22,10.17,7.27,9.18,5.26,8.38,8.25
17,Tamil Nadu,Tirunelveli,0.54,,0.78,0.83,0.89,,2.68,2.54,3.55,4.04,3.18,7.14,3.17,4.61,9.9,6.93,0.53,6.03,8.83,4.58,5.65,6.73,6.53
18,Tamil Nadu,Erode,2.29,,2.29,2.29,2.29,,5.9,5.2,9.86,6.74,5.94,5.66,4.59,6.08,6.71,7.24,3.37,6.67,8.07,8.3,9.88,9.26,8.59
19,Bihar,Araria,1.89,2.15,1.84,2.55,2.85,2.48,3.59,3.99,3.94,3.07,5.35,4.06,4.02,5.66,4.27,4.41,6.49,4.34,7.4,7.1,9.42,8.36,9.87
20,Tamil Nadu,Tiruppur,,,,,,,,,,6.87,4.95,8.22,6.16,8.08,6.79,8.38,3.28,9.63,7.09,9.77,9.32,8.67,9.08
21,Bihar,Supaul,2.39,2.45,2.47,2.64,3.9,3.38,4.59,2.64,3.55,4.16,4.92,4.24,5.87,5.19,4.1,3.69,5.49,5.64,6.93,9.68,7.63,6.53,8.98
22,West Bengal,Dinajpur uttar,3.18,3.23,2.35,4.31,5.62,5.23,5.02,4.96,5.63,6.03,5.8,5.59,5.22,5.5,5.57,5.65,5.8,7.9,8.94,9.37,9.68,9.6,7.17
23,Tamil Nadu,Villupuram,1.67,,1.45,1.45,1.45,,4.92,3.72,4.71,4.6,4.72,6.97,4,6.01,7.68,7.81,9.67,8.58,4.84,8.65,6.81,7.8,7.23
24,Tamil Nadu,Kanchipuram,,,,1.58,1.56,,2.6,5.4,,,3.8,5.74,3.57,6.31,7.33,7,4.35,,9.67,7.5,,8.5,7
25,Andhra Pradesh,West godavari,5.04,6.23,6.67,5.33,5.97,5.62,6.72,6.78,7.87,6.88,6.89,6.71,5.98,7.09,6.69,7.04,8.62,7.19,7.16,9.11,8.8,7.59,9.63
26,Tamil Nadu,Ariyalur,,,,,,,,,,2.39,0.86,5.21,2.41,5.31,9.63,7.65,3.92,8.53,6.05,7.42,3.39,5.99,6.44
27,Andhra Pradesh,Konaseema,,,,,,,,,,,,,,,,,,,,,,,9.57
28,Tamil Nadu,Theni,1.61,,2.01,2,2.01,,5.51,5.47,6.12,5.76,6.48,6.47,6.19,8.6,9.55,7.01,2.27,9.01,7.2,7.28,6.02,6.59,6.63
29,Tamil Nadu,Dindigul,1.98,,1.98,1.98,1.98,,4.02,4.39,6.53,6.16,5.47,6.32,3.48,6.25,7.59,9.54,1.52,8.88,7.02,7.14,6.58,8.09,7.9
30,Telangana,Mulugu,,,,,,,,,,,,,,,,,,,7.09,9.39,8.24,7.8,5.8
31,Bihar,Purnia,2.85,2.36,2.18,2.38,2.65,1.94,3.51,3.22,3.46,3.46,2.48,2.52,3.35,2.93,2.18,4.46,7.73,6.74,9.19,8.69,9.07,8.11,9.32
32,Telangana,Adilabad,3.13,3.94,2.43,4.08,2.81,3.39,3.11,3.17,4.21,3.83,3.92,2.9,3.14,3.77,2.94,3.43,5.71,9.28,4.79,6.45,6.49,4.45,5.69
33,Andaman and Nicobar Islands,Nicobars,,,,,,,,,,,4.74,0.68,,0.53,9.17,1,,,,,,1.13,
34,Telangana,Jayashankar,,,,,,,,,,,,,,,,,5.1,9.02,7.18,6.68,8.76,8.24,7.01
35,Tamil Nadu,Namakkal,1.61,,1.86,1.86,1.86,,5.08,5.5,5.49,5.16,7.18,6.14,4.19,8.45,8.36,9.02,6.7,8.45,7.42,7.96,7.41,6.78,7.06
36,Andhra Pradesh,Spsr nellore,4.95,2.67,6.75,2.74,3.6,4.74,6.71,,7.76,6.52,8.54,7.17,9,6.81,7.27,6.26,4.07,7.36,5.63,7.47,4.54,5.23,5.02
37,Telangana,Khammam,3.14,3.08,1.5,4.44,3.09,3.45,5.13,6.14,6.55,4.92,6.17,4.98,5.38,5.47,4.91,4.95,5.58,6.4,5.89,7.28,9,7.67,6.27
38,Telangana,Peddapalli,,,,,,,,,,,,,,,,,6.31,8.92,6.61,7.47,7.02,6.34,7
39,Telangana,Nirmal,,,,,,,,,,,,,,,,,6.3,7.75,7.54,8.62,8.79,8.5,7.33
40,Tamil Nadu,Vellore,1.61,,1.66,1.66,1.66,,4.62,3.86,5.85,6.38,4.74,6.04,3.31,5.43,7.78,7.11,4.47,8.7,7.42,7.99,6.39,6.88,7.06
41,Odisha,Sonepur,0.53,0.9,0.43,0.48,0.84,1.08,0.74,0.76,0.55,0.6,1.46,0.99,1.83,0.98,0.75,8.61,4.05,,,2.39,,,
42,Tamil Nadu,Krishnagiri,,,,,1.1,,5.29,4.56,3.23,4.48,3.93,5.72,3.48,6.47,8.45,7.26,4.12,8.61,7.47,8.16,6.22,6.51,8.23
43,Tamil Nadu,Pudukkottai,2.07,,2.06,2.05,2.05,,8.34,6.19,5.93,7.48,7.18,7.6,5.75,6.36,7.91,8.47,3.18,7.98,6.7,8.12,6.74,7.49,7.17
44,Tamil Nadu,Thanjavur,2.67,,2.67,2.67,2.67,,5.84,3.33,5.18,5.75,5.73,5.99,3.39,5.68,8.22,7.2,3.25,8.36,7.26,8.41,7,7.54,7.28
45,Tamil Nadu,Nagapattinam,,,2.5,2.65,2.59,,5.29,5.4,6,6.33,3.88,5.71,3.47,6.32,7.48,6.86,1.2,6.85,6.93,8.3,,,
46,Andhra Pradesh,Prakasam,3.86,5.07,1.35,2.3,2.37,4.98,5.64,4.8,5.11,8.14,8.29,7.63,6.38,7.54,7.69,5.76,7.57,6.27,4.06,7.4,4.97,5.32,4.6
47,Chhattisgarh,Dhamtari,0.91,0.66,1.01,1.25,1.46,1.05,1.08,1.26,1.15,2.47,2.52,2.26,2.7,2.94,2.63,2.61,3.21,3.35,3.1,4.09,8.28,7.54,7.74
48,Tamil Nadu,Dharmapuri,1.1,,1.1,1.1,1.1,,5.07,5.02,5.28,4.94,3.91,5.69,3.54,6.58,6.53,6.04,4.13,8.27,5.45,7.36,6.81,7.16,6.01
49,West Bengal,24 paraganas south,,,,2.9,2.6,2.09,2.08,2.08,2.09,1.36,2.12,1.43,2.61,2.04,2.2,2.41,2.51,1.8,2.22,1.97,1.96,3.16,8.26
50,Tamil Nadu,Sivaganga,1.5,,,2,2,,5.5,2.5,3.75,3.6,5,5.71,3.47,5.89,8.2,7.22,4.37,8.23,7.18,7.59,6.52,6.9,6.87
51,West Bengal,Howrah,,2.32,2,0.99,1.01,1.01,1.15,1.3,1.15,1.19,1.22,1.18,1.32,1.24,1.27,1.47,1.38,3.25,2.13,0.7,1.9,2.28,8.22
52,Tamil Nadu,Tiruvannamalai,1.67,,1.69,1.67,1.67,,2.84,2.66,5.79,5.32,3.74,6.13,3.3,5.9,8.21,7.17,2.97,7.34,5.59,7.89,5.81,6.86,6.65
53,Tamil Nadu,Virudhunagar,2.03,,2.02,2.03,2.03,,5.4,5.26,4.67,3.63,5.15,6.58,2.23,4.54,8.2,6.6,0.77,6.23,7.86,7.67,5.24,6.64,5.95
54,West Bengal,Maldah,3.1,3.23,2.35,2.64,2.93,2.66,2.16,2.05,2.59,2.31,2.3,2.16,1.98,2.63,2.29,2.32,4.89,7.76,8.06,8.09,8.11,8.2,7.33
55,Tamil Nadu,Kanniyakumari,,,,,,,,,,,,,,,8.18,7.06,2.87,7.2,7.67,8.17,,,
56,Tamil Nadu,Kallakurichi,,,,,,,,,,,,,,,,,,,,,8.14,7.91,7.88
57,Bihar,Kishanganj,2.52,2.39,2.11,2.05,2.67,2.5,3.44,3.05,3.58,2.85,3.04,2.92,4.28,5.04,3.12,3.92,6.56,6.54,5.81,6.52,7.61,6.62,8.12
58,Tamil Nadu,Karur,1.61,,3,2.45,2.45,,3.33,2.65,5.81,6.31,3.86,5.71,3.51,6.24,8.12,7.18,4.25,7.13,7.06,7.11,5.9,6.69,6.33
59,Tamil Nadu,Cuddalore,2,,2.24,2.02,1.92,,2.59,2.06,1.83,2.01,1.47,1.75,1.53,3.82,6.98,3.56,1.62,6.55,5.42,8.08,4.46,6.5,5.88
60,Telangana,Jangoan,,,,,,,,,,,,,,,,,4.77,5.07,5.61,6.46,8.04,6.12,5.62
61,Andhra Pradesh,Krishna,3.41,4.1,3.46,3.51,6.02,5.64,7.21,7.35,7.86,7.64,8.02,6.68,6.77,6.92,6.3,5.81,6.72,6.58,5.99,5.81,5.7,5.32,7.79
62,Tamil Nadu,Ranipet,,,,,,,,,,,,,,,,,,,,,7,8,7
63,Tamil Nadu,Thiruvallur,,,,,,,5.33,,,3,4,,3.5,5.49,7.78,7.09,1.9,6.67,8,7.67,4.67,7.2,7.6
64,Telangana,Warangal urban,,,,,,,,,,,,,,,,,6.05,6.85,5.44,6.6,7.7,7.99,7.43
65,West Bengal,Nadia,2.4,2.32,2.01,2.49,2.77,2.37,2.33,2.49,2.57,2.36,2.62,2.61,2.54,2.61,2.99,2.59,2.6,3.84,4.28,4.37,5.71,5.83,7.95
66,Tamil Nadu,Chengalpattu,,,,,,,,,,,,,,,,,,,,5.5,,6.82,7.8
67,Telangana,Warangal,2.56,3.34,2.73,3.59,3.66,4.08,3.49,4.43,4.32,2.92,3.9,4.5,4.85,4.98,4.89,4.83,7,7.72,7.57,6.54,6.89,7.78,5.95
68,Tamil Nadu,Thiruvarur,,,2.86,2.93,3,,,5.33,6,,,6.67,,5,,,,,7,7.4,5.65,7,7.77
69,Bihar,Madhepura,3.86,3.09,3.91,3.96,4.1,2.95,2.88,3.93,3.02,2.48,3.07,6.37,6.15,5.44,5.28,3.33,5.25,4.43,6.85,7.07,7.16,7.29,7.69
70,Telangana,Narayanapet,,,,,,,,,,,,,,,,,,,1.2,5.01,7.68,5.69,4.99
71,Andhra Pradesh,Anakapalli,,,,,,,,,,,,,,,,,,,,,,,7.64
72,Tamil Nadu,Tirupathur,,,,,,,,,,,,,,,,,,,,,6.63,7.63,7.24
73,Karnataka,Kodagu,3.3,4.27,4,4.47,4.07,4.99,4.49,4.1,4.42,4.68,4.8,3.79,4.48,3.86,5.09,4.49,5.54,7.52,3.14,5.19,4.75,4.21,3.98
74,Tamil Nadu,Ramanathapuram,,,1.15,1.18,1.17,,5.32,2.67,5.78,3.41,5.45,6.65,2.82,5,7.5,6.84,1.26,6.69,7,6.74,5.29,6.07,6.29
75,Karnataka,Bengaluru urban,3.11,2.71,2.51,2.98,3.31,3.51,3.4,3.36,2.92,2.48,3.48,3.16,2.69,3.16,3.17,2.72,4.84,4.85,3.1,6.64,7.49,5.23,5.38
76,West Bengal,Coochbehar,2.5,3.24,2.34,1.37,5.04,7.41,5.97,5.93,5.76,5.8,5.76,5.77,5.82,5.91,5.87,5.89,5.74,6.14,5.71,5.97,6.98,7.27,3.64
77,Tamil Nadu,Mayiladuthurai,,,,,,,,,,,,,,,,,,,,,7.18,7.32,7.05
78,Assam,Darrang,0.61,0.61,0.61,0.61,,0.6,0.6,0.6,0.6,0.6,0.6,0.68,0.77,6,2.79,5.76,5.62,6.5,6.5,6.5,6.8,7.2,7.23
79,Telangana,Suryapet,,,,,,,,,,,,,,,,,5.65,6.34,5.82,6.72,7.21,3.85,6.47
80,Karnataka,Raichur,3.31,2.73,1.97,3.02,3.37,3.36,3.54,2.67,2.78,2.03,3.06,3.29,2.96,3.4,2.19,2.44,3.91,3.6,7.19,4.84,4.64,3.45,4.91
81,West Bengal,Murshidabad,2.41,2.31,2.01,3.18,3.25,4.46,4.62,4.65,4.49,4.78,4.69,4.68,3.89,4.45,5.01,4.71,4.88,4.09,5.25,6.53,6.62,5.77,7.18
82,Telangana,Karimnagar,3.75,3.96,3.48,4.11,2.58,4.16,3.77,5.81,4.62,3.43,4.78,3.76,5.22,5.46,5.02,4.43,6.32,6.03,6.21,6.17,7.18,6.53,5.7
83,Telangana,Mancherial,,,,,,,,,,,,,,,,,5.41,3.97,4.95,5.55,7.12,4.07,5.73
84,Bihar,Darbhanga,2.18,1.6,2.48,1.95,1.96,2.03,2.71,2.77,3.32,3.06,3.07,2.57,3.57,2.67,2.93,4.9,7.1,3.67,5.08,3.27,2.63,3.9,4.34
85,Andhra Pradesh,Vizianagaram,4.14,5.39,4.46,3.71,4.16,4.04,3.54,4.09,3.56,3.71,3.62,4.44,4.52,4.41,5.1,5.45,5.63,6.75,5.7,6.47,5.44,5.36,7.03
86,Punjab,Ludhiana,4.25,3.4,3.25,3.33,3,3.5,4.5,3.5,3.5,4.5,3.5,3,2.67,7,7,5.67,3,4,3.92,4.2,4.8,2.83,2.67
87,Telangana,Rajanna,,,,,,,,,,,,,,,,,4.96,3.12,5.61,7,6.57,4.88,6.31
88,Tamil Nadu,Thoothukudi,0.45,,0.69,0.74,0.79,,2.81,6.96,4.52,3.24,3.53,5.86,1.03,2.08,5.15,3.81,0.25,2.84,6.99,3.91,2.92,3.49,3.53
89,Telangana,Nalgonda,2.67,3.1,2.69,3.27,2.54,3.58,2.65,2,1.7,2.12,2.78,2.31,2.2,1.68,1.91,1.18,2.63,4.75,4.9,5.81,6.98,6.4,6.2
90,Haryana,Karnal,3.74,6.17,,,,,,3.55,2.06,6.97,,,,,,3,3,3,,2.83,3.3,4.81,3.33
91,Telangana,Nizamabad,4.06,4.11,3.27,3.76,3.41,4.08,2.92,5.44,5.02,3.37,4.78,5.06,5.33,5.35,4.93,4.27,5.43,5.46,5.72,6.24,5.66,6.91,6.9
92,Karnataka,Ramanagara,,,,,,,,6.88,3.07,3.91,4.22,3.47,3.62,4.21,3.83,3.17,2.58,3.92,2.5,3.86,3.21,2.55,3.76
93,Andhra Pradesh,Chittoor,2.98,3.49,4.08,3.06,4.66,6.22,6.26,3.5,6.88,4.84,6.55,5.47,4,5.42,4.15,3.6,4.19,5.54,1.96,3.13,3.31,4.18,6.24
94,Bihar,Jehanabad,2.09,6.84,1.76,2.27,2.18,1.86,2.4,1.68,1.77,1.92,2.49,2.56,3.91,3.16,3.39,4.05,4.75,4.16,3.68,3.55,5.37,5.24,5.94
95,Andhra Pradesh,Srikakulam,2.72,3.89,4.27,3.42,4.67,5.28,4.6,6,6.08,5.68,6.77,5.59,5.4,5.16,5.56,4.58,4.24,4.61,4.64,6.39,4.37,4.95,6.71
96,Andhra Pradesh,Palnadu,,,,,,,,,,,,,,,,,,,,,,,6.76
97,Tamil Nadu,Madurai,2.01,,2.01,2,2.01,,2.81,2.65,3.26,3.08,3.96,4.3,2.1,4.46,6.39,6.13,1.46,6.76,5.49,6.5,4.8,5.91,5.2
98,Odisha,Bhadrak,,,,,0.9,,,2.7,2.8,2.4,1.74,6.7,1.51,1.4,4.71,,,,1.87,2.83,1.5,1.5,3.1
99,Punjab,Kapurthala,3,3.5,2.67,3.67,3,3,3.67,4.33,3.67,4.67,5.5,6,4.5,6.67,3.67,2.5,2.5,5.5,5.23,5.7,6.07,5.13,2.7
100,Bihar,Samastipur,2.14,2.24,2.4,2.22,2.27,2.3,3.63,3.04,3.53,2.35,4.29,2.85,3.83,3.25,2.74,2.67,4.85,6.65,3.88,4.6,4.41,4.41,4.96
101,Telangana,Jagitial,,,,,,,,,,,,,,,,,5.25,4.47,5.86,5.76,6.54,6.48,6.63
102,West Bengal,Birbhum,1.84,1.78,1.67,1.65,1.74,1.46,1.62,1.13,1.56,1.36,1.68,1.58,1.55,1.53,2.04,1.87,2.47,2.22,1.85,2.52,2.61,2.76,6.62
103,West Bengal,Paschim bardhaman,,,,,,,,,,,,,,,,,2.72,2.26,2.26,2.35,2.45,2.44,6.49
104,Andhra Pradesh,Kurnool,2.78,3.22,2.42,2.87,3.29,6.4,3.87,6,5.7,3.97,6.41,5.21,5.33,5.98,4.03,4.08,5.45,5.45,4.61,5.3,4.03,4.12,4.89
105,Telangana,Kamareddy,,,,,,,,,,,,,,,,,4.92,5.3,5.91,6.4,6.37,5.93,5.06
106,Karnataka,Hassan,3.94,3.84,3.05,1.76,3.26,2.94,3.15,3.14,3.31,3.54,4.47,3.33,2.65,3.29,3.87,3.16,2.3,6.37,2.72,4.15,3.81,3.58,4
107,Bihar,Khagaria,3.32,3.24,2.01,3.1,2.83,3.21,4.11,4.29,3.32,2.74,3.62,4.66,3.18,3.08,3.57,3.02,6.37,4.95,4.29,4.81,5.12,4.8,5.78
108,Andhra Pradesh,Kakinada,,,,,,,,,,,,,,,,,,,,,,,6.35
109,West Bengal,Hooghly,2,,,1.69,2.39,2.38,2.61,2.61,2.01,2.41,2.01,2.02,2.01,2.02,2.02,2.02,2.02,2.52,2.51,2.34,2.24,2.59,6.35
110,West Bengal,24 paraganas north,,,,,,2,,3.36,3.48,3.53,2.63,2.76,2.64,2.77,3.55,2.78,2.96,2.66,2.47,2.74,3.37,2.94,6.34
111,Telangana,Yadadri,,,,,,,,,,,,,,,,,1.93,3.07,2.18,2.19,5.42,6.27,4.96
112,Madhya Pradesh,Barwani,1.18,1.99,1.75,1.68,0.91,0.97,0.73,1.07,1.09,0.94,1.35,1.41,6.22,3.37,3.15,3.53,4.57,4.25,4.78,4.47,5.63,4.11,3.34
113,Andhra Pradesh,Anantapur,2.89,3.22,2.56,2.35,5.07,4.36,5.48,6.15,5.48,5.77,6.1,3.53,3.9,3.19,3.49,3.12,2.63,3.94,2.86,3.58,4.3,2.67,5.86
114,Bihar,Bhagalpur,2.38,2.88,2,2.02,2.19,1.91,2.36,2.12,2.42,1.98,3.49,4.17,6.1,6.11,3.38,5.2,3.4,4.61,5.64,5.12,5.33,5.29,4.74
115,Telangana,Bhadradri,,,,,,,,,,,,,,,,,6.08,5.48,3.98,5.51,4.77,5.21,5.37
116,Telangana,Komaram bheem asifabad,,,,,,,,,,,,,,,,,4.92,4.56,5.05,5.35,6.06,3.89,4.91
117,Maharashtra,Pune,0.93,1.69,1.91,1.74,2.2,2.21,2.32,2.72,2.43,2.53,2.78,3.21,2.62,2.88,3.71,2.37,6.04,3.1,2.58,3.75,3.03,2.69,3.93
118,Andhra Pradesh,Annamayya,,,,,,,,,,,,,,,,,,,,,,,6.04
119,Haryana,Sonipat,,,,4.33,4.33,3.24,,4.22,2.17,1.67,3.88,5.39,6.04,,2,3,4.8,3,2.71,1.75,2.79,3.31,3.33
120,Assam,Kamrup,0.62,0.62,0.62,0.62,,0.62,0.62,0.62,0.62,0.62,0.62,0.71,0.8,3.63,2.9,3.56,3.58,3.58,3.57,5.97,5.98,6.02,3.52
121,Punjab,Patiala,2.83,2.2,1.5,2.8,2.25,2.25,2.5,3.5,3,3,3,6,4,5,5,3,5,4,2.5,2.75,2.78,,2.71
122,Punjab,Amritsar,2.2,2.4,1.75,3.25,3.25,3.67,4.5,5,4,4,3,6,,4,4,,3,2.5,3.31,3.18,3.5,3.71,4.06
123,Punjab,Fazilka,,,,,,,,,,,,,,,,,4,4,2.67,,2.14,4,6
124,Kerala,Wayanad,,,,,,,,,,,,,,,,,,,2.2,,6,2.75,2.98
125,Bihar,Sitamarhi,2.56,2.87,2.84,2.66,2.53,2,2.04,1.84,2.62,2.43,3.3,4.28,3.59,4.61,3.39,3.97,4.06,3.94,4.63,5.37,5.98,5.03,5.78
126,Assam,Kamrup metro,,,,,,0.63,0.63,0.62,0.63,0.62,0.62,0.7,0.7,3.56,2.53,3.56,3.23,3.58,3.46,5.97,5.97,5.83,3.46
127,Bihar,Sheohar,2.88,3.31,2.82,3.08,3.21,2.08,3.7,1.41,1.66,3.27,3.41,2.72,2.33,3.72,3.53,2.94,4.44,3.5,4.23,4.59,4.11,5.96,5.68
128,Andhra Pradesh,Ntr,,,,,,,,,,,,,,,,,,,,,,,5.92
129,Telangana,Medchal,,,,,,,,,,,,,,,,,3.29,3.81,2.89,4.18,4.09,5.91,3.54
130,West Bengal,Kalimpong,,,,,,,,,,,,,,,,,2.07,1.83,2.62,2.07,3.29,2.14,5.9
131,West Bengal,Purba bardhaman,1.8,1.83,1.68,1.85,1.73,1.85,2.56,2.68,2.31,2.15,2.08,2.09,2.1,2.09,2.14,2.18,2.15,2.17,2.38,2.59,1.94,1.59,5.88
132,Telangana,Mahabubabad,,,,,,,,,,,,,,,,,4.97,5.72,4.25,5.63,5.82,4.56,5.2
133,Telangana,Siddipet,,,,,,,,,,,,,,,,,2.75,3.3,2.78,4.49,5.81,4.2,5.07
134,West Bengal,Alipurduar,,,,,,,,,,,,,,,,,5.45,5.78,4.94,5.2,5.04,4.81,5.36
135,Bihar,Saharsa,3.51,2.48,3.56,3.09,3.23,3.26,3.61,3.98,3.44,3.1,5.35,5.7,5.31,5.35,4.54,3.73,5.56,5.15,5.67,5.5,5.61,5.65,5.69
136,Punjab,Nawanshahr,3.12,2.83,2,3.61,2.67,2.82,3.78,4.35,3.94,3.5,4.07,3.93,4.14,4.17,4.4,3.56,4.44,4.13,4.05,4.36,5.69,3.16,5.61
137,Bihar,Arwal,,,,2.15,1.66,2.09,,2.47,2.13,2.29,3.03,3.38,3.96,3.84,3.36,4.2,5.68,4.63,2.62,2.74,3.38,3.42,5.34
138,Assam,Dhemaji,0.92,0.92,0.91,0.91,,0.9,0.9,0.86,0.82,0.83,0.81,0.88,1.23,5.65,4.5,4.48,4.01,3.99,3.54,3.49,3.5,3.47,3.31
139,Jharkhand,Dhanbad,,,0.85,1.13,1.18,1.32,1.05,5.63,0.89,0.71,,0.68,0.2,1.19,0.68,1.24,0.15,2.5,2.5,2.4,2.4,2.4,1.79
140,Punjab,Jalandhar,3.25,3.06,2.77,3.43,2.92,3.33,3.17,3.77,3.42,3.5,3.89,4.63,3.38,3.25,3.63,4.14,5.57,4.67,4.43,4.25,4.85,3.66,4.02
141,Punjab,Moga,,3,2,3,,,,,,,,,,,,,,,4,3.5,2.33,5,5.5
142,Madhya Pradesh,Burhanpur,,,,3.42,1.75,2.12,1.36,1.72,1.82,1.61,2.17,1.88,4.2,4.47,2.39,5.5,3.71,3.87,5.22,5.32,4.82,3.82,3.42
143,Karnataka,Uttar kannad,2.98,1.87,1.48,1.47,2.56,2.33,0.85,2.97,4.28,3.68,4.18,2.91,5.5,2.85,3.81,4.51,5.42,5.45,3.91,4.2,4.46,4.51,3.96
144,Assam,Sonitpur,0.6,0.61,0.58,0.58,,0.58,0.59,0.58,0.58,0.57,0.57,0.65,0.72,5.27,5.16,5.13,5.12,4.9,5.1,5.2,5.46,2.85,3.34
145,Odisha,Baleshwar,,0.76,,1.3,1.1,5.4,4.4,2.4,0.6,,2.15,2.25,,,3.19,0.1,1.53,,,2.26,,3.9,3.16
146,Telangana,Vikarabad,,,,,,,,,,,,,,,,,3.23,3.25,3.3,5.33,5.38,4.55,4.2
147,Bihar,Pashchim champaran,2.12,3.2,3.46,1.79,2.6,2.22,1.49,4.03,3.38,2.72,2.77,3.21,3.22,3.03,2.88,3.04,3.42,3.24,3.57,4.51,4.29,5.35,5.13
148,Punjab,Muktsar,2.67,,1,,,,,,,,,,,,,,,,,,4,5.34,4
149,Bihar,Nalanda,2.01,2.37,1.95,2,2.12,1.36,1.58,1.99,1.44,1.82,2.35,3.85,3.76,3.65,3.05,3.35,4.54,4.26,2.77,3.58,4.32,4.03,5.32
150,Mizoram,Saitual,,,,,,,,,,,,,,,,,,,,,1.89,1.75,5.3
151,Andhra Pradesh,Visakhapatanam,1.56,1.84,2.43,2.45,2.71,2.76,2.4,2.5,2.78,3.08,2.74,4.52,3,2.37,2.73,3.14,2.64,2.61,3.18,3.83,3.8,3.62,5.3
152,Telangana,Wanaparthy,,,,,,,,,,,,,,,,,1.16,3.2,2.96,5.29,3.77,3.94,5.06
153,Telangana,Jogulamba,,,,,,,,,,,,,,,,,1.95,5.26,2.78,4.65,4.59,4.55,3.86
154,Karnataka,Bangalore rural,3.18,4.07,3.26,4.56,3.17,4.34,3.48,4.64,4.74,4.61,5.23,4.6,3.2,2.73,3.08,2.84,1.88,5,3.17,4.23,4.59,3.67,3.83
155,Assam,Barpeta,0.65,0.64,0.64,0.64,,0.66,0.64,0.63,0.64,0.65,0.64,0.76,0.87,1.84,3.16,3.58,4.42,4.95,5.02,5.05,5.11,5.13,5.04
156,Bihar,Madhubani,2.16,2.02,2.18,1.51,1.45,1.5,2.69,3.22,3.47,2.57,3.94,3.07,4.96,3.66,2.73,3.19,3.95,5.08,2.76,3.32,4.57,4.97,5.02
157,Jharkhand,Chatra,,,1.45,1.79,1.35,1.35,1.55,1.28,0.69,0.87,,2.05,1.9,2.5,5.08,0.63,2.63,2.25,2.3,2.15,2.18,2.18,1.84
158,West Bengal,Jalpaiguri,3.09,1.36,1.62,1.82,1.89,1.86,1.98,2.16,2.47,2.01,3.2,2.55,2.62,3.39,2.67,3.09,2.76,2.95,4.65,4.74,4.66,4.69,5.06
159,Karnataka,Shimoga,3.3,2.83,3.62,2.95,3.68,2.68,3.13,2.21,3.76,2.88,4.3,4.26,4.13,2.92,3.58,3.96,3.37,5.05,3.52,3.72,4.32,4.21,2.9
160,Assam,Chirang,,,,,,0.61,0.61,0.61,0.61,0.61,0.61,0.7,0.79,1.94,2.91,1.94,2.26,3.31,3.5,5.04,1.95,4.1,4.06
161,Karnataka,Chamarajanagar,2.73,2.52,2.69,1.46,2.7,2.83,2.53,2.58,2.74,2.19,3.14,2.37,3.37,3.64,4.25,4.1,1.8,5.04,3.46,4.28,3.74,3.77,3.69
162,Madhya Pradesh,Chhindwara,2.26,1.98,2.66,2.95,2.09,1.88,1.86,2.35,2.18,2.62,2.96,4.14,3.59,1.12,3.38,5.03,5.03,5.03,4.4,3.8,3.85,3.87,3.64
163,Bihar,Gaya,1.18,1.47,1.99,2.06,1.77,1.53,1.79,1.9,1.56,1.65,2.51,2.41,3.97,2.99,2.24,4.44,3.12,3.06,3.55,3.55,4.17,3.87,5.01
164,Haryana,Ambala,2.29,2.92,1.84,2.27,2.32,2.21,2.8,3.11,2.66,2.54,1.32,2.73,3.75,4,,2.33,2.33,,5,4.75,3.59,3.94,3.45
165,Punjab,Hoshiarpur,2.79,2.91,2.06,2.83,2.9,2.61,3.31,3.29,3.46,3.58,3.83,4.08,4.07,3.93,3.76,3.68,3.79,3.52,3.67,3.6,3.24,4.08,4.91
166,Himachal Pradesh,Sirmaur,2.89,2.97,2.33,2.92,2.05,2.68,3.26,2.85,2.73,2.39,3.23,3.11,2.87,2.67,2.28,3.3,2.66,3.3,2.89,2.92,3.85,4.91,3.62
167,Punjab,S.a.s nagar,,,,,,,2.43,3.57,3.8,3.8,4,4,3,4.89,3.75,4.33,4,4.17,3.72,2.88,3.35,3,2.91
168,Chhattisgarh,Bastar,1.63,0.97,1.56,1.69,1.74,1.29,1.47,1.78,1.6,1.93,2,2.06,2.35,2.34,2,2.32,3.28,3.26,3.29,3.47,4.58,3.84,4.89
169,Haryana,Yamunanagar,2.46,3.01,2.36,2.93,2.65,2.43,3.32,2.2,2.12,1.61,3.21,2.04,2.71,3,2,,3.1,3.75,,4.79,4.56,4.48,4.88
170,Telangana,Nagarkurnool,,,,,,,,,,,,,,,,,1.12,2.05,0.67,2.9,4.8,3.07,4.75
171,Odisha,Jharsuguda,0.83,1.2,4.75,0.8,3.13,1.09,,1.47,0.85,0.92,1.9,2.5,2.15,2.17,3.4,3.57,3.04,2.85,2.47,2.62,3.43,2.97,3.19
172,Telangana,Mahbubnagar,1.56,1.95,1.3,2.21,1.56,3.38,1.55,3.86,1.61,1.07,3.23,1.47,3.09,4.75,1.91,1.32,1.14,1.47,1.21,3.13,3.34,3.12,3.78
173,West Bengal,Medinipur east,,2,,,,,,,,,,1.6,1.6,1.6,1.59,1.6,1.54,1.61,1.64,1.56,1.67,2.95,4.74
174,Bihar,Banka,1.86,1.87,1.59,2.52,1.79,1.55,2.44,3.05,2.5,2.78,3.16,3.83,4.12,3.59,3.26,4.28,3.27,3.86,3.31,4.08,4.74,4.24,3.31
175,Andaman and Nicobar Islands,North and middle andaman,,,,,,,,,,,1.11,1.5,1.4,2.34,4.73,3.69,2.36,0.57,2.16,2.87,2.92,3,2.26
176,Bihar,Siwan,1.88,1.98,2.32,2.16,1.81,1.85,2.28,1.33,1.41,2.89,2.04,3.04,2.45,2.8,2.45,2.41,4.72,2.8,2.45,2.29,1.77,2.38,3.23
177,Tamil Nadu,Thenkasi,,,,,,,,,,,,,,,,,,,,,4.19,4.49,4.72
178,Maharashtra,Nashik,0.65,2.25,2.61,2.42,2.17,2.03,1.61,2.88,2.88,2.27,3.23,3.17,2.94,3.85,2.69,2.4,4.61,4.71,2.67,1.57,4.38,4.13,4.28
179,Rajasthan,Bundi,1.27,1.5,0.43,1.81,1.09,1.3,1.83,2.3,2.25,1.3,2.52,2.68,3.05,2,2.67,2.91,2.88,3.45,4.7,0.71,3.23,2.75,3.35
180,Bihar,Muzaffarpur,1.81,2.92,1.92,1.98,3.03,2.65,2.16,1.71,2.6,2.15,2.57,3.68,3.23,3.58,3.93,2.29,1.8,1.54,3.53,3.62,2.89,2.96,4.69
181,Telangana,Medak,1.94,2.36,2.35,1.92,2,2.84,1.55,4.25,2.39,1.08,3.54,2.93,4.53,3.72,1.77,2.23,2.94,3.93,2.99,4.67,4.25,4.3,3.68
182,Madhya Pradesh,Seoni,0.89,2.02,1.3,1.88,1.31,1.33,1.03,1.21,1.14,1.1,1.27,1.04,2.55,1.84,3.6,3.5,4.62,4.64,4.06,3.74,3.37,4.49,2.79
183,Andhra Pradesh,Parvathipuram manyam,,,,,,,,,,,,,,,,,,,,,,,4.63
184,Andhra Pradesh,Nandyal,,,,,,,,,,,,,,,,,,,,,,,4.62
185,Assam,Baksa,,,,,,0.75,0.75,0.75,0.75,0.75,0.75,0.85,0.95,4.61,3.48,3.15,3.75,3.12,3.2,3.16,3.17,3.17,3.09
186,Uttar Pradesh,Kannauj,2.45,1.95,1.38,1.3,1.81,1.43,1.57,1.92,1.8,1.46,2.02,2.31,2.14,2.07,1.78,1.84,1.93,2.97,2.43,4.6,3.21,2.98,3.04
187,Bihar,Bhojpur,1.26,1.31,1.94,1.27,1.92,1.86,1.92,1.53,1.05,2.29,2.74,1.97,3.23,2.37,2.52,2.64,1.96,2.48,1.38,1.67,2.64,4.59,3.82
188,Uttar Pradesh,Etah,1.91,1.75,1.09,1.31,1.74,1.9,1.88,1.95,2.06,2.02,1.87,2.47,2.75,2.79,2.96,2.57,2.39,2.45,2.68,4.58,4.17,4.08,3.4
189,Haryana,Hisar,,,,,,,,,,,,,,,,,3,2,,4.57,3.75,3.91,3.5
190,Assam,Goalpara,0.58,0.58,0.58,0.58,,0.58,0.58,0.58,0.58,0.58,0.58,0.66,0.66,2.1,2.38,0.77,1.75,4.5,4.5,4.5,4.55,4.56,4.35
191,Bihar,Begusarai,1.71,2.02,1.56,2.05,1.78,2.04,2.08,1.83,1.51,0.88,2.41,2.42,3.07,2.3,2.53,2.15,3.75,2.15,3.67,4.55,4.01,3.9,4.1
192,Punjab,Bathinda,3,,2,3,,,,,,,,,,,4,,,,,,4,4,4.5
193,Punjab,Fatehgarh sahib,3,3,3,3,4,,4,3,4,3,,,4,4,4,4,,,3.67,3.67,3.67,,4.5
194,Punjab,Malerkotla,,,,,,,,,,,,,,,,,,,,,,4,4.5
195,Punjab,Sangrur,3,2.5,2,3,3,2,3,,3,,,,,4,3.5,4,3,,3.67,3,3.67,4,4.5
196,Assam,Dhubri,0.6,0.6,0.59,0.6,,0.6,0.6,0.59,0.59,0.6,0.6,0.66,0.74,4.34,2.69,4.09,4.5,4.13,4.2,4.36,4.2,4.2,4.19
197,Chhattisgarh,Kondagaon,,,,,,,,,,,,2.06,2.02,2.34,2,2.44,2.95,2.92,2.85,3.76,4.49,3.96,4.4
198,Assam,Lakhimpur,0.6,0.6,0.6,0.6,,0.6,0.6,0.6,0.6,0.6,0.6,0.68,0.76,3.42,4.49,0.59,0.59,4.19,3.71,3.71,4.1,4.1,4
199,Karnataka,Bagalkot,3,2.98,3.18,3.18,3.49,4.01,3.69,4.02,3.59,2.41,3.59,3.4,2.59,3.45,3.78,3.55,3.88,4.48,4.03,3.84,4.33,3.95,4.33
200,Maharashtra,Chhatrapati Sambhajinagar,0.96,1.97,2.48,2.11,1.88,2.67,2.75,2.81,2.76,2.66,3.65,3.24,1.97,4.47,0.92,1.08,3.4,2.04,1.44,1.43,3.06,2.37,2.05
201,Chhattisgarh,Kanker,1.36,0.97,0.92,1.62,1.54,1.62,1.47,1.98,1.81,1.93,2.04,2.06,1.88,2.23,1.97,1.92,2.84,2.71,3.19,3.34,4.46,3.94,3.91
202,Karnataka,Chikballapur,,,,,,,,1.78,3.49,3.03,3.2,2.77,2.79,3.6,2.02,3.36,1.64,4.45,1.52,3.27,3.73,2.72,3.06
203,Andhra Pradesh,Tirupati,,,,,,,,,,,,,,,,,,,,,,,4.45
204,Bihar,Patna,2.58,1.86,1.87,1.79,2.01,1.84,2.39,1.3,1.7,1.48,1.49,2.23,2.92,4.02,3.23,2.44,2.19,4.42,3.5,2.52,2.46,2.65,2.85
205,Karnataka,Belgaum,2.53,2.1,2.05,2.18,3.16,3.53,3.34,3.26,2.93,2.12,3.45,3.41,2.65,3.15,3.7,2.15,3.13,4.41,3.86,3.6,4.35,4.24,4.05
206,Telangana,Sangareddy,,,,,,,,,,,,,,,,,2.67,3.61,3.13,4.41,4.02,3.41,3.89
207,Assam,Nagaon,0.66,0.66,0.65,0.64,,0.66,0.67,0.68,0.57,0.67,0.68,0.77,0.87,3.92,3.08,3.14,3.05,3.34,3.61,3.33,3.77,3.75,4.41
208,Telangana,Rangareddi,2.07,2.15,2.72,4.23,2.65,3.6,2.83,4.41,2.54,1.96,2.15,1.92,3.88,3.55,2.97,3.84,3.13,2.24,0.76,3.33,3.55,3.86,4.08
209,Bihar,Nawada,1.09,1.5,1.49,2.01,1.84,1.93,2.23,2.41,2.28,2.31,2.35,2.74,2.2,2.51,2.61,2.69,2.91,3.62,2.17,2.97,3.88,4.22,4.4
210,Rajasthan,Tonk,1,1.06,0.07,1.38,0.95,0.79,0.83,0.9,1.07,0.26,1.23,1,1.15,0.99,1.1,0.99,1.05,4.4,1.48,1.04,1.7,1.77,1.1
211,Karnataka,Gadag,3.15,1.61,1.43,2.58,4.38,3.88,3.5,3.41,2.41,1.89,2.76,2.11,2.06,2.3,2.71,1.55,1.99,3.53,1.42,2.65,2.2,2.59,2.57
212,Bihar,Saran,1.99,1.93,2.02,2.08,2.36,1.83,1.94,1.36,1.47,1.57,1.92,2.57,2.37,3.15,2.9,3.24,4.38,3.13,2.56,2.98,3.13,3.74,4.05
213,Assam,Bongaigaon,0.61,0.61,0.61,0.61,,0.61,0.61,0.61,0.6,0.61,0.6,0.7,0.78,4.37,2.91,2.21,3.16,3.33,3.26,3.26,3.9,3.3,3.72
214,Haryana,Rohtak,,,,,,,,,3.08,2.04,2.86,4.36,3.58,3,2,,,3.2,2.75,3,,3.15,
215,Karnataka,Kolar,2.59,1.54,1.29,2.09,1.93,2.78,2.01,3.13,3.2,2.51,3.5,3.18,2.84,3.16,3.16,2.72,2.37,4.35,2.63,3.2,3.62,3.42,3.4
216,Punjab,Tarn taran,,,,,,,2,3,3,3,4,4,4,4,,4,,,3.5,3.5,3.5,4,4.33
217,Haryana,Panipat,,,,,,,,,,,,,,,,,,,,3,4.33,2.24,2.76
218,Bihar,Vaishali,2.25,1.81,2.8,1.87,2.44,2.34,2.04,1.94,2.32,2.37,2.32,3,3.77,4.33,4.07,4.01,3.81,3.27,2.64,2.74,2.61,3.37,3.62
219,Assam,Marigaon,0.4,0.4,0.4,0.4,,0.4,0.4,0.38,0.38,0.4,0.4,0.45,0.45,4.32,1.65,1.65,1.65,1.68,1.72,3.02,2.02,3.53,4.14
220,Maharashtra,Ahilyanagar,0.98,1.71,1.17,0.69,1.59,1.41,1.87,2.76,2.94,2.64,2.78,2.67,1.95,4.31,2.4,1.59,3.61,3.09,2.18,1.72,2.99,2.87,2.15
221,Assam,Nalbari,0.75,0.75,0.75,0.75,,0.75,0.76,0.75,0.73,0.74,0.74,0.85,0.85,4.31,3.07,4.3,1.9,3.9,2.1,2.1,2.1,3.47,3.37
222,Karnataka,Davangere,3.41,2.17,1.53,1.41,3.1,3.04,2.28,3.11,2.54,2.98,3.61,2.73,2.74,3.64,3.22,3.02,1.95,4.31,2.48,3.35,3.78,3.52,3.07
223,Himachal Pradesh,Mandi,2.79,3.11,2.08,3.33,2.82,2.44,3.02,2.76,2.77,0.26,0.35,0.34,0.31,0.29,0.25,0.36,0.26,0.36,2.52,2.56,4.05,4.26,3.11
224,Karnataka,Yadgir,,,,,,,,,,,2.16,2.43,2.81,3,3.26,2.14,2.01,4.12,2.63,4.24,3.07,3.46,3.42
225,Assam,South salmara mancachar,,,,,,,,,,,,,,,,,,,,,4.2,4.2,4.2
226,Haryana,Jind,,,,4.19,,,,,,,,,,,,,,,,1.78,2.67,3.33,3
227,Chhattisgarh,Sukma,,,,,,,,,,,,2.06,1.91,2.56,2.17,2.18,2.83,2.95,2.92,3.78,4.18,3.59,3.75
228,Rajasthan,Chittorgarh,1.25,1.81,1.19,2.14,1.76,1.74,1.68,2.45,2.8,1.75,2.21,2.45,2.6,2.25,2.74,2.17,1.45,3.05,3.06,1.69,4.17,2.69,2.86
229,Karnataka,Mysore,2.99,4.17,2.28,2.76,3.35,3.94,3.87,3.38,3.53,3.15,3.87,2.76,2.05,3.04,3.4,3.04,2.08,3.71,3.21,3.14,3.87,3.31,3.49
230,Karnataka,Haveri,4.1,2.33,2.01,1.09,2.27,2.35,2.63,2.42,2.62,2.08,3.64,3.29,2.03,3.55,2.84,2.32,2.39,4.15,2.21,1.83,3.35,2.86,1.6
231,Karnataka,Chitradurga,3.13,2.71,1.62,1.19,2.52,1.48,1.9,2.87,1.29,1.68,2.77,1.71,2.33,2.16,2.84,2.99,1.22,4.14,2.15,3.4,3.92,2.71,3.26
232,Punjab,Rupnagar,2.5,2.28,1.75,2.83,2.4,2.78,2.54,3.27,3.35,3.05,3.3,3.81,3.22,3.22,2.9,3.7,3.76,4.14,3.76,3.58,3.83,4.06,3.98
233,Madhya Pradesh,Gwalior,2.3,4.11,1.42,3.63,2.32,2.21,1.7,0.91,1.58,1.33,1.81,1.36,1.98,2.27,1.29,,,2.65,3.23,2.86,3.23,3.47,
234,Bihar,Lakhisarai,1.97,2.03,2.01,1.79,1.39,1.37,1.5,0.94,0.97,1.3,1.88,3.25,0.92,2.06,2.28,1.52,0.42,2.03,2.78,4.1,3.01,3.96,3.17
235,Odisha,Jajapur,0.55,0.79,0.71,0.47,0.61,0.95,0.54,0.7,1.42,1.25,1.13,0.87,0.7,0.8,0.7,0.94,0.86,,0.87,,1.44,1.88,4.06
236,Madhya Pradesh,Ratlam,1.43,2.46,1.3,2.43,1.84,2.44,1.55,1.96,2.01,1.78,2.19,2.15,3.67,2.53,2.08,2.26,2.63,2.92,4.06,1.72,3.22,3.64,2.96
237,Assam,Jorhat,0.51,0.52,0.5,0.52,,0.54,0.53,0.54,0.54,0.52,0.52,0.59,0.71,4.03,2.52,2.54,2.47,2.41,2.57,2.64,2.61,2.6,2.6
238,Punjab,Pathankot,,,,,,,,,,,,,2.67,3.11,2.25,2.29,2.75,2.38,2.04,3,3.68,4.03,2.71
239,Assam,Golaghat,0.54,0.54,0.54,0.54,,0.53,0.54,0.54,0.54,0.54,0.54,0.64,0.71,4.01,2.76,0.91,0.94,0.95,0.95,0.99,0.99,1.02,1
240,Punjab,Barnala,,,,,,,,,,,,,,,,,,,,3,4,,
241,Punjab,Gurdaspur,2.15,2.07,1.5,2.38,2.33,2.31,2.23,2.15,2.31,2.27,2.73,2.5,2.5,2,3,4,2,2,2.6,2.71,2.4,2.25,3.5
242,Punjab,Mansa,,,2,,,,,,,,,,,,,,,,,4,,4,4
243,Madhya Pradesh,Hoshangabad,2.01,2.16,2.36,2.01,1.22,1.54,1.02,1.31,1.34,1.17,1.75,1.21,4,1.55,2.18,1.33,3.42,3.48,2.64,2.29,0.96,3.04,3.15
244,Haryana,Kurukshetra,,,,,,,,,2.78,,,3.55,,,2,3.1,3.08,4,,2.67,2.49,2.86,3.33
245,Haryana,Bhiwani,,,,,,,,,,,,,,,,,,2,,2.83,2,4,
246,Maharashtra,Thane,,2,1,2,1,2,2,3,3,3,3,3,,,,2,,4,,,,2.4,2.57
247,Punjab,Faridkot,,,,,,,,,,,,,,,,,,,,,,4,
248,Karnataka,Dakshin kannad,,,,,,,,2.08,2.1,1.2,1.13,2,3.46,3.26,,,,,,,4,,
249,Mizoram,Lunglei,2.18,1.94,1.94,2.4,1.89,2.5,1.48,0.12,1.23,1.45,1.71,1.73,2.07,3.28,3.18,4,1.59,1.34,1.54,1.53,1.47,1.54,2.13
250,Punjab,Firozepur,,,,,,,,,,,,,,,,,,,,2.83,4,2.67,
251,Karnataka,Mandya,3.33,,1.85,2.19,3.5,2.41,2.05,3.31,1.67,1.29,1.66,2.32,1.79,3.44,4,3.51,1.09,3.08,3.12,3.45,2.85,2.67,3.13
252,Uttar Pradesh,Farrukhabad,2.16,1.95,1.35,1.57,2.13,1.56,1.42,1.78,2.62,1.9,1.85,2.28,2.75,2.34,1.92,2.05,2.25,3.42,3.51,3.99,3.62,3.18,2.95
253,Madhya Pradesh,Betul,2.98,2.27,2.22,2.02,1.62,1.6,1.05,1.37,1.41,1.27,1.56,1.46,3.5,1.25,2.39,2.37,2.95,3.98,2.35,1.89,2.45,2.83,3.4
254,Karnataka,Dharwad,3.33,1.59,1.99,1.15,2.13,3.17,3.97,2.17,2.34,2.28,3.02,2.16,2.49,2.64,2.69,1.9,2.46,3.07,2.7,3.32,3.24,3.79,3.74
255,Chhattisgarh,Rajnandgaon,1,0.68,1.1,1.09,1.27,0.99,1.1,1.27,0.97,0.89,1.44,1.3,1.54,1.57,1.51,1.46,2.09,2.02,2.02,2.29,3.95,3.49,3.92
256,Karnataka,Bellary,3.08,3.22,2.28,2.73,3,3.26,2.29,2.84,2.68,1.97,2.86,2.14,2.33,2.77,2.62,2.64,2.63,3.85,2.72,3.55,3.94,3.34,3.87
257,Karnataka,Koppal,3.93,3.19,2.22,2.46,2.72,2.22,1.84,2.93,2.75,1.5,2.83,2.77,2.75,3.47,3.03,1.25,1.31,3.61,1.41,1.83,2.98,2.3,2.34
258,Madhya Pradesh,Neemuch,1.55,2.29,1.42,2.49,1.77,2.12,1.13,1.45,1.79,1.32,1.91,1.47,3.93,2.52,1.72,1.74,3.92,3.56,2.58,1.62,2.42,3.28,3.08
259,Himachal Pradesh,Kullu,3.19,3.25,0.96,2.84,2.38,2.62,2.94,3.04,2.7,2.84,3.84,3.69,3.41,3.17,2.71,3.93,2.84,3.93,2.76,2.66,2.82,3.44,3.84
260,Karnataka,Chikmagalur,3.34,2.38,1.72,1.49,1.96,3.89,3.76,2.92,2.45,2.75,3.43,2.54,2.08,2.59,2.58,2.39,3.52,2.96,2.93,3,3.28,2.76,2.9
261,Madhya Pradesh,Dhar,1.08,2.13,2.18,2.1,1.28,1.31,0.82,1.21,1.24,1.07,1.43,0.99,2.12,3.88,2.86,2.96,3.53,3.27,0.57,3.75,3.74,3.67,3.57
262,Chhattisgarh,Bijapur,,,,,,,,1.7,0.78,1.04,1.47,2.06,2.02,2.56,2.13,1.2,2.31,2.32,1.83,2.9,3.87,3.32,3.2
263,Chhattisgarh,Mohla manpur ambagarh chouki,,,,,,,,,,,,,,,,,,,,,,,3.87
264,Bihar,Munger,1.49,1.99,1.68,1.53,1.6,1.57,1.99,1.75,1.87,1.82,1.72,1.88,2.54,2.61,2.83,2.14,1.96,3,2.08,3.43,3.64,3.64,3.86
265,Bihar,Aurangabad,0.75,1.22,1.19,1.81,1.25,1.43,1.69,1.49,1.26,1.37,1.82,1.81,3.34,2.35,2.03,3.86,2.41,2.66,1.42,2.73,2.17,3.19,
266,Haryana,Palwal,,,,,,,,,3.85,,,,,,,,,,,3,3,3.13,
267,Uttar Pradesh,Kanpur dehat,,,1.12,0.88,1.36,1.21,1,1.21,1.11,1.03,1.24,1.54,1.98,1.98,1.61,2.06,2.98,2.75,2.47,3.85,2.91,2.81,2.84
268,Maharashtra,Jalna,0.97,1.49,2.13,2.65,1.8,2.17,2.17,3.17,1.6,2.1,2.88,2.61,1.76,2.57,0.56,0.92,2.92,2.02,1.34,3.29,3.83,3.47,3.75
269,Karnataka,Udupi,,,,,,3.55,3.17,3.53,3.16,2.67,3,2.43,3.13,3.13,3.37,2.5,3,3.83,3,3.44,3.68,3.63,3.56
270,Maharashtra,Sangli,1.06,1.87,1.45,2.33,2.02,2.36,1.22,2.4,2.29,2.33,3.07,2.05,1.87,2.39,3.83,1.92,3.06,2.42,1.97,1.95,2.69,3.04,2.96
271,Maharashtra,Satara,0.99,1.98,2.08,1.95,1.83,1.47,1.63,1.74,2.03,2.5,1.99,2.04,1.58,2.64,1.96,2.02,2.19,2.89,2.32,2.08,2.92,3.82,2.08
272,Odisha,Cuttack,0.83,0.31,0.38,0.69,1.46,0.99,1.51,1.47,1.91,1.96,1.98,2.4,1.45,1.62,3.5,0.7,,,,,2.38,3.82,3.79
273,Bihar,Purbi champaran,2.08,2.49,3.15,3.82,2.8,2.76,1.16,2.86,1.62,1.8,2.09,3.58,3.42,1.95,1.96,1.44,2.62,2.42,1.94,2.34,1.27,1.75,3.66
274,Bihar,Gopalganj,2.78,2.4,1.4,2.17,2.19,1.68,1.89,1.28,1.62,2.7,2.4,2.79,3.28,2.91,2.71,2.89,2.81,2.77,3.11,3.48,2.48,3.43,3.82
275,Uttar Pradesh,Mainpuri,2.13,2.08,1.39,1.79,2.07,1.78,2,2.22,2.36,1.77,2.17,2.5,2.69,2.62,2.56,2.86,2.99,3.1,3.39,3.55,3.79,3.28,2.16
276,Karnataka,Gulbarga,2.65,2.47,2.12,2.15,3.68,2.84,1.81,2.56,2.38,1.12,1.78,2.19,2.8,2.62,2.44,1.1,1.85,3.7,3.18,3.76,2.8,3.31,3.46
277,Assam,Tinsukia,0.6,0.6,0.6,0.6,,0.6,0.6,0.6,0.6,0.6,0.6,0.69,0.78,3.75,2.83,0.82,0.56,0.56,0.61,1.08,1.28,1.78,2.05
278,Madhya Pradesh,Harda,1.98,2.02,2.09,1.91,1.22,1.35,0.89,1.09,1.5,1.35,1.39,1.17,2.2,1.26,2.14,1.4,,2.84,1.75,0.95,1.6,1.45,3.75
279,Himachal Pradesh,Chamba,2.51,2.95,1.96,3.04,2.59,1.23,2.56,1.75,2.61,2.67,3.61,3.47,3.21,2.97,2.55,3.69,2.67,3.69,2.67,2.57,2.19,3.75,3.72
280,Assam,Hojai,,,,,,,,,,,,,,,,,,,,,3.02,3.43,3.73
281,Chhattisgarh,Raipur,0.95,0.58,1.13,0.95,1.06,0.88,0.97,1.13,1.07,1.25,1.27,1.09,1.61,1.89,1.7,1.49,1.84,1.92,2.22,2.7,3.73,3.3,3.66
282,Karnataka,Bidar,2.18,1.74,1.49,1.46,1.95,2.14,1.79,2.24,1.9,0.83,1.98,2.31,2.75,3.72,1.85,1.95,1.06,3.49,2.05,2.3,3.2,2.75,2.39
283,Bihar,Sheikhpura,1.57,1.83,1.28,2.02,1.62,1.45,1.33,1.96,1.83,2.17,2.38,2.18,2.51,1.46,1.59,1.85,1.76,1.5,1.62,2.7,3.08,2.97,3.71
284,Uttarakhand,Haridwar,1.47,1.52,1.79,1.79,1.62,1.96,1.42,1.23,1.65,2.01,1.86,1.47,1.72,1.89,1.41,1.41,2.21,2.28,2.05,1.79,2.25,3.54,3.71
285,Jharkhand,Bokaro,,,1.4,1.2,1.24,0.56,0.96,0.13,0.72,0.16,,1.48,1.33,0.02,1.42,0.81,1.5,2.15,1.52,2.95,3.7,2.9,3.7
286,Maharashtra,Kolhapur,1.29,2.14,1.78,1.97,2.63,1.98,1.76,2.66,2.37,2.55,2.22,2.88,1.89,2.55,3.11,2.65,3.7,2.91,3.38,2.74,2.94,2.38,3.66
287,Karnataka,Bijapur,2.96,2.21,2.29,2.32,2.44,2.55,2.17,2.95,2.55,1.49,2.7,3.51,3.16,3.58,3.16,1.7,3.58,3.59,2.56,2.61,3.43,3.16,3.69
288,Assam,Karbi anglong,0.8,0.78,0.79,0.79,,0.79,0.79,0.79,0.79,0.79,0.79,0.89,1.01,2.21,3.66,2.61,2.21,2.21,2.26,2.27,2.27,2.27,2.27
289,Odisha,Balangir,0.44,0.44,0.36,0.49,0.51,0.53,0.53,0.71,0.7,0.68,0.77,0.64,1.28,2.02,1.45,0.94,1.5,2.12,2.9,3.37,3.37,3.3,3.64
290,Uttar Pradesh,Mathura,1.99,1.94,1.18,1.72,2.06,1.8,1.79,2.2,2.19,1.84,2.13,2.48,2.72,2.53,2.42,2.65,2.75,2.86,3.18,3.51,3.64,3.13,2.58
291,Chhattisgarh,Raigarh,1.18,0.8,1.39,1.29,1.36,1.36,1.4,1.64,1.5,1.28,1.82,1.56,2.02,2.13,2.06,2.1,2.47,2.49,2.38,2.81,3.49,3.13,3.64
292,Odisha,Nabarangpur,1.81,1.05,1.07,2,2.34,2.11,2.28,2.55,2.56,2.75,3.13,2.36,2.98,3.59,2.57,2.22,3.59,3.15,2.95,3.63,3.35,3.24,3.47
293,Bihar,Kaimur (bhabua),2.2,1.72,1.65,1.78,1.48,1.46,1.32,0.51,0.55,1.05,1.12,2.45,2.49,2.79,1.2,2.01,2.1,3.61,2.4,1.98,3,2.97,2.41
294,Madhya Pradesh,Khandwa,1.61,2.41,2.69,2.32,1.75,1.82,1.3,1.9,1.69,1.24,1.98,1.21,3.22,1.83,3.12,1.8,2.77,3.09,2.69,1.73,1.69,2.23,3.61
295,Madhya Pradesh,Khargone,1.18,2.06,2.68,2.45,1.12,1.06,0.97,1.33,1.05,0.95,1.27,1.17,2.92,1.88,1.82,3.33,3.55,3.5,3.05,3.05,3.4,3.58,3.61
296,Madhya Pradesh,Agar malwa,,,,,,,,,,,,,,1.09,2,1.29,1.95,3.6,0.9,0.86,1.2,1.78,3.28
297,Chhattisgarh,Janjgir-champa,1.27,0.75,1.63,1.03,1.32,1.2,1.32,1.45,1.33,1.62,1.73,1.37,1.84,2.25,1.82,2.24,2.76,2.88,2.41,2.62,3.37,3.18,3.59
298,Assam,Dibrugarh,0.53,0.53,0.53,0.53,,0.53,,0.53,0.37,0.86,0.62,0.7,0.7,3.58,2.54,1.61,1.61,1.61,1.88,1.88,1.92,1.92,1.61
299,Maharashtra,Palghar,,,,,,,,,,,,,,,,3.33,3.57,,2.5,3.5,,2.33,2.75
300,Maharashtra,Jalgaon,0.64,1.83,2.81,3.23,2.07,3.25,2.91,2.82,2.55,2.27,3.23,3.45,2.68,3.48,2.9,1.75,3.39,3.57,1.98,1.64,3.08,2.97,3.13
301,West Bengal,Medinipur west,1.84,1.78,1.68,2.04,1.77,1.81,2.28,2.06,2.2,2.49,2.5,2.61,2.63,3.46,2.3,2.84,2.58,3.1,2.92,3.12,3.57,2.72,3.32
302,Chhattisgarh,Balrampur,,,,,,,,,,,,1.4,2.04,2.03,1.79,1.72,2.9,2.85,2.72,3.22,3.56,3.1,2.92
303,Manipur,Senapati,2.43,2.58,2.5,3.56,2.97,2.92,2.65,2.84,1.95,1.86,1.99,1.91,2.24,2.19,2.19,2.23,2.16,2.27,2.28,,,2,2
304,Uttar Pradesh,Mahoba,1.88,1.13,,1.22,1.54,1.3,1.35,,1.4,1.5,1.47,1.73,1.88,3.55,1.78,1.82,2.69,2.43,2,2.4,2.4,2.09,2.15
305,Uttar Pradesh,Hamirpur,1.67,1.17,,1,1.5,,,1.4,,,1,1.25,,3.54,,2.15,2.8,3,2.07,2.5,2.31,,
306,Chhattisgarh,Dantewada,1.49,0.88,1.43,1.23,1.54,1.1,1.5,1.72,1.48,1.04,2.13,2.06,1.92,2.56,2.13,1.6,2.9,1.84,2.67,2.81,3.54,3.12,3.06
307,Mizoram,Saiha,,,,1.84,3.52,1.91,1.67,0.08,0.24,0.98,1.04,0.85,0.51,2.26,1.79,1.82,1.9,1.82,1.86,1.3,1.33,1.36,1.36
308,West Bengal,Bankura,1.83,1.78,1.15,1.31,1.78,1.93,2.71,2.42,1.41,2.26,2.14,2.14,3.24,2.39,2.87,3.51,2.88,2.51,2.92,2.75,2.62,3.05,3.49
309,Maharashtra,Sindhudurg,1,2,1,2,1,2,2,3,3,3,3,,,,2,1,3.51,,,3.17,2.75,2.46,2.63
310,Jammu and Kashmir,Kulgam,,,,,,,,1.51,,3.21,2.22,2.2,1.92,,0.31,0.71,0.64,1.64,3.51,2.66,,,
311,Jammu and Kashmir,Kathua,2.48,2.4,1.77,2.47,2.45,1.98,2.09,2.07,,1.83,2.04,2.36,2.09,,1.47,2.94,2.57,3.5,3.49,3.14,,,
312,Himachal Pradesh,Solan,2.03,2.36,1.62,2.07,1.76,1.67,2.17,2.36,2.41,2.54,0.89,0.76,3.04,2.84,2.42,3.5,2.54,3.5,2.83,2.83,3.27,2.88,2.95
313,Kerala,Kasaragod,,,,,,,,,,,,,,,,,,,,,3.5,,
314,Himachal Pradesh,Lahul and spiti,2.29,2.55,1.61,2.45,2.13,1.84,2.33,2.26,2.27,1.95,2.57,2.55,2.35,2.4,1.86,2.62,1.85,2.76,2.74,2.76,2.75,2.75,3.5
315,Haryana,Faridabad,2.62,3.22,2.51,,,,,,,,,,,,,,,,,3,3,3,3.5
316,Haryana,Kaithal,,,,,,,,,,,,,,,,,,,,2.83,3,3.33,3.5
317,Jharkhand,Dumka,,,1.5,1.28,2.66,1.26,2.18,1.47,1.46,1.31,,2.18,1.37,3.17,2.12,1.27,3.5,2.98,2.26,2.48,2.5,2.49,2.36
318,Chhattisgarh,Sakti,,,,,,,,,,,,,,,,,,,,,,,3.5
319,Uttar Pradesh,Banda,0.78,1,0.5,1.25,1.57,1,1.3,1.41,1.5,1.5,1.46,1.17,1.78,3.49,1.67,2,,2.22,2,2.5,2.25,,2
320,Karnataka,Vijayanagar,,,,,,,,,,,,,,,,,,,,,,,3.48
321,Assam,Dima hasao,0.75,0.75,0.75,0.75,,0.75,0.75,0.75,0.75,0.75,0.75,0.85,0.96,3.27,3.48,1.54,1.54,0.75,1.54,1.54,1.54,1.54,1.54
322,Bihar,Jamui,1.44,1.94,1.16,1.52,0.72,0.62,1.11,3.48,1.7,1.68,2.56,2.49,1.4,1.53,2.27,2.73,2.7,2.85,2.51,2.67,2.44,2.33,2.46
323,Uttar Pradesh,Kanpur nagar,1.49,1.79,1.22,1.41,1.49,1.04,1.12,1.61,1.72,1.41,1.26,1.4,1.49,1.85,1.27,2.68,2.38,3.48,2.32,2.71,2.75,2.72,2.62
324,West Bengal,Darjeeling,3.1,3.47,2.25,1.97,2.89,2.05,2.12,2.5,2.72,2.5,2.54,2.33,2.33,2.39,2.42,2.56,2.28,2.38,3.35,2.26,2.53,2.56,2.54
325,Uttar Pradesh,Agra,1.96,1.93,1.18,1.67,2.06,1.8,1.8,2.13,1.8,1.59,1.86,1.8,2.29,2.13,1.89,2.06,2.02,2.46,2.65,2.67,3.47,2.9,2.8
326,Andaman and Nicobar Islands,South andamans,,,,,,,,,,,3.47,2.98,2.67,2.48,2.02,2.03,1.84,1.54,1.11,2.48,1.3,1.7,
327,Andhra Pradesh,Alluri sitharama raju,,,,,,,,,,,,,,,,,,,,,,,3.46
328,Uttar Pradesh,Kasganj,,,,,,,,,,1.99,1.87,2.63,2.78,2.78,3.1,2.44,2.55,2.66,2.7,3.37,3.45,3.28,2.93
329,Chhattisgarh,Durg,0.9,0.57,0.91,1.01,1.22,0.9,1.01,1.19,1.05,0.82,1.47,1.19,1.55,1.1,1.22,1.56,2.09,1.86,1.58,2.26,3.25,3.1,3.44
330,Uttar Pradesh,Etawah,2.38,2,1.67,2.01,2.09,1.6,1.67,1.89,1.87,2.01,1.9,1.95,2.63,2.65,2.49,2.45,2.67,3.44,2.53,2.78,3.11,3.11,2.93
331,Jharkhand,Ranchi,,,1.13,1.58,1.16,1.05,1.51,1.24,1.34,0.85,,2.34,3.09,2.91,2.77,1.36,3.42,2.51,2.36,2.75,2.8,2.8,2.3
332,Assam,Biswanath,,,,,,,,,,,,,,,,,,,,,3.4,3.41,3.42
333,Haryana,Sirsa,,,,,,,,,,,,,,,,,3,2,,3.33,3,1.76,3.4
334,Madhya Pradesh,Indore,1.66,1.45,1.47,1.53,1.15,1.11,0.88,1.17,1.29,1.16,1.26,1.17,1.65,1.19,2.37,2,3.14,2.27,2.49,1.55,1.53,2.1,3.4
335,Chhattisgarh,Narayanpur,,,,,,,,1.78,1.6,1.84,2.01,2.06,2.35,2.34,2,1.52,3.31,2.85,2.69,3.39,3.36,3.07,3.3
336,Maharashtra,Dhule,0.73,1.79,1.82,2.88,2.41,1.62,1.9,2.49,1.4,2.28,3.36,2.42,2.59,3.17,2.15,1.81,2.69,3.33,2.13,1.56,2.19,2.02,2.86
337,Meghalaya,East khasi hills,1.77,1.78,1.76,1.77,1.77,1.76,1.98,2.04,2.34,2.36,2.35,2.36,3.15,3.22,3.31,3.34,3.34,3.34,3.34,3.35,3.35,3.35,3.35
338,Kerala,Palakkad,,,,,,,,,,,,,0.07,1.39,1,1.13,0.88,2.23,1.05,1.01,0.94,2.88,3.34
339,Haryana,Jhajjar,,,,,,,,,,,,,,,,3,3,1,3,2.88,3.33,3.12,3.33
340,Madhya Pradesh,Narsinghpur,2.18,2.98,3,2.63,1.98,1.91,1.26,1.6,1.61,1.33,1.58,1.41,2.82,1.46,1.89,3.33,1.75,1.77,2.57,2.1,2.41,2.7,2.7
341,Haryana,Panchkula,2.22,2.56,1.9,2.61,2.65,2.05,2.21,2.59,2.02,2.1,1.81,2.54,2.46,2.8,2,3.15,2.88,3.16,2.57,2.61,2.8,2.96,3.33
342,Madhya Pradesh,Jhabua,0.78,2.02,1.72,1.83,0.96,1.25,0.59,1.12,1.2,1.02,1.14,0.8,1.96,2.24,2.2,2.66,3.32,2.98,2.11,1.83,1.84,2.47,2.77
343,Madhya Pradesh,Sehore,1.39,1.99,2.14,1.85,1.4,1.33,0.88,1.3,1.14,0.93,1.85,0.85,2.59,0.58,2.2,1.88,1.58,2.42,3.13,2.01,2.2,3.32,3.22
344,Mizoram,Mamit,,,,1.94,2.36,1.55,1.76,0.1,0.44,1.45,3.32,1.9,1.88,1.49,1.4,1.31,1.32,1.52,1.2,1.19,1.17,1.07,1.54
345,Jharkhand,Lohardaga,,,,1.54,1.21,1.17,1.1,1.52,1.52,1.22,,2.03,1.99,2.2,2.39,1.18,3.31,3.04,3.04,3.05,3.01,3.19,2.54
346,Himachal Pradesh,Shimla,2.04,2.65,1.5,2.92,2.42,2.48,1.86,1.83,2.16,2.27,3.06,2.95,2.72,2.53,2.16,3.13,2.27,3.13,2.65,2.65,2.75,2.74,3.3
347,Uttarakhand,Dehradun,1.66,1.25,1.33,1.72,1.66,1.54,1.65,2.12,1.59,1.59,1.84,1.72,1.49,1.2,2.41,2.17,2.21,2.75,2.5,2.7,2.77,3.3,2.77
348,Jharkhand,Deoghar,,,1.08,1.36,1.41,0.65,1.67,1.16,1.11,0.88,,1.68,1.2,0.04,0.86,1.4,3.3,1.8,2.5,2.11,2.3,2.9,2.58
349,Madhya Pradesh,Alirajpur,,,,,,,,,1.2,0.9,1.14,0.82,1.95,0.78,2.73,2.2,3.29,2.58,2.13,1.2,1.6,2.14,2.88
350,Uttar Pradesh,Budaun,1.65,1.52,1.04,2.01,1.52,1.51,1.64,1.66,1.91,1.83,1.86,1.94,2.09,2.1,2.03,1.83,2,2.23,2.23,2.3,3.29,3.28,2.32
351,Manipur,Chandel,3.29,3.14,2.98,3.14,3.11,3.03,2.21,2.8,1.92,1.77,1.97,1.81,2.26,2.19,2.2,2.36,2.25,2.49,2.49,,,2.29,2.28
352,Himachal Pradesh,Kinnaur,2.29,2.55,1.61,2.44,2.13,1.84,2.33,2.28,2.27,2.37,3.2,3.08,2.85,2.65,2.27,3.28,2.37,3.28,2.55,2.55,2.73,2.86,2.65
353,Assam,Sivasagar,0.68,0.68,0.69,0.69,,0.69,0.68,0.68,0.69,0.68,0.69,0.8,0.89,2.69,3.28,2.87,2.82,3.11,3,2.34,2.83,2.79,2.81
354,Uttar Pradesh,Jalaun,1.25,0.73,0.5,1.46,0.91,,0.88,0.56,1,2,2.13,1.71,1.22,3.27,1,0.75,,2.52,1,0.67,2.59,1.91,1.5
355,Jharkhand,Gumla,,,1.11,1.48,0.97,1.3,1.66,1.01,1.04,1.12,,1.35,1.86,1.57,1.63,1.38,2.81,2.58,2.55,2.49,3.24,3.25,2.51
356,Meghalaya,Ri bhoi,2.08,2.08,2.5,2.5,2.51,2.5,2.5,2.26,2.26,2.4,2.25,2.26,3.01,3.08,3.16,3.2,3.22,3.22,3.22,3.23,3.23,3.24,3.23
357,Chhattisgarh,Surguja,1.35,0.57,1.24,1.32,1.34,0.91,1.23,1.49,1.35,1.14,1.76,1.4,2.02,2.03,1.79,2.03,2.17,2.14,2.34,2.77,3.23,2.85,2.97
358,Uttar Pradesh,Kushi nagar,1.5,1.77,1.88,1.5,2.92,1.38,1.83,1.41,1.35,1.6,1.94,2.12,2.29,2.85,2.54,2.58,2.65,3.04,2.81,3.22,2.25,1.77,2.1
359,Madhya Pradesh,Dewas,1.51,1.83,1.74,1.63,1.1,1.3,0.93,1.36,1.39,1.24,1.44,1.29,2.01,1.29,3.21,1.64,2.73,3.01,2.06,1.44,1.94,2.42,2.42
360,Himachal Pradesh,Una,1.85,2.07,1.48,2.41,2.14,1.65,2.13,2.34,2.13,2.17,2.93,2.11,2.6,2.41,2.07,3,2.17,3,2.77,2.78,2.18,2.08,3.21
361,Odisha,Nayagarh,0.92,0.47,0.78,0.84,0.95,1.09,0.93,1.13,1.13,1.03,1.57,1.64,1.31,1.56,1.76,1.78,1.95,1.92,2.12,3.21,2.53,3.09,2.82
362,Chhattisgarh,Surajpur,,,,,,,,,,,,1.39,1.75,1.9,1.79,2,1.89,2.37,2.56,3.21,2.11,2.98,3.12
363,Assam,Karimganj,0.5,0.58,0.58,0.58,,0.54,0.54,0.53,0.5,0.44,0.5,0.59,0.59,2.28,2.11,3.13,2.52,3.2,0.9,0.9,2.23,2.23,1
364,Madhya Pradesh,Balaghat,1.55,2.33,2.14,1.85,1.63,1.83,1.03,1.31,1.34,1.19,1.54,1.25,2.35,1.72,2.63,2,3,2.93,2.25,2.27,2.84,3.2,3.16
365,Uttar Pradesh,Auraiya,2.44,2.12,1.82,1.83,2.02,1.44,1.9,2.18,2.39,1.94,2.03,2.02,2.48,2.53,2.39,2.59,2.6,2.66,2.59,2.72,3.19,3.18,2.93
366,Madhya Pradesh,Ashoknagar,,,,1.74,1.36,1.58,1.12,1.48,1.41,1.27,1.45,1.14,2.72,1.6,1.45,2,1.5,1.97,2.64,2.24,1.58,3.18,3.18
367,Manipur,Ukhrul,2.34,0.81,1.12,3.17,2.63,2.87,2.35,2.92,1.74,1.71,1.8,1.86,2.27,2.21,2.22,2.27,2.16,2.45,2.43,1.96,2.35,2.33,2.33
368,Madhya Pradesh,Mandsaur,1.37,2.52,1.88,2.35,1.44,1.19,0.94,1.32,1.4,1.18,1.36,1.18,2.56,2.05,1.68,1.46,2.83,3.09,3.06,1.78,2.26,2.94,3.16
369,Maharashtra,Buldhana,0.95,2.45,2.04,2.13,1.23,1.68,1.67,3.16,2.99,2.19,2.43,2.76,1.78,2.62,1.23,1.15,2.21,2.24,1.36,0.79,2.89,2.64,2.62
370,Madhya Pradesh,Rajgarh,0.58,1.18,0.81,1.72,1.21,0.99,0.5,1.14,1.19,0.88,1.2,0.89,2.52,0.48,2.28,1.75,2.74,3.15,1.71,1.18,1.6,2.54,2.64
371,Madhya Pradesh,Morena,1.25,1.57,1.04,1.28,0.95,1.26,0.77,1,1,1,1,0.84,1.6,1.15,,,,3.15,1.53,1.68,1.68,2,
372,Uttar Pradesh,Pilibhit,1.75,1.51,1.07,1.76,1.53,1.5,1.6,1.61,1.82,1.78,1.6,1.84,1.99,2,1.93,1.76,2.06,2.21,2.05,2.45,3.13,3.09,2.35
373,Haryana,Rewari,,,,,,,,,,,,,,,,,,,,,3,3.13,
374,Gujarat,Banas kantha,1.52,3.12,0.83,2.73,2,2.36,1.55,2.7,1.77,1.59,2.18,2.15,1.73,1.84,1.73,1.66,1.52,1.93,2.71,1.92,1.97,2.33,2.16
375,Assam,Udalguri,,,,,,0.63,0.62,0.62,0.62,0.62,0.62,0.71,0.8,3.12,2.9,0.65,2.22,2.25,2,2.12,2.14,2.33,2.13
376,Odisha,Kendujhar,0.78,0.59,0.64,0.82,0.96,0.67,0.82,0.85,0.7,0.98,1.58,1.29,1.49,1.79,1.75,1.66,1.69,1.72,1.65,3.11,2.53,2.62,2.74
377,Bihar,Buxar,2.05,1.7,1.58,1.41,1.33,1.3,1.13,1.16,1.94,1,1.53,2.19,3.11,1.38,1.49,1.45,2.36,2.66,1.89,1.55,2.67,2.02,2.73
378,Uttarakhand,Uttar kashi,1.3,1.15,0.86,1.33,1.24,1.05,1.05,1.25,1.25,1.25,1.23,1.25,1.04,1.04,2.6,2.6,1.62,2.67,1.37,1.3,2.24,3.06,3.11
379,Maharashtra,Washim,1,3,2,2,1,2,2,3,3,2.33,2.5,2.33,1.2,2.5,1.13,1.55,2.5,2.33,1.43,1.65,3.11,2.46,2.25
380,Gujarat,Vadodara,0.93,1.92,1.67,1.63,1.12,1.44,0.95,1.77,2.09,1.47,2.02,2.06,2.17,2.09,1.9,2.29,2.02,1.43,2.18,1.87,2.57,3.11,2.42
381,Uttar Pradesh,Firozabad,1.98,2.42,1.05,1.73,2.79,1.97,2.29,2.51,2.69,2.42,2.38,2.78,2.58,3.05,2.59,2.54,2.79,2.82,2.63,3.1,3.02,3.01,2.18
382,Odisha,Puri,,,,,,,,,,1.15,,,3.1,,,,,,,,,,
383,Rajasthan,Baran,2.27,1.49,1.25,1.25,1.41,1.49,1.29,1.33,1.47,1.67,2.64,1.93,2.83,1.13,1.57,2.4,2.57,2.98,2.23,0.72,3.09,2.15,2.3
384,Maharashtra,Akola,1,2.5,2,2,1.14,1.71,1.29,3.09,2.88,1.83,2.12,2.77,2.2,3,2,1.5,1.33,1.99,1.02,1.74,2.23,2.06,2.02
385,Gujarat,Aravalli,,,,,,,,,,,,,,,1.37,2.32,2.03,1.77,3.06,2.76,2.24,3.08,2.85
386,Uttar Pradesh,Aligarh,2.13,2.03,0.97,1.65,1.9,1.55,1.59,1.97,2.53,1.8,2.02,1.98,2.66,3.07,2.13,2.35,2.33,2.7,2.42,2.58,2.45,2.45,2.47
387,Rajasthan,Bhilwara,1.07,1.56,0.27,1.66,1.64,0.66,1.65,1.85,1.56,0.69,1.84,1.69,1.82,1.72,2.01,1.21,1.53,2.28,2.46,1.45,3.07,2.29,2.58
388,Maharashtra,Amravati,1,2.36,2,2.17,1.25,1.63,1.59,3.06,2.88,2.21,2.5,2.75,1.73,2.54,0.69,1.4,2.14,2.34,1.39,1.83,3.07,2.78,2.86
389,Chhattisgarh,Gaurella-pendra-marwahi,,,,,,,,,,,,,,,,,,,,2.67,2.68,2.76,3.07
390,Uttar Pradesh,Sambhal,,,,,,,,,,,,,1.13,1.76,2.04,1.92,2.2,2.29,2.33,1.79,3.07,2.95,2.32
391,Rajasthan,Jhalawar,1.21,1.25,1.25,2.28,1.22,1.82,1.44,2.55,2.14,1.99,2.09,1.72,2.17,0.92,2.03,1.8,1.87,3.06,2.86,0.68,2.44,1.93,2.38
392,Madhya Pradesh,Katni,1.15,1.62,1.23,1.62,1.16,1.15,0.55,0.66,1.06,0.75,0.97,0.65,1.79,2.26,3,2,2,2.59,2.61,2.26,2.32,2.6,3.06
393,Karnataka,Tumkur,2.79,2.14,1.5,1.54,2.65,3.05,1.83,2.84,1.95,1.94,2.64,2.32,2.32,2.13,2.39,2.58,1.66,2.93,1.36,2.73,2.76,1.9,2.52
394,Uttar Pradesh,Bareilly,1.81,1.53,1.08,1.76,1.53,1.49,1.52,1.57,1.8,1.76,1.58,1.8,2.05,1.99,1.8,1.83,1.97,2.24,2.05,2.36,3.05,3.02,2.55
395,Gujarat,Tapi,,,,,,,,,1.38,1,1.69,1.5,1.56,1.32,1.91,2.29,2.57,3.04,2.74,2.18,2.6,2.63,2.81
396,Madhya Pradesh,Mandla,1.68,1.99,1.62,1.82,1.37,1.35,0.89,1.13,1.15,1,1.3,0.85,1.2,1.75,2,2.16,2.42,2.11,2.7,2.15,2.1,2.36,3.04
397,Odisha,Khordha,0.52,0.95,0.66,0.5,1.28,1.07,1.55,0.96,1.78,0.75,2.18,1.86,2.75,2.68,1.72,2.81,2.47,1.3,1.24,1,1.16,3.04,1.1
398,Maharashtra,Gadchiroli,1.31,2.55,1.96,2.11,1.24,1.68,1.77,3.04,1.54,2,2.29,1.35,1.67,2.74,1.5,1.4,2.63,2.32,1.17,1.6,1.9,2.25,2.02
399,Madhya Pradesh,Ujjain,1.12,1.3,1.19,2.13,1.02,0.96,0.94,1.17,1.12,1.03,1.13,1.03,2.32,0.81,1.78,1.14,2,1.27,2.31,0.75,1.67,2.64,3.04
400,Jammu and Kashmir,Rajauri,2.67,2.95,2.59,2.16,2.56,2.29,2.43,2.67,,2.36,2.38,1.81,2.23,,1.51,1.44,1.7,2.2,3.03,2.38,,,
401,Chhattisgarh,Jashpur,1.51,0.91,1.39,1.47,1.69,1.25,1.16,1.64,1.43,1.72,1.7,1.56,1.85,2.2,1.87,1.6,2.38,2.52,2.21,3.03,2.93,2.67,2.97
402,Bihar,Rohtas,2.22,1.76,1.6,1.58,1.62,1.69,1.71,0.43,0.82,1.23,1.6,2.33,2.56,2.56,2.55,2.48,1.66,3.03,,,,,
403,Uttar Pradesh,Rampur,1.35,1.53,1.11,0.41,1.18,1.06,1.13,1.35,1.35,1.49,1.17,1.56,1.42,3.01,1.85,2.1,2.08,2.73,2.11,1.82,2.82,2.8,2.85
404,Maharashtra,Ratnagiri,,,1,2,1,2,2,3,3,3,3,3,,,,2,,,,2.61,2.75,2.46,2.75
405,Madhya Pradesh,Jabalpur,2.1,2.31,2.55,2.49,2.06,1.67,0.86,1.16,1.3,1.07,1.32,1.14,1.95,1.39,3,1.5,2.43,2.5,2.07,1.97,2.01,2.12,2.84
406,Chandigarh,Chandigarh,2.5,2.25,2.25,2,2,2,2,2,2.08,2.17,2.2,2.2,2.28,2.28,2,2,,,,3,3,2.89,3
407,Maharashtra,Bhandara,,,2,2,1,2,2,3,,,,,,,,,1.67,0.35,,,,1.27,1.5
408,Haryana,Charki dadri,,,,,,,,,,,,,,,,,,,,3,0.67,,
409,Rajasthan,Jhunjhunu,,,1,,,1,1,2,2,1,2,,,,,,,,,1.5,3,2,2.33
410,Maharashtra,Raigad,,,,,,2,2,2.5,3,,,3,,,,,,,,,,,
411,Maharashtra,Wardha,1,2,,,,,2,3,2,,,1,,1,1,1,1.54,0.44,0.35,1.07,1.35,2.06,0.71
412,Maharashtra,Yavatmal,1,2.5,2,2,1,2,1.75,3,3,2.18,1.88,2.8,0.85,1.25,0.15,0.88,2.15,2.04,1.04,0.59,2.67,2.21,1.63
413,Rajasthan,Bikaner,,1,,,1,1,1,,1.71,1,1.86,1.56,1.88,,,,2,,,,3,,
414,Gujarat,Bhavnagar,0.75,1.97,1.73,2,1,1.56,0.29,1.39,1.46,0.95,1.63,1.36,1.67,1.29,1.34,1.32,1.68,1.86,3,2.38,2.11,2.36,2.22
415,Haryana,Gurgaon,,,,,,,,,,,,,,,,,,,,3,3,2.94,3
416,Haryana,Mewat,,,,,,,,,,,,,,,,,,,,3,,,
417,Uttar Pradesh,Bijnor,1.31,1.56,1.13,1.33,1.16,1,1.05,1.73,1.47,1.47,1.42,1.92,1.85,2.29,2,2,2.13,3,2.14,1.6,2.93,,2.85
418,Rajasthan,Bharatpur,1.05,1.45,0.89,1.85,1.2,1.1,1.06,1.83,1.67,1,1.8,1.6,1.83,1.63,1.5,1.38,2,2,,1,3,,
419,Assam,Cachar,0.5,0.5,0.5,0.51,,0.5,0.5,0.5,0.48,0.5,0.5,0.56,0.63,3,2.31,0.8,0.85,1.25,1.26,1.33,1.35,1.33,2.5
420,Maharashtra,Gondia,1,2.5,1.5,2,1,2,2,3,2,2,2,0.5,1,3,0.5,0.86,1.54,0.77,0.5,1.15,1.16,1.71,1.74
421,Rajasthan,Churu,,1,,2,,,,,,,,,,,,,,2,,,3,,
422,Rajasthan,Sikar,1.04,1.46,0.88,1.88,1.21,1.09,1.08,1.86,1.72,1.04,1.79,1.56,2,1.6,1.77,1.3,1.5,2,2.2,1.5,3,2,2.25
423,Maharashtra,Nagpur,1,2.5,2,2.25,1.25,1.75,1.75,3,1.5,2,2,0.75,2,1.8,1.33,1,2.19,0.49,0.36,1.38,2.59,2.33,2.18
424,Uttarakhand,Champawat,1.47,1.15,1.05,1.33,1.23,0.82,1.02,0.97,0.96,0.96,0.94,0.95,0.94,0.94,1.01,1.12,1.2,2.1,2.42,2.28,2.17,2.69,2.98
425,Uttarakhand,Nainital,1.39,1.32,1.07,1.52,1.99,1.46,1.41,1.59,1.49,1.62,1.69,1.83,2.15,2.13,2.03,1.9,1.33,1.32,1.33,1.34,1.72,2.69,2.98
426,Uttarakhand,Udam singh nagar,1.83,1.48,1.8,1.79,2.67,2.18,1.79,1.52,1.62,1.58,2.21,2.23,2.45,2.46,2.3,1.97,1.34,1.34,1.33,1.33,2.17,2.69,2.97
427,West Bengal,Jhargram,,,,,,,,,,,,,,,,,2.45,1.6,1.94,2.31,2.79,2.59,2.97
428,Madhya Pradesh,Sagar,1.74,1.7,1.35,1.74,1.31,1.31,0.86,1.09,1.12,1.27,1.25,1.3,2.06,0.59,1.75,1,1.2,1.05,1.93,2.23,2.31,2.74,2.97
429,Assam,Kokrajhar,0.52,0.52,0.52,0.52,,0.52,0.52,0.52,0.52,0.52,0.52,0.55,0.66,2.96,2.39,0.76,0.66,0.66,0.68,0.67,0.78,2.78,2.85
430,Sikkim,Gangtok,1.54,1.54,1.4,1.45,1.43,1.54,1.57,1.07,2.96,1.67,1.73,1.74,1.7,1.71,1.71,1.74,1.75,1.75,1.75,1.76,1.76,1.76,1.75
431,Andhra Pradesh,Sri sathya sai,,,,,,,,,,,,,,,,,,,,,,,2.95
432,Jammu and Kashmir,Jammu,1.56,1.8,1.86,1.72,1.64,1.6,1.68,1.56,,1.12,1.59,2.1,2.27,,1.21,2.95,2.95,1.94,1.52,1.66,,,
433,Assam,Hailakandi,0.4,0.4,0.4,0.4,,1,,0.4,0.38,0.4,0.4,0.45,0.45,1.14,1.7,1.73,1.75,2.75,2.81,2.78,2.78,2.94,2.87
434,Chhattisgarh,Korea,1.35,0.83,1.24,1.32,1.17,0.91,1.1,1.3,1.34,1.14,1.63,1.4,1.8,1.78,1.71,1.88,2,2.42,1.86,2.31,2.12,2.65,2.94
435,Chhattisgarh,Manendragarh chirimiri bharatpur,,,,,,,,,,,,,,,,,,,,,,,2.94
436,Madhya Pradesh,Guna,1.94,1.99,0.63,1.91,1.27,1.48,1.01,1.07,1.16,1.24,1.62,1.29,1.77,0.84,2.31,1.44,1.56,2.8,2.48,1.96,2.27,2.84,2.94
437,Mizoram,Lawngtlai,,,,,1.87,1.95,1.15,0.07,0.3,1.81,1.88,1.41,1.4,1.39,1.39,2.89,2.87,2.87,2.9,2.94,2.9,1.75,1.44
438,Maharashtra,Nandurbar,0.62,1.44,1.26,1.95,1.41,2,1.24,2.33,2.01,2.23,2.5,2.93,2.65,1.71,1.71,1.43,2.61,2.81,1.48,1.98,2.17,2.07,2.81
439,Jharkhand,Khunti,,,,,,,,,1.24,1.26,,1.85,1.83,1.92,1.81,1.37,1.41,2.39,1.29,2.21,2.55,2.93,1.75
440,Jammu and Kashmir,Poonch,2.87,2.45,2.5,1.95,2.15,2,2.48,1.79,,1.91,1.93,1.18,1.31,,1.55,1.52,1.64,2.13,2.92,2.56,,,
441,Odisha,Anugul,0.68,0.34,0.64,0.62,0.74,0.79,0.72,0.68,0.68,0.62,0.91,0.89,0.98,1.1,1.04,1.17,1.2,1.32,2.4,2.92,2.82,2.45,2.53
442,Manipur,Churachandpur,2.14,1.52,,1.17,1.38,1.42,2.71,2.65,1.87,1.94,1.84,1.9,2.12,2.25,2.27,2.2,2.14,2.29,1.65,2.92,1.75,2.18,2.15
443,Uttar Pradesh,Faizabad,1.49,1.6,1.12,1.38,1.93,1.32,1.2,1.38,1,1.25,1.27,1.35,1.4,1.28,1.27,1.11,1.4,1.93,1.89,1.71,2.32,2.07,2.92
444,Gujarat,Sabar kantha,0.86,2.15,1.26,1.82,1.13,1.96,0.59,1.45,1.45,1.03,1.64,1.52,1.46,1.23,1.75,1.89,1.66,2.9,2.24,2.44,2.38,2.91,2.5
445,Uttar Pradesh,Moradabad,1.36,1.53,1.02,1.46,1.18,1.06,1.09,1.38,1.43,1.48,1.31,1.56,1.16,1.64,1.87,1.92,2.06,2.13,2.12,1.73,2.9,2.78,2.43
446,Mizoram,Aizawl,2.79,2.74,2.27,1.8,2.9,2.89,2.7,0.08,0.51,1.58,1.43,1.39,1.76,1.35,1.58,1.75,1.72,1.75,1.82,1.79,1.68,1.67,1.2
447,Jharkhand,Latehar,,,,2.15,1.56,1.39,1.3,1.1,0.74,0.54,,0.96,0.84,0.98,0.95,0.53,2.89,0.64,0.64,1.59,1.58,1.58,1.41
448,Odisha,Sundargarh,0.93,0.73,0.74,0.87,0.91,1.04,1.07,1.27,1.16,1.16,1.52,1.4,1.57,1.86,2.03,2.26,1.9,1.92,2.04,2.25,2.59,2.78,2.89
449,Jharkhand,Sahebganj,,,1.57,1.71,1.7,0.98,0.86,0.72,1.23,0.53,,1.06,0.95,1.07,1.27,0.99,0.57,1.85,2.23,2.87,2.13,2.15,1.51
450,Uttar Pradesh,Hathras,1.99,1.72,0.74,1.77,1.76,1.48,1.79,1.81,1.82,2.05,2.06,2.17,2.14,1.99,2.11,2.13,1.84,2.04,1.79,2.4,2.64,2.65,2.86
451,Uttar Pradesh,Pratapgarh,2.1,1.92,1.36,1.15,0.86,1.28,1.33,1.44,1.5,1.45,1.75,1.01,1.16,1.12,1.78,0.89,1.93,2.25,1.82,1.85,2.33,2.15,2.85
452,Uttar Pradesh,Kaushambi,2.07,1.87,1.31,1.19,1.08,,1.4,1.44,1.49,1.57,1.6,1.97,1.47,2.14,2.23,1.45,1.94,2.19,2.17,1.86,2.6,2.41,2.85
453,Uttar Pradesh,Fatehpur,2.11,1.93,1.37,1.15,0.86,1.28,1.35,1.47,1.57,1.46,1.76,1.07,1.29,1.25,1.89,0.75,1.95,2.2,1.76,1.84,2.49,2.15,2.85
454,Uttar Pradesh,Allahabad,2.1,1.93,1.38,1.16,0.92,1.28,1.35,1.45,1.5,1.46,2.12,1.19,1.25,1.29,1.93,0.97,1.88,2.65,1.98,2.17,2.38,2.24,2.85
455,Madhya Pradesh,Damoh,1.77,2.23,1.82,2.17,1.66,1.75,1.1,1.26,1.82,1.7,2.02,1.75,2.62,1.45,2.11,2.2,1.8,1.92,2.57,2.52,2.44,2.74,2.84
456,Himachal Pradesh,Bilaspur,2.22,2.62,1.45,2.1,1.98,1.51,2.09,2.29,1.93,1.98,2.68,2.58,2.38,2.2,1.89,2.74,1.98,2.82,2,2.22,2.59,1.75,2.04
457,Gujarat,Kheda,1.55,2,2.79,1.72,1.37,1.58,0.67,1.12,1.49,0.89,1.85,1.73,1.81,1.53,1.62,1.8,2.28,1.7,1.93,2.01,1.94,2.26,2.33
458,Rajasthan,Pratapgarh,,,,,,,,,2.23,1.73,1.41,1.48,2.79,1.73,1.4,1.42,1.51,1.9,2.11,1.42,2.23,1.84,2.08
459,Haryana,Fatehabad,,,,,,,,,,,,,,,,,,,,,2.78,1.62,2
460,Rajasthan,Jalore,1.05,1.46,0.89,1.86,1.21,1.1,1.08,1.86,1.73,0.89,1.8,1.58,1.89,1.6,1.74,1.31,1.49,2.03,2.23,1.28,2.77,2.09,2.33
461,Madhya Pradesh,Sheopur,0.8,1.38,0.48,1.54,1.04,1.06,0.7,0.89,0.9,0.74,1,0.71,2.05,2.77,2.25,1.5,2.5,2.15,1.8,2.3,2.21,1.66,2.17
462,Jharkhand,Simdega,,,,0.98,1.37,1.46,1.84,1.26,1.59,1.39,,1.13,1.18,1.36,1.63,1.48,2.77,2.57,2.5,2.5,2.56,2.57,2.07
463,Maharashtra,Nanded,1,1.83,0.93,1.25,1.2,1.5,1.92,1.85,1.1,0.83,1.27,1.64,1.5,1,1,0.95,1.88,1.68,0.81,1.51,1.22,2.77,2.27
464,Uttar Pradesh,Maharajganj,1.57,1.69,1.17,1.25,1.42,1.66,1.32,1.15,1.12,1.36,1.41,1.68,1.88,2.06,1.85,1.89,1.9,2.18,2.07,2.45,2.69,2.69,2.77
465,Madhya Pradesh,Singrauli,,,,,,,,,1.14,1.01,1.17,0.89,2.28,1.89,2.12,1.86,2.47,2.76,2.63,2.57,1.76,2.76,2.56
466,Rajasthan,Ganganagar,1.04,1.46,1,1.87,1.19,1.1,1.11,1.83,1.75,1,1.81,1.6,1.87,1.61,1.74,1.32,1.5,2.02,2.25,1.29,2.76,2.08,2.27
467,Rajasthan,Dausa,1.05,1.45,0.88,1.86,1.21,1.1,1.54,1.58,1.25,1.11,1.8,1.58,1.88,1.6,1.74,1.31,1.5,2.03,2.23,1.3,2.76,2.09,2.22
468,Rajasthan,Sawai madhopur,1.05,1.45,0.88,1.86,1.21,1.1,1.08,1.86,1.74,1.04,1.8,1.58,1.88,1.6,1.74,1.31,1.5,2.03,2.23,1.3,2.75,2.09,2.22
469,Rajasthan,Jaipur,0.97,1.15,0.52,1.63,0.66,0.59,1.27,0.86,1.21,0.45,1.8,1.23,0.93,1.36,1.03,1.57,1.5,1.13,1.59,1.3,2.75,2.08,2.22
470,Gujarat,Gir somnath,,,,,,,,,,,,,,,,,,,2.58,2.5,,2.53,2.75
471,Rajasthan,Hanumangarh,1,1,0.88,1.86,,1.17,1.1,2,1.78,,1.67,,,1.56,1.67,1.33,1.5,2,2.23,1.27,2.75,2.11,2.2
472,Jharkhand,Palamu,,,1.15,1.34,1.02,0.86,1.73,1.04,1.15,0.89,,1.36,0.77,1.15,2.75,0.85,1.97,2.08,0.98,1.58,1.58,1.48,1.31
473,Chhattisgarh,Kabirdham,0.66,0.69,1.44,0.92,1.14,0.91,0.93,1.08,0.99,1.17,1.44,1.3,1.54,1.96,1.51,1.53,1.72,1.8,1.36,2.03,2.08,2.47,2.75
474,Chhattisgarh,Gariyaband,,,,,,,,,,,,1.09,1.49,1.51,1.7,1.51,2.18,1.78,2.1,2.74,2.66,2.17,2.41
475,Rajasthan,Nagaur,1.05,1.45,0.88,1.86,1.21,1.1,1.09,1.86,1.73,0.59,1.8,1.58,1.88,1.58,1.76,1.32,1.48,2.05,2.21,1.25,2.74,2.1,2.21
476,Rajasthan,Barmer,1.04,1.45,0.89,1.83,1.2,1.08,1.06,1.87,1.75,1,2,1.67,2,1.62,1.71,1.32,1.6,2,2.25,1.27,2.73,2,2.2
477,Rajasthan,Karauli,1.05,1.45,0.88,1.86,1.21,1.1,1.08,1.86,1.74,1.05,1.79,1.58,1.88,1.6,1.74,1.31,1.5,2.04,2.22,1.3,2.7,2.08,2
478,Uttar Pradesh,Muzaffarnagar,1.65,1.71,1.12,1.18,1.51,1.48,1.39,1.28,1.41,1.04,1.34,1.46,1.43,1.24,1.46,1.66,1.61,1.64,2.36,2.55,2.69,1.89,1.86
479,Uttar Pradesh,Chitrakoot,1.85,1.1,0.3,1.19,1.55,1.28,1.3,1.5,1.57,1.73,1.47,1.08,1.85,1.81,1.79,1.85,2,2.22,2.69,2.4,2.56,2.38,2.6
480,Tripura,Sepahijala,,,,,,,,,,,,,1.19,1.19,1.23,1.51,1.57,1.52,1.76,1.74,2.34,2.29,2.68
481,Chhattisgarh,Bilaspur,0.97,0.72,1.2,1.24,1.32,1.16,1.19,1.35,1.26,1.62,1.74,1.37,1.78,1.87,1.82,1.54,2.27,1.97,2.37,2.67,2.68,2.37,2.63
482,Uttar Pradesh,Deoria,1.46,0.78,0.99,0.78,1.4,1.76,1.48,0.71,1.14,1.53,1.54,1.99,2.36,2.46,2.4,2.26,2.68,2.41,2.49,2.53,1.44,1.43,1.45
483,Uttar Pradesh,Ghazipur,1.4,1.67,1.29,1.63,2.07,1.46,1.34,1.44,1.48,1.46,1.69,1.5,1.79,2.01,1.69,1.2,1.1,1.27,1.98,0.93,1.69,1.71,2.68
484,Manipur,Thoubal,,,,,,,,,1.62,1.49,1.61,1.8,2.33,2.22,2.19,2.35,2.23,2.3,2.35,,,2.5,2.67
485,Kerala,Idukki,,,,,,,,,,,,,1,1.5,2.5,2.33,2.67,2.48,2.56,2.63,2.29,2.17,2.08
486,Uttar Pradesh,Ghaziabad,1.81,2.12,0.85,1.79,1.61,1.65,1.96,1.96,2.67,1.89,2.51,2.17,2.37,2.39,2.29,2.03,2.33,2.5,2.54,2.48,2.62,2.5,2.44
487,Mizoram,Champhai,2.19,1.54,1.8,1.82,1.49,2.1,2.66,0.05,1.5,1.48,1.41,1.4,1.4,1.44,1.44,1.31,1.42,1.37,1.73,1.64,1.6,1.55,1.5
488,Uttar Pradesh,Varanasi,1.4,1.6,1.49,1.85,1.69,1.46,1.32,1.42,1.32,1.48,1.47,1.46,1.79,1.69,1.6,1.55,1.76,1.78,1.67,1.83,1.73,1.53,2.65
489,Uttar Pradesh,Jaunpur,1.86,1.67,1.26,1.63,2.05,1.46,1.32,1.41,1.32,1.46,1.47,1.46,1.77,1.58,1.59,1.44,1.54,1.55,1.72,2.26,1.59,1.57,2.65
490,Uttar Pradesh,Chandauli,1.4,1.67,1.31,1.61,2.05,1.45,1.32,1.54,1.55,1.46,1.7,1.59,2.08,2.43,2.24,1.7,1.76,1.9,2.48,2.33,1.83,1.76,2.65
491,Himachal Pradesh,Hamirpur,2.05,2.25,1.53,1.88,1.98,1.62,2.06,1.99,1.84,1.92,2.59,2.49,2.3,2.13,1.83,2.65,1.92,2.65,2.65,2.65,1.57,2.21,1.81
492,Rajasthan,Kota,2.1,1.53,1.01,1.63,1.08,1.11,0.99,1.42,1.45,1.33,2.02,1.22,2.04,0.72,1.35,1.38,1.76,2.65,1.63,0.39,2.51,2.2,2.25
493,Jammu and Kashmir,Udhampur,1.75,1.97,1.61,1.76,1.78,1.31,1.35,1.81,,1.69,2.11,2.31,2.31,,1.65,2.34,2.64,2.27,2.6,2.35,,,
494,Uttar Pradesh,Bulandshahr,2.2,2.43,1.28,1.94,1.76,1.6,1.87,1.96,2.15,1.89,2.07,2.19,2.36,2.36,2.32,2.41,2.32,2.5,2.53,2.48,2.64,2.63,2.33
495,Uttar Pradesh,Baghpat,2.07,2.39,1.24,1.36,1.1,1.55,1.88,1.92,2.15,1.89,,2.17,,2.41,2.34,2.43,2.38,2.56,2.56,2.46,2.64,2.64,2.2
496,Jharkhand,Godda,,,1.15,1.2,1.36,1.15,1.65,2.63,1.36,1.64,,1.46,1.8,1.42,1.3,1.18,1.43,1.98,1.2,0.73,1.18,2.5,2.36
497,Assam,Majuli,,,,,,,,,,,,,,,,,,,,,2.62,2.63,2.6
498,Arunachal Pradesh,East siang,1.92,1.25,1.93,1.97,1.96,1.96,2.24,1.84,2.24,2.56,2.56,2.63,2,1.97,2.03,2,1.96,1.97,1.98,2,2.02,2.02,2.02
499,Maharashtra,Solapur,0.9,1.19,1.75,0.33,1.39,1.68,1.48,1.65,2.11,2.63,2.19,2.06,1.58,2.21,2.61,1.35,1.66,2.06,1.23,1.96,1.84,2.21,2.32
500,Madhya Pradesh,Bhopal,1.57,1.69,1.84,1.57,1.3,1.2,0.87,1.16,1.15,1.01,1.42,1.37,2.26,0.76,1.52,2.33,2,2.63,1.93,1.62,1.96,2.27,2.49
501,Chhattisgarh,Sarangarh bilaigarh,,,,,,,,,,,,,,,,,,,,,,,2.62
502,Gujarat,Amreli,0.76,1.97,1.67,1.68,1,1.55,0.32,1.33,1.5,1,1.71,,2,,1.36,,2.03,,1.55,1.66,,1.96,2.62
503,Chhattisgarh,Baloda bazar,,,,,,,,,,,,1.09,1.61,1.74,1.7,1.33,1.96,1.69,1.57,2.12,2.46,2.28,2.62
504,Uttar Pradesh,Gautam buddha nagar,1.83,2.22,1.01,1.48,1.67,1.11,1.88,1.97,2.2,1.9,1.96,2.16,2.37,2.39,1.7,2.42,0.54,1.63,2.55,2.48,2.61,2.61,2.44
505,Manipur,Imphal west,,,,,,,,,1.73,1.49,1.79,1.78,2.61,2.34,2.33,2.47,2.29,2.36,2.31,,,2.45,2.46
506,Madhya Pradesh,Shivpuri,2.31,2.21,1.01,2.15,1.62,2.07,1.19,0.94,1.55,1.37,1.73,1.24,1.73,1.14,1.52,1.93,1.7,2.52,2.02,1.39,1.89,2.21,2.61
507,Chhattisgarh,Mungeli,,,,,,,,,,,,1.38,1.78,1.87,1.82,1.55,1.07,2.02,2.2,2.6,2.26,2.02,2.24
508,Madhya Pradesh,Dindori,2.14,2.14,1.86,1.85,1.5,0.9,0.62,0.91,0.91,0.9,1.18,0.64,2.37,1.83,2.16,2.25,2.28,2.6,2.26,2.45,2.01,2.23,2.41
509,Manipur,Tamenglong,,,,,,,,,1.13,1.96,1.87,1.88,2.41,2.25,2.27,2.35,2.2,2.36,2.59,,,2.39,2.13
510,West Bengal,Purulia,1.87,1.75,1.53,1.79,1.85,1.6,1.69,0.97,1.57,1.32,1.76,1.67,2.02,1.72,2.31,2.07,2.59,1.65,1.99,2.27,2.15,2.24,2.43
511,Uttar Pradesh,Shahjahanpur,1.84,1.29,1.32,1.42,1.63,1.51,1.88,1.65,1.91,1.85,0.01,1.41,1.89,1.22,1.13,1.36,1.91,2.13,1.39,2.21,2.59,2.52,2.26
512,Tripura,Unakoti,,,,,,,,,,,,,1.44,1.25,1.28,1.38,1.4,1.51,1.33,1.58,1.9,2.06,2.58
513,Uttar Pradesh,Hapur,,,,,,,,,,,,,2.3,2.32,2.24,0.82,2.25,2.57,2.31,2.34,2.4,2.32,2.33
514,Uttar Pradesh,Lucknow,0.85,0.83,0.53,0.81,1.23,1.04,1.11,1.47,1.19,1.23,1.14,1.13,1.49,1.71,0.85,1.24,1.61,1.17,1.51,1.67,2.57,2.25,0.73
515,Madhya Pradesh,Sidhi,1.57,1.36,1.61,1.69,1.41,1.13,0.78,0.95,1.14,0.93,1.07,0.75,1.35,1.16,1.29,1.62,2.56,2.21,1.83,1.68,1.69,2.11,2.56
516,Manipur,Imphal east,,,,,,,,,1.6,1.36,1.74,1.75,2.56,2.33,2.33,2.48,2.27,2.35,2.29,,,2.3,2.48
517,Odisha,Jagatsinghapur,,,,,,,,,,,,2.56,,1.7,,,,,,2.3,1.3,,
518,Uttar Pradesh,Saharanpur,1.51,1.72,1.12,1.15,1.47,1.48,1.41,1.27,1.41,1.01,1.32,1.45,1.32,1.19,1.41,1.65,1.59,1.59,2.39,2.55,1.98,1.85,1.85
519,Uttar Pradesh,Shamli,,,,,,,,,,,,,1.56,1.19,1.42,1.64,1.58,1.65,2.39,2.55,1.99,1.84,2.2
520,Uttar Pradesh,Rae bareli,0.81,1.61,1.04,1.37,2.04,0.88,1.56,0.89,1.4,1.21,1.13,1.32,1.46,1.76,2.27,1.69,2.25,2.44,1.79,2.55,2.02,1.7,1.96
521,Jharkhand,Garhwa,,,,2.27,1.14,0.72,1.86,0.92,0.98,0.58,,0.99,1.23,1.45,2.4,0.72,1.77,1.15,1.61,1.62,2.55,2.54,1.93
522,Madhya Pradesh,Umaria,1.4,1.32,1.28,1.47,1.02,0.59,0.43,0.56,0.6,0.53,0.84,0.45,1.41,1.32,1.88,2.55,2.09,2.28,2.03,2.14,1.67,2.21,2.28
523,Uttar Pradesh,Meerut,1.99,2.24,1.28,1.36,1.1,1.56,1.63,1.88,2.04,1.78,1.77,1.96,2.2,2.29,2.2,2.33,2.25,2.54,1.82,2.18,2.26,2.15,2.02
524,Jammu and Kashmir,Anantnag,1.24,1,0.78,1.32,0.96,1.13,1.29,1.51,,1.25,1.56,1.58,1.58,,1.17,1.36,1.34,1.71,2.53,2.49,,,
525,Rajasthan,Rajsamand,0.49,1.56,0.36,2.21,0.86,1.08,1.3,1.89,1.25,0.99,1.23,1.52,2.05,1.82,2.02,1.01,1.6,2.34,2.09,1.74,2.53,1.97,2.12
526,Gujarat,Junagadh,0.5,,1,,,,,,,,1.93,,,,1.88,1.3,,,2.53,2.4,2.25,,
527,Odisha,Gajapati,1.26,1.4,1.26,1.66,1.54,1.58,1.53,1.75,1.54,1.27,1.54,1.93,1.91,1.14,1.07,2.11,2.53,2.31,0.87,2.07,2.35,2.38,2.27
528,Uttarakhand,Tehri garhwal,1.05,1.1,0.63,1.72,1.05,0.96,0.96,0.94,1.02,1.02,1.1,1.1,1.16,1.16,2.52,1.68,1.69,2.25,1.68,1.62,1.9,1.75,2.08
529,Gujarat,Dang,0.75,2,1.75,,1,1.6,0.32,1.36,1.42,0.97,1.63,1.37,1.64,1.27,,1.32,1.68,,,2.52,1.87,2.17,2.05
530,Uttar Pradesh,Amroha,1.32,1.51,1.17,0.82,1.18,1.06,1.01,1.35,1.35,1.49,1.18,1.46,1.09,1.3,1.43,1.93,1.81,1.91,1.74,1.9,2.51,2.38,2.49
531,Gujarat,Gandhinagar,0.5,2,2,1.71,,,0.3,1.25,1.5,1,1.75,1.2,1.67,1.37,1.58,1.78,,1.64,1.75,2.05,,2.5,2
532,Arunachal Pradesh,Tawang,1.88,1.87,1.88,1.9,1.9,1.95,2,2,2.1,2.15,2.16,2.22,2.16,2.16,2.5,2.45,2.26,2.3,2.31,2.36,2.4,2.39,2.39
533,Assam,Charaideo,,,,,,,,,,,,,,,,,,,,,2.5,2.5,2.48
534,Gujarat,Valsad,,,,,,,,,,,,,,1.89,1.77,1.55,,1.6,2.5,,,,
535,Jharkhand,Ramgarh,,,,,,,,,1.05,0.85,,1.35,1.85,1.92,1.43,1.5,1.9,2.5,2.5,2.5,2.14,2.15,2.1
536,Rajasthan,Dholpur,1.09,1.44,0.86,1.9,1.22,1.1,1.11,1.83,1.76,2,1.8,1.57,2,,1.75,1.5,,,,,2.5,2,
537,Jammu and Kashmir,Kargil,,,,,,,,2.5,,,,,,,,,,,,,,,
538,Gujarat,Surendranagar,,,,,1,,,,,,,,,1.9,1.91,,,1.6,,2.5,,,
539,Jharkhand,Jamtara,,,,1.79,1.26,0.99,1.53,1.2,1.3,0.98,,1.51,1.23,1.12,1.57,1.19,1.72,2.5,1.3,1.85,1.93,2.12,2.02
540,Jharkhand,Hazaribagh,,,0.96,1.34,1.59,1.17,1.42,1.18,0.66,1.06,,1.15,1.45,1.61,1.55,1.19,1.76,2.44,2.44,2.5,2.17,2.07,2.07
541,Gujarat,Morbi,,,,,,,,,,,,,,,,,,1.46,2.23,2.5,2.28,,
542,Gujarat,Navsari,,,,,,,,,,,,,,2.12,2.13,2.13,2.15,2.14,0.95,1.34,2.13,2.49,2.49
543,Gujarat,Chhotaudepur,,,,,,,,,,,,,,,2.25,2.4,2.49,2.46,1.47,2.13,1.6,2.07,2.21
544,Arunachal Pradesh,Anjaw,,,,,1.09,0.9,1.15,1.12,1.17,1.22,1.3,1.33,0.97,1.08,2.48,2.45,2.33,2.35,2.36,2.39,2.42,2.4,2.4
545,Maharashtra,Latur,1,1.81,0.74,0.67,1.05,1.02,1.18,1.08,0.98,1.02,1.19,1.7,2.01,2.46,0.6,0.3,0.85,0.56,0.55,0.57,0.73,1.45,1.47
546,Madhya Pradesh,Panna,0.96,1.28,0.92,1.03,0.67,0.84,0.41,0.58,0.89,0.54,0.91,0.59,1.51,1.36,1.63,1.5,2,1.35,1.86,1.81,2.01,2.26,2.46
547,Odisha,Ganjam,1.12,1.19,1.06,1.15,1.13,1.27,1.36,1.4,1.33,1.5,1.58,1.84,1.71,1.8,1.69,2,2.24,2.46,2.37,2.13,1.96,1.85,1.95
548,Madhya Pradesh,Vidisha,2.09,2.39,2.15,2.06,1.65,1.57,1.09,1.35,1.41,1.27,1.71,1.29,2.24,1.16,1.52,1.4,2,2.46,1.46,1.52,2.02,2.46,2.46
549,Odisha,Kalahandi,0.74,0.58,0.66,0.67,0.78,0.66,0.64,0.76,0.86,0.89,1.28,1.12,1.3,1.53,1.21,1,1.17,1.38,1.12,1.4,1.91,1.81,2.46
550,Odisha,Koraput,1.12,0.89,0.99,0.95,1.11,1.09,1.14,1.35,1.25,1.32,1.69,1.78,1.74,2,2.02,2.12,2.13,2.39,2.19,2.09,2.45,2.27,2.29
551,Tripura,Gomati,,,,,,,,,,,,,1.34,1.13,1.27,1.45,1.45,1.51,1.4,1.6,1.89,2.13,2.45
552,Madhya Pradesh,Rewa,1.07,1.19,1.23,1.07,0.8,0.82,0.54,0.62,0.85,0.56,0.72,0.61,0.79,0.97,1.71,1.5,1.5,0.83,1.77,1.32,1.44,1.99,2.45
553,Arunachal Pradesh,Longding,,,,,,,,,,,,,,2.29,2.45,2.45,2.34,2.36,2.37,2.4,2.42,2.4,2.4
554,Gujarat,Surat,0.75,2,1.75,1.74,0.95,1.55,0.3,1.37,1.36,1,1.83,1.03,1.71,1.61,1.38,1.41,1.53,1.47,1.68,1.61,1.66,2.03,2.44
555,Chhattisgarh,Balod,,,,,,,,,,,,1.19,1.4,1.61,1.22,1.27,1.98,1.47,1.66,2.14,2.06,2.2,2.44
556,Meghalaya,South west garo hills,,,,,,,,,,,,,,2.37,2.4,2.42,2.42,2.42,2.42,2.43,2.43,2.43,2.44
557,Manipur,Bishnupur,,,,,,,,,1.71,1.59,1.7,1.7,2.42,2.28,2.3,2.44,2.22,2.26,2.18,,,2.44,1.83
558,Jammu and Kashmir,Baramulla,0.78,0.66,0.85,0.92,0.81,0.98,1.07,0.95,,1.05,1.23,0.93,1.06,,1.33,2.44,1.46,1.44,1.76,2.03,,,
559,Uttar Pradesh,Hardoi,1.61,1.52,0.89,1.31,1.75,1.23,1.32,1.48,1.46,1.41,1.12,1.35,1.92,1.92,1.69,2.02,2.43,2.43,1.97,2.38,2.37,1.91,2.4
560,Arunachal Pradesh,Lower subansiri,1.2,1.75,1.27,1.27,1.26,1.31,1.31,2,1.97,1.97,1.97,2.02,2.02,2.05,2.43,2.38,2.18,2.22,2.21,2.29,2.36,2.34,2.34
561,Himachal Pradesh,Kangra,1.84,0.23,1.16,1.64,1.57,1.38,1.61,1.89,1.83,1.6,2.17,2.09,1.93,1.78,1.53,2.22,1.6,2.22,2.18,2.42,2.33,2.31,2.05
562,Madhya Pradesh,Shajapur,1.8,1.93,1.88,2.07,1.61,1.79,0.63,0.79,0.88,0.82,1.51,0.61,2.01,1.09,2.11,1.67,1.5,1.66,1.31,0.87,1.36,2.31,2.41
563,Chhattisgarh,Mahasamund,1.1,0.76,1.65,0.63,1,0.88,0.95,1.22,0.96,1.22,1.57,1.34,1.6,1.75,1.56,1.59,1.95,1.7,1.88,2.31,2.39,2.13,2.36
564,Tripura,South tripura,1.02,1.01,0.97,0.98,0.98,0.98,1.01,1.06,0.97,1.02,1.27,1.17,1.24,1.15,1.3,1.48,1.54,1.56,1.54,1.68,2.22,2.08,2.38
565,Nagaland,Mon,1.58,2.38,2.31,1.81,1.79,1.79,1.68,1.8,1.75,1.13,1.96,1.96,1.96,1.97,1.97,1.98,1.98,1.98,1.98,1.98,1.98,1.55,2
566,Jharkhand,East singhbum,,,,0.79,1.29,1.16,2.27,1.03,1.31,1.66,,1.06,0.81,1.32,1.17,1.01,1.84,1.52,1.5,1.5,2.08,2.37,2.34
567,Chhattisgarh,Bemetara,,,,,,,,,,,,1.18,1.6,0.88,1.39,1.36,2,0.79,1.78,2.37,2.35,1.88,1.92
568,Chhattisgarh,Korba,1.06,0.72,1.23,1.24,1.32,1,1,1.45,1.08,1.31,1.47,1.37,1.84,1.56,1.68,1.25,2.06,2.14,1.82,2.22,2.25,2.31,2.37
569,Mizoram,Kolasib,1.5,1.51,1.5,2,2.04,2,2.36,0.22,1.39,1.37,1.38,1.09,1.27,1.24,1.24,1.26,1.28,1.3,1.33,1.75,1.78,1.75,1.53
570,Rajasthan,Sirohi,1.31,1.83,0.3,1.82,0.46,1.22,0.58,1.85,1.28,0.37,1.79,1.31,1.54,1.03,1.4,1.25,1.31,0.04,1.72,1.85,2.3,2.22,2.36
571,Meghalaya,West garo hills,1.46,1.47,1.47,1.52,1.52,1.53,1.55,1.6,1.59,1.58,1.57,1.56,2.23,2.24,2.32,2.34,2.35,2.35,2.35,2.36,2.36,2.36,1.56
572,Gujarat,Kachchh,,,,,,,,,,,,,1.71,1.27,1.71,2.21,2.22,1.81,,2.29,,2.35,
573,Gujarat,Anand,,,,,,,,1,1.5,0.8,1.95,2.35,1.43,1.44,1.55,1.32,1.68,1.55,1.77,1.71,1.71,2.25,2.3
574,Tripura,Dhalai,1.03,1.05,0.99,1.03,1.15,1.01,1.07,0.98,0.99,1.06,1.35,1.2,1.34,1.17,1.18,1.27,1.27,1.31,1.33,1.46,1.72,1.99,2.35
575,Madhya Pradesh,Raisen,2.03,2.18,2.34,2.21,1.66,1.59,1.15,1.33,1.36,1.2,1.53,1.1,1.54,0.79,1.53,1.22,1.57,1.66,1.73,1.38,1.74,2.19,2.19
576,Odisha,Nuapada,0.47,0.46,0.3,0.59,0.47,0.56,0.52,0.57,0.65,0.54,1.13,0.79,1.07,1.22,1.13,1.28,1.55,1.32,2.09,2.13,2.34,2.13,2.13
577,Jammu and Kashmir,Samba,,,,,,,,1.56,,2.34,2.14,1.36,1.39,,1.06,1.35,1.48,1.52,1.36,1.35,,,
578,Gujarat,Narmada,,,,2.34,0.91,1.58,1,1.49,1.45,0.96,1.8,1.76,1.73,1.57,1.7,1.48,1.55,1.61,1.85,1.9,1.92,2.02,2.09
579,Rajasthan,Jodhpur,1,1.44,0.89,1.83,1.25,1,1,1.88,1.74,1.06,1.75,1.5,2,1.5,2,1.33,1.5,2,2,1.5,,2.11,2.33
580,Gujarat,Rajkot,0.67,2.33,1.64,1.72,1,1.75,0.25,1.43,1.38,1,1.62,,1.5,1.52,1.65,1.78,1.68,2.21,1.87,2.11,2.2,1.96,
581,Madhya Pradesh,Bhind,,2.03,2.33,2,1.6,,,0.67,1,1,1.19,,,,,,,,1.67,1.09,,,
582,Madhya Pradesh,Anuppur,,,,1.28,1.02,1.02,0.65,0.74,0.83,0.6,0.73,0.88,1.39,1.38,1.47,2.29,2,2,1.6,1.86,1.59,2.09,2.32
583,Madhya Pradesh,Datia,1.32,1.81,1.2,1.35,0.74,1.27,0.74,0.82,1.12,0.91,1.05,0.74,1.76,1.43,1.54,1,1,1.94,2.06,1.76,1.82,2.31,
584,Tripura,West tripura,0.97,0.94,0.94,0.89,0.9,0.94,0.88,0.93,0.93,0.9,1.31,1.74,1.41,1.62,1.34,1.37,1.36,1.42,1.45,1.55,1.91,2,2.31
585,Assam,West karbi anglong,,,,,,,,,,,,,,,,,,,,,1.63,2.27,2.3
586,Nagaland,Dimapur,1.51,1.81,1.98,1.47,1.76,1.73,1.67,2.29,1.8,1.13,1.96,1.96,1.97,1.97,1.97,1.98,1.98,1.99,1.99,1.99,1.99,1.73,2
587,Uttar Pradesh,Sultanpur,1.41,1.5,1.46,2.29,2.09,1.51,1.31,1.33,0.93,1.46,1.06,1.16,1.43,0.59,0.79,0.59,0.74,1.74,1.67,1.29,1.91,1.6,1.54
588,Jharkhand,Pakur,,,1.8,0.92,1.22,0.86,1,1.38,1.52,0.96,,1.2,1.53,1.08,1.31,1.56,2.29,2.02,1.4,1.53,1.55,1.56,1.2
589,Uttar Pradesh,Azamgarh,1.65,1.78,1.17,1.28,1.87,1.19,1.52,1.58,0.99,1.62,1.5,1.71,1.79,1.96,1.89,1.69,1.64,1.66,2.28,1.67,1.84,1.8,1.98
590,Jharkhand,Giridih,,,0.88,1.19,1.11,0.7,0.99,1.01,0.61,0.55,,0.7,1.08,1.07,0.97,0.78,2.25,1.85,2.28,1.51,1.89,1.9,1.66
591,Gujarat,Jamnagar,0.75,2,1.7,1.73,0.9,1.63,0.31,1.39,1.42,0.91,1.63,,,,,,,2.28,1.78,,,,
592,Meghalaya,East jaintia hills,1.12,1.13,1.13,1.13,1.18,1.18,1.18,1.18,1.18,1.19,1.19,1.19,1.8,2.16,2.22,2.25,2.25,2.25,2.25,2.26,2.26,2.27,2.27
593,Gujarat,Ahmadabad,0.8,2.07,1.7,1.71,,1.5,,,,1,2,,,,,,1.99,2.27,,1.4,,,
594,Madhya Pradesh,Shahdol,1.35,1.21,1.47,1.3,0.91,0.93,0.67,0.87,0.96,0.59,0.99,0.66,1.66,1.53,1.35,1.6,1.93,1.9,1.79,1.85,1.86,2.26,2.25
595,Gujarat,Mahesana,0.67,2.25,1.67,1.75,1,1.5,1,1,1.45,1,1.9,1.2,1.5,1.27,1.25,1.32,1.68,1.57,1.79,1.76,1.64,2.18,2.23
596,Uttar Pradesh,Unnao,1.53,1.4,0.82,1.43,1.53,0.96,0.95,1.22,1.26,1.39,0.81,1.05,1.19,1.58,1.42,1.53,1.63,2.25,2.22,1.98,2.06,1.75,2.01
597,Uttar Pradesh,Siddharth nagar,0.47,0.77,0.88,1.21,1.54,1.28,1.33,2.14,1.5,1.45,1.19,1.75,1.85,1.95,1.79,1.85,0.92,1.06,0.89,0.8,0.77,0.68,2.23
598,Odisha,Dhenkanal,0.87,0.49,0.59,0.73,0.88,0.9,0.81,0.92,1.08,0.88,1.69,1.12,1.81,1.25,1.29,1.19,1.61,1.06,1.21,2.1,1.82,2.2,2.23
599,Uttar Pradesh,Mirzapur,0.96,0.52,0.87,1.14,0.65,1.07,0.67,0.81,0.6,0.73,0.61,0.89,0.99,0.98,1.15,1.52,0.42,1.67,1.76,0.9,1.22,1.26,2.21
600,Nagaland,Wokha,1.76,2.11,2.2,1.7,1.8,1.81,1.67,1.82,1.8,1.11,1.96,1.95,1.95,1.97,1.98,1.98,1.98,1.98,1.98,1.99,1.99,1.56,2
601,Arunachal Pradesh,Tirap,1.14,1.78,1.21,1.21,1.21,1.21,1.21,1.21,1.19,1.25,1.25,1.28,2,2.2,1.17,1.18,1.16,1.17,1.18,1.19,1.2,1.2,1.21
602,Odisha,Kendrapara,,,,,,,,,,,,,,,,,,,,,,,2.2
603,Tripura,Khowai,,,,,,,,,,,,,1.32,1.54,1.48,1.4,1.41,1.46,1.41,1.61,2,2.03,2.2
604,Arunachal Pradesh,Papum pare,1.21,1.21,1.21,1.35,1.35,1.4,1.8,1.8,1.85,2,1.9,1.95,2.08,2.05,2.2,1.78,1.73,1.75,1.75,1.77,1.79,1.78,1.78
605,Gujarat,Mahisagar,,,,,,,,,,,,,,,1.4,1.04,1.52,1.47,1.64,1.46,1.38,2.19,2.1
606,Jharkhand,Saraikela kharsawan,,,,1.34,1.53,0.84,1.69,1.21,0.94,0.89,,0.86,0.95,0.99,1.1,0.89,1.9,2.08,1.45,1.1,2.19,2.19,1.8
607,Uttarakhand,Chamoli,1.27,1.05,0.91,1.39,1.27,0.88,0.9,0.97,0.64,0.64,0.89,0.89,0.9,0.9,1.77,1.76,1.69,1.72,1.73,1.62,1.65,2.18,1.98
608,Uttarakhand,Rudra prayag,1.08,0.96,0.82,1.28,1.24,0.82,0.82,1.21,1.2,1.2,1.19,1.09,0.93,0.93,1.77,1.67,1.81,1.79,1.56,1.62,1.65,2.18,1.97
609,Uttarakhand,Pauri garhwal,1.16,0.86,0.8,1.35,1.15,0.79,0.8,0.85,0.85,0.85,0.88,0.9,1.02,1.02,1.75,1.8,1.8,2.06,1.87,1.99,1.65,2.18,1.97
610,Uttar Pradesh,Basti,0.48,0.76,0.88,1.02,1.54,1.28,1.33,1.44,1.5,1.46,1.17,1.76,1.86,1.85,1.78,1.85,0.97,0.98,0.85,0.81,0.8,0.78,2.18
611,Uttar Pradesh,Ambedkar nagar,1.45,1.6,1.12,1.38,1.82,1.32,1.1,1.2,0.86,1.13,1.16,1.29,1.39,1.12,1.24,1,1.11,1.97,1.81,1.71,2.17,1.93,1.69
612,Rajasthan,Udaipur,1.12,1.48,1.34,2,1.21,1.12,0.8,1.84,1.38,0.94,1.37,1.59,1.87,1.71,1.57,1.12,1.22,1.33,1.97,1.02,2.17,1.88,1.78
613,Rajasthan,Ajmer,0.65,1.02,0.06,1.64,0.72,0.15,1.03,1.07,0.72,0.06,1.51,1.19,0.84,1.1,0.96,0.67,1.1,1.25,1.71,1.34,2.17,1.34,1.52
614,Jammu and Kashmir,Bandipora,,,,,,,,0.95,,1.08,1.56,1.6,0.92,,0.81,1.43,1.7,2.16,2.05,1.33,,,
615,Nagaland,Kohima,1.49,2.07,2.16,1.46,1.8,1.82,1.67,1.71,1.6,1,1.96,1.96,1.96,1.97,1.97,1.98,1.98,1.98,1.98,1.98,1.99,1.55,2.01
616,Uttar Pradesh,Sant kabeer nagar,0.45,0.74,0.88,1.2,1.54,1.28,1.33,1.44,1.51,1.46,1.16,1.76,1.85,1.97,1.78,1.86,0.93,0.92,0.84,0.78,0.9,0.68,2.15
617,Madhya Pradesh,Tikamgarh,1.6,1.66,0.85,1.23,0.74,1.01,0.48,0.68,0.9,0.62,0.71,0.56,0.83,0.51,1.4,2,2,1.05,1.89,1.41,1.43,2.14,2.15
618,Arunachal Pradesh,Kamle,,,,,,,,,,,,,,,,,,,1.97,2.06,2.13,2.1,2.1
619,Maharashtra,Chandrapur,1,,,,,,,,,1.5,,,1,,1,1,1.67,1.65,,1.31,1.1,2.13,1.94
620,Rajasthan,Banswara,0.91,1.34,1.36,2.02,0.83,1.36,0.37,1.46,2.13,0.94,2.07,1.04,1.38,1.33,1.11,1.02,1.34,1.68,1.66,1.26,1.91,1.87,1.86
621,Odisha,Mayurbhanj,0.78,0.58,0.61,0.84,0.83,0.78,0.76,0.82,0.96,0.97,1.47,1.23,1.83,1.73,1.56,1.68,1.84,1.87,1.97,1.67,2.12,1.98,2.03
622,Uttarakhand,Bageshwar,1.1,1.09,0.67,1.34,1.24,0.72,0.95,1.23,1.36,1.36,1.32,1.42,1.41,1.4,1,0.66,1.34,1.31,2.11,1.34,1.95,1.81,1.52
623,Nagaland,Zunheboto,1.81,2.09,2.1,1.7,1.84,1.76,1.7,1.59,1.83,1.05,1.95,1.97,1.97,1.97,1.98,1.98,1.98,1.98,1.98,1.98,1.99,1.55,2
624,Uttarakhand,Pithoragarh,1.3,1.25,0.98,1.24,1.2,1.02,1.05,1.07,1.05,1.05,1.15,1.16,1.29,2.1,2.07,1.3,1.33,1.38,1.65,1.91,1.58,1.5,1.46
625,Arunachal Pradesh,Upper subansiri,2.1,1.27,1.89,1.89,1.89,1,1.12,1.29,1.25,1.25,1.14,1.17,1.2,1.27,1.46,1.5,1.42,1.46,1.48,1.52,1.56,1.56,1.56
626,Odisha,Sambalpur,0.72,0.65,0.91,0.72,0.83,0.78,1.08,0.9,1.08,0.96,1.23,1.13,1.18,1.1,1.17,1,1.55,,1.59,1.82,1.78,2.03,2.1
627,Madhya Pradesh,Niwari,,,,,,,,,,,,,,,,,,,,,1.79,2.08,2.08
628,Jharkhand,Koderma,,,,1.13,1.24,1.03,1.5,1.01,0.43,1.14,,1.13,1.24,1.46,1.35,1.36,1.27,2,0.01,2,2,2.08,1.2
629,Gujarat,Dohad,,,,1.81,0.64,1.43,0.14,1.08,1.38,0.87,1.7,1.34,1.73,1.03,1.05,1.36,1.53,1.58,1.99,1.53,1.64,1.9,2.08
630,Mizoram,Serchhip,,,,,0.93,0.95,1.32,0.51,1.72,0.78,0.79,0.78,0.75,0.75,1.24,1.3,1.25,1.23,1.93,1.99,1.98,2.06,2.06
631,Gujarat,Panch mahals,0.56,1.86,1.93,1.35,0.67,1.31,0.18,1.3,1.18,0.76,1.4,1.32,1.62,1.78,1.29,0.99,2.06,1.74,1.77,1.75,1.48,1.57,1.79
632,Uttar Pradesh,Mau,1.65,1.46,1.32,1,1.87,0.82,1.38,1.24,0.9,1.49,1.47,1.69,1.8,1.76,1.64,1.42,1.39,1.98,2.06,1.78,1.83,1.65,1.69
633,Uttar Pradesh,Barabanki,1.43,1.68,0.88,0.71,1.51,1.14,0.72,0.73,0.14,0.58,0.96,0.96,0.78,1.08,0.86,0.64,0.8,1.87,1.69,1.45,2.03,1.63,1.05
634,Jammu and Kashmir,Pulwama,0.8,0.87,0.78,1.22,1.17,0.69,0.87,0.92,,1,1.32,1.52,0.81,,0.86,2.02,1.58,0.64,0.96,1.43,,,
635,Uttar Pradesh,Amethi,,,,,,,,,,,1.09,1.15,1.1,0.92,0.9,0.9,0.85,1.73,1.98,1.43,2.02,1.68,1.64
636,Jammu and Kashmir,Badgam,0.8,0.58,0.54,1.53,0.58,0.62,0.87,0.88,,0.8,1.04,0.73,0.95,,1.24,1.98,2.01,1.48,1.37,1.87,,,
637,Nagaland,Mokokchung,1.14,1.96,1.85,1.65,1.82,1.85,1.66,1.84,2.01,1.15,1.95,1.95,1.95,1.97,1.97,1.97,1.98,1.98,1.98,1.99,1.99,1.61,2
638,Nagaland,Tuensang,1.33,1.92,1.87,1.91,1.82,1.87,1.67,1.89,1.82,1.04,1.97,1.97,1.97,1.97,1.98,1.98,1.98,1.98,1.98,1.98,1.99,1.55,2.01
639,Nagaland,Nuiland,,,,,,,,,,,,,,,,,,,,,,,2.01
640,Nagaland,Noklak,,,,,,,,,,,,,,,,,,,,,,1.55,2
641,Nagaland,Chumoukedima,,,,,,,,,,,,,,,,,,,,,,,2
642,Nagaland,Longleng,,,,,,,,,1.79,1.03,1.98,1.91,1.91,1.97,1.98,1.98,1.98,1.98,1.98,1.98,1.99,1.55,2
643,Nagaland,Tseminyu,,,,,,,,,,,,,,,,,,,,,,,2
644,Nagaland,Phek,1.48,1.86,1.76,1.84,1.79,1.8,1.67,1.69,1.78,1.09,1.95,1.96,1.96,1.97,1.97,1.98,1.98,1.98,1.98,1.99,1.99,1.56,2
645,Nagaland,Shamator,,,,,,,,,,,,,,,,,,,,,,,2
646,Nagaland,Peren,,,,,,,,,1.82,1.03,1.95,1.95,1.95,1.97,1.97,1.97,1.98,1.98,1.98,1.98,1.99,1.56,2
647,Arunachal Pradesh,Upper siang,1.13,1.13,1.16,1.16,2,2,2,1.53,1.2,1.14,1.14,1.17,1.18,1.2,1.34,1.35,1.3,1.33,1.34,1.37,1.39,1.41,1.41
648,Mizoram,Hnahthial,,,,,,,,,,,,,,,,,,,,,1.72,2,1.67
649,Madhya Pradesh,Satna,1.48,1.7,1.1,1.34,0.95,1.06,0.49,0.65,0.77,0.67,0.88,0.66,1.47,0.7,1.41,2,,1.74,1.31,1.49,1.04,1.43,1.89
650,Nagaland,Kiphire,,,,,,,,,1.81,1.06,1.95,1.96,1.96,1.97,1.97,1.97,1.98,1.98,1.98,1.98,1.98,1.55,2
651,Uttar Pradesh,Ballia,1.59,1.31,1.42,0.71,1.13,0.77,0.95,0.76,0.33,1.6,1.55,1.73,1.96,1.52,1.49,1.18,1,1.92,2,1.32,1.27,1.2,1.23
652,Gujarat,Bharuch,0.76,1.99,1.66,1.76,0.91,1.59,0.3,1.39,1.43,0.96,1.74,1.74,1.71,1.46,1.25,1.32,1.68,1.55,1.77,1.59,1.52,1.95,
653,Meghalaya,East garo hills,1.25,1.24,1.24,1.23,1.22,1.23,1.23,1.23,1.24,1.25,1.24,1.24,1.83,1.88,1.93,1.97,1.97,1.97,1.97,1.98,1.98,1.98,1.99
654,Sikkim,Mangan,1.47,1.3,1.3,1.52,1.86,1.99,1.66,1.37,1.6,1.36,1.4,1.39,1.5,1.54,1.56,1.59,1.6,1.6,1.6,1.6,1.6,1.61,1.61
655,Rajasthan,Alwar,1.98,1.53,0.19,1.38,1.18,1.18,1.65,1.69,1.78,0.88,1.8,1.88,1.6,1.59,1.76,1.6,1.52,1.76,1.57,1.77,1.77,1.93,1.84
656,Odisha,Deogarh,0.69,0.47,0.75,0.81,0.84,0.67,0.94,0.75,0.85,0.95,1.22,1.13,1.21,1.46,1.66,1.54,1.35,1.51,1.37,1.72,1.75,1.65,1.97
657,Gujarat,Patan,,,,,,,,,,,1.96,,,,,,,1.94,,,1.6,1.95,
658,Maharashtra,Beed,1.03,1.36,0.93,0.64,1.02,1.68,1.91,1.46,1.11,0.94,1.48,1.15,0.72,1.26,0.7,0.31,1.95,0.74,0.48,0.53,1.8,1.23,1.81
659,Tripura,North tripura,0.98,0.96,0.91,0.93,1.18,1,1.01,1.01,1.07,1.02,1.4,1.24,1.26,1.3,1.39,1.36,1.32,1.29,1.32,1.51,1.95,1.85,1.87
660,Meghalaya,West khasi hills,1.37,1.59,1.58,1.54,1.07,1.15,1.16,1.15,1.13,1.15,1.27,1.38,1.73,1.84,1.9,1.93,1.94,1.94,1.94,1.94,1.94,1.95,1.95
661,Uttarakhand,Almora,1.3,1.19,0.84,1.1,1.1,0.65,0.93,1,1,1,1.74,1.78,1.53,1.21,1.15,0.66,0.84,1.31,1.4,1.34,1.95,1.81,1.52
662,Jammu and Kashmir,Reasi,,,,,,,,1.81,,1.19,1.94,1.4,1.44,,0.8,0.56,0.98,0.81,1.31,1.75,,,
663,Jammu and Kashmir,Kishtwar,,,,,,,,1.14,,1.94,1.56,1.17,1.24,,0.49,0.95,1.48,1.15,0.75,1.43,,,
664,Odisha,Bargarh,1.3,0.9,1.27,1.53,1.65,1.28,1.13,1.13,1.32,1.17,1.35,1.3,1.47,1.73,1.28,1.44,1.37,1.41,1.63,1.93,1.87,1.49,1.91
665,Gujarat,Devbhumi dwarka,,,,,,,,,,,,,,,,,,1.93,,,,,
666,Arunachal Pradesh,East kameng,1.8,1.93,1.75,1.34,1.74,1.39,0.81,1.28,1.29,1.3,1.31,1.35,1.38,1.38,1.5,1.5,1.46,1.48,1.49,1.5,1.52,1.52,1.53
667,Meghalaya,North garo hills,,,,,,,,,,,,,,1.86,1.89,1.91,1.91,1.91,1.91,1.92,1.92,1.92,1.93
668,Jammu and Kashmir,Kupwara,0.75,0.74,0.88,0.91,0.99,1.17,0.75,0.93,,1.01,1.17,1.04,1.11,,0.86,1.36,1.31,1.15,1.92,1.56,,,
669,Jammu and Kashmir,Shopian,,,,,,,,0.92,,1.54,0.45,0.97,0.88,,,0.87,0.71,0.66,1.91,1.79,,,
670,Jammu and Kashmir,Srinagar,0.99,1.23,1.46,1.07,1.29,1.02,1.39,1.12,,0.83,1.27,0.74,0.5,,1.04,1.04,1.38,0.44,1.91,1.88,,,
671,Uttar Pradesh,Lalitpur,1.9,1.09,0.33,1.27,0.92,0.73,0.94,0.75,1.03,1.74,1.61,1.16,1.31,0.56,1,0.69,1.17,0.9,0.85,0.75,1.13,1.13,1.23
672,Odisha,Rayagada,1.09,0.82,1.03,0.86,1.03,0.93,0.92,1.04,1.17,0.98,1.11,1.21,1.17,1.36,1.39,1.63,1.46,1.55,1.29,1.89,1.84,1.88,1.73
673,Meghalaya,West jaintia hills,,,,,,,,,,,,,,1.8,1.85,1.86,1.87,1.87,1.87,1.88,1.88,1.88,1.89
674,Arunachal Pradesh,Shi yomi,,,,,,,,,,,,,,,,,,,,1.43,1.6,1.87,1.88
675,Jammu and Kashmir,Ramban,,,,,,,,1.14,,1.04,1.22,1.88,1.7,,0.72,1.15,1.72,1.32,1.48,1.44,,,
676,Sikkim,Soreng,,,,,,,,,,,,,,,,,,,,,,,1.86
677,Uttar Pradesh,Jhansi,1.23,0.69,0.32,0.19,0.59,0.57,0.53,0.46,0.6,0.3,0.79,0.89,1.03,1.76,0.67,0.9,0.92,0.71,1.07,0.4,0.57,0.57,1.86
678,Uttar Pradesh,Kheri,0.75,0.86,0.85,0.87,0.98,1.04,1.08,0.94,0.85,0.87,0.82,1.01,1.12,1.85,1.4,1.48,1.86,1.54,1.45,1.55,1.73,1.67,1.59
679,Odisha,Kandhamal,1.28,0.43,1.17,1.25,0.91,0.9,0.79,0.98,1.07,0.84,1.21,1.27,0.92,0.97,1.02,1.07,1.17,1.2,1.12,1.16,1.49,1.86,1.43
680,Sikkim,Geyzing,1.48,1.38,1.46,1.68,1.75,1.82,1.64,1.4,1.69,1.69,1.67,1.68,1.71,1.73,1.73,1.75,1.75,1.76,1.76,1.76,1.76,1.76,1.73
681,Meghalaya,South garo hills,1.01,1.01,1.01,1.01,0.99,1.02,1.19,1.07,1.08,1.09,1.06,1.07,1.65,1.69,1.73,1.75,1.75,1.75,1.75,1.76,1.76,1.76,1.82
682,Rajasthan,Pali,0.49,1.12,0.13,1.81,0.88,0.36,0.47,0.99,0.55,0.37,1.65,1.52,1.41,0.94,1.06,1.27,1.4,0.75,1.6,1.27,1.61,0.93,1.41
683,Arunachal Pradesh,West kameng,1.55,1.55,1.55,1.55,1.55,1.55,1.55,1.6,1.61,1.63,1.63,1.67,1.69,1.7,1.8,1.8,1.76,1.77,1.78,1.79,1.8,1.8,1.81
684,Uttar Pradesh,Gorakhpur,1.47,1.8,1.32,0.94,1.25,1.66,1.25,0.58,0.05,1.07,0.51,1.18,1.37,1.02,1.59,1.4,1.28,0.59,1.01,1.3,0.48,0.43,1.34
685,Rajasthan,Dungarpur,0.56,0.82,0.85,1.18,0.74,0.38,0.15,1.68,0.88,0.63,1.46,0.48,0.87,0.94,1.24,0.87,1.37,1.14,1.45,1.07,1.8,1.34,1.01
686,Gujarat,Porbandar,,,,,,,,,,1,1.8,,,,1.23,,,,,,,,1.65
687,Arunachal Pradesh,Lower dibang valley,,,1.65,1.8,1.7,1.7,1.3,1.3,1.3,1.3,1.3,1.33,1.3,1.29,1.34,1.34,1.33,1.34,1.34,1.35,1.35,1.38,1.39
688,Arunachal Pradesh,Siang,,,,,,,,,,,,,,,,1.77,1.71,1.73,1.74,1.76,1.78,1.75,1.75
689,Sikkim,Pakyong,,,,,,,,,,,,,,,,,,,,,,,1.78
690,Uttar Pradesh,Balrampur,0.76,0.81,0.75,0.92,0.62,0.96,0.94,1.02,0.83,1.05,1.06,1.09,1.21,1.29,1.27,0.44,1.31,1.56,1.33,1.47,1.36,1.3,1.76
691,Maharashtra,Parbhani,1.04,1.76,0.9,0.71,1.04,1.15,1.32,1.48,1.19,0.87,1.08,1.59,0.93,1.34,0.47,0.67,1.45,0.86,0.6,1.09,1.1,1.49,1.42
692,Jammu and Kashmir,Ganderbal,,,,,,,,1.16,,1.6,1.59,1.51,0.93,,0.74,1.74,1.75,1.04,1.09,1.16,,,
693,Uttar Pradesh,Bahraich,0.9,1.19,1.22,1.22,1.32,1.13,1.09,1.13,1.01,1.12,1.16,1.24,1.32,1.41,1.3,1.19,1.46,1.75,1.38,1.58,1.45,1.4,1.55
694,Maharashtra,Hingoli,1,1.75,1.5,0.6,1,1.22,1.4,1.29,1,1,1.47,1.64,1,1.55,0.47,0.6,1.12,0.77,0.54,0.91,1.06,1.22,1.33
695,Gujarat,Botad,,,,,,,,,,,,,,,1.25,1.32,1.69,,1.75,1.49,1.4,,
696,Madhya Pradesh,Chhatarpur,0.87,1.07,0.84,1.18,0.91,0.87,0.51,0.63,0.68,0.58,0.61,0.4,0.54,0.78,1.44,1,1,0.85,1.28,1.19,1.38,1.57,1.73
697,Kerala,Pathanamthitta,,,,,,,,,,,,,,,,,,,1.73,,1.1,,
698,Arunachal Pradesh,Kurung kumey,,,1.27,1.27,1.27,1.27,1.35,1.5,1.5,1.5,1.44,1.48,1.48,1.47,1.47,1.47,1,1.26,1.37,1.56,1.73,1.72,1.72
699,Jharkhand,West singhbhum,,,0.82,1.07,1.52,0.93,0.74,0.95,0.9,0.71,,0.75,1.15,1.71,1.68,1.33,,0.97,1.34,1.24,1.24,1.16,1.22
700,Jammu and Kashmir,Doda,1.2,1.27,0.55,1.71,0.9,1.12,1.12,1.14,,1.35,1.03,1.46,1.5,,1.1,1.66,1.61,1.48,1.51,1.71,,,
701,Meghalaya,South west khasi hills,,,,,,,,,,,,,,1.62,1.65,1.67,1.68,1.69,1.69,1.69,1.69,1.7,1.7
702,Odisha,Malkangiri,0.98,0.87,0.65,0.91,0.92,0.96,0.96,1.16,1.14,1.03,1.2,1.17,1.04,1.24,1.19,1.19,1.06,1.22,0.79,0.77,1.44,1.59,1.68
703,Arunachal Pradesh,Leparada,,,,,,,,,,,,,,,,,,,,1.53,1.61,1.67,1.68
704,Arunachal Pradesh,West siang,1.21,1.08,1.22,1.23,1.23,1.27,1.25,1.25,1.26,0.79,1.28,1.31,1.34,1.35,1.38,1.38,1.34,1.37,1.39,1.43,1.5,1.66,1.67
705,Arunachal Pradesh,Kra daadi,,,,,,,,,,,,,,,,1.45,1.1,1.3,1.38,1.53,1.66,1.65,1.65
706,Arunachal Pradesh,Lower siang,,,,,,,,,,,,,,,,,,,1.61,1.63,1.65,1.64,1.64
707,Arunachal Pradesh,Changlang,1.53,1.5,1.5,1.56,1.57,1.43,1.58,1.49,1.1,1.25,1.3,1.33,1.2,1.22,1.56,1.56,1.46,1.51,1.53,1.57,1.61,1.6,1.6
708,Uttar Pradesh,Gonda,0.9,1.3,0.94,1.14,1.06,0.81,0.84,0.92,0.64,1.03,1.05,1.11,1.17,1.18,1.2,1.17,1.24,1.26,1.24,1.29,1.18,1.18,1.6
709,Kerala,Kannur,,,,,,,,,,,,,,,,,,,,,,,1.6
710,Arunachal Pradesh,Pakke kessang,,,,,,,,,,,,,,,,,,,,1.5,1.55,1.53,1.55
711,Arunachal Pradesh,Dibang valley,1.54,1.2,0.42,1.1,1.1,1.12,0.96,1.13,1.15,1.15,1.35,1.38,1.42,1.45,1.45,1.45,1.4,1.43,1.44,1.47,1.48,1.49,1.49
712,Mizoram,Khawzawl,,,,,,,,,,,,,,,,,,,,,1.25,1.5,1.2
713,Rajasthan,Jaisalmer,1.06,1.44,,,,,,,,,,,,,,,,,,,,,
714,Arunachal Pradesh,Lohit,1.01,1.4,1.12,1.1,1.1,1.14,1.4,1.06,1.17,1.2,1.22,1.25,1.18,1.2,1.24,1.24,1.22,1.23,1.24,1.25,1.26,1.26,1.26
715,Uttar Pradesh,Sant ravidas nagar,0.96,0.52,0.74,1.14,0.59,0.79,0.65,0.79,0.58,0.68,0.88,0.91,0.96,1.15,1.07,0.89,0.88,1.25,1.13,1.28,1.27,1.3,1.38
716,Uttar Pradesh,Shravasti,0.82,0.96,0.84,0.97,0.91,0.79,0.7,0.73,0.73,0.68,0.74,0.73,0.77,0.84,0.78,0.85,0.91,1.15,1.07,0.98,0.88,0.85,1.36
717,Kerala,Thiruvananthapuram,,,,,,,,,,,,,,,,,,,,,1.34,,
718,Uttar Pradesh,Sonbhadra,0.79,0.52,0.72,1.14,0.59,0.74,0.63,0.79,0.58,0.68,0.92,0.87,1,1.18,1.05,0.83,0.91,0.95,1.14,1.32,1.28,1.31,1.24
719,Uttar Pradesh,Sitapur,0.87,0.73,0.66,0.74,0.81,1.02,0.97,0.84,0.44,0.79,0.77,0.75,0.96,0.98,0.9,1.03,1.25,0.92,0.61,1.13,1.2,1.12,1.14
720,Arunachal Pradesh,Namsai,,,,,,,,,,,,,,,,1.24,1.22,1.23,1.24,1.24,1.25,1.25,1.25
721,Maharashtra,Dharashiv,0.96,0.6,0.65,0.34,0.84,0.88,1.02,0.94,0.94,1.09,0.98,1.25,0.61,1.22,0.41,0.25,0.57,0.86,0.57,0.89,1.25,0.92,1.07
722,Dadra and Nagar Haveli,Dadra and Nagar Haveli,1,1.05,1.05,1.05,1.1,1.1,0.83,,,,1,1,1,1,1,0.96,1,1.1,1,1,,,
723,Maharashtra,Mumbai suburban,,,,,,,,,,,,,,,,,1,,,,,,
724,Kerala,Ernakulam,,,,,,,,,,,,,,,,,,,,,,1,
725,Odisha,Boudh,0.78,0.32,0.71,0.76,0.72,0.72,0.7,0.97,0.93,0.78,0.99,0.87,0.8,0.78,0.73,0.61,0.73,0.83,0.84,0.84,0.9,0.86,0.83
726,Kerala,Alappuzha,,,,,,,,,,,,,,,,,,,,,,0.33,0.3
