state,district,year,ginger_whole_year_yield_tonne_per_hectare
Andaman and Nicobar Islands,Nicobars,2000 - 2001,2.78
,,2001 - 2002,2.17
,,2002 - 2003,2.81
,,2003 - 2004,3.2
,,2004 - 2005,3.1
,,2006 - 2007,3.5
,,2010 - 2011,
,,2011 - 2012,
,,2012 - 2013,
,,2013 - 2014,
,,2014 - 2015,
,,2015 - 2016,
,,2016 - 2017,
,,2017 - 2018,
,,2018 - 2019,
,,2019 - 2020,
,,2020 - 2021,
,North and middle andaman,2000 - 2001,3.18
,,2001 - 2002,3.27
,,2006 - 2007,9.42
,,2010 - 2011,
,,2011 - 2012,
,,2012 - 2013,
,,2013 - 2014,
,,2014 - 2015,
,,2015 - 2016,
,,2016 - 2017,
,,2017 - 2018,
,,2018 - 2019,
,,2019 - 2020,
,,2020 - 2021,
,South andamans,2002 - 2003,3.25
,,2003 - 2004,3.2
,,2004 - 2005,3.57
,,2005 - 2006,9.0
,,2006 - 2007,8.92
,,2010 - 2011,
,,2011 - 2012,
,,2012 - 2013,
,,2013 - 2014,
,,2014 - 2015,
,,2015 - 2016,
,,2016 - 2017,
,,2017 - 2018,
,,2018 - 2019,
,,2019 - 2020,
,,2020 - 2021,
Andhra Pradesh,Alluri sitharama raju,2022 - 2023,
,Anantapur,2021 - 2022,
,,2022 - 2023,
,Bapatla,2022 - 2023,
,Chittoor,2020 - 2021,
,,2021 - 2022,
,,2022 - 2023,
,East godavari,2005 - 2006,2.71
,,2006 - 2007,2.86
,,2008 - 2009,3.13
,,2016 - 2017,
,,2020 - 2021,
,Guntur,2020 - 2021,
,Kadapa,2004 - 2005,3.0
,,2012 - 2013,
,,2016 - 2017,
,,2019 - 2020,
,,2020 - 2021,
,,2021 - 2022,
,Krishna,2000 - 2001,1.87
,,2001 - 2002,2.64
,,2002 - 2003,1.67
,,2003 - 2004,2.85
,,2004 - 2005,2.75
,,2005 - 2006,2.76
,,2006 - 2007,2.81
,,2008 - 2009,2.38
,,2009 - 2010,1.95
,,2010 - 2011,9.33
,,2011 - 2012,9.24
,,2012 - 2013,
,,2013 - 2014,
,,2014 - 2015,
,,2015 - 2016,
,,2017 - 2018,
,,2018 - 2019,
,,2020 - 2021,
,,2021 - 2022,
,Kurnool,2006 - 2007,3.0
,,2014 - 2015,
,,2015 - 2016,
,,2017 - 2018,
,,2020 - 2021,
,,2021 - 2022,
,Ntr,2022 - 2023,
,Parvathipuram manyam,2022 - 2023,
,Prakasam,2012 - 2013,
,,2015 - 2016,
,,2020 - 2021,
,,2021 - 2022,
,Spsr nellore,2021 - 2022,
,Sri sathya sai,2022 - 2023,
,Srikakulam,2000 - 2001,1.9
,,2001 - 2002,2.63
,,2002 - 2003,1.64
,,2003 - 2004,2.84
,,2004 - 2005,2.73
,,2005 - 2006,2.76
,,2006 - 2007,2.81
,,2008 - 2009,2.1
,,2009 - 2010,1.95
,,2010 - 2011,9.33
,,2011 - 2012,9.24
,,2012 - 2013,
,,2013 - 2014,
,,2014 - 2015,
,,2015 - 2016,
,,2016 - 2017,
,,2017 - 2018,
,,2018 - 2019,
,,2019 - 2020,
,,2020 - 2021,
,,2021 - 2022,
,,2022 - 2023,
,Visakhapatanam,2000 - 2001,1.89
,,2001 - 2002,2.63
,,2002 - 2003,1.63
,,2003 - 2004,2.84
,,2004 - 2005,2.73
,,2005 - 2006,2.75
,,2006 - 2007,2.81
,,2008 - 2009,2.45
,,2009 - 2010,1.95
,,2010 - 2011,2.68
,,2011 - 2012,2.47
,,2012 - 2013,
,,2013 - 2014,
,,2014 - 2015,
,,2015 - 2016,
,,2016 - 2017,
,,2017 - 2018,
,,2018 - 2019,
,,2019 - 2020,
,,2020 - 2021,
,,2021 - 2022,
,Vizianagaram,2002 - 2003,1.63
,,2003 - 2004,2.88
,,2004 - 2005,2.75
,,2005 - 2006,2.79
,,2006 - 2007,2.82
,,2008 - 2009,2.39
,,2009 - 2010,1.94
,,2010 - 2011,9.32
,,2011 - 2012,9.2
,,2014 - 2015,
,,2015 - 2016,
,,2016 - 2017,
,,2017 - 2018,
,,2018 - 2019,
,,2019 - 2020,
,,2020 - 2021,
,,2021 - 2022,
,West godavari,2005 - 2006,3.0
,,2006 - 2007,2.75
,,2010 - 2011,9.5
,,2011 - 2012,9.25
,,2017 - 2018,
,,2018 - 2019,
,,2019 - 2020,
,,2021 - 2022,
Arunachal Pradesh,Anjaw,2004 - 2005,7.0
,,2005 - 2006,7.0
,,2006 - 2007,7.59
,,2007 - 2008,7.37
,,2008 - 2009,7.54
,,2009 - 2010,8.0
,,2010 - 2011,8.0
,,2011 - 2012,8.05
,,2012 - 2013,8.17
,,2013 - 2014,8.17
,,2014 - 2015,20.16
,,2015 - 2016,4.71
,,2016 - 2017,5.03
,,2017 - 2018,4.73
,,2018 - 2019,4.82
,,2019 - 2020,4.75
,,2020 - 2021,4.82
,,2021 - 2022,5.19
,,2022 - 2023,5.19
,Changlang,2000 - 2001,5.28
,,2001 - 2002,4.7
,,2002 - 2003,5.5
,,2003 - 2004,5.65
,,2004 - 2005,7.25
,,2005 - 2006,5.7
,,2006 - 2007,5.44
,,2007 - 2008,6.3
,,2008 - 2009,7.15
,,2009 - 2010,7.2
,,2010 - 2011,7.2
,,2011 - 2012,7.21
,,2012 - 2013,7.73
,,2013 - 2014,7.73
,,2014 - 2015,7.08
,,2015 - 2016,7.41
,,2016 - 2017,7.41
,,2017 - 2018,7.25
,,2018 - 2019,7.26
,,2019 - 2020,7.25
,,2020 - 2021,7.26
,,2021 - 2022,7.32
,,2022 - 2023,7.32
,Dibang valley,2000 - 2001,7.0
,,2001 - 2002,9.0
,,2002 - 2003,16.67
,,2003 - 2004,8.0
,,2004 - 2005,4.38
,,2005 - 2006,7.17
,,2006 - 2007,1.6
,,2007 - 2008,5.94
,,2008 - 2009,6.25
,,2009 - 2010,6.25
,,2010 - 2011,4.0
,,2011 - 2012,4.13
,,2012 - 2013,2.74
,,2013 - 2014,2.87
,,2014 - 2015,3.1
,,2015 - 2016,4.78
,,2016 - 2017,4.9
,,2017 - 2018,4.78
,,2018 - 2019,4.82
,,2019 - 2020,4.79
,,2020 - 2021,4.82
,,2021 - 2022,5.09
,,2022 - 2023,5.08
,East kameng,2000 - 2001,4.05
,,2001 - 2002,4.5
,,2002 - 2003,4.44
,,2003 - 2004,4.45
,,2004 - 2005,4.44
,,2005 - 2006,4.13
,,2006 - 2007,4.05
,,2007 - 2008,4.09
,,2008 - 2009,4.13
,,2009 - 2010,4.12
,,2010 - 2011,4.07
,,2011 - 2012,4.06
,,2012 - 2013,4.1
,,2013 - 2014,4.12
,,2014 - 2015,3.68
,,2015 - 2016,4.55
,,2016 - 2017,4.7
,,2017 - 2018,4.56
,,2018 - 2019,4.6
,,2019 - 2020,4.57
,,2020 - 2021,4.58
,,2021 - 2022,4.94
,,2022 - 2023,4.95
,East siang,2000 - 2001,8.14
,,2001 - 2002,7.96
,,2002 - 2003,8.31
,,2003 - 2004,8.27
,,2004 - 2005,22.01
,,2005 - 2006,8.79
,,2006 - 2007,8.79
,,2007 - 2008,8.37
,,2008 - 2009,8.37
,,2009 - 2010,9.76
,,2010 - 2011,9.76
,,2011 - 2012,9.78
,,2012 - 2013,9.16
,,2013 - 2014,8.96
,,2014 - 2015,8.63
,,2015 - 2016,7.67
,,2016 - 2017,7.57
,,2017 - 2018,7.47
,,2018 - 2019,7.37
,,2019 - 2020,7.24
,,2020 - 2021,7.24
,,2021 - 2022,7.32
,,2022 - 2023,7.32
,Kamle,2018 - 2019,5.98
,,2019 - 2020,5.94
,,2020 - 2021,5.93
,,2021 - 2022,6.23
,,2022 - 2023,6.22
,Kra daadi,2015 - 2016,6.18
,,2016 - 2017,7.35
,,2017 - 2018,5.95
,,2018 - 2019,6.24
,,2019 - 2020,5.95
,,2020 - 2021,6.09
,,2021 - 2022,6.26
,,2022 - 2023,6.23
,Kurung kumey,2002 - 2003,7.25
,,2003 - 2004,7.1
,,2004 - 2005,6.91
,,2005 - 2006,7.0
,,2006 - 2007,0.8
,,2007 - 2008,0.68
,,2008 - 2009,6.0
,,2009 - 2010,6.0
,,2010 - 2011,6.95
,,2011 - 2012,7.15
,,2012 - 2013,6.9
,,2013 - 2014,6.8
,,2014 - 2015,4.88
,,2015 - 2016,5.64
,,2016 - 2017,7.07
,,2017 - 2018,5.5
,,2018 - 2019,5.83
,,2019 - 2020,5.53
,,2020 - 2021,5.68
,,2021 - 2022,6.4
,,2022 - 2023,5.91
,Leparada,2019 - 2020,7.11
,,2020 - 2021,7.19
,,2021 - 2022,7.58
,,2022 - 2023,7.59
,Lohit,2000 - 2001,9.8
,,2001 - 2002,10.0
,,2002 - 2003,10.0
,,2003 - 2004,9.0
,,2004 - 2005,7.0
,,2005 - 2006,8.2
,,2006 - 2007,8.15
,,2007 - 2008,8.23
,,2008 - 2009,8.38
,,2009 - 2010,8.2
,,2010 - 2011,8.96
,,2011 - 2012,8.98
,,2012 - 2013,9.05
,,2013 - 2014,9.07
,,2014 - 2015,8.8
,,2015 - 2016,8.67
,,2016 - 2017,7.88
,,2017 - 2018,7.31
,,2018 - 2019,7.35
,,2019 - 2020,7.31
,,2020 - 2021,7.34
,,2021 - 2022,7.57
,,2022 - 2023,7.57
,Longding,2013 - 2014,8.18
,,2014 - 2015,5.9
,,2015 - 2016,7.03
,,2016 - 2017,7.03
,,2017 - 2018,6.37
,,2018 - 2019,6.51
,,2019 - 2020,6.51
,,2020 - 2021,6.63
,,2021 - 2022,6.86
,,2022 - 2023,6.86
,Lower dibang valley,2002 - 2003,7.0
,,2003 - 2004,8.5
,,2004 - 2005,5.65
,,2005 - 2006,7.0
,,2006 - 2007,7.5
,,2007 - 2008,7.5
,,2008 - 2009,7.5
,,2009 - 2010,7.5
,,2010 - 2011,7.5
,,2011 - 2012,7.52
,,2012 - 2013,8.0
,,2013 - 2014,8.0
,,2014 - 2015,7.87
,,2015 - 2016,7.89
,,2016 - 2017,7.85
,,2017 - 2018,7.73
,,2018 - 2019,7.73
,,2019 - 2020,7.67
,,2020 - 2021,7.68
,,2021 - 2022,7.72
,,2022 - 2023,7.72
,Lower siang,2018 - 2019,7.36
,,2019 - 2020,7.15
,,2020 - 2021,7.16
,,2021 - 2022,7.26
,,2022 - 2023,7.26
,Lower subansiri,2000 - 2001,5.49
,,2001 - 2002,7.07
,,2002 - 2003,6.89
,,2003 - 2004,6.92
,,2004 - 2005,4.68
,,2005 - 2006,6.37
,,2006 - 2007,6.33
,,2007 - 2008,6.0
,,2008 - 2009,6.0
,,2009 - 2010,6.02
,,2010 - 2011,5.65
,,2011 - 2012,5.65
,,2012 - 2013,5.65
,,2013 - 2014,5.65
,,2014 - 2015,4.92
,,2015 - 2016,5.47
,,2016 - 2017,5.54
,,2017 - 2018,5.46
,,2018 - 2019,5.5
,,2019 - 2020,5.47
,,2020 - 2021,5.47
,,2021 - 2022,5.67
,,2022 - 2023,5.67
,Namsai,2015 - 2016,8.39
,,2016 - 2017,8.24
,,2017 - 2018,7.74
,,2018 - 2019,7.74
,,2019 - 2020,7.63
,,2020 - 2021,7.64
,,2021 - 2022,7.69
,,2022 - 2023,7.69
,Pakke kessang,2019 - 2020,4.57
,,2020 - 2021,4.58
,,2021 - 2022,4.91
,,2022 - 2023,4.92
,Papum pare,2000 - 2001,7.0
,,2001 - 2002,7.0
,,2002 - 2003,6.08
,,2003 - 2004,7.93
,,2004 - 2005,8.8
,,2005 - 2006,7.26
,,2006 - 2007,7.14
,,2007 - 2008,6.96
,,2008 - 2009,7.18
,,2009 - 2010,10.3
,,2010 - 2011,10.25
,,2011 - 2012,5.88
,,2012 - 2013,9.9
,,2013 - 2014,9.6
,,2014 - 2015,7.25
,,2015 - 2016,8.14
,,2016 - 2017,7.64
,,2017 - 2018,7.5
,,2018 - 2019,7.53
,,2019 - 2020,7.16
,,2020 - 2021,7.15
,,2021 - 2022,7.31
,,2022 - 2023,7.31
,Shi yomi,2019 - 2020,6.89
,,2020 - 2021,7.05
,,2021 - 2022,7.1
,,2022 - 2023,5.23
,Siang,2015 - 2016,7.99
,,2016 - 2017,7.75
,,2017 - 2018,7.17
,,2018 - 2019,7.05
,,2019 - 2020,7.05
,,2020 - 2021,7.06
,,2021 - 2022,7.24
,,2022 - 2023,7.34
,Tawang,2002 - 2003,2.5
,,2003 - 2004,2.5
,,2004 - 2005,2.5
,,2005 - 2006,2.5
,,2006 - 2007,2.5
,,2007 - 2008,2.5
,,2008 - 2009,2.5
,,2009 - 2010,2.53
,,2010 - 2011,2.5
,,2011 - 2012,2.48
,,2012 - 2013,2.5
,,2013 - 2014,2.5
,,2014 - 2015,3.27
,,2015 - 2016,3.37
,,2016 - 2017,3.56
,,2017 - 2018,3.44
,,2018 - 2019,3.49
,,2019 - 2020,3.46
,,2020 - 2021,3.48
,,2021 - 2022,3.79
,,2022 - 2023,3.79
,Tirap,2000 - 2001,2.79
,,2001 - 2002,4.55
,,2002 - 2003,4.55
,,2003 - 2004,4.61
,,2004 - 2005,7.11
,,2006 - 2007,4.38
,,2007 - 2008,3.5
,,2008 - 2009,3.45
,,2009 - 2010,2.63
,,2010 - 2011,2.65
,,2011 - 2012,2.66
,,2012 - 2013,8.0
,,2013 - 2014,8.18
,,2014 - 2015,6.43
,,2015 - 2016,8.0
,,2016 - 2017,5.33
,,2017 - 2018,4.87
,,2018 - 2019,5.0
,,2019 - 2020,4.89
,,2020 - 2021,5.0
,,2021 - 2022,5.46
,,2022 - 2023,5.46
,Upper siang,2003 - 2004,6.67
,,2004 - 2005,0.8
,,2005 - 2006,5.0
,,2006 - 2007,5.0
,,2007 - 2008,5.0
,,2008 - 2009,5.0
,,2009 - 2010,6.0
,,2010 - 2011,6.0
,,2011 - 2012,6.05
,,2012 - 2013,6.5
,,2013 - 2014,6.6
,,2014 - 2015,5.69
,,2015 - 2016,4.01
,,2016 - 2017,4.08
,,2017 - 2018,4.83
,,2018 - 2019,4.85
,,2019 - 2020,4.83
,,2020 - 2021,4.85
,,2021 - 2022,5.24
,,2022 - 2023,5.35
,Upper subansiri,2001 - 2002,5.0
,,2002 - 2003,5.05
,,2003 - 2004,4.74
,,2004 - 2005,6.86
,,2005 - 2006,4.01
,,2006 - 2007,9.13
,,2007 - 2008,11.6
,,2008 - 2009,5.69
,,2009 - 2010,5.69
,,2010 - 2011,9.46
,,2011 - 2012,9.27
,,2012 - 2013,9.0
,,2013 - 2014,9.22
,,2014 - 2015,7.11
,,2015 - 2016,7.96
,,2016 - 2017,7.48
,,2017 - 2018,7.11
,,2018 - 2019,7.15
,,2019 - 2020,7.11
,,2020 - 2021,7.1
,,2021 - 2022,7.28
,,2022 - 2023,7.28
,West kameng,2000 - 2001,1.51
,,2001 - 2002,1.51
,,2002 - 2003,1.51
,,2003 - 2004,1.51
,,2004 - 2005,1.51
,,2005 - 2006,1.51
,,2006 - 2007,1.53
,,2007 - 2008,1.56
,,2008 - 2009,2.41
,,2009 - 2010,1.6
,,2010 - 2011,3.63
,,2011 - 2012,3.58
,,2012 - 2013,3.63
,,2013 - 2014,3.72
,,2014 - 2015,3.47
,,2015 - 2016,4.62
,,2016 - 2017,4.79
,,2017 - 2018,4.63
,,2018 - 2019,4.68
,,2019 - 2020,4.64
,,2020 - 2021,4.64
,,2021 - 2022,4.96
,,2022 - 2023,4.96
,West siang,2000 - 2001,6.67
,,2001 - 2002,8.06
,,2002 - 2003,6.73
,,2003 - 2004,6.67
,,2004 - 2005,3.0
,,2005 - 2006,6.8
,,2006 - 2007,9.24
,,2007 - 2008,9.61
,,2008 - 2009,9.57
,,2009 - 2010,9.6
,,2010 - 2011,9.62
,,2011 - 2012,9.64
,,2012 - 2013,9.88
,,2013 - 2014,6.36
,,2014 - 2015,6.16
,,2015 - 2016,8.02
,,2016 - 2017,7.44
,,2017 - 2018,7.0
,,2018 - 2019,7.07
,,2019 - 2020,7.07
,,2020 - 2021,7.19
,,2021 - 2022,7.64
,,2022 - 2023,7.63
Assam,Baksa,2007 - 2008,6.92
,,2008 - 2009,6.92
,,2009 - 2010,6.92
,,2010 - 2011,6.92
,,2011 - 2012,6.99
,,2012 - 2013,8.0
,,2013 - 2014,8.0
,,2014 - 2015,8.02
,,2015 - 2016,8.04
,,2016 - 2017,8.18
,,2017 - 2018,8.2
,,2018 - 2019,8.82
,,2019 - 2020,8.99
,,2020 - 2021,8.98
,,2021 - 2022,8.99
,,2022 - 2023,9.06
,Barpeta,2007 - 2008,6.52
,,2008 - 2009,6.52
,,2009 - 2010,6.52
,,2010 - 2011,6.52
,,2011 - 2012,6.64
,,2012 - 2013,7.66
,,2013 - 2014,7.66
,,2014 - 2015,7.67
,,2015 - 2016,7.68
,,2016 - 2017,7.78
,,2017 - 2018,7.78
,,2018 - 2019,8.2
,,2019 - 2020,8.31
,,2020 - 2021,8.31
,,2021 - 2022,8.31
,,2022 - 2023,8.39
,Biswanath,2020 - 2021,10.1
,,2021 - 2022,10.11
,,2022 - 2023,10.42
,Bongaigaon,2007 - 2008,6.16
,,2008 - 2009,6.16
,,2009 - 2010,6.16
,,2010 - 2011,6.15
,,2011 - 2012,6.28
,,2012 - 2013,6.49
,,2013 - 2014,6.49
,,2014 - 2015,6.5
,,2015 - 2016,6.54
,,2016 - 2017,6.88
,,2017 - 2018,6.9
,,2018 - 2019,7.78
,,2019 - 2020,8.56
,,2020 - 2021,8.56
,,2021 - 2022,8.56
,,2022 - 2023,9.08
,Cachar,2007 - 2008,6.94
,,2008 - 2009,6.94
,,2009 - 2010,6.94
,,2010 - 2011,6.94
,,2011 - 2012,6.98
,,2012 - 2013,7.0
,,2013 - 2014,7.0
,,2014 - 2015,7.13
,,2015 - 2016,7.14
,,2016 - 2017,7.4
,,2017 - 2018,7.41
,,2018 - 2019,8.43
,,2019 - 2020,8.71
,,2020 - 2021,8.71
,,2021 - 2022,8.71
,,2022 - 2023,8.94
,Charaideo,2020 - 2021,9.8
,,2021 - 2022,9.8
,,2022 - 2023,10.7
,Chirang,2007 - 2008,6.96
,,2008 - 2009,6.96
,,2009 - 2010,6.96
,,2010 - 2011,6.96
,,2011 - 2012,5.0
,,2012 - 2013,5.02
,,2013 - 2014,5.03
,,2014 - 2015,5.03
,,2015 - 2016,5.04
,,2016 - 2017,5.29
,,2017 - 2018,5.31
,,2018 - 2019,6.24
,,2019 - 2020,6.51
,,2020 - 2021,6.5
,,2021 - 2022,6.5
,,2022 - 2023,6.61
,Darrang,2007 - 2008,6.63
,,2008 - 2009,6.62
,,2009 - 2010,6.62
,,2010 - 2011,6.63
,,2011 - 2012,6.74
,,2012 - 2013,7.75
,,2013 - 2014,7.75
,,2014 - 2015,7.76
,,2015 - 2016,7.77
,,2016 - 2017,7.94
,,2017 - 2018,7.96
,,2018 - 2019,8.64
,,2019 - 2020,8.83
,,2020 - 2021,8.83
,,2021 - 2022,8.83
,,2022 - 2023,8.96
,Dhemaji,2007 - 2008,8.69
,,2008 - 2009,8.69
,,2009 - 2010,8.69
,,2010 - 2011,8.69
,,2011 - 2012,8.75
,,2012 - 2013,8.77
,,2013 - 2014,8.77
,,2014 - 2015,8.78
,,2015 - 2016,8.78
,,2016 - 2017,8.92
,,2017 - 2018,8.94
,,2018 - 2019,9.55
,,2019 - 2020,9.71
,,2020 - 2021,9.71
,,2021 - 2022,9.71
,,2022 - 2023,9.8
,Dhubri,2007 - 2008,8.45
,,2008 - 2009,8.48
,,2009 - 2010,8.46
,,2010 - 2011,8.45
,,2011 - 2012,8.57
,,2012 - 2013,8.69
,,2013 - 2014,8.68
,,2014 - 2015,8.69
,,2015 - 2016,8.72
,,2016 - 2017,9.1
,,2017 - 2018,9.1
,,2018 - 2019,10.62
,,2019 - 2020,10.98
,,2020 - 2021,10.98
,,2021 - 2022,10.98
,,2022 - 2023,11.31
,Dibrugarh,2007 - 2008,5.55
,,2008 - 2009,5.56
,,2009 - 2010,5.56
,,2010 - 2011,5.56
,,2011 - 2012,7.73
,,2012 - 2013,7.84
,,2013 - 2014,7.84
,,2014 - 2015,7.86
,,2015 - 2016,7.86
,,2016 - 2017,8.23
,,2017 - 2018,8.25
,,2018 - 2019,9.62
,,2019 - 2020,9.96
,,2020 - 2021,9.96
,,2021 - 2022,9.95
,,2022 - 2023,10.22
,Dima hasao,2007 - 2008,6.56
,,2008 - 2009,6.55
,,2009 - 2010,6.56
,,2010 - 2011,6.56
,,2011 - 2012,6.78
,,2012 - 2013,7.78
,,2013 - 2014,7.06
,,2014 - 2015,9.0
,,2015 - 2016,9.0
,,2016 - 2017,9.02
,,2017 - 2018,9.02
,,2018 - 2019,9.11
,,2019 - 2020,9.13
,,2020 - 2021,9.13
,,2021 - 2022,9.13
,,2022 - 2023,9.14
,Goalpara,2007 - 2008,7.12
,,2008 - 2009,7.12
,,2009 - 2010,7.12
,,2010 - 2011,7.12
,,2011 - 2012,7.25
,,2012 - 2013,7.38
,,2013 - 2014,7.38
,,2014 - 2015,7.39
,,2015 - 2016,7.39
,,2016 - 2017,7.54
,,2017 - 2018,7.56
,,2018 - 2019,8.18
,,2019 - 2020,8.35
,,2020 - 2021,8.35
,,2021 - 2022,8.35
,,2022 - 2023,8.51
,Golaghat,2007 - 2008,6.52
,,2008 - 2009,6.53
,,2009 - 2010,6.52
,,2010 - 2011,6.53
,,2011 - 2012,8.94
,,2012 - 2013,8.97
,,2013 - 2014,8.97
,,2014 - 2015,8.97
,,2015 - 2016,8.97
,,2016 - 2017,9.03
,,2017 - 2018,9.05
,,2018 - 2019,9.3
,,2019 - 2020,9.4
,,2020 - 2021,9.4
,,2021 - 2022,9.4
,,2022 - 2023,9.44
,Hailakandi,2007 - 2008,5.05
,,2008 - 2009,5.05
,,2009 - 2010,5.05
,,2010 - 2011,5.05
,,2011 - 2012,5.16
,,2012 - 2013,6.12
,,2013 - 2014,6.12
,,2014 - 2015,6.14
,,2015 - 2016,6.14
,,2016 - 2017,6.46
,,2017 - 2018,6.46
,,2018 - 2019,7.64
,,2019 - 2020,7.97
,,2020 - 2021,7.97
,,2021 - 2022,7.97
,,2022 - 2023,8.18
,Hojai,2020 - 2021,10.7
,,2021 - 2022,10.7
,,2022 - 2023,10.98
,Jorhat,2007 - 2008,6.8
,,2008 - 2009,6.81
,,2009 - 2010,6.81
,,2010 - 2011,6.81
,,2011 - 2012,7.85
,,2012 - 2013,7.87
,,2013 - 2014,7.86
,,2014 - 2015,7.89
,,2015 - 2016,7.89
,,2016 - 2017,8.21
,,2017 - 2018,8.22
,,2018 - 2019,9.49
,,2019 - 2020,9.81
,,2020 - 2021,9.81
,,2021 - 2022,9.81
,,2022 - 2023,10.17
,Kamrup,2007 - 2008,7.42
,,2008 - 2009,7.42
,,2009 - 2010,7.42
,,2010 - 2011,7.42
,,2011 - 2012,7.56
,,2012 - 2013,7.67
,,2013 - 2014,7.67
,,2014 - 2015,7.68
,,2015 - 2016,7.68
,,2016 - 2017,7.88
,,2017 - 2018,7.89
,,2018 - 2019,8.7
,,2019 - 2020,8.92
,,2020 - 2021,8.92
,,2021 - 2022,8.92
,,2022 - 2023,8.99
,Kamrup metro,2007 - 2008,5.83
,,2008 - 2009,5.83
,,2009 - 2010,5.83
,,2010 - 2011,5.82
,,2011 - 2012,9.86
,,2012 - 2013,9.97
,,2013 - 2014,9.97
,,2014 - 2015,9.97
,,2015 - 2016,9.99
,,2016 - 2017,10.33
,,2017 - 2018,10.34
,,2018 - 2019,11.85
,,2019 - 2020,12.18
,,2020 - 2021,12.17
,,2021 - 2022,10.17
,,2022 - 2023,10.75
,Karbi anglong,2007 - 2008,7.03
,,2008 - 2009,7.03
,,2009 - 2010,7.03
,,2010 - 2011,7.03
,,2011 - 2012,7.26
,,2012 - 2013,7.38
,,2013 - 2014,8.13
,,2014 - 2015,10.69
,,2015 - 2016,10.76
,,2016 - 2017,10.69
,,2017 - 2018,10.79
,,2018 - 2019,10.71
,,2019 - 2020,10.74
,,2020 - 2021,10.85
,,2021 - 2022,10.86
,,2022 - 2023,10.86
,Karimganj,2007 - 2008,7.43
,,2008 - 2009,7.43
,,2009 - 2010,7.43
,,2010 - 2011,7.43
,,2011 - 2012,7.58
,,2012 - 2013,7.68
,,2013 - 2014,7.68
,,2014 - 2015,7.69
,,2015 - 2016,7.69
,,2016 - 2017,8.06
,,2017 - 2018,8.07
,,2018 - 2019,9.51
,,2019 - 2020,9.87
,,2020 - 2021,9.87
,,2021 - 2022,9.86
,,2022 - 2023,10.2
,Kokrajhar,2007 - 2008,6.41
,,2008 - 2009,6.41
,,2009 - 2010,6.41
,,2010 - 2011,6.41
,,2011 - 2012,6.55
,,2012 - 2013,7.57
,,2013 - 2014,7.56
,,2014 - 2015,7.57
,,2015 - 2016,7.58
,,2016 - 2017,7.75
,,2017 - 2018,7.76
,,2018 - 2019,8.48
,,2019 - 2020,8.68
,,2020 - 2021,8.68
,,2021 - 2022,8.68
,,2022 - 2023,8.79
,Lakhimpur,2007 - 2008,7.64
,,2008 - 2009,7.65
,,2009 - 2010,7.65
,,2010 - 2011,7.64
,,2011 - 2012,7.69
,,2012 - 2013,7.8
,,2013 - 2014,7.8
,,2014 - 2015,7.81
,,2015 - 2016,7.83
,,2016 - 2017,7.98
,,2017 - 2018,7.99
,,2018 - 2019,8.62
,,2019 - 2020,8.79
,,2020 - 2021,8.78
,,2021 - 2022,8.78
,,2022 - 2023,8.87
,Majuli,2020 - 2021,9.81
,,2021 - 2022,9.81
,,2022 - 2023,10.07
,Marigaon,2007 - 2008,8.76
,,2008 - 2009,8.76
,,2009 - 2010,8.76
,,2010 - 2011,8.76
,,2011 - 2012,8.87
,,2012 - 2013,8.98
,,2013 - 2014,8.98
,,2014 - 2015,8.98
,,2015 - 2016,8.99
,,2016 - 2017,9.19
,,2017 - 2018,9.21
,,2018 - 2019,10.09
,,2019 - 2020,10.31
,,2020 - 2021,10.31
,,2021 - 2022,10.31
,,2022 - 2023,10.5
,Nagaon,2007 - 2008,9.64
,,2008 - 2009,9.64
,,2009 - 2010,9.64
,,2010 - 2011,9.64
,,2011 - 2012,9.86
,,2012 - 2013,9.98
,,2013 - 2014,9.98
,,2014 - 2015,9.98
,,2015 - 2016,9.99
,,2016 - 2017,10.09
,,2017 - 2018,9.65
,,2018 - 2019,10.58
,,2019 - 2020,10.7
,,2020 - 2021,10.7
,,2021 - 2022,10.7
,,2022 - 2023,10.94
,Nalbari,2007 - 2008,6.95
,,2008 - 2009,6.95
,,2009 - 2010,6.95
,,2010 - 2011,6.95
,,2011 - 2012,7.97
,,2012 - 2013,7.98
,,2013 - 2014,7.98
,,2014 - 2015,7.98
,,2015 - 2016,7.99
,,2016 - 2017,8.24
,,2017 - 2018,8.26
,,2018 - 2019,9.28
,,2019 - 2020,9.54
,,2020 - 2021,9.54
,,2021 - 2022,9.54
,,2022 - 2023,9.67
,Sivasagar,2007 - 2008,5.66
,,2008 - 2009,5.66
,,2009 - 2010,5.66
,,2010 - 2011,5.66
,,2011 - 2012,6.67
,,2012 - 2013,7.69
,,2013 - 2014,7.69
,,2014 - 2015,7.69
,,2015 - 2016,7.74
,,2016 - 2017,8.09
,,2017 - 2018,8.71
,,2018 - 2019,9.49
,,2019 - 2020,9.73
,,2020 - 2021,9.72
,,2021 - 2022,9.39
,,2022 - 2023,10.2
,Sonitpur,2007 - 2008,6.47
,,2008 - 2009,6.49
,,2009 - 2010,6.48
,,2010 - 2011,6.48
,,2011 - 2012,7.48
,,2012 - 2013,7.59
,,2013 - 2014,7.59
,,2014 - 2015,9.7
,,2015 - 2016,9.71
,,2016 - 2017,9.77
,,2017 - 2018,9.74
,,2018 - 2019,10.04
,,2019 - 2020,10.11
,,2020 - 2021,10.11
,,2021 - 2022,10.11
,,2022 - 2023,9.99
,South salmara mancachar,2020 - 2021,11.0
,,2021 - 2022,11.68
,,2022 - 2023,12.38
,Tinsukia,2007 - 2008,6.84
,,2008 - 2009,6.84
,,2009 - 2010,6.84
,,2010 - 2011,6.84
,,2011 - 2012,6.98
,,2012 - 2013,7.88
,,2013 - 2014,7.88
,,2014 - 2015,7.89
,,2015 - 2016,7.89
,,2016 - 2017,7.98
,,2017 - 2018,7.99
,,2018 - 2019,8.38
,,2019 - 2020,8.49
,,2020 - 2021,8.5
,,2021 - 2022,8.49
,,2022 - 2023,8.55
,Udalguri,2007 - 2008,6.43
,,2008 - 2009,6.43
,,2009 - 2010,6.43
,,2010 - 2011,6.43
,,2011 - 2012,8.87
,,2012 - 2013,9.87
,,2013 - 2014,9.87
,,2014 - 2015,9.88
,,2015 - 2016,9.88
,,2016 - 2017,9.96
,,2017 - 2018,9.96
,,2018 - 2019,10.3
,,2019 - 2020,10.39
,,2020 - 2021,10.39
,,2021 - 2022,10.39
,,2022 - 2023,10.47
,West karbi anglong,2020 - 2021,10.0
,,2021 - 2022,10.0
,,2022 - 2023,10.04
Bihar,Araria,2000 - 2001,
,,2001 - 2002,
,,2002 - 2003,1.48
,,2003 - 2004,
,,2004 - 2005,1.51
,,2005 - 2006,1.51
,,2007 - 2008,
,,2008 - 2009,
,,2016 - 2017,1.83
,,2022 - 2023,2.0
,Arwal,2005 - 2006,1.33
,,2008 - 2009,
,Aurangabad,2001 - 2002,
,,2002 - 2003,1.0
,,2005 - 2006,2.0
,Begusarai,2000 - 2001,
,,2002 - 2003,1.33
,,2005 - 2006,2.0
,Bhagalpur,2000 - 2001,
,,2001 - 2002,
,,2002 - 2003,1.5
,,2003 - 2004,
,,2005 - 2006,1.47
,Bhojpur,2016 - 2017,2.0
,Gaya,2002 - 2003,1.0
,,2005 - 2006,1.5
,,2007 - 2008,
,,2008 - 2009,
,Gopalganj,2022 - 2023,1.82
,Jehanabad,2003 - 2004,
,Katihar,2000 - 2001,
,,2001 - 2002,
,,2002 - 2003,1.5
,,2003 - 2004,
,,2004 - 2005,1.5
,,2007 - 2008,
,,2008 - 2009,
,,2016 - 2017,1.83
,,2018 - 2019,1.83
,,2019 - 2020,1.83
,,2020 - 2021,1.83
,,2021 - 2022,1.83
,,2022 - 2023,1.83
,Khagaria,2016 - 2017,2.0
,Kishanganj,2000 - 2001,
,,2001 - 2002,
,,2002 - 2003,1.49
,,2003 - 2004,
,,2004 - 2005,1.51
,,2005 - 2006,1.51
,,2007 - 2008,
,,2008 - 2009,
,,2016 - 2017,1.83
,,2017 - 2018,1.9
,,2018 - 2019,1.88
,,2019 - 2020,1.87
,,2020 - 2021,1.88
,,2022 - 2023,1.88
,Madhepura,2000 - 2001,
,,2002 - 2003,1.6
,,2005 - 2006,1.0
,,2007 - 2008,
,,2008 - 2009,
,,2016 - 2017,2.0
,,2017 - 2018,2.0
,,2018 - 2019,2.0
,,2019 - 2020,2.0
,,2020 - 2021,2.0
,,2021 - 2022,2.0
,,2022 - 2023,2.0
,Madhubani,2000 - 2001,
,,2002 - 2003,1.33
,,2003 - 2004,
,,2004 - 2005,1.0
,,2005 - 2006,1.51
,,2007 - 2008,
,,2008 - 2009,
,,2021 - 2022,2.0
,,2022 - 2023,2.0
,Muzaffarpur,2000 - 2001,
,,2001 - 2002,
,,2002 - 2003,1.5
,,2003 - 2004,
,,2004 - 2005,1.0
,,2005 - 2006,1.05
,,2008 - 2009,
,,2016 - 2017,1.71
,,2017 - 2018,1.71
,,2018 - 2019,1.77
,,2019 - 2020,1.76
,,2020 - 2021,1.88
,,2021 - 2022,1.81
,,2022 - 2023,1.82
,Nalanda,2002 - 2003,1.5
,Nawada,2004 - 2005,2.0
,,2005 - 2006,1.5
,Pashchim champaran,2000 - 2001,
,,2001 - 2002,
,,2002 - 2003,1.48
,,2003 - 2004,
,,2004 - 2005,1.6
,,2005 - 2006,1.63
,,2007 - 2008,
,,2008 - 2009,
,,2016 - 2017,1.77
,,2017 - 2018,1.7
,,2018 - 2019,1.75
,,2019 - 2020,1.78
,,2020 - 2021,1.88
,,2021 - 2022,1.83
,,2022 - 2023,1.83
,Patna,2016 - 2017,2.0
,Purbi champaran,2001 - 2002,
,,2003 - 2004,
,,2004 - 2005,1.53
,,2005 - 2006,1.5
,,2007 - 2008,
,,2008 - 2009,
,,2016 - 2017,1.76
,Purnia,2000 - 2001,
,,2001 - 2002,
,,2002 - 2003,1.0
,,2003 - 2004,
,,2004 - 2005,1.5
,,2005 - 2006,2.0
,,2008 - 2009,
,Rohtas,2016 - 2017,2.0
,,2017 - 2018,2.0
,,2018 - 2019,2.0
,,2019 - 2020,2.0
,Saharsa,2004 - 2005,1.67
,,2007 - 2008,
,Samastipur,2000 - 2001,
,,2001 - 2002,
,,2002 - 2003,1.5
,,2003 - 2004,
,,2004 - 2005,1.0
,,2005 - 2006,1.5
,,2007 - 2008,
,,2008 - 2009,
,,2016 - 2017,2.0
,,2017 - 2018,1.88
,,2018 - 2019,2.0
,,2019 - 2020,2.0
,Sheikhpura,2016 - 2017,2.0
,Sheohar,2016 - 2017,1.76
,Sitamarhi,2000 - 2001,
,Siwan,2000 - 2001,
,,2004 - 2005,2.0
,,2005 - 2006,1.5
,,2016 - 2017,1.6
,,2017 - 2018,1.8
,,2018 - 2019,1.8
,,2019 - 2020,1.8
,,2020 - 2021,1.8
,,2021 - 2022,1.8
,,2022 - 2023,1.75
,Supaul,2002 - 2003,1.5
,,2003 - 2004,
,,2004 - 2005,1.5
,,2005 - 2006,1.5
,,2007 - 2008,
,,2008 - 2009,
,,2016 - 2017,1.98
,,2017 - 2018,1.92
,,2018 - 2019,1.92
,,2019 - 2020,1.96
,,2020 - 2021,1.92
,,2021 - 2022,1.96
,,2022 - 2023,1.95
,Vaishali,2000 - 2001,
,,2016 - 2017,2.0
Chhattisgarh,Balod,2011 - 2012,1.0
,,2020 - 2021,2.0
,,2021 - 2022,1.67
,Baloda bazar,2011 - 2012,1.32
,,2012 - 2013,1.39
,,2013 - 2014,1.52
,,2014 - 2015,1.52
,,2015 - 2016,1.52
,,2016 - 2017,1.22
,,2017 - 2018,1.33
,,2018 - 2019,0.0
,,2019 - 2020,1.29
,,2020 - 2021,1.29
,,2021 - 2022,1.18
,,2022 - 2023,1.83
,Balrampur,2011 - 2012,1.16
,,2012 - 2013,1.2
,,2013 - 2014,1.02
,,2014 - 2015,1.02
,,2015 - 2016,1.02
,,2016 - 2017,1.12
,,2017 - 2018,1.1
,,2018 - 2019,1.1
,,2019 - 2020,1.08
,,2020 - 2021,1.19
,,2021 - 2022,1.13
,,2022 - 2023,1.03
,Bastar,2000 - 2001,1.24
,,2001 - 2002,1.2
,,2002 - 2003,1.1
,,2003 - 2004,1.25
,,2004 - 2005,1.26
,,2005 - 2006,1.16
,,2006 - 2007,1.25
,,2007 - 2008,1.29
,,2008 - 2009,1.2
,,2009 - 2010,1.29
,,2010 - 2011,1.26
,,2011 - 2012,1.32
,,2012 - 2013,1.31
,,2013 - 2014,1.16
,,2014 - 2015,1.06
,,2015 - 2016,1.06
,,2016 - 2017,1.18
,,2017 - 2018,1.18
,,2018 - 2019,1.18
,,2019 - 2020,1.2
,,2020 - 2021,1.2
,,2021 - 2022,1.13
,,2022 - 2023,1.0
,Bemetara,2011 - 2012,1.17
,,2012 - 2013,1.13
,,2013 - 2014,1.08
,,2014 - 2015,1.12
,,2015 - 2016,1.0
,,2016 - 2017,1.05
,,2017 - 2018,1.06
,,2018 - 2019,1.16
,,2019 - 2020,1.05
,,2020 - 2021,1.36
,,2021 - 2022,1.35
,,2022 - 2023,1.25
,Bijapur,2009 - 2010,0.0
,,2010 - 2011,1.0
,,2017 - 2018,1.0
,,2022 - 2023,2.0
,Bilaspur,2000 - 2001,1.09
,,2001 - 2002,1.21
,,2002 - 2003,1.07
,,2003 - 2004,1.19
,,2004 - 2005,1.04
,,2005 - 2006,1.05
,,2006 - 2007,1.2
,,2007 - 2008,1.13
,,2008 - 2009,1.13
,,2009 - 2010,1.26
,,2010 - 2011,1.26
,,2011 - 2012,1.27
,,2012 - 2013,1.31
,,2013 - 2014,1.07
,,2014 - 2015,1.26
,,2015 - 2016,1.25
,,2016 - 2017,1.28
,,2017 - 2018,1.27
,,2018 - 2019,1.29
,,2019 - 2020,1.0
,,2020 - 2021,1.5
,,2021 - 2022,1.5
,,2022 - 2023,1.0
,Dantewada,2000 - 2001,1.0
,,2002 - 2003,1.0
,,2003 - 2004,1.5
,,2004 - 2005,1.33
,,2005 - 2006,1.13
,,2006 - 2007,1.0
,,2007 - 2008,1.25
,,2008 - 2009,1.5
,,2009 - 2010,0.0
,,2010 - 2011,1.0
,,2011 - 2012,1.67
,,2012 - 2013,1.0
,,2013 - 2014,1.17
,,2014 - 2015,1.0
,,2015 - 2016,1.08
,,2016 - 2017,1.2
,,2017 - 2018,1.0
,,2018 - 2019,0.0
,,2019 - 2020,1.0
,,2020 - 2021,1.5
,Dhamtari,2001 - 2002,1.0
,,2002 - 2003,1.2
,,2003 - 2004,2.0
,,2004 - 2005,1.5
,,2005 - 2006,1.29
,,2006 - 2007,1.33
,,2007 - 2008,2.0
,,2010 - 2011,1.0
,,2013 - 2014,1.0
,,2015 - 2016,1.67
,,2016 - 2017,1.0
,,2019 - 2020,2.0
,,2020 - 2021,1.5
,,2021 - 2022,2.0
,,2022 - 2023,1.5
,Durg,2000 - 2001,1.0
,,2001 - 2002,1.0
,,2002 - 2003,1.18
,,2003 - 2004,1.0
,,2004 - 2005,1.16
,,2005 - 2006,1.15
,,2006 - 2007,1.45
,,2007 - 2008,1.24
,,2008 - 2009,1.15
,,2009 - 2010,1.15
,,2010 - 2011,1.16
,,2012 - 2013,1.0
,,2015 - 2016,1.5
,,2016 - 2017,1.0
,,2018 - 2019,0.0
,,2019 - 2020,1.82
,,2020 - 2021,1.51
,,2021 - 2022,1.67
,,2022 - 2023,1.33
,Gariyaband,2013 - 2014,2.0
,,2014 - 2015,2.0
,,2018 - 2019,0.0
,,2019 - 2020,1.67
,,2020 - 2021,2.0
,,2021 - 2022,2.0
,,2022 - 2023,2.0
,Gaurella-pendra-marwahi,2019 - 2020,3.0
,,2020 - 2021,1.5
,,2021 - 2022,1.83
,,2022 - 2023,1.25
,Janjgir-champa,2000 - 2001,1.0
,,2001 - 2002,1.0
,,2002 - 2003,1.0
,,2003 - 2004,1.17
,,2004 - 2005,1.0
,,2005 - 2006,1.0
,,2006 - 2007,1.33
,,2007 - 2008,1.33
,,2008 - 2009,1.4
,,2009 - 2010,1.2
,,2010 - 2011,1.25
,,2011 - 2012,1.4
,,2012 - 2013,1.33
,,2013 - 2014,1.0
,,2014 - 2015,1.2
,,2015 - 2016,1.0
,,2016 - 2017,1.5
,,2017 - 2018,1.5
,,2018 - 2019,1.0
,,2019 - 2020,1.0
,,2020 - 2021,2.0
,,2021 - 2022,2.0
,Jashpur,2000 - 2001,1.0
,,2001 - 2002,1.0
,,2002 - 2003,1.0
,,2003 - 2004,1.0
,,2004 - 2005,1.0
,,2005 - 2006,1.0
,,2006 - 2007,1.0
,,2007 - 2008,1.0
,,2008 - 2009,1.0
,,2009 - 2010,1.12
,,2010 - 2011,0.91
,,2011 - 2012,1.22
,,2012 - 2013,1.15
,,2013 - 2014,1.19
,,2014 - 2015,1.16
,,2015 - 2016,1.31
,,2016 - 2017,1.21
,,2017 - 2018,1.14
,,2018 - 2019,1.08
,,2019 - 2020,1.2
,,2020 - 2021,1.23
,,2021 - 2022,1.2
,,2022 - 2023,1.24
,Kabirdham,2002 - 2003,1.12
,,2004 - 2005,1.0
,,2005 - 2006,1.0
,,2006 - 2007,1.0
,,2007 - 2008,1.0
,,2008 - 2009,1.67
,,2010 - 2011,1.29
,,2013 - 2014,1.0
,,2020 - 2021,1.57
,Kanker,2000 - 2001,1.23
,,2001 - 2002,1.4
,,2002 - 2003,1.0
,,2003 - 2004,1.54
,,2004 - 2005,1.38
,,2005 - 2006,1.15
,,2006 - 2007,1.5
,,2007 - 2008,1.36
,,2008 - 2009,1.14
,,2009 - 2010,1.21
,,2010 - 2011,1.26
,,2011 - 2012,1.29
,,2012 - 2013,1.0
,,2013 - 2014,0.88
,,2014 - 2015,0.9
,,2015 - 2016,0.88
,,2016 - 2017,1.17
,,2017 - 2018,0.91
,,2018 - 2019,1.0
,,2019 - 2020,1.0
,,2021 - 2022,2.0
,Kondagaon,2011 - 2012,1.31
,,2012 - 2013,1.15
,,2013 - 2014,1.15
,,2014 - 2015,1.07
,,2015 - 2016,1.06
,,2016 - 2017,1.16
,,2017 - 2018,1.09
,,2018 - 2019,1.17
,,2019 - 2020,1.25
,,2020 - 2021,1.26
,,2021 - 2022,1.17
,,2022 - 2023,1.14
,Korba,2003 - 2004,1.0
,,2004 - 2005,1.0
,,2005 - 2006,0.33
,,2006 - 2007,1.0
,,2007 - 2008,1.0
,,2008 - 2009,1.43
,,2009 - 2010,0.0
,,2010 - 2011,1.25
,,2011 - 2012,1.33
,,2012 - 2013,1.5
,,2013 - 2014,1.0
,,2014 - 2015,1.5
,,2015 - 2016,1.0
,,2016 - 2017,1.0
,,2017 - 2018,1.5
,,2018 - 2019,1.0
,,2022 - 2023,2.0
,Korea,2000 - 2001,1.0
,,2001 - 2002,1.21
,,2002 - 2003,1.13
,,2003 - 2004,1.25
,,2004 - 2005,1.0
,,2005 - 2006,0.92
,,2006 - 2007,1.0
,,2007 - 2008,1.0
,,2008 - 2009,1.23
,,2009 - 2010,0.87
,,2010 - 2011,1.31
,,2011 - 2012,1.15
,,2012 - 2013,1.0
,,2013 - 2014,1.1
,,2014 - 2015,1.08
,,2015 - 2016,1.11
,,2016 - 2017,1.14
,,2017 - 2018,1.14
,,2018 - 2019,1.06
,,2019 - 2020,0.94
,,2020 - 2021,1.08
,,2021 - 2022,1.05
,,2022 - 2023,1.33
,Mahasamund,2001 - 2002,0.75
,,2002 - 2003,1.17
,,2003 - 2004,1.0
,,2004 - 2005,1.0
,,2005 - 2006,1.0
,,2006 - 2007,1.0
,,2007 - 2008,1.0
,,2008 - 2009,1.38
,,2012 - 2013,1.43
,,2013 - 2014,1.4
,,2014 - 2015,10.0
,,2016 - 2017,1.18
,,2017 - 2018,1.33
,,2018 - 2019,1.36
,,2019 - 2020,1.4
,,2020 - 2021,2.88
,,2021 - 2022,2.08
,,2022 - 2023,2.08
,Manendragarh chirimiri bharatpur,2022 - 2023,1.33
,Mungeli,2011 - 2012,1.26
,,2018 - 2019,0.0
,,2020 - 2021,2.0
,,2021 - 2022,1.86
,,2022 - 2023,2.0
,Narayanpur,2007 - 2008,1.0
,,2008 - 2009,1.0
,,2009 - 2010,0.0
,,2010 - 2011,1.0
,,2013 - 2014,1.0
,,2014 - 2015,1.0
,,2016 - 2017,1.0
,,2017 - 2018,1.11
,,2018 - 2019,0.0
,,2019 - 2020,2.0
,,2021 - 2022,1.75
,,2022 - 2023,1.0
,Raigarh,2000 - 2001,0.81
,,2001 - 2002,0.81
,,2002 - 2003,0.75
,,2003 - 2004,0.9
,,2004 - 2005,0.85
,,2005 - 2006,0.81
,,2006 - 2007,0.98
,,2007 - 2008,0.99
,,2008 - 2009,0.98
,,2009 - 2010,1.16
,,2010 - 2011,1.35
,,2011 - 2012,1.18
,,2012 - 2013,1.19
,,2013 - 2014,1.16
,,2014 - 2015,1.31
,,2015 - 2016,1.38
,,2016 - 2017,1.32
,,2017 - 2018,1.32
,,2018 - 2019,1.32
,,2019 - 2020,1.26
,,2020 - 2021,1.2
,,2021 - 2022,1.2
,,2022 - 2023,1.22
,Raipur,2000 - 2001,1.0
,,2001 - 2002,0.5
,,2002 - 2003,1.0
,,2003 - 2004,1.08
,,2004 - 2005,1.13
,,2005 - 2006,1.28
,,2006 - 2007,1.08
,,2007 - 2008,1.1
,,2008 - 2009,1.17
,,2009 - 2010,1.21
,,2010 - 2011,1.32
,,2011 - 2012,1.32
,,2012 - 2013,1.33
,,2013 - 2014,1.6
,,2014 - 2015,1.63
,,2015 - 2016,1.5
,,2016 - 2017,1.23
,,2017 - 2018,1.31
,,2018 - 2019,0.0
,,2019 - 2020,1.81
,,2020 - 2021,2.39
,,2021 - 2022,2.39
,,2022 - 2023,1.88
,Rajnandgaon,2000 - 2001,1.23
,,2001 - 2002,1.17
,,2002 - 2003,1.0
,,2003 - 2004,1.0
,,2004 - 2005,1.23
,,2005 - 2006,1.2
,,2006 - 2007,1.18
,,2007 - 2008,1.25
,,2008 - 2009,1.33
,,2009 - 2010,1.14
,,2010 - 2011,1.12
,,2011 - 2012,1.15
,,2012 - 2013,1.0
,,2013 - 2014,1.0
,,2014 - 2015,1.0
,,2015 - 2016,1.0
,,2016 - 2017,1.25
,,2017 - 2018,1.2
,,2018 - 2019,1.0
,,2019 - 2020,1.33
,,2020 - 2021,1.4
,,2021 - 2022,1.41
,,2022 - 2023,1.33
,Sakti,2022 - 2023,2.0
,Sarangarh bilaigarh,2022 - 2023,1.8
,Sukma,2014 - 2015,1.0
,,2016 - 2017,1.0
,,2017 - 2018,1.0
,,2018 - 2019,1.0
,,2021 - 2022,2.0
,,2022 - 2023,2.0
,Surajpur,2011 - 2012,1.16
,,2012 - 2013,1.25
,,2013 - 2014,0.97
,,2014 - 2015,1.35
,,2015 - 2016,1.37
,,2016 - 2017,1.13
,,2017 - 2018,1.17
,,2018 - 2019,1.11
,,2019 - 2020,1.37
,,2020 - 2021,1.45
,,2021 - 2022,1.35
,,2022 - 2023,1.26
,Surguja,2000 - 2001,1.23
,,2001 - 2002,1.21
,,2002 - 2003,1.14
,,2003 - 2004,1.19
,,2004 - 2005,1.1
,,2005 - 2006,0.96
,,2006 - 2007,1.23
,,2007 - 2008,1.2
,,2008 - 2009,1.25
,,2009 - 2010,0.81
,,2010 - 2011,1.35
,,2011 - 2012,1.16
,,2012 - 2013,1.1
,,2013 - 2014,1.2
,,2014 - 2015,1.2
,,2015 - 2016,0.99
,,2016 - 2017,1.14
,,2017 - 2018,1.28
,,2018 - 2019,1.3
,,2019 - 2020,1.42
,,2020 - 2021,1.93
,,2021 - 2022,1.93
,,2022 - 2023,1.84
Haryana,Ambala,2011 - 2012,
,,2012 - 2013,
,,2013 - 2014,14.86
,,2014 - 2015,10.48
,,2015 - 2016,12.5
,Hisar,2021 - 2022,
,Jind,2021 - 2022,
,Kaithal,2012 - 2013,
,Panchkula,2000 - 2001,
,,2010 - 2011,
,,2011 - 2012,
,,2012 - 2013,
,,2013 - 2014,13.91
,,2014 - 2015,15.38
,,2015 - 2016,15.33
,,2016 - 2017,18.63
,,2017 - 2018,7.5
,,2018 - 2019,7.99
,,2019 - 2020,8.19
,,2021 - 2022,
,Sonipat,2015 - 2016,14.0
,,2016 - 2017,12.5
,,2017 - 2018,8.0
,,2018 - 2019,6.5
,,2019 - 2020,12.5
,Yamunanagar,2000 - 2001,
,,2011 - 2012,
,,2013 - 2014,14.75
,,2014 - 2015,15.94
,,2015 - 2016,15.52
,,2016 - 2017,14.18
,,2017 - 2018,7.64
Himachal Pradesh,Bilaspur,2001 - 2002,
,,2002 - 2003,
,,2003 - 2004,
,,2004 - 2005,
,,2005 - 2006,
,,2006 - 2007,
,,2007 - 2008,
,,2009 - 2010,
,,2011 - 2012,
,,2012 - 2013,
,,2014 - 2015,
,,2015 - 2016,
,,2018 - 2019,
,,2019 - 2020,
,,2020 - 2021,
,,2021 - 2022,
,Chamba,2001 - 2002,
,,2002 - 2003,
,,2003 - 2004,
,,2004 - 2005,
,,2005 - 2006,
,,2006 - 2007,
,,2007 - 2008,
,,2009 - 2010,
,,2011 - 2012,
,,2012 - 2013,
,,2014 - 2015,
,,2015 - 2016,
,,2018 - 2019,
,,2019 - 2020,
,Hamirpur,2001 - 2002,
,,2002 - 2003,
,,2005 - 2006,
,,2006 - 2007,
,,2007 - 2008,
,,2009 - 2010,
,,2011 - 2012,
,,2012 - 2013,
,,2014 - 2015,
,,2015 - 2016,
,,2018 - 2019,
,,2019 - 2020,
,,2020 - 2021,
,,2021 - 2022,
,Kangra,2001 - 2002,
,,2002 - 2003,
,,2003 - 2004,
,,2004 - 2005,
,,2005 - 2006,
,,2006 - 2007,
,,2007 - 2008,
,,2009 - 2010,
,,2011 - 2012,
,,2012 - 2013,
,,2014 - 2015,
,,2015 - 2016,
,,2018 - 2019,
,,2019 - 2020,
,,2020 - 2021,
,,2021 - 2022,
,Kullu,2009 - 2010,
,,2014 - 2015,
,,2015 - 2016,
,,2018 - 2019,
,,2019 - 2020,
,Lahul and spiti,2018 - 2019,
,Mandi,2001 - 2002,
,,2002 - 2003,
,,2003 - 2004,
,,2004 - 2005,
,,2005 - 2006,
,,2006 - 2007,
,,2007 - 2008,
,,2009 - 2010,
,,2011 - 2012,
,,2012 - 2013,
,,2014 - 2015,
,,2015 - 2016,
,,2020 - 2021,
,,2021 - 2022,
,Shimla,2001 - 2002,
,,2002 - 2003,
,,2003 - 2004,
,,2004 - 2005,
,,2005 - 2006,
,,2006 - 2007,
,,2007 - 2008,
,,2009 - 2010,
,,2011 - 2012,
,,2012 - 2013,
,,2014 - 2015,
,,2015 - 2016,
,,2018 - 2019,
,,2019 - 2020,
,,2020 - 2021,
,,2021 - 2022,
,Sirmaur,2001 - 2002,
,,2002 - 2003,
,,2003 - 2004,
,,2004 - 2005,
,,2005 - 2006,
,,2006 - 2007,
,,2007 - 2008,
,,2009 - 2010,
,,2011 - 2012,
,,2012 - 2013,
,,2014 - 2015,
,,2015 - 2016,
,,2018 - 2019,
,,2019 - 2020,
,,2020 - 2021,
,,2021 - 2022,
,Solan,2001 - 2002,
,,2002 - 2003,
,,2003 - 2004,
,,2004 - 2005,
,,2005 - 2006,
,,2006 - 2007,
,,2007 - 2008,
,,2009 - 2010,
,,2011 - 2012,
,,2012 - 2013,
,,2014 - 2015,
,,2015 - 2016,
,,2018 - 2019,
,,2019 - 2020,
,,2020 - 2021,
,,2021 - 2022,
,Una,2001 - 2002,
,,2002 - 2003,
,,2003 - 2004,
,,2005 - 2006,
,,2006 - 2007,
,,2007 - 2008,
,,2009 - 2010,
,,2012 - 2013,
,,2014 - 2015,
,,2015 - 2016,
,,2018 - 2019,
,,2019 - 2020,
,,2020 - 2021,
,,2021 - 2022,
Jammu and Kashmir,Jammu,2007 - 2008,
,,2010 - 2011,
,,2011 - 2012,
,,2012 - 2013,
,,2013 - 2014,
,,2016 - 2017,
,,2017 - 2018,
,,2018 - 2019,
,Kathua,2000 - 2001,
,,2006 - 2007,
,,2007 - 2008,
,,2009 - 2010,
,,2010 - 2011,
,,2011 - 2012,
,,2012 - 2013,
,,2014 - 2015,
,,2015 - 2016,
,,2016 - 2017,
,,2017 - 2018,
,,2018 - 2019,
,,2019 - 2020,
,,2020 - 2021,
,Poonch,2012 - 2013,
,Rajauri,2005 - 2006,
,Reasi,2007 - 2008,
,,2009 - 2010,
,,2010 - 2011,
,,2011 - 2012,
,,2012 - 2013,
,,2014 - 2015,
,,2015 - 2016,
,Samba,2017 - 2018,
,Udhampur,2000 - 2001,
,,2005 - 2006,
,,2007 - 2008,
,,2009 - 2010,
,,2010 - 2011,
,,2011 - 2012,
,,2012 - 2013,
,,2014 - 2015,
,,2016 - 2017,
,,2017 - 2018,
,,2018 - 2019,
,,2019 - 2020,
,,2020 - 2021,
Karnataka,Bagalkot,2014 - 2015,29.04
,,2015 - 2016,37.33
,,2016 - 2017,25.27
,,2017 - 2018,25.88
,,2018 - 2019,15.38
,,2019 - 2020,10.45
,,2020 - 2021,11.69
,,2021 - 2022,12.31
,,2022 - 2023,8.01
,Bangalore rural,2000 - 2001,
,,2001 - 2002,
,,2002 - 2003,
,,2003 - 2004,
,,2004 - 2005,
,,2005 - 2006,11.67
,,2006 - 2007,11.67
,,2007 - 2008,20.52
,,2008 - 2009,31.86
,,2009 - 2010,31.49
,,2010 - 2011,3.62
,,2011 - 2012,3.18
,,2012 - 2013,31.85
,,2013 - 2014,27.67
,,2014 - 2015,29.09
,,2015 - 2016,37.33
,,2016 - 2017,25.29
,,2017 - 2018,25.83
,,2018 - 2019,15.39
,,2019 - 2020,10.46
,,2020 - 2021,11.69
,,2021 - 2022,11.69
,,2022 - 2023,7.54
,Belgaum,2007 - 2008,20.5
,,2008 - 2009,31.8
,,2010 - 2011,3.62
,,2012 - 2013,31.83
,,2013 - 2014,27.67
,,2014 - 2015,29.05
,,2016 - 2017,25.5
,,2017 - 2018,25.8
,,2018 - 2019,15.4
,,2019 - 2020,10.46
,,2020 - 2021,11.69
,,2021 - 2022,12.31
,,2022 - 2023,14.8
,Bellary,2001 - 2002,
,,2003 - 2004,
,,2004 - 2005,
,,2005 - 2006,13.0
,,2006 - 2007,13.0
,,2007 - 2008,21.0
,,2008 - 2009,32.0
,,2009 - 2010,31.0
,,2010 - 2011,3.6
,,2015 - 2016,37.0
,,2017 - 2018,26.0
,,2018 - 2019,15.4
,,2019 - 2020,10.46
,,2020 - 2021,11.69
,,2021 - 2022,12.31
,Bengaluru urban,2000 - 2001,
,,2012 - 2013,31.8
,,2013 - 2014,27.75
,,2014 - 2015,29.09
,,2015 - 2016,37.36
,,2016 - 2017,25.25
,,2017 - 2018,25.83
,,2018 - 2019,15.39
,,2019 - 2020,10.46
,,2020 - 2021,11.69
,,2021 - 2022,12.6
,,2022 - 2023,15.81
,Bidar,2000 - 2001,
,,2001 - 2002,
,,2002 - 2003,
,,2003 - 2004,
,,2004 - 2005,
,,2005 - 2006,12.71
,,2006 - 2007,12.71
,,2007 - 2008,20.52
,,2008 - 2009,31.86
,,2009 - 2010,31.49
,,2010 - 2011,3.62
,,2011 - 2012,3.18
,,2012 - 2013,31.86
,,2013 - 2014,16.37
,,2014 - 2015,15.83
,,2015 - 2016,16.06
,,2016 - 2017,18.24
,,2017 - 2018,25.83
,,2018 - 2019,15.39
,,2019 - 2020,13.9
,,2020 - 2021,13.95
,,2021 - 2022,14.0
,,2022 - 2023,11.5
,Bijapur,2018 - 2019,15.38
,,2019 - 2020,10.46
,,2020 - 2021,11.69
,,2021 - 2022,12.47
,,2022 - 2023,2.46
,Chamarajanagar,2005 - 2006,13.0
,,2006 - 2007,13.0
,,2007 - 2008,21.0
,,2008 - 2009,31.86
,,2009 - 2010,31.5
,,2010 - 2011,3.62
,,2011 - 2012,3.18
,,2012 - 2013,31.86
,,2013 - 2014,27.63
,,2014 - 2015,29.06
,,2015 - 2016,37.33
,,2016 - 2017,25.28
,,2017 - 2018,25.83
,,2018 - 2019,15.39
,,2019 - 2020,10.46
,,2020 - 2021,11.69
,,2021 - 2022,12.56
,,2022 - 2023,10.0
,Chikballapur,2010 - 2011,3.61
,,2011 - 2012,3.18
,,2012 - 2013,31.87
,,2013 - 2014,27.62
,,2014 - 2015,29.0
,,2015 - 2016,37.35
,,2016 - 2017,25.3
,,2017 - 2018,25.84
,,2018 - 2019,15.39
,,2019 - 2020,10.46
,,2020 - 2021,11.69
,,2021 - 2022,12.58
,,2022 - 2023,9.53
,Chikmagalur,2000 - 2001,
,,2001 - 2002,
,,2002 - 2003,
,,2003 - 2004,
,,2004 - 2005,
,,2005 - 2006,12.23
,,2006 - 2007,12.23
,,2007 - 2008,20.52
,,2008 - 2009,31.86
,,2009 - 2010,31.49
,,2010 - 2011,3.43
,,2011 - 2012,3.03
,,2012 - 2013,30.31
,,2013 - 2014,31.87
,,2014 - 2015,29.05
,,2015 - 2016,37.33
,,2016 - 2017,25.28
,,2017 - 2018,24.95
,,2018 - 2019,16.39
,,2019 - 2020,10.62
,,2020 - 2021,11.69
,,2021 - 2022,9.91
,,2022 - 2023,10.89
,Chitradurga,2000 - 2001,
,,2016 - 2017,25.5
,,2017 - 2018,26.0
,,2018 - 2019,15.39
,,2019 - 2020,10.46
,,2020 - 2021,11.69
,,2021 - 2022,12.66
,,2022 - 2023,9.08
,Dakshin kannad,2000 - 2001,
,,2001 - 2002,
,,2002 - 2003,
,,2003 - 2004,
,,2004 - 2005,
,,2005 - 2006,11.77
,,2006 - 2007,11.77
,,2007 - 2008,20.52
,,2008 - 2009,31.86
,,2009 - 2010,31.49
,,2010 - 2011,3.62
,,2011 - 2012,3.18
,,2012 - 2013,31.86
,,2013 - 2014,34.07
,,2014 - 2015,29.05
,,2015 - 2016,37.33
,,2016 - 2017,25.28
,,2017 - 2018,25.83
,,2018 - 2019,15.4
,,2020 - 2021,11.7
,,2021 - 2022,12.3
,Davangere,2001 - 2002,
,,2002 - 2003,
,,2003 - 2004,
,,2004 - 2005,
,,2005 - 2006,13.11
,,2006 - 2007,13.25
,,2007 - 2008,20.5
,,2008 - 2009,32.0
,,2009 - 2010,31.0
,,2010 - 2011,3.62
,,2011 - 2012,3.18
,,2013 - 2014,27.75
,,2014 - 2015,29.0
,,2015 - 2016,37.34
,,2016 - 2017,25.29
,,2017 - 2018,25.83
,,2018 - 2019,15.39
,,2019 - 2020,10.46
,,2020 - 2021,11.69
,,2021 - 2022,12.57
,,2022 - 2023,12.76
,Dharwad,2014 - 2015,29.0
,,2015 - 2016,37.0
,,2018 - 2019,15.38
,,2019 - 2020,10.47
,,2020 - 2021,11.69
,,2021 - 2022,12.6
,,2022 - 2023,8.75
,Gadag,2001 - 2002,
,,2004 - 2005,
,,2014 - 2015,29.0
,,2015 - 2016,37.5
,,2016 - 2017,25.5
,,2018 - 2019,15.4
,,2019 - 2020,10.46
,,2020 - 2021,11.69
,,2021 - 2022,12.31
,,2022 - 2023,6.86
,Gulbarga,2000 - 2001,
,,2001 - 2002,
,,2002 - 2003,
,,2003 - 2004,
,,2004 - 2005,
,,2005 - 2006,13.0
,,2006 - 2007,13.0
,,2007 - 2008,20.6
,,2008 - 2009,31.89
,,2009 - 2010,31.5
,,2010 - 2011,3.62
,,2011 - 2012,3.18
,,2012 - 2013,32.0
,,2017 - 2018,25.83
,,2018 - 2019,15.39
,,2019 - 2020,10.46
,,2020 - 2021,11.69
,,2021 - 2022,12.54
,,2022 - 2023,11.95
,Hassan,2000 - 2001,
,,2001 - 2002,
,,2002 - 2003,
,,2003 - 2004,
,,2004 - 2005,
,,2005 - 2006,13.03
,,2006 - 2007,13.03
,,2007 - 2008,22.81
,,2008 - 2009,33.55
,,2009 - 2010,31.49
,,2010 - 2011,3.51
,,2011 - 2012,3.18
,,2012 - 2013,31.86
,,2013 - 2014,33.84
,,2014 - 2015,32.47
,,2015 - 2016,38.36
,,2016 - 2017,25.44
,,2017 - 2018,28.93
,,2018 - 2019,16.83
,,2019 - 2020,9.19
,,2020 - 2021,13.29
,,2021 - 2022,13.56
,,2022 - 2023,10.19
,Haveri,2000 - 2001,
,,2001 - 2002,
,,2002 - 2003,
,,2003 - 2004,
,,2004 - 2005,
,,2005 - 2006,13.19
,,2006 - 2007,13.19
,,2007 - 2008,12.0
,,2008 - 2009,31.85
,,2009 - 2010,31.49
,,2010 - 2011,3.62
,,2011 - 2012,3.18
,,2012 - 2013,31.86
,,2013 - 2014,27.64
,,2014 - 2015,29.05
,,2015 - 2016,37.33
,,2016 - 2017,25.28
,,2017 - 2018,20.59
,,2018 - 2019,18.27
,,2019 - 2020,13.17
,,2020 - 2021,13.81
,,2021 - 2022,15.19
,,2022 - 2023,11.0
,Kodagu,2000 - 2001,
,,2001 - 2002,
,,2002 - 2003,
,,2003 - 2004,
,,2004 - 2005,
,,2005 - 2006,12.94
,,2006 - 2007,12.94
,,2007 - 2008,20.52
,,2008 - 2009,29.33
,,2009 - 2010,38.02
,,2010 - 2011,6.64
,,2011 - 2012,2.93
,,2012 - 2013,29.26
,,2013 - 2014,27.64
,,2014 - 2015,39.07
,,2015 - 2016,33.2
,,2016 - 2017,33.16
,,2017 - 2018,29.49
,,2018 - 2019,6.96
,,2019 - 2020,10.46
,,2020 - 2021,10.44
,,2021 - 2022,10.98
,,2022 - 2023,11.42
,Kolar,2018 - 2019,15.39
,,2019 - 2020,10.46
,,2020 - 2021,11.69
,,2021 - 2022,12.47
,,2022 - 2023,14.36
,Koppal,2015 - 2016,37.33
,,2018 - 2019,15.4
,,2019 - 2020,10.45
,,2020 - 2021,11.69
,,2021 - 2022,12.3
,,2022 - 2023,9.87
,Mandya,2000 - 2001,
,,2001 - 2002,
,,2002 - 2003,
,,2003 - 2004,
,,2004 - 2005,
,,2005 - 2006,13.13
,,2006 - 2007,13.16
,,2007 - 2008,20.52
,,2008 - 2009,31.86
,,2009 - 2010,31.48
,,2010 - 2011,3.62
,,2011 - 2012,3.18
,,2012 - 2013,31.85
,,2013 - 2014,27.63
,,2014 - 2015,29.04
,,2015 - 2016,37.34
,,2016 - 2017,25.29
,,2017 - 2018,25.83
,,2018 - 2019,15.39
,,2019 - 2020,10.46
,,2020 - 2021,11.69
,,2021 - 2022,11.44
,,2022 - 2023,10.0
,Mysore,2000 - 2001,
,,2001 - 2002,
,,2002 - 2003,
,,2003 - 2004,
,,2004 - 2005,
,,2005 - 2006,13.06
,,2006 - 2007,13.06
,,2007 - 2008,20.52
,,2008 - 2009,38.42
,,2009 - 2010,36.37
,,2010 - 2011,3.17
,,2011 - 2012,3.15
,,2012 - 2013,31.48
,,2013 - 2014,32.24
,,2014 - 2015,31.9
,,2015 - 2016,39.49
,,2016 - 2017,38.41
,,2017 - 2018,28.69
,,2018 - 2019,13.25
,,2019 - 2020,10.74
,,2020 - 2021,9.76
,,2021 - 2022,11.33
,,2022 - 2023,11.0
,Raichur,2000 - 2001,
,,2001 - 2002,
,,2018 - 2019,15.4
,,2019 - 2020,10.47
,,2020 - 2021,11.7
,,2021 - 2022,12.3
,Ramanagara,2007 - 2008,20.5
,,2008 - 2009,31.75
,,2009 - 2010,31.5
,,2011 - 2012,3.18
,,2012 - 2013,31.86
,,2013 - 2014,27.5
,,2014 - 2015,29.0
,,2015 - 2016,37.35
,,2016 - 2017,25.29
,,2017 - 2018,25.82
,,2018 - 2019,15.39
,,2019 - 2020,10.46
,,2020 - 2021,11.69
,,2021 - 2022,12.59
,,2022 - 2023,8.53
,Shimoga,2000 - 2001,
,,2001 - 2002,
,,2002 - 2003,
,,2003 - 2004,
,,2004 - 2005,
,,2005 - 2006,14.16
,,2006 - 2007,14.16
,,2007 - 2008,15.57
,,2008 - 2009,26.02
,,2009 - 2010,25.49
,,2010 - 2011,3.23
,,2011 - 2012,3.28
,,2012 - 2013,32.76
,,2013 - 2014,19.6
,,2014 - 2015,18.89
,,2015 - 2016,37.55
,,2016 - 2017,18.38
,,2017 - 2018,20.12
,,2018 - 2019,15.12
,,2019 - 2020,9.23
,,2020 - 2021,11.35
,,2021 - 2022,11.98
,,2022 - 2023,9.99
,Tumkur,2000 - 2001,
,,2001 - 2002,
,,2002 - 2003,
,,2003 - 2004,
,,2004 - 2005,
,,2005 - 2006,13.5
,,2006 - 2007,13.5
,,2007 - 2008,20.5
,,2008 - 2009,32.0
,,2009 - 2010,31.0
,,2010 - 2011,3.63
,,2011 - 2012,3.18
,,2012 - 2013,31.87
,,2013 - 2014,27.63
,,2014 - 2015,29.04
,,2015 - 2016,37.36
,,2016 - 2017,25.29
,,2017 - 2018,25.82
,,2018 - 2019,15.39
,,2019 - 2020,10.46
,,2020 - 2021,11.69
,,2021 - 2022,12.57
,,2022 - 2023,9.81
,Udupi,2000 - 2001,
,,2001 - 2002,
,,2002 - 2003,
,,2003 - 2004,
,,2004 - 2005,
,,2005 - 2006,11.78
,,2006 - 2007,11.77
,,2007 - 2008,20.52
,,2008 - 2009,31.86
,,2009 - 2010,31.49
,,2010 - 2011,3.62
,,2011 - 2012,3.18
,,2012 - 2013,31.86
,,2013 - 2014,27.64
,,2014 - 2015,29.04
,,2015 - 2016,37.33
,,2016 - 2017,25.28
,,2017 - 2018,25.83
,,2018 - 2019,15.4
,,2019 - 2020,10.5
,,2020 - 2021,11.7
,,2021 - 2022,12.3
,Uttar kannad,2000 - 2001,
,,2001 - 2002,
,,2002 - 2003,
,,2003 - 2004,
,,2004 - 2005,
,,2005 - 2006,12.73
,,2006 - 2007,12.73
,,2007 - 2008,20.52
,,2008 - 2009,31.86
,,2009 - 2010,31.49
,,2010 - 2011,3.62
,,2011 - 2012,3.18
,,2012 - 2013,31.86
,,2013 - 2014,18.98
,,2014 - 2015,29.05
,,2015 - 2016,37.33
,,2016 - 2017,25.29
,,2017 - 2018,25.83
,,2018 - 2019,15.39
,,2019 - 2020,10.46
,,2020 - 2021,11.69
,,2021 - 2022,11.69
,,2022 - 2023,31.89
,Vijayanagar,2022 - 2023,8.54
,Yadgir,2019 - 2020,10.47
,,2020 - 2021,11.69
,,2021 - 2022,12.31
,,2022 - 2023,14.48
Kerala,Alappuzha,2000 - 2001,2.19
,,2001 - 2002,1.71
,,2002 - 2003,1.76
,,2003 - 2004,1.69
,,2004 - 2005,1.98
,,2005 - 2006,2.15
,,2006 - 2007,2.47
,,2007 - 2008,1.83
,,2008 - 2009,2.51
,,2009 - 2010,2.75
,,2010 - 2011,3.02
,,2011 - 2012,3.19
,,2012 - 2013,2.93
,,2013 - 2014,3.44
,,2014 - 2015,3.39
,,2015 - 2016,3.58
,,2016 - 2017,3.28
,,2017 - 2018,3.8
,,2018 - 2019,2.39
,,2019 - 2020,3.77
,,2020 - 2021,3.16
,,2021 - 2022,3.17
,,2022 - 2023,4.17
,Ernakulam,2000 - 2001,3.01
,,2001 - 2002,3.03
,,2002 - 2003,2.76
,,2003 - 2004,2.58
,,2004 - 2005,2.71
,,2005 - 2006,3.17
,,2006 - 2007,3.34
,,2007 - 2008,2.76
,,2008 - 2009,2.83
,,2009 - 2010,2.95
,,2010 - 2011,3.26
,,2011 - 2012,3.44
,,2012 - 2013,2.96
,,2013 - 2014,3.01
,,2014 - 2015,3.15
,,2015 - 2016,2.89
,,2016 - 2017,2.75
,,2017 - 2018,2.82
,,2018 - 2019,2.63
,,2019 - 2020,2.57
,,2020 - 2021,3.04
,,2021 - 2022,2.72
,,2022 - 2023,2.66
,Idukki,2000 - 2001,4.04
,,2001 - 2002,3.56
,,2002 - 2003,3.49
,,2003 - 2004,4.02
,,2004 - 2005,3.63
,,2005 - 2006,3.45
,,2006 - 2007,3.19
,,2007 - 2008,3.18
,,2008 - 2009,3.39
,,2009 - 2010,3.35
,,2010 - 2011,3.87
,,2011 - 2012,5.07
,,2012 - 2013,5.83
,,2013 - 2014,5.74
,,2014 - 2015,5.9
,,2015 - 2016,5.46
,,2016 - 2017,4.88
,,2017 - 2018,5.34
,,2018 - 2019,4.84
,,2019 - 2020,5.63
,,2020 - 2021,5.95
,,2021 - 2022,5.22
,,2022 - 2023,5.16
,Kannur,2000 - 2001,3.58
,,2001 - 2002,3.44
,,2002 - 2003,3.54
,,2003 - 2004,3.12
,,2004 - 2005,3.55
,,2005 - 2006,3.67
,,2006 - 2007,4.36
,,2007 - 2008,4.14
,,2008 - 2009,4.93
,,2009 - 2010,4.05
,,2010 - 2011,5.05
,,2011 - 2012,4.71
,,2012 - 2013,4.38
,,2013 - 2014,4.23
,,2014 - 2015,4.51
,,2015 - 2016,3.91
,,2016 - 2017,3.47
,,2017 - 2018,4.79
,,2018 - 2019,3.93
,,2019 - 2020,4.37
,,2020 - 2021,5.4
,,2021 - 2022,4.95
,,2022 - 2023,4.34
,Kasaragod,2000 - 2001,3.19
,,2001 - 2002,3.74
,,2002 - 2003,3.71
,,2003 - 2004,3.65
,,2004 - 2005,3.27
,,2005 - 2006,3.48
,,2006 - 2007,4.43
,,2007 - 2008,3.62
,,2008 - 2009,3.53
,,2009 - 2010,3.5
,,2010 - 2011,3.0
,,2011 - 2012,3.31
,,2012 - 2013,2.8
,,2013 - 2014,2.17
,,2014 - 2015,4.13
,,2015 - 2016,3.76
,,2016 - 2017,2.77
,,2017 - 2018,4.06
,,2018 - 2019,3.8
,,2019 - 2020,4.0
,,2020 - 2021,4.4
,,2021 - 2022,4.41
,,2022 - 2023,4.12
,Kollam,2000 - 2001,2.44
,,2001 - 2002,2.41
,,2002 - 2003,2.69
,,2003 - 2004,2.83
,,2004 - 2005,2.55
,,2005 - 2006,2.96
,,2006 - 2007,2.88
,,2007 - 2008,2.55
,,2008 - 2009,2.38
,,2009 - 2010,2.3
,,2010 - 2011,2.27
,,2011 - 2012,2.23
,,2012 - 2013,2.28
,,2013 - 2014,2.19
,,2014 - 2015,2.45
,,2015 - 2016,2.34
,,2016 - 2017,2.06
,,2017 - 2018,2.27
,,2018 - 2019,2.61
,,2019 - 2020,2.61
,,2020 - 2021,2.91
,,2021 - 2022,2.76
,,2022 - 2023,2.7
,Kottayam,2000 - 2001,2.34
,,2001 - 2002,2.91
,,2002 - 2003,2.93
,,2003 - 2004,3.05
,,2004 - 2005,3.01
,,2005 - 2006,3.43
,,2006 - 2007,2.8
,,2007 - 2008,2.88
,,2008 - 2009,2.74
,,2009 - 2010,3.05
,,2010 - 2011,2.74
,,2011 - 2012,2.61
,,2012 - 2013,2.91
,,2013 - 2014,2.97
,,2014 - 2015,3.34
,,2015 - 2016,3.25
,,2016 - 2017,3.13
,,2017 - 2018,3.26
,,2018 - 2019,3.28
,,2019 - 2020,3.25
,,2020 - 2021,4.1
,,2021 - 2022,4.45
,,2022 - 2023,4.24
,Kozhikode,2000 - 2001,2.99
,,2001 - 2002,3.46
,,2002 - 2003,2.76
,,2003 - 2004,3.04
,,2004 - 2005,2.97
,,2005 - 2006,3.05
,,2006 - 2007,3.35
,,2007 - 2008,2.95
,,2008 - 2009,3.0
,,2009 - 2010,3.86
,,2010 - 2011,3.26
,,2011 - 2012,3.14
,,2012 - 2013,2.92
,,2013 - 2014,3.35
,,2014 - 2015,3.56
,,2015 - 2016,3.24
,,2016 - 2017,2.31
,,2017 - 2018,3.74
,,2018 - 2019,3.26
,,2019 - 2020,3.24
,,2020 - 2021,5.19
,,2021 - 2022,3.87
,,2022 - 2023,3.09
,Malappuram,2000 - 2001,2.14
,,2001 - 2002,2.01
,,2002 - 2003,2.34
,,2003 - 2004,2.5
,,2004 - 2005,2.12
,,2005 - 2006,1.92
,,2006 - 2007,1.91
,,2007 - 2008,1.99
,,2008 - 2009,2.09
,,2009 - 2010,2.27
,,2010 - 2011,2.04
,,2011 - 2012,2.04
,,2012 - 2013,1.83
,,2013 - 2014,2.18
,,2014 - 2015,2.23
,,2015 - 2016,2.2
,,2016 - 2017,2.3
,,2017 - 2018,2.8
,,2018 - 2019,2.29
,,2019 - 2020,2.54
,,2020 - 2021,2.61
,,2021 - 2022,4.36
,,2022 - 2023,2.97
,Palakkad,2000 - 2001,3.9
,,2001 - 2002,4.46
,,2002 - 2003,3.7
,,2003 - 2004,2.14
,,2004 - 2005,3.42
,,2005 - 2006,4.66
,,2006 - 2007,4.91
,,2007 - 2008,4.63
,,2008 - 2009,4.3
,,2009 - 2010,4.65
,,2010 - 2011,5.48
,,2011 - 2012,5.19
,,2012 - 2013,4.49
,,2013 - 2014,4.88
,,2014 - 2015,4.52
,,2015 - 2016,5.0
,,2016 - 2017,4.25
,,2017 - 2018,4.39
,,2018 - 2019,3.84
,,2019 - 2020,4.43
,,2020 - 2021,4.69
,,2021 - 2022,4.88
,,2022 - 2023,3.92
,Pathanamthitta,2000 - 2001,3.02
,,2001 - 2002,2.8
,,2002 - 2003,2.48
,,2003 - 2004,2.45
,,2004 - 2005,2.58
,,2005 - 2006,3.02
,,2006 - 2007,2.98
,,2007 - 2008,3.26
,,2008 - 2009,2.79
,,2009 - 2010,2.82
,,2010 - 2011,3.05
,,2011 - 2012,3.22
,,2012 - 2013,2.77
,,2013 - 2014,3.02
,,2014 - 2015,3.61
,,2015 - 2016,3.14
,,2016 - 2017,3.13
,,2017 - 2018,4.54
,,2018 - 2019,4.11
,,2019 - 2020,4.92
,,2020 - 2021,4.51
,,2021 - 2022,4.66
,,2022 - 2023,4.16
,Thiruvananthapuram,2000 - 2001,3.03
,,2001 - 2002,3.64
,,2002 - 2003,2.66
,,2003 - 2004,3.12
,,2004 - 2005,2.97
,,2005 - 2006,2.35
,,2006 - 2007,2.78
,,2007 - 2008,2.64
,,2008 - 2009,3.06
,,2009 - 2010,2.49
,,2010 - 2011,2.58
,,2011 - 2012,2.42
,,2012 - 2013,2.3
,,2013 - 2014,2.12
,,2014 - 2015,2.71
,,2015 - 2016,3.64
,,2016 - 2017,2.93
,,2017 - 2018,3.07
,,2018 - 2019,2.97
,,2019 - 2020,2.87
,,2020 - 2021,3.75
,,2021 - 2022,3.21
,,2022 - 2023,3.54
,Thrissur,2000 - 2001,1.53
,,2001 - 2002,2.87
,,2002 - 2003,2.1
,,2003 - 2004,1.21
,,2004 - 2005,1.91
,,2005 - 2006,2.97
,,2006 - 2007,1.99
,,2007 - 2008,2.11
,,2008 - 2009,2.1
,,2009 - 2010,2.05
,,2010 - 2011,2.59
,,2011 - 2012,2.54
,,2012 - 2013,2.46
,,2013 - 2014,2.67
,,2014 - 2015,2.44
,,2015 - 2016,2.59
,,2016 - 2017,2.65
,,2017 - 2018,3.02
,,2018 - 2019,2.77
,,2019 - 2020,2.58
,,2020 - 2021,2.77
,,2021 - 2022,2.73
,,2022 - 2023,2.73
,Wayanad,2000 - 2001,4.0
,,2001 - 2002,4.31
,,2002 - 2003,4.4
,,2003 - 2004,4.84
,,2004 - 2005,5.65
,,2005 - 2006,5.34
,,2006 - 2007,3.96
,,2007 - 2008,3.7
,,2008 - 2009,4.73
,,2009 - 2010,7.54
,,2010 - 2011,7.26
,,2011 - 2012,6.78
,,2012 - 2013,6.26
,,2013 - 2014,5.53
,,2014 - 2015,5.71
,,2015 - 2016,4.69
,,2016 - 2017,4.34
,,2017 - 2018,4.64
,,2018 - 2019,5.77
,,2019 - 2020,4.32
,,2020 - 2021,4.56
,,2021 - 2022,4.66
,,2022 - 2023,4.58
Madhya Pradesh,Agar malwa,2013 - 2014,1.0
,,2015 - 2016,19.76
,,2016 - 2017,19.76
,,2017 - 2018,19.76
,,2018 - 2019,19.76
,,2019 - 2020,19.76
,Alirajpur,2009 - 2010,1.22
,,2010 - 2011,1.38
,,2011 - 2012,1.0
,,2012 - 2013,1.38
,,2013 - 2014,2.3
,,2015 - 2016,25.0
,,2016 - 2017,26.5
,,2017 - 2018,26.5
,,2018 - 2019,26.5
,,2019 - 2020,19.52
,Anuppur,2003 - 2004,
,,2004 - 2005,
,,2006 - 2007,
,,2009 - 2010,0.82
,,2010 - 2011,0.66
,,2011 - 2012,1.08
,,2012 - 2013,1.75
,,2013 - 2014,1.75
,,2015 - 2016,16.0
,,2016 - 2017,17.0
,,2017 - 2018,17.0
,,2018 - 2019,17.2
,,2019 - 2020,18.0
,Ashoknagar,2003 - 2004,
,,2006 - 2007,
,,2009 - 2010,1.05
,,2010 - 2011,0.78
,,2011 - 2012,0.86
,,2012 - 2013,1.67
,,2013 - 2014,1.5
,,2015 - 2016,15.0
,,2016 - 2017,15.0
,,2017 - 2018,15.0
,,2018 - 2019,15.1
,,2019 - 2020,15.1
,Balaghat,2000 - 2001,
,,2001 - 2002,
,,2002 - 2003,
,,2003 - 2004,
,,2004 - 2005,
,,2006 - 2007,
,,2009 - 2010,2.02
,,2010 - 2011,2.02
,,2011 - 2012,1.76
,,2012 - 2013,1.76
,,2013 - 2014,1.89
,,2015 - 2016,15.81
,,2016 - 2017,15.16
,,2017 - 2018,17.14
,,2018 - 2019,17.21
,,2019 - 2020,17.29
,Barwani,2000 - 2001,
,,2001 - 2002,
,,2002 - 2003,
,,2003 - 2004,
,,2004 - 2005,
,,2006 - 2007,
,,2009 - 2010,0.6
,,2010 - 2011,0.65
,,2011 - 2012,0.48
,,2012 - 2013,1.84
,,2013 - 2014,1.78
,,2015 - 2016,10.0
,,2016 - 2017,15.0
,,2017 - 2018,15.0
,,2018 - 2019,15.0
,,2019 - 2020,15.0
,Betul,2000 - 2001,
,,2001 - 2002,
,,2010 - 2011,1.6
,,2011 - 2012,1.07
,,2012 - 2013,1.34
,,2013 - 2014,1.93
,,2015 - 2016,9.5
,,2016 - 2017,9.5
,,2017 - 2018,9.51
,,2018 - 2019,9.48
,,2019 - 2020,9.36
,Bhind,2002 - 2003,
,,2003 - 2004,
,Bhopal,2000 - 2001,
,,2001 - 2002,
,,2002 - 2003,
,,2003 - 2004,
,,2004 - 2005,
,,2006 - 2007,
,,2009 - 2010,1.0
,,2010 - 2011,1.13
,,2011 - 2012,1.0
,,2012 - 2013,1.43
,,2013 - 2014,1.4
,,2015 - 2016,5.29
,,2016 - 2017,5.43
,,2017 - 2018,20.0
,,2018 - 2019,20.0
,,2019 - 2020,19.69
,Burhanpur,2003 - 2004,
,,2004 - 2005,
,,2006 - 2007,
,,2009 - 2010,1.3
,,2010 - 2011,0.93
,,2011 - 2012,1.0
,,2012 - 2013,1.09
,,2013 - 2014,1.04
,,2015 - 2016,23.32
,,2016 - 2017,23.35
,,2017 - 2018,23.35
,,2018 - 2019,23.35
,,2019 - 2020,19.74
,Chhatarpur,2000 - 2001,
,,2001 - 2002,
,,2002 - 2003,
,,2003 - 2004,
,,2004 - 2005,
,,2006 - 2007,
,,2009 - 2010,0.61
,,2010 - 2011,0.58
,,2011 - 2012,0.37
,,2012 - 2013,0.68
,,2013 - 2014,0.84
,,2015 - 2016,14.0
,,2016 - 2017,14.0
,,2017 - 2018,13.56
,,2018 - 2019,13.42
,,2019 - 2020,13.41
,Chhindwara,2000 - 2001,
,,2001 - 2002,
,,2002 - 2003,
,,2003 - 2004,
,,2004 - 2005,
,,2006 - 2007,
,,2009 - 2010,1.72
,,2010 - 2011,1.72
,,2011 - 2012,1.77
,,2012 - 2013,2.65
,,2013 - 2014,2.65
,,2015 - 2016,20.0
,,2016 - 2017,20.0
,,2017 - 2018,20.0
,,2018 - 2019,20.0
,,2019 - 2020,19.74
,Damoh,2000 - 2001,
,,2001 - 2002,
,,2002 - 2003,
,,2003 - 2004,
,,2004 - 2005,
,,2006 - 2007,
,,2009 - 2010,1.45
,,2010 - 2011,1.5
,,2011 - 2012,1.17
,,2012 - 2013,1.61
,,2013 - 2014,1.94
,,2015 - 2016,15.0
,,2016 - 2017,15.0
,,2017 - 2018,15.0
,,2018 - 2019,15.25
,,2019 - 2020,15.0
,Datia,2000 - 2001,
,,2001 - 2002,
,,2002 - 2003,
,,2003 - 2004,
,,2004 - 2005,
,,2006 - 2007,
,,2009 - 2010,0.73
,,2010 - 2011,0.56
,,2011 - 2012,0.56
,,2013 - 2014,0.88
,,2015 - 2016,15.0
,,2016 - 2017,15.0
,,2017 - 2018,15.0
,,2018 - 2019,15.0
,,2019 - 2020,15.0
,Dewas,2000 - 2001,
,,2001 - 2002,
,,2002 - 2003,
,,2003 - 2004,
,,2004 - 2005,
,,2006 - 2007,
,,2009 - 2010,0.95
,,2010 - 2011,1.09
,,2011 - 2012,0.87
,,2012 - 2013,0.91
,,2013 - 2014,0.85
,,2015 - 2016,21.1
,,2016 - 2017,21.1
,,2017 - 2018,21.16
,,2018 - 2019,21.18
,,2019 - 2020,21.18
,Dhar,2000 - 2001,
,,2001 - 2002,
,,2002 - 2003,
,,2003 - 2004,
,,2004 - 2005,
,,2006 - 2007,
,,2009 - 2010,1.46
,,2010 - 2011,1.46
,,2011 - 2012,1.22
,,2012 - 2013,1.53
,,2013 - 2014,3.69
,,2015 - 2016,12.0
,,2016 - 2017,19.03
,,2017 - 2018,23.5
,,2018 - 2019,23.3
,,2019 - 2020,18.91
,Dindori,2015 - 2016,0.1
,,2016 - 2017,12.0
,,2017 - 2018,12.0
,,2018 - 2019,12.0
,,2019 - 2020,12.0
,Guna,2000 - 2001,
,,2001 - 2002,
,,2002 - 2003,
,,2003 - 2004,
,,2004 - 2005,
,,2006 - 2007,
,,2009 - 2010,1.06
,,2010 - 2011,1.0
,,2011 - 2012,0.82
,,2012 - 2013,1.04
,,2013 - 2014,1.19
,,2015 - 2016,15.0
,,2016 - 2017,15.0
,,2017 - 2018,15.0
,,2018 - 2019,15.0
,,2019 - 2020,15.0
,Gwalior,2002 - 2003,
,,2015 - 2016,25.0
,,2016 - 2017,25.0
,,2017 - 2018,25.0
,,2018 - 2019,25.0
,,2019 - 2020,25.0
,Harda,2000 - 2001,
,,2001 - 2002,
,,2002 - 2003,
,,2003 - 2004,
,,2004 - 2005,
,,2006 - 2007,
,,2009 - 2010,1.44
,,2010 - 2011,1.06
,,2011 - 2012,1.1
,,2012 - 2013,1.37
,,2013 - 2014,1.64
,,2015 - 2016,11.7
,,2016 - 2017,11.8
,,2017 - 2018,11.81
,,2018 - 2019,11.81
,,2019 - 2020,11.81
,Hoshangabad,2000 - 2001,
,,2001 - 2002,
,,2002 - 2003,
,,2003 - 2004,
,,2004 - 2005,
,,2006 - 2007,
,,2009 - 2010,1.29
,,2010 - 2011,1.37
,,2011 - 2012,1.11
,,2012 - 2013,1.39
,,2013 - 2014,1.63
,,2015 - 2016,16.0
,,2016 - 2017,15.5
,,2017 - 2018,15.5
,,2018 - 2019,14.91
,,2019 - 2020,14.91
,Indore,2000 - 2001,
,,2001 - 2002,
,,2002 - 2003,
,,2003 - 2004,
,,2004 - 2005,
,,2006 - 2007,
,,2009 - 2010,1.85
,,2010 - 2011,1.91
,,2011 - 2012,1.44
,,2012 - 2013,1.5
,,2013 - 2014,2.18
,,2015 - 2016,20.0
,,2016 - 2017,25.0
,,2017 - 2018,20.0
,,2018 - 2019,20.0
,,2019 - 2020,20.0
,Jabalpur,2000 - 2001,
,,2001 - 2002,
,,2002 - 2003,
,,2003 - 2004,
,,2004 - 2005,
,,2006 - 2007,
,,2009 - 2010,1.55
,,2010 - 2011,1.6
,,2011 - 2012,1.55
,,2012 - 2013,1.69
,,2013 - 2014,1.69
,,2015 - 2016,15.0
,,2016 - 2017,15.0
,,2017 - 2018,15.01
,,2018 - 2019,14.0
,,2019 - 2020,15.01
,Jhabua,2000 - 2001,
,,2001 - 2002,
,,2002 - 2003,
,,2003 - 2004,
,,2004 - 2005,
,,2006 - 2007,
,,2009 - 2010,1.24
,,2010 - 2011,1.26
,,2011 - 2012,0.94
,,2012 - 2013,1.65
,,2013 - 2014,2.34
,,2015 - 2016,20.0
,,2016 - 2017,12.0
,,2017 - 2018,12.0
,,2018 - 2019,12.0
,,2019 - 2020,12.0
,Katni,2000 - 2001,
,,2001 - 2002,
,,2002 - 2003,
,,2003 - 2004,
,,2004 - 2005,
,,2006 - 2007,
,,2009 - 2010,0.92
,,2010 - 2011,0.83
,,2011 - 2012,0.66
,,2012 - 2013,1.33
,,2013 - 2014,2.23
,,2015 - 2016,12.83
,,2016 - 2017,13.64
,,2017 - 2018,15.8
,,2018 - 2019,15.8
,,2019 - 2020,15.8
,Khandwa,2000 - 2001,
,,2001 - 2002,
,,2002 - 2003,
,,2003 - 2004,
,,2004 - 2005,
,,2006 - 2007,
,,2009 - 2010,1.25
,,2010 - 2011,1.35
,,2011 - 2012,0.88
,,2012 - 2013,1.11
,,2013 - 2014,1.06
,,2015 - 2016,25.0
,,2016 - 2017,12.43
,,2017 - 2018,12.43
,,2018 - 2019,12.4
,,2019 - 2020,12.4
,Khargone,2000 - 2001,
,,2001 - 2002,
,,2002 - 2003,
,,2003 - 2004,
,,2004 - 2005,
,,2006 - 2007,
,,2009 - 2010,1.08
,,2010 - 2011,1.05
,,2011 - 2012,0.8
,,2012 - 2013,0.82
,,2013 - 2014,0.82
,,2015 - 2016,24.2
,,2016 - 2017,24.3
,,2017 - 2018,24.29
,,2018 - 2019,24.3
,,2019 - 2020,19.52
,Mandla,2000 - 2001,
,,2001 - 2002,
,,2002 - 2003,
,,2003 - 2004,
,,2004 - 2005,
,,2006 - 2007,
,,2009 - 2010,1.35
,,2010 - 2011,1.26
,,2011 - 2012,0.85
,,2012 - 2013,1.22
,,2013 - 2014,2.17
,,2015 - 2016,15.29
,,2016 - 2017,12.73
,,2017 - 2018,12.77
,,2018 - 2019,12.79
,,2019 - 2020,12.8
,Mandsaur,2006 - 2007,
,,2012 - 2013,0.5
,,2015 - 2016,16.0
,,2016 - 2017,16.0
,,2017 - 2018,16.0
,,2018 - 2019,16.0
,,2019 - 2020,16.0
,Morena,2010 - 2011,1.0
,,2012 - 2013,0.0
,,2013 - 2014,0.83
,Narsinghpur,2000 - 2001,
,,2001 - 2002,
,,2002 - 2003,
,,2003 - 2004,
,,2004 - 2005,
,,2006 - 2007,
,,2009 - 2010,1.73
,,2010 - 2011,1.73
,,2011 - 2012,1.49
,,2012 - 2013,1.85
,,2013 - 2014,1.99
,,2015 - 2016,16.67
,,2016 - 2017,16.67
,,2017 - 2018,16.67
,,2018 - 2019,16.63
,,2019 - 2020,16.63
,Neemuch,2001 - 2002,
,,2015 - 2016,11.0
,,2016 - 2017,10.0
,,2017 - 2018,15.0
,,2018 - 2019,10.0
,,2019 - 2020,10.0
,Panna,2000 - 2001,
,,2001 - 2002,
,,2002 - 2003,
,,2003 - 2004,
,,2004 - 2005,
,,2006 - 2007,
,,2009 - 2010,0.79
,,2010 - 2011,0.76
,,2011 - 2012,0.64
,,2012 - 2013,1.26
,,2013 - 2014,1.29
,,2015 - 2016,6.59
,,2016 - 2017,6.57
,,2017 - 2018,6.56
,,2018 - 2019,7.0
,,2019 - 2020,10.33
,Raisen,2000 - 2001,
,,2001 - 2002,
,,2002 - 2003,
,,2003 - 2004,
,,2004 - 2005,
,,2006 - 2007,
,,2009 - 2010,0.75
,,2010 - 2011,0.76
,,2011 - 2012,0.55
,,2012 - 2013,0.65
,,2013 - 2014,0.82
,,2015 - 2016,12.73
,,2016 - 2017,12.4
,,2017 - 2018,12.4
,,2018 - 2019,12.4
,,2019 - 2020,12.4
,Rajgarh,2000 - 2001,
,,2001 - 2002,
,,2002 - 2003,
,,2004 - 2005,
,,2009 - 2010,1.0
,,2011 - 2012,1.0
,,2012 - 2013,1.0
,,2015 - 2016,11.0
,,2016 - 2017,11.0
,,2017 - 2018,11.0
,,2018 - 2019,11.0
,,2019 - 2020,10.98
,Ratlam,2000 - 2001,
,,2001 - 2002,
,,2002 - 2003,
,,2003 - 2004,
,,2004 - 2005,
,,2006 - 2007,
,,2009 - 2010,1.37
,,2010 - 2011,1.18
,,2011 - 2012,1.18
,,2012 - 2013,1.23
,,2013 - 2014,1.13
,,2015 - 2016,18.15
,,2016 - 2017,18.16
,,2017 - 2018,20.46
,,2018 - 2019,18.17
,,2019 - 2020,18.26
,Rewa,2000 - 2001,
,,2001 - 2002,
,,2002 - 2003,
,,2003 - 2004,
,,2004 - 2005,
,,2006 - 2007,
,,2009 - 2010,1.18
,,2010 - 2011,1.12
,,2011 - 2012,0.71
,,2012 - 2013,0.85
,,2013 - 2014,2.27
,,2015 - 2016,10.25
,,2016 - 2017,11.0
,,2017 - 2018,11.0
,,2018 - 2019,11.01
,,2019 - 2020,11.01
,Sagar,2000 - 2001,
,,2001 - 2002,
,,2002 - 2003,
,,2003 - 2004,
,,2004 - 2005,
,,2006 - 2007,
,,2009 - 2010,1.39
,,2010 - 2011,0.95
,,2011 - 2012,1.06
,,2012 - 2013,1.5
,,2013 - 2014,1.67
,,2015 - 2016,25.01
,,2016 - 2017,25.01
,,2017 - 2018,25.56
,,2018 - 2019,25.34
,,2019 - 2020,19.87
,Satna,2000 - 2001,
,,2001 - 2002,
,,2002 - 2003,
,,2003 - 2004,
,,2004 - 2005,
,,2006 - 2007,
,,2009 - 2010,0.8
,,2010 - 2011,0.72
,,2011 - 2012,0.63
,,2012 - 2013,0.6
,,2013 - 2014,0.9
,,2015 - 2016,13.92
,,2016 - 2017,13.22
,,2017 - 2018,13.3
,,2018 - 2019,12.65
,,2019 - 2020,13.54
,Sehore,2000 - 2001,
,,2001 - 2002,
,,2002 - 2003,
,,2003 - 2004,
,,2006 - 2007,
,,2009 - 2010,1.14
,,2010 - 2011,1.0
,,2011 - 2012,1.0
,,2012 - 2013,1.33
,,2013 - 2014,1.5
,,2015 - 2016,14.5
,,2016 - 2017,14.15
,,2017 - 2018,14.15
,,2018 - 2019,14.15
,,2019 - 2020,14.15
,Seoni,2000 - 2001,
,,2001 - 2002,
,,2002 - 2003,
,,2003 - 2004,
,,2004 - 2005,
,,2006 - 2007,
,,2009 - 2010,1.25
,,2010 - 2011,1.25
,,2011 - 2012,1.03
,,2012 - 2013,1.93
,,2013 - 2014,2.77
,,2015 - 2016,14.0
,,2016 - 2017,14.6
,,2017 - 2018,14.1
,,2018 - 2019,14.21
,,2019 - 2020,14.21
,Shahdol,2000 - 2001,
,,2001 - 2002,
,,2002 - 2003,
,,2003 - 2004,
,,2004 - 2005,
,,2006 - 2007,
,,2009 - 2010,1.16
,,2010 - 2011,1.4
,,2011 - 2012,0.82
,,2012 - 2013,1.6
,,2013 - 2014,2.14
,,2015 - 2016,14.5
,,2016 - 2017,16.01
,,2017 - 2018,14.75
,,2018 - 2019,14.96
,,2019 - 2020,14.97
,Shajapur,2000 - 2001,
,,2001 - 2002,
,,2003 - 2004,
,,2004 - 2005,
,,2009 - 2010,1.0
,,2010 - 2011,1.0
,,2011 - 2012,1.0
,,2012 - 2013,1.0
,,2013 - 2014,1.0
,,2015 - 2016,14.9
,,2016 - 2017,14.94
,,2017 - 2018,14.95
,,2018 - 2019,14.94
,,2019 - 2020,14.94
,Sheopur,2004 - 2005,
,Shivpuri,2000 - 2001,
,,2001 - 2002,
,,2002 - 2003,
,,2003 - 2004,
,,2004 - 2005,
,,2006 - 2007,
,,2009 - 2010,0.86
,,2010 - 2011,1.0
,,2011 - 2012,0.7
,,2012 - 2013,0.71
,,2013 - 2014,0.9
,,2015 - 2016,20.0
,,2016 - 2017,20.0
,,2017 - 2018,20.0
,,2018 - 2019,20.0
,,2019 - 2020,13.73
,Sidhi,2000 - 2001,
,,2001 - 2002,
,,2002 - 2003,
,,2003 - 2004,
,,2004 - 2005,
,,2006 - 2007,
,,2009 - 2010,0.96
,,2010 - 2011,0.88
,,2011 - 2012,0.58
,,2012 - 2013,1.11
,,2013 - 2014,1.36
,,2015 - 2016,20.0
,,2016 - 2017,20.78
,,2017 - 2018,20.0
,,2018 - 2019,20.0
,,2019 - 2020,18.98
,Singrauli,2009 - 2010,1.17
,,2010 - 2011,0.9
,,2011 - 2012,0.66
,,2012 - 2013,1.28
,,2013 - 2014,0.89
,,2015 - 2016,13.8
,,2016 - 2017,13.9
,,2017 - 2018,15.0
,,2018 - 2019,16.0
,,2019 - 2020,18.0
,Tikamgarh,2000 - 2001,
,,2001 - 2002,
,,2002 - 2003,
,,2003 - 2004,
,,2004 - 2005,
,,2006 - 2007,
,,2009 - 2010,1.25
,,2010 - 2011,1.25
,,2011 - 2012,0.95
,,2012 - 2013,1.01
,,2013 - 2014,1.14
,,2015 - 2016,12.0
,,2016 - 2017,12.3
,,2017 - 2018,12.3
,,2018 - 2019,15.0
,,2019 - 2020,15.0
,Ujjain,2000 - 2001,
,,2001 - 2002,
,,2002 - 2003,
,,2003 - 2004,
,,2004 - 2005,
,,2006 - 2007,
,,2009 - 2010,1.0
,,2010 - 2011,1.0
,,2011 - 2012,0.67
,,2013 - 2014,1.0
,,2015 - 2016,14.6
,,2016 - 2017,14.6
,,2017 - 2018,14.9
,,2018 - 2019,15.0
,,2019 - 2020,15.1
,Umaria,2000 - 2001,
,,2001 - 2002,
,,2002 - 2003,
,,2003 - 2004,
,,2004 - 2005,
,,2006 - 2007,
,,2009 - 2010,1.1
,,2010 - 2011,1.3
,,2011 - 2012,0.88
,,2012 - 2013,1.65
,,2013 - 2014,2.3
,,2015 - 2016,5.57
,,2016 - 2017,29.57
,,2017 - 2018,6.4
,,2018 - 2019,6.4
,,2019 - 2020,11.37
,Vidisha,2000 - 2001,
,,2001 - 2002,
,,2002 - 2003,
,,2003 - 2004,
,,2004 - 2005,
,,2006 - 2007,
,,2009 - 2010,0.85
,,2010 - 2011,0.85
,,2011 - 2012,0.8
,,2012 - 2013,1.17
,,2013 - 2014,1.17
,,2015 - 2016,16.2
,,2016 - 2017,19.98
,,2017 - 2018,20.11
,,2018 - 2019,20.42
,,2019 - 2020,18.53
Manipur,Bishnupur,2004 - 2005,
,,2005 - 2006,
,,2006 - 2007,
,,2007 - 2008,
,,2008 - 2009,
,,2009 - 2010,
,,2010 - 2011,
,,2011 - 2012,
,,2012 - 2013,
,,2013 - 2014,
,,2014 - 2015,
,,2015 - 2016,
,,2016 - 2017,
,,2017 - 2018,
,,2018 - 2019,
,Chandel,2000 - 2001,
,,2001 - 2002,
,,2002 - 2003,
,,2003 - 2004,
,,2004 - 2005,
,,2005 - 2006,
,,2006 - 2007,
,,2007 - 2008,
,,2008 - 2009,
,,2009 - 2010,
,,2010 - 2011,
,,2011 - 2012,
,,2012 - 2013,
,,2013 - 2014,
,,2014 - 2015,
,,2015 - 2016,
,,2016 - 2017,
,,2017 - 2018,
,,2018 - 2019,
,Churachandpur,2000 - 2001,
,,2001 - 2002,
,,2002 - 2003,
,,2003 - 2004,
,,2004 - 2005,
,,2005 - 2006,
,,2006 - 2007,
,,2007 - 2008,
,,2008 - 2009,
,,2009 - 2010,
,,2010 - 2011,
,,2011 - 2012,
,,2012 - 2013,
,,2013 - 2014,
,,2014 - 2015,
,,2015 - 2016,
,,2016 - 2017,
,,2017 - 2018,
,,2018 - 2019,
,Imphal east,2000 - 2001,
,,2003 - 2004,
,,2004 - 2005,
,,2006 - 2007,
,,2008 - 2009,
,,2009 - 2010,
,,2010 - 2011,
,,2011 - 2012,
,,2012 - 2013,
,,2013 - 2014,
,,2014 - 2015,
,,2015 - 2016,
,,2016 - 2017,
,Imphal west,2008 - 2009,
,,2009 - 2010,
,,2010 - 2011,
,,2011 - 2012,
,,2012 - 2013,
,,2013 - 2014,
,,2014 - 2015,
,,2015 - 2016,
,,2016 - 2017,
,,2017 - 2018,
,,2018 - 2019,
,Senapati,2000 - 2001,
,,2001 - 2002,
,,2002 - 2003,
,,2003 - 2004,
,,2004 - 2005,
,,2005 - 2006,
,,2006 - 2007,
,,2007 - 2008,
,,2008 - 2009,
,,2009 - 2010,
,,2010 - 2011,
,,2011 - 2012,
,,2012 - 2013,
,,2013 - 2014,
,,2014 - 2015,
,,2015 - 2016,
,,2016 - 2017,
,,2017 - 2018,
,,2018 - 2019,
,Tamenglong,2000 - 2001,
,,2001 - 2002,
,,2002 - 2003,
,,2003 - 2004,
,,2004 - 2005,
,,2005 - 2006,
,,2006 - 2007,
,,2007 - 2008,
,,2008 - 2009,
,,2009 - 2010,
,,2010 - 2011,
,,2011 - 2012,
,,2012 - 2013,
,,2013 - 2014,
,,2014 - 2015,
,,2015 - 2016,
,,2016 - 2017,
,,2017 - 2018,
,,2018 - 2019,
,Thoubal,2000 - 2001,
,,2001 - 2002,
,,2002 - 2003,
,,2003 - 2004,
,,2004 - 2005,
,,2005 - 2006,
,,2007 - 2008,
,,2008 - 2009,
,,2009 - 2010,
,,2010 - 2011,
,,2011 - 2012,
,,2012 - 2013,
,,2013 - 2014,
,,2014 - 2015,
,,2015 - 2016,
,,2016 - 2017,
,,2017 - 2018,
,,2018 - 2019,
,Ukhrul,2000 - 2001,
,,2001 - 2002,
,,2002 - 2003,
,,2003 - 2004,
,,2004 - 2005,
,,2005 - 2006,
,,2006 - 2007,
,,2007 - 2008,
,,2008 - 2009,
,,2009 - 2010,
,,2010 - 2011,
,,2011 - 2012,
,,2012 - 2013,
,,2013 - 2014,
,,2014 - 2015,
,,2015 - 2016,
,,2016 - 2017,
,,2017 - 2018,
,,2018 - 2019,
Meghalaya,East garo hills,2000 - 2001,
,,2001 - 2002,
,,2002 - 2003,
,,2003 - 2004,
,,2004 - 2005,
,,2005 - 2006,
,,2006 - 2007,
,,2008 - 2009,
,,2009 - 2010,
,,2010 - 2011,
,,2011 - 2012,
,,2012 - 2013,
,,2013 - 2014,
,,2014 - 2015,
,,2015 - 2016,
,,2016 - 2017,
,,2017 - 2018,
,,2018 - 2019,
,,2019 - 2020,
,,2020 - 2021,
,,2021 - 2022,
,,2022 - 2023,
,East jaintia hills,2000 - 2001,
,,2001 - 2002,
,,2002 - 2003,
,,2003 - 2004,
,,2004 - 2005,
,,2005 - 2006,
,,2006 - 2007,
,,2008 - 2009,
,,2009 - 2010,
,,2010 - 2011,
,,2011 - 2012,
,,2012 - 2013,
,,2013 - 2014,
,,2014 - 2015,
,,2015 - 2016,
,,2016 - 2017,
,,2017 - 2018,
,,2018 - 2019,
,,2019 - 2020,
,,2020 - 2021,
,,2021 - 2022,
,,2022 - 2023,
,East khasi hills,2000 - 2001,
,,2001 - 2002,
,,2002 - 2003,
,,2003 - 2004,
,,2004 - 2005,
,,2005 - 2006,
,,2006 - 2007,
,,2008 - 2009,
,,2009 - 2010,
,,2010 - 2011,
,,2011 - 2012,
,,2012 - 2013,
,,2013 - 2014,
,,2014 - 2015,
,,2015 - 2016,
,,2016 - 2017,
,,2017 - 2018,
,,2018 - 2019,
,,2019 - 2020,
,,2020 - 2021,
,,2021 - 2022,
,,2022 - 2023,
,North garo hills,2013 - 2014,
,,2014 - 2015,
,,2015 - 2016,
,,2016 - 2017,
,,2017 - 2018,
,,2018 - 2019,
,,2019 - 2020,
,,2020 - 2021,
,,2021 - 2022,
,,2022 - 2023,
,Ri bhoi,2000 - 2001,
,,2001 - 2002,
,,2002 - 2003,
,,2003 - 2004,
,,2004 - 2005,
,,2005 - 2006,
,,2006 - 2007,
,,2008 - 2009,
,,2009 - 2010,
,,2010 - 2011,
,,2011 - 2012,
,,2012 - 2013,
,,2013 - 2014,
,,2014 - 2015,
,,2015 - 2016,
,,2016 - 2017,
,,2017 - 2018,
,,2018 - 2019,
,,2019 - 2020,
,,2020 - 2021,
,,2021 - 2022,
,,2022 - 2023,
,South garo hills,2000 - 2001,
,,2001 - 2002,
,,2002 - 2003,
,,2003 - 2004,
,,2004 - 2005,
,,2005 - 2006,
,,2006 - 2007,
,,2008 - 2009,
,,2009 - 2010,
,,2010 - 2011,
,,2011 - 2012,
,,2012 - 2013,
,,2013 - 2014,
,,2014 - 2015,
,,2015 - 2016,
,,2016 - 2017,
,,2017 - 2018,
,,2018 - 2019,
,,2019 - 2020,
,,2020 - 2021,
,,2021 - 2022,
,,2022 - 2023,
,South west garo hills,2013 - 2014,
,,2014 - 2015,
,,2015 - 2016,
,,2016 - 2017,
,,2017 - 2018,
,,2018 - 2019,
,,2019 - 2020,
,,2020 - 2021,
,,2021 - 2022,
,,2022 - 2023,
,South west khasi hills,2013 - 2014,
,,2014 - 2015,
,,2015 - 2016,
,,2016 - 2017,
,,2017 - 2018,
,,2018 - 2019,
,,2019 - 2020,
,,2020 - 2021,
,,2021 - 2022,
,,2022 - 2023,
,West garo hills,2000 - 2001,
,,2001 - 2002,
,,2002 - 2003,
,,2003 - 2004,
,,2004 - 2005,
,,2005 - 2006,
,,2006 - 2007,
,,2008 - 2009,
,,2009 - 2010,
,,2010 - 2011,
,,2011 - 2012,
,,2012 - 2013,
,,2013 - 2014,
,,2014 - 2015,
,,2015 - 2016,
,,2016 - 2017,
,,2017 - 2018,
,,2018 - 2019,
,,2019 - 2020,
,,2020 - 2021,
,,2021 - 2022,
,,2022 - 2023,
,West jaintia hills,2013 - 2014,
,,2014 - 2015,
,,2015 - 2016,
,,2016 - 2017,
,,2017 - 2018,
,,2018 - 2019,
,,2019 - 2020,
,,2020 - 2021,
,,2021 - 2022,
,,2022 - 2023,
,West khasi hills,2000 - 2001,
,,2001 - 2002,
,,2002 - 2003,
,,2003 - 2004,
,,2004 - 2005,
,,2005 - 2006,
,,2006 - 2007,
,,2008 - 2009,
,,2009 - 2010,
,,2010 - 2011,
,,2011 - 2012,
,,2012 - 2013,
,,2013 - 2014,
,,2014 - 2015,
,,2015 - 2016,
,,2016 - 2017,
,,2017 - 2018,
,,2018 - 2019,
,,2019 - 2020,
,,2020 - 2021,
,,2021 - 2022,
,,2022 - 2023,
Nagaland,Chumoukedima,2022 - 2023,
,Dimapur,2006 - 2007,
,,2007 - 2008,
,,2008 - 2009,
,,2011 - 2012,
,,2012 - 2013,
,,2013 - 2014,
,,2014 - 2015,
,,2015 - 2016,
,,2016 - 2017,
,,2017 - 2018,
,,2018 - 2019,
,,2019 - 2020,
,,2020 - 2021,
,,2021 - 2022,
,,2022 - 2023,
,Kiphire,2008 - 2009,
,,2011 - 2012,
,,2012 - 2013,
,,2013 - 2014,
,,2014 - 2015,
,,2015 - 2016,
,,2016 - 2017,
,,2017 - 2018,
,,2018 - 2019,
,,2019 - 2020,
,,2020 - 2021,
,,2021 - 2022,
,,2022 - 2023,
,Kohima,2006 - 2007,
,,2007 - 2008,
,,2008 - 2009,
,,2011 - 2012,
,,2012 - 2013,
,,2013 - 2014,
,,2014 - 2015,
,,2015 - 2016,
,,2016 - 2017,
,,2017 - 2018,
,,2018 - 2019,
,,2019 - 2020,
,,2020 - 2021,
,,2021 - 2022,
,,2022 - 2023,
,Longleng,2008 - 2009,
,,2011 - 2012,
,,2012 - 2013,
,,2013 - 2014,
,,2014 - 2015,
,,2015 - 2016,
,,2016 - 2017,
,,2017 - 2018,
,,2018 - 2019,
,,2019 - 2020,
,,2020 - 2021,
,,2021 - 2022,
,,2022 - 2023,
,Mokokchung,2006 - 2007,
,,2007 - 2008,
,,2008 - 2009,
,,2011 - 2012,
,,2012 - 2013,
,,2013 - 2014,
,,2014 - 2015,
,,2015 - 2016,
,,2016 - 2017,
,,2017 - 2018,
,,2018 - 2019,
,,2019 - 2020,
,,2020 - 2021,
,,2021 - 2022,
,,2022 - 2023,
,Mon,2006 - 2007,
,,2007 - 2008,
,,2008 - 2009,
,,2011 - 2012,
,,2012 - 2013,
,,2013 - 2014,
,,2014 - 2015,
,,2015 - 2016,
,,2016 - 2017,
,,2017 - 2018,
,,2018 - 2019,
,,2019 - 2020,
,,2020 - 2021,
,,2021 - 2022,
,,2022 - 2023,
,Noklak,2021 - 2022,
,,2022 - 2023,
,Nuiland,2022 - 2023,
,Peren,2008 - 2009,
,,2011 - 2012,
,,2012 - 2013,
,,2013 - 2014,
,,2014 - 2015,
,,2015 - 2016,
,,2016 - 2017,
,,2017 - 2018,
,,2018 - 2019,
,,2019 - 2020,
,,2020 - 2021,
,,2021 - 2022,
,,2022 - 2023,
,Phek,2006 - 2007,
,,2007 - 2008,
,,2008 - 2009,
,,2011 - 2012,
,,2012 - 2013,
,,2013 - 2014,
,,2014 - 2015,
,,2015 - 2016,
,,2016 - 2017,
,,2017 - 2018,
,,2018 - 2019,
,,2019 - 2020,
,,2020 - 2021,
,,2021 - 2022,
,,2022 - 2023,
,Shamator,2022 - 2023,
,Tseminyu,2022 - 2023,
,Tuensang,2006 - 2007,
,,2007 - 2008,
,,2008 - 2009,
,,2011 - 2012,
,,2012 - 2013,
,,2013 - 2014,
,,2014 - 2015,
,,2015 - 2016,
,,2016 - 2017,
,,2017 - 2018,
,,2018 - 2019,
,,2019 - 2020,
,,2020 - 2021,
,,2021 - 2022,
,,2022 - 2023,
,Wokha,2006 - 2007,
,,2007 - 2008,
,,2008 - 2009,
,,2011 - 2012,
,,2012 - 2013,
,,2013 - 2014,
,,2014 - 2015,
,,2015 - 2016,
,,2016 - 2017,
,,2017 - 2018,
,,2018 - 2019,
,,2019 - 2020,
,,2020 - 2021,
,,2021 - 2022,
,,2022 - 2023,
,Zunheboto,2006 - 2007,
,,2007 - 2008,
,,2008 - 2009,
,,2011 - 2012,
,,2012 - 2013,
,,2013 - 2014,
,,2014 - 2015,
,,2015 - 2016,
,,2016 - 2017,
,,2017 - 2018,
,,2018 - 2019,
,,2019 - 2020,
,,2020 - 2021,
,,2021 - 2022,
,,2022 - 2023,
Odisha,Anugul,2000 - 2001,
,,2001 - 2002,
,,2002 - 2003,
,,2003 - 2004,
,,2004 - 2005,
,,2019 - 2020,
,Balangir,2000 - 2001,
,,2001 - 2002,
,,2002 - 2003,
,,2003 - 2004,
,,2004 - 2005,
,,2019 - 2020,
,Baleshwar,2000 - 2001,
,,2001 - 2002,
,,2002 - 2003,
,,2003 - 2004,
,,2004 - 2005,
,,2019 - 2020,
,Bargarh,2000 - 2001,
,,2001 - 2002,
,,2002 - 2003,
,,2003 - 2004,
,,2004 - 2005,
,,2019 - 2020,
,Bhadrak,2000 - 2001,
,,2001 - 2002,
,,2002 - 2003,
,,2003 - 2004,
,,2004 - 2005,
,,2019 - 2020,
,Boudh,2001 - 2002,
,,2002 - 2003,
,,2003 - 2004,
,,2004 - 2005,
,,2019 - 2020,
,Cuttack,2000 - 2001,
,,2001 - 2002,
,,2002 - 2003,
,,2003 - 2004,
,,2004 - 2005,
,,2019 - 2020,
,Deogarh,2000 - 2001,
,,2001 - 2002,
,,2002 - 2003,
,,2003 - 2004,
,,2004 - 2005,
,,2019 - 2020,
,Dhenkanal,2000 - 2001,
,,2001 - 2002,
,,2002 - 2003,
,,2003 - 2004,
,,2004 - 2005,
,,2019 - 2020,
,Gajapati,2000 - 2001,
,,2001 - 2002,
,,2002 - 2003,
,,2003 - 2004,
,,2004 - 2005,
,,2019 - 2020,
,Ganjam,2000 - 2001,
,,2001 - 2002,
,,2002 - 2003,
,,2003 - 2004,
,,2004 - 2005,
,,2019 - 2020,
,Jagatsinghapur,2000 - 2001,
,,2001 - 2002,
,,2002 - 2003,
,,2003 - 2004,
,,2004 - 2005,
,,2019 - 2020,
,Jajapur,2000 - 2001,
,,2001 - 2002,
,,2002 - 2003,
,,2003 - 2004,
,,2004 - 2005,
,Jharsuguda,2000 - 2001,
,,2001 - 2002,
,,2002 - 2003,
,,2003 - 2004,
,,2004 - 2005,
,,2019 - 2020,
,Kalahandi,2000 - 2001,
,,2001 - 2002,
,,2002 - 2003,
,,2003 - 2004,
,,2004 - 2005,
,,2019 - 2020,
,Kandhamal,2000 - 2001,
,,2001 - 2002,
,,2002 - 2003,
,,2003 - 2004,
,,2004 - 2005,
,,2019 - 2020,
,Kendrapara,2000 - 2001,
,,2001 - 2002,
,,2002 - 2003,
,,2003 - 2004,
,,2004 - 2005,
,,2019 - 2020,
,Kendujhar,2000 - 2001,
,,2001 - 2002,
,,2002 - 2003,
,,2003 - 2004,
,,2004 - 2005,
,,2019 - 2020,
,Khordha,2000 - 2001,
,,2001 - 2002,
,,2002 - 2003,
,,2003 - 2004,
,,2004 - 2005,
,,2019 - 2020,
,Koraput,2000 - 2001,
,,2001 - 2002,
,,2002 - 2003,
,,2003 - 2004,
,,2004 - 2005,
,,2019 - 2020,
,Malkangiri,2000 - 2001,
,,2001 - 2002,
,,2002 - 2003,
,,2003 - 2004,
,,2004 - 2005,
,,2019 - 2020,
,Mayurbhanj,2000 - 2001,
,,2001 - 2002,
,,2002 - 2003,
,,2003 - 2004,
,,2004 - 2005,
,,2019 - 2020,
,Nabarangpur,2000 - 2001,
,,2001 - 2002,
,,2002 - 2003,
,,2003 - 2004,
,,2004 - 2005,
,,2019 - 2020,
,Nayagarh,2000 - 2001,
,,2001 - 2002,
,,2002 - 2003,
,,2003 - 2004,
,,2004 - 2005,
,,2019 - 2020,
,Nuapada,2000 - 2001,
,,2001 - 2002,
,,2002 - 2003,
,,2003 - 2004,
,,2004 - 2005,
,,2019 - 2020,
,Puri,2000 - 2001,
,,2001 - 2002,
,,2002 - 2003,
,,2003 - 2004,
,,2004 - 2005,
,,2019 - 2020,
,Rayagada,2000 - 2001,
,,2001 - 2002,
,,2002 - 2003,
,,2003 - 2004,
,,2004 - 2005,
,,2019 - 2020,
,Sambalpur,2000 - 2001,
,,2001 - 2002,
,,2002 - 2003,
,,2003 - 2004,
,,2004 - 2005,
,,2019 - 2020,
,Sonepur,2001 - 2002,
,,2002 - 2003,
,,2003 - 2004,
,,2004 - 2005,
,,2019 - 2020,
,Sundargarh,2000 - 2001,
,,2001 - 2002,
,,2002 - 2003,
,,2003 - 2004,
,,2004 - 2005,
,,2019 - 2020,
Puducherry,Karaikal,2000 - 2001,
,,2001 - 2002,
,,2003 - 2004,
,Mahe,2000 - 2001,
,Pondicherry,2000 - 2001,
,,2001 - 2002,
,,2003 - 2004,
Rajasthan,Ajmer,2021 - 2022,2.5
,Alwar,2003 - 2004,
,,2020 - 2021,2.0
,Banswara,2001 - 2002,
,,2007 - 2008,
,,2008 - 2009,
,,2016 - 2017,1.0
,,2018 - 2019,1.0
,Baran,2000 - 2001,
,,2001 - 2002,
,,2002 - 2003,
,,2003 - 2004,
,,2004 - 2005,
,,2005 - 2006,
,,2006 - 2007,
,,2007 - 2008,
,,2008 - 2009,
,,2009 - 2010,
,,2010 - 2011,
,,2011 - 2012,
,,2012 - 2013,
,,2013 - 2014,
,,2014 - 2015,
,,2021 - 2022,2.0
,,2022 - 2023,0.0
,Bhilwara,2013 - 2014,
,Chittorgarh,2006 - 2007,
,,2014 - 2015,
,,2015 - 2016,2.0
,,2016 - 2017,2.0
,Dungarpur,2000 - 2001,
,,2001 - 2002,
,,2002 - 2003,
,,2003 - 2004,
,,2004 - 2005,
,,2006 - 2007,
,,2008 - 2009,
,,2009 - 2010,
,,2010 - 2011,
,,2011 - 2012,
,,2012 - 2013,
,,2013 - 2014,
,,2014 - 2015,
,,2015 - 2016,6.0
,,2016 - 2017,6.0
,,2017 - 2018,6.0
,,2018 - 2019,6.0
,,2019 - 2020,4.29
,,2020 - 2021,6.0
,,2021 - 2022,5.17
,,2022 - 2023,1.8
,Jhalawar,2000 - 2001,
,,2001 - 2002,
,,2005 - 2006,
,,2006 - 2007,
,,2015 - 2016,0.0
,,2021 - 2022,0.0
,Kota,2003 - 2004,
,,2014 - 2015,
,,2021 - 2022,0.0
,Pratapgarh,2008 - 2009,
,,2016 - 2017,1.5
,,2017 - 2018,1.5
,,2018 - 2019,1.5
,,2019 - 2020,0.63
,,2020 - 2021,1.53
,,2021 - 2022,1.5
,,2022 - 2023,1.0
,Rajsamand,2012 - 2013,
,Sawai madhopur,2007 - 2008,
,Udaipur,2000 - 2001,
,,2001 - 2002,
,,2002 - 2003,
,,2003 - 2004,
,,2004 - 2005,
,,2005 - 2006,
,,2006 - 2007,
,,2007 - 2008,
,,2008 - 2009,
,,2009 - 2010,
,,2010 - 2011,
,,2011 - 2012,
,,2012 - 2013,
,,2013 - 2014,
,,2014 - 2015,
,,2015 - 2016,1.59
,,2016 - 2017,1.85
,,2017 - 2018,2.0
,,2018 - 2019,2.02
,,2019 - 2020,3.49
,,2020 - 2021,1.55
,,2021 - 2022,1.97
,,2022 - 2023,1.39
Tamil Nadu,Chengalpattu,2021 - 2022,30.0
,Coimbatore,2004 - 2005,
,,2008 - 2009,20.0
,,2009 - 2010,16.0
,,2011 - 2012,11.0
,,2014 - 2015,4.2
,,2015 - 2016,8.75
,,2016 - 2017,21.5
,,2017 - 2018,19.5
,,2018 - 2019,19.33
,,2019 - 2020,15.4
,,2020 - 2021,18.68
,,2021 - 2022,37.06
,,2022 - 2023,31.55
,Dharmapuri,2002 - 2003,16.0
,,2015 - 2016,9.0
,Dindigul,2000 - 2001,
,,2002 - 2003,16.0
,,2003 - 2004,
,,2004 - 2005,
,,2005 - 2006,
,,2006 - 2007,18.5
,,2007 - 2008,18.67
,,2008 - 2009,20.0
,,2009 - 2010,16.06
,,2011 - 2012,11.0
,,2016 - 2017,26.0
,,2017 - 2018,20.0
,,2018 - 2019,25.0
,,2020 - 2021,18.0
,,2021 - 2022,23.6
,,2022 - 2023,24.0
,Erode,2000 - 2001,
,,2005 - 2006,
,,2006 - 2007,18.64
,,2007 - 2008,19.07
,,2008 - 2009,20.0
,,2009 - 2010,16.0
,,2011 - 2012,11.0
,,2013 - 2014,7.0
,,2014 - 2015,4.27
,,2015 - 2016,8.82
,,2016 - 2017,15.43
,,2017 - 2018,19.5
,,2018 - 2019,18.95
,,2019 - 2020,15.41
,,2020 - 2021,18.89
,,2021 - 2022,26.14
,,2022 - 2023,24.16
,Kanniyakumari,2000 - 2001,
,,2002 - 2003,16.06
,,2003 - 2004,
,,2004 - 2005,
,,2005 - 2006,
,,2006 - 2007,18.67
,,2007 - 2008,19.07
,,2008 - 2009,20.0
,,2009 - 2010,16.07
,,2011 - 2012,11.0
,,2013 - 2014,7.0
,,2014 - 2015,4.29
,,2015 - 2016,8.83
,,2016 - 2017,24.0
,,2017 - 2018,19.5
,,2018 - 2019,18.5
,,2019 - 2020,11.33
,,2020 - 2021,20.5
,,2021 - 2022,23.0
,,2022 - 2023,48.0
,Krishnagiri,2002 - 2003,16.0
,,2004 - 2005,
,,2005 - 2006,
,,2006 - 2007,19.0
,,2007 - 2008,19.0
,,2008 - 2009,20.0
,,2014 - 2015,4.0
,,2015 - 2016,9.0
,,2020 - 2021,19.0
,,2021 - 2022,25.0
,,2022 - 2023,24.0
,Mayiladuthurai,2021 - 2022,25.0
,Namakkal,2002 - 2003,16.0
,,2003 - 2004,
,,2006 - 2007,18.63
,,2011 - 2012,11.04
,,2015 - 2016,9.0
,Pudukkottai,2021 - 2022,23.08
,Salem,2002 - 2003,16.0
,,2008 - 2009,20.0
,,2011 - 2012,11.0
,,2015 - 2016,9.0
,,2016 - 2017,22.0
,,2018 - 2019,19.0
,,2019 - 2020,16.0
,,2020 - 2021,19.13
,,2021 - 2022,16.5
,,2022 - 2023,23.91
,Thanjavur,2002 - 2003,16.0
,,2003 - 2004,
,,2004 - 2005,
,,2005 - 2006,
,,2006 - 2007,18.67
,,2007 - 2008,19.0
,,2008 - 2009,20.0
,,2011 - 2012,11.0
,,2013 - 2014,7.0
,,2014 - 2015,4.0
,,2015 - 2016,8.86
,,2016 - 2017,26.0
,,2017 - 2018,19.6
,,2019 - 2020,20.0
,,2020 - 2021,19.0
,,2021 - 2022,24.43
,,2022 - 2023,23.92
,The nilgiris,2000 - 2001,
,,2002 - 2003,16.02
,,2003 - 2004,
,,2004 - 2005,
,,2005 - 2006,
,,2006 - 2007,18.64
,,2007 - 2008,19.04
,,2008 - 2009,20.0
,,2009 - 2010,16.05
,,2011 - 2012,11.04
,,2013 - 2014,6.96
,,2014 - 2015,4.23
,,2015 - 2016,8.84
,,2016 - 2017,21.99
,,2017 - 2018,19.54
,,2018 - 2019,19.27
,,2019 - 2020,15.79
,,2020 - 2021,19.18
,,2021 - 2022,24.13
,,2022 - 2023,23.38
,Theni,2014 - 2015,4.0
,,2016 - 2017,19.67
,,2017 - 2018,20.0
,,2022 - 2023,24.0
,Thenkasi,2020 - 2021,8.0
,,2021 - 2022,10.5
,,2022 - 2023,24.0
,Thiruvallur,2021 - 2022,26.67
,Tirunelveli,2000 - 2001,
,,2002 - 2003,16.0
,,2003 - 2004,
,,2005 - 2006,
,,2006 - 2007,18.5
,,2011 - 2012,11.05
,,2013 - 2014,7.0
,,2014 - 2015,4.0
,,2015 - 2016,8.83
,,2016 - 2017,30.0
,,2019 - 2020,18.0
,,2021 - 2022,30.0
,Tiruppur,2015 - 2016,9.0
,,2022 - 2023,24.0
,Tiruvannamalai,2021 - 2022,25.0
,Vellore,2007 - 2008,19.0
,,2013 - 2014,7.0
,,2014 - 2015,4.2
,,2015 - 2016,9.0
,,2016 - 2017,18.0
,,2017 - 2018,20.0
,,2018 - 2019,19.0
,,2019 - 2020,16.67
,,2022 - 2023,24.0
,Virudhunagar,2000 - 2001,
Telangana,Adilabad,2014 - 2015,
,,2016 - 2017,
,,2017 - 2018,
,,2018 - 2019,
,,2019 - 2020,
,,2020 - 2021,
,,2021 - 2022,
,,2022 - 2023,
,Bhadradri,2022 - 2023,
,Jagitial,2021 - 2022,
,Jangoan,2019 - 2020,
,,2020 - 2021,
,,2021 - 2022,
,Kamareddy,2020 - 2021,
,,2021 - 2022,
,,2022 - 2023,
,Karimnagar,2000 - 2001,3.91
,,2001 - 2002,2.5
,,2008 - 2009,7.07
,,2009 - 2010,9.0
,,2010 - 2011,9.33
,,2011 - 2012,9.0
,,2013 - 2014,
,,2015 - 2016,
,,2020 - 2021,
,,2021 - 2022,
,Khammam,2016 - 2017,
,,2017 - 2018,
,,2020 - 2021,
,,2021 - 2022,
,,2022 - 2023,
,Mahabubabad,2020 - 2021,
,,2021 - 2022,
,Mahbubnagar,2014 - 2015,
,Medak,2000 - 2001,3.91
,,2001 - 2002,2.28
,,2002 - 2003,1.64
,,2003 - 2004,3.19
,,2004 - 2005,9.42
,,2005 - 2006,11.86
,,2006 - 2007,5.24
,,2008 - 2009,7.07
,,2009 - 2010,8.97
,,2010 - 2011,11.88
,,2011 - 2012,12.04
,,2013 - 2014,
,,2014 - 2015,
,,2015 - 2016,
,,2016 - 2017,
,,2020 - 2021,
,,2021 - 2022,
,Medchal,2021 - 2022,
,Mulugu,2021 - 2022,
,Nalgonda,2015 - 2016,
,,2016 - 2017,
,Nirmal,2020 - 2021,
,,2021 - 2022,
,,2022 - 2023,
,Nizamabad,2000 - 2001,3.9
,,2001 - 2002,2.28
,,2002 - 2003,1.63
,,2003 - 2004,3.18
,,2004 - 2005,9.42
,,2005 - 2006,11.83
,,2006 - 2007,5.25
,,2008 - 2009,7.06
,,2009 - 2010,9.0
,,2010 - 2011,9.5
,,2011 - 2012,9.0
,,2015 - 2016,
,,2021 - 2022,
,Peddapalli,2020 - 2021,
,,2021 - 2022,
,Rajanna,2020 - 2021,
,,2021 - 2022,
,Rangareddi,2000 - 2001,3.9
,,2001 - 2002,2.27
,,2002 - 2003,1.64
,,2003 - 2004,3.18
,,2004 - 2005,9.42
,,2005 - 2006,11.85
,,2006 - 2007,5.23
,,2008 - 2009,7.08
,,2009 - 2010,9.21
,,2010 - 2011,9.33
,,2011 - 2012,9.24
,,2013 - 2014,
,,2014 - 2015,
,,2015 - 2016,
,,2020 - 2021,
,,2021 - 2022,
,Sangareddy,2016 - 2017,
,,2017 - 2018,
,,2018 - 2019,
,,2019 - 2020,
,,2020 - 2021,
,,2021 - 2022,
,,2022 - 2023,
,Siddipet,2016 - 2017,
,,2017 - 2018,
,,2018 - 2019,
,,2020 - 2021,
,,2021 - 2022,
,,2022 - 2023,
,Suryapet,2020 - 2021,
,,2021 - 2022,
,Vikarabad,2018 - 2019,
,,2019 - 2020,
,,2020 - 2021,
,,2021 - 2022,
,,2022 - 2023,
,Warangal,2000 - 2001,3.91
,,2001 - 2002,2.27
,,2002 - 2003,1.6
,,2003 - 2004,3.0
,,2017 - 2018,
,,2018 - 2019,
,,2019 - 2020,
,,2020 - 2021,
,,2021 - 2022,
,Warangal urban,2021 - 2022,
,Yadadri,2020 - 2021,
,,2021 - 2022,
,,2022 - 2023,
Uttar Pradesh,Agra,2006 - 2007,
,Aligarh,2006 - 2007,
,,2007 - 2008,
,Ambedkar nagar,2007 - 2008,
,,2010 - 2011,
,Amroha,2006 - 2007,
,Azamgarh,2006 - 2007,
,,2010 - 2011,
,,2011 - 2012,
,Baghpat,2007 - 2008,
,,2009 - 2010,
,,2010 - 2011,
,Bahraich,2006 - 2007,
,,2007 - 2008,
,,2009 - 2010,
,,2010 - 2011,
,,2011 - 2012,
,,2012 - 2013,
,,2013 - 2014,
,,2014 - 2015,
,,2015 - 2016,
,,2016 - 2017,
,,2017 - 2018,
,,2018 - 2019,
,,2019 - 2020,
,,2020 - 2021,
,,2021 - 2022,
,,2022 - 2023,
,Ballia,2006 - 2007,
,Bareilly,2006 - 2007,
,Budaun,2007 - 2008,
,Deoria,2006 - 2007,
,,2010 - 2011,
,,2011 - 2012,
,Fatehpur,2009 - 2010,
,Firozabad,2009 - 2010,
,Ghazipur,2007 - 2008,
,,2010 - 2011,
,,2011 - 2012,
,Gonda,2006 - 2007,
,,2009 - 2010,
,,2010 - 2011,
,,2011 - 2012,
,Gorakhpur,2006 - 2007,
,,2010 - 2011,
,,2011 - 2012,
,Hardoi,2006 - 2007,
,,2010 - 2011,
,Jhansi,2006 - 2007,
,,2007 - 2008,
,,2009 - 2010,
,,2010 - 2011,
,,2011 - 2012,
,,2012 - 2013,
,,2013 - 2014,
,,2014 - 2015,
,,2015 - 2016,
,,2016 - 2017,
,,2017 - 2018,
,,2018 - 2019,
,,2019 - 2020,
,,2020 - 2021,
,,2021 - 2022,
,,2022 - 2023,
,Kanpur nagar,2012 - 2013,
,,2015 - 2016,
,,2016 - 2017,
,,2018 - 2019,
,,2019 - 2020,
,,2020 - 2021,
,,2021 - 2022,
,,2022 - 2023,
,Kheri,2006 - 2007,
,,2007 - 2008,
,,2009 - 2010,
,,2010 - 2011,
,,2011 - 2012,
,,2012 - 2013,
,,2013 - 2014,
,,2014 - 2015,
,,2015 - 2016,
,,2016 - 2017,
,,2017 - 2018,
,,2018 - 2019,
,,2019 - 2020,
,,2020 - 2021,
,,2021 - 2022,
,,2022 - 2023,
,Kushi nagar,2007 - 2008,
,,2010 - 2011,
,,2011 - 2012,
,,2012 - 2013,
,,2013 - 2014,
,,2014 - 2015,
,,2015 - 2016,
,,2018 - 2019,
,,2019 - 2020,
,,2020 - 2021,
,,2021 - 2022,
,,2022 - 2023,
,Lalitpur,2006 - 2007,
,,2007 - 2008,
,,2009 - 2010,
,,2010 - 2011,
,,2011 - 2012,
,,2012 - 2013,
,,2013 - 2014,
,,2014 - 2015,
,,2015 - 2016,
,,2016 - 2017,
,,2017 - 2018,
,,2018 - 2019,
,,2019 - 2020,
,,2020 - 2021,
,,2021 - 2022,
,,2022 - 2023,
,Maharajganj,2006 - 2007,
,,2007 - 2008,
,,2010 - 2011,
,,2011 - 2012,
,Mau,2006 - 2007,
,,2010 - 2011,
,Mirzapur,2006 - 2007,
,Pilibhit,2007 - 2008,
,,2010 - 2011,
,Rae bareli,2009 - 2010,
,Saharanpur,2006 - 2007,
,,2010 - 2011,
,,2011 - 2012,
,,2012 - 2013,
,,2013 - 2014,
,,2016 - 2017,
,,2017 - 2018,
,,2018 - 2019,
,,2019 - 2020,
,,2020 - 2021,
,,2021 - 2022,
,,2022 - 2023,
,Sant kabeer nagar,2007 - 2008,
,Sant ravidas nagar,2010 - 2011,
,,2011 - 2012,
,,2012 - 2013,
,,2014 - 2015,
,Sitapur,2006 - 2007,
,,2007 - 2008,
,Sonbhadra,2007 - 2008,
,,2016 - 2017,
,,2018 - 2019,
,,2019 - 2020,
,,2020 - 2021,
,,2021 - 2022,
,,2022 - 2023,
,Unnao,2006 - 2007,
Uttarakhand,Almora,2000 - 2001,9.17
,,2001 - 2002,9.0
,,2002 - 2003,8.5
,,2003 - 2004,9.0
,,2004 - 2005,9.51
,,2005 - 2006,9.0
,,2006 - 2007,8.5
,,2007 - 2008,8.0
,,2008 - 2009,9.51
,,2009 - 2010,9.5
,,2010 - 2011,8.0
,,2011 - 2012,8.2
,,2012 - 2013,8.1
,,2013 - 2014,8.13
,,2014 - 2015,9.07
,,2015 - 2016,5.8
,,2016 - 2017,4.85
,,2017 - 2018,3.53
,,2018 - 2019,5.9
,,2019 - 2020,6.7
,,2020 - 2021,9.25
,,2021 - 2022,8.1
,,2022 - 2023,6.61
,Bageshwar,2000 - 2001,11.0
,,2001 - 2002,11.0
,,2002 - 2003,11.2
,,2003 - 2004,11.0
,,2004 - 2005,11.0
,,2005 - 2006,11.0
,,2006 - 2007,11.0
,,2007 - 2008,11.73
,,2008 - 2009,8.0
,,2009 - 2010,2.86
,,2010 - 2011,8.6
,,2011 - 2012,8.6
,,2012 - 2013,8.63
,,2013 - 2014,8.6
,,2014 - 2015,8.58
,,2015 - 2016,8.5
,,2016 - 2017,4.85
,,2017 - 2018,4.84
,,2018 - 2019,4.95
,,2019 - 2020,6.71
,,2020 - 2021,9.24
,,2021 - 2022,8.11
,,2022 - 2023,6.61
,Chamoli,2000 - 2001,5.14
,,2002 - 2003,7.33
,,2004 - 2005,8.0
,,2005 - 2006,8.0
,,2006 - 2007,7.6
,,2007 - 2008,7.0
,,2008 - 2009,8.0
,,2009 - 2010,8.0
,,2010 - 2011,7.67
,,2011 - 2012,7.6
,,2012 - 2013,9.65
,,2013 - 2014,14.0
,,2014 - 2015,14.0
,,2015 - 2016,14.14
,,2016 - 2017,10.0
,,2018 - 2019,10.33
,,2019 - 2020,8.5
,,2020 - 2021,8.5
,,2021 - 2022,13.0
,Champawat,2000 - 2001,11.0
,,2001 - 2002,11.0
,,2002 - 2003,11.0
,,2003 - 2004,7.5
,,2004 - 2005,8.0
,,2005 - 2006,7.5
,,2006 - 2007,8.5
,,2007 - 2008,8.0
,,2008 - 2009,16.07
,,2009 - 2010,7.05
,,2010 - 2011,7.94
,,2011 - 2012,9.03
,,2012 - 2013,5.26
,,2013 - 2014,7.13
,,2014 - 2015,9.91
,,2015 - 2016,8.1
,,2016 - 2017,9.4
,,2017 - 2018,10.77
,,2018 - 2019,12.58
,,2019 - 2020,15.2
,,2020 - 2021,14.4
,,2021 - 2022,13.03
,,2022 - 2023,15.25
,Dehradun,2000 - 2001,9.38
,,2001 - 2002,9.36
,,2002 - 2003,9.8
,,2003 - 2004,8.22
,,2004 - 2005,8.26
,,2005 - 2006,9.04
,,2006 - 2007,9.83
,,2007 - 2008,10.91
,,2008 - 2009,13.97
,,2009 - 2010,9.82
,,2010 - 2011,10.65
,,2011 - 2012,14.92
,,2012 - 2013,15.86
,,2013 - 2014,11.64
,,2014 - 2015,19.86
,,2015 - 2016,11.55
,,2016 - 2017,12.24
,,2017 - 2018,14.3
,,2018 - 2019,13.53
,,2019 - 2020,15.94
,,2020 - 2021,12.43
,,2021 - 2022,14.17
,,2022 - 2023,15.28
,Haridwar,2000 - 2001,8.5
,,2002 - 2003,0.0
,,2011 - 2012,9.0
,,2013 - 2014,6.0
,,2014 - 2015,20.0
,,2015 - 2016,8.67
,Nainital,2000 - 2001,8.0
,,2001 - 2002,8.57
,,2002 - 2003,8.76
,,2003 - 2004,7.9
,,2004 - 2005,8.98
,,2005 - 2006,7.87
,,2006 - 2007,9.0
,,2007 - 2008,9.5
,,2008 - 2009,8.42
,,2009 - 2010,8.44
,,2010 - 2011,10.01
,,2011 - 2012,11.08
,,2012 - 2013,11.16
,,2013 - 2014,11.02
,,2014 - 2015,10.87
,,2015 - 2016,8.6
,,2016 - 2017,11.33
,,2017 - 2018,11.01
,,2018 - 2019,13.08
,,2019 - 2020,9.51
,,2020 - 2021,11.99
,,2021 - 2022,13.84
,,2022 - 2023,12.0
,Pauri garhwal,2000 - 2001,9.2
,,2001 - 2002,8.66
,,2002 - 2003,8.19
,,2003 - 2004,9.0
,,2004 - 2005,9.52
,,2005 - 2006,9.0
,,2006 - 2007,7.51
,,2007 - 2008,8.0
,,2008 - 2009,9.5
,,2009 - 2010,9.51
,,2010 - 2011,6.53
,,2011 - 2012,7.0
,,2012 - 2013,8.6
,,2013 - 2014,8.78
,,2014 - 2015,8.72
,,2015 - 2016,8.6
,,2016 - 2017,10.3
,,2017 - 2018,10.31
,,2018 - 2019,10.31
,,2019 - 2020,8.6
,,2020 - 2021,8.6
,,2021 - 2022,8.6
,,2022 - 2023,10.55
,Pithoragarh,2000 - 2001,4.17
,,2001 - 2002,5.33
,,2002 - 2003,4.85
,,2003 - 2004,4.0
,,2004 - 2005,4.5
,,2005 - 2006,4.0
,,2006 - 2007,7.51
,,2007 - 2008,3.03
,,2008 - 2009,7.0
,,2009 - 2010,3.66
,,2010 - 2011,6.5
,,2011 - 2012,9.25
,,2012 - 2013,7.89
,,2013 - 2014,6.65
,,2014 - 2015,10.06
,,2015 - 2016,7.81
,,2016 - 2017,6.0
,,2017 - 2018,11.55
,,2018 - 2019,7.37
,,2019 - 2020,10.2
,,2020 - 2021,11.24
,,2021 - 2022,9.04
,,2022 - 2023,8.98
,Rudra prayag,2001 - 2002,3.0
,,2002 - 2003,0.0
,,2003 - 2004,10.0
,,2006 - 2007,9.0
,,2007 - 2008,10.0
,,2008 - 2009,9.8
,,2009 - 2010,9.0
,,2011 - 2012,8.0
,,2012 - 2013,6.0
,,2014 - 2015,9.0
,,2015 - 2016,8.0
,,2017 - 2018,10.0
,,2018 - 2019,10.4
,Tehri garhwal,2000 - 2001,17.33
,,2001 - 2002,15.5
,,2002 - 2003,14.43
,,2003 - 2004,18.0
,,2004 - 2005,16.0
,,2005 - 2006,18.0
,,2006 - 2007,12.5
,,2007 - 2008,12.8
,,2008 - 2009,8.77
,,2009 - 2010,11.6
,,2010 - 2011,9.87
,,2011 - 2012,9.71
,,2012 - 2013,11.56
,,2013 - 2014,8.85
,,2014 - 2015,12.32
,,2015 - 2016,10.8
,,2016 - 2017,13.2
,,2017 - 2018,13.66
,,2018 - 2019,12.55
,,2019 - 2020,8.6
,,2020 - 2021,16.83
,,2021 - 2022,13.21
,,2022 - 2023,10.55
,Udam singh nagar,2001 - 2002,9.0
,,2002 - 2003,0.0
,,2003 - 2004,7.0
,,2004 - 2005,7.0
,,2005 - 2006,6.5
,,2006 - 2007,13.5
,,2007 - 2008,14.0
,,2013 - 2014,11.33
,,2015 - 2016,8.5
,,2017 - 2018,11.0
,,2020 - 2021,12.0
,Uttar kashi,2000 - 2001,11.0
,,2001 - 2002,11.17
,,2002 - 2003,10.83
,,2003 - 2004,11.0
,,2004 - 2005,12.0
,,2005 - 2006,11.0
,,2006 - 2007,11.0
,,2007 - 2008,10.56
,,2008 - 2009,11.33
,,2009 - 2010,11.4
,,2010 - 2011,9.67
,,2011 - 2012,10.0
,,2012 - 2013,9.92
,,2013 - 2014,9.0
,,2014 - 2015,9.0
,,2015 - 2016,9.2
,,2016 - 2017,10.3
,,2017 - 2018,10.32
,,2018 - 2019,10.43
,,2019 - 2020,8.67
,,2020 - 2021,9.5
,,2021 - 2022,13.14
,,2022 - 2023,10.54
West Bengal,paraganas north,2000 - 2001,
,,2001 - 2002,
,,2002 - 2003,
,,2003 - 2004,
,,2004 - 2005,
,,2005 - 2006,
,,2006 - 2007,
,,2007 - 2008,
,,2008 - 2009,
,paraganas south,2000 - 2001,
,,2001 - 2002,
,,2002 - 2003,
,,2003 - 2004,
,,2004 - 2005,
,,2005 - 2006,
,,2006 - 2007,
,,2007 - 2008,
,,2008 - 2009,
,Bankura,2000 - 2001,
,,2001 - 2002,
,,2002 - 2003,
,,2003 - 2004,
,,2004 - 2005,
,,2005 - 2006,
,,2006 - 2007,
,,2007 - 2008,
,,2008 - 2009,
,Birbhum,2000 - 2001,
,,2001 - 2002,
,,2002 - 2003,
,,2003 - 2004,
,,2004 - 2005,
,,2005 - 2006,
,,2006 - 2007,
,,2007 - 2008,
,,2008 - 2009,
,Coochbehar,2000 - 2001,
,,2001 - 2002,
,,2002 - 2003,
,,2003 - 2004,
,,2004 - 2005,
,,2005 - 2006,
,,2006 - 2007,
,,2007 - 2008,
,,2008 - 2009,
,Darjeeling,2000 - 2001,
,,2001 - 2002,
,,2002 - 2003,
,,2003 - 2004,
,,2004 - 2005,
,,2005 - 2006,
,,2006 - 2007,
,,2007 - 2008,
,,2008 - 2009,
,Dinajpur dakshin,2000 - 2001,
,,2001 - 2002,
,,2002 - 2003,
,,2003 - 2004,
,,2004 - 2005,
,,2005 - 2006,
,,2006 - 2007,
,,2007 - 2008,
,,2008 - 2009,
,Dinajpur uttar,2000 - 2001,
,,2001 - 2002,
,,2002 - 2003,
,,2003 - 2004,
,,2004 - 2005,
,,2005 - 2006,
,,2006 - 2007,
,,2007 - 2008,
,,2008 - 2009,
,Hooghly,2000 - 2001,
,,2001 - 2002,
,,2002 - 2003,
,,2003 - 2004,
,,2004 - 2005,
,,2005 - 2006,
,,2006 - 2007,
,,2007 - 2008,
,,2008 - 2009,
,Howrah,2000 - 2001,
,,2001 - 2002,
,,2002 - 2003,
,,2003 - 2004,
,,2004 - 2005,
,,2005 - 2006,
,,2006 - 2007,
,,2007 - 2008,
,,2008 - 2009,
,Jalpaiguri,2000 - 2001,
,,2001 - 2002,
,,2002 - 2003,
,,2003 - 2004,
,,2004 - 2005,
,,2005 - 2006,
,,2006 - 2007,
,,2007 - 2008,
,,2008 - 2009,
,Maldah,2000 - 2001,
,,2001 - 2002,
,,2002 - 2003,
,,2003 - 2004,
,,2004 - 2005,
,,2005 - 2006,
,,2006 - 2007,
,,2007 - 2008,
,,2008 - 2009,
,Medinipur east,2000 - 2001,
,,2002 - 2003,
,,2004 - 2005,
,,2005 - 2006,
,,2006 - 2007,
,,2007 - 2008,
,,2008 - 2009,
,Medinipur west,2000 - 2001,
,,2001 - 2002,
,,2002 - 2003,
,,2003 - 2004,
,,2004 - 2005,
,,2005 - 2006,
,,2006 - 2007,
,,2007 - 2008,
,,2008 - 2009,
,Murshidabad,2000 - 2001,
,,2001 - 2002,
,,2002 - 2003,
,,2003 - 2004,
,,2004 - 2005,
,,2005 - 2006,
,,2006 - 2007,
,,2007 - 2008,
,,2008 - 2009,
,Nadia,2000 - 2001,
,,2001 - 2002,
,,2002 - 2003,
,,2003 - 2004,
,,2004 - 2005,
,,2005 - 2006,
,,2006 - 2007,
,,2007 - 2008,
,,2008 - 2009,
,Purba bardhaman,2000 - 2001,
,,2001 - 2002,
,,2002 - 2003,
,,2003 - 2004,
,,2004 - 2005,
,,2005 - 2006,
,,2006 - 2007,
,,2007 - 2008,
,,2008 - 2009,
,Purulia,2000 - 2001,
,,2001 - 2002,
,,2002 - 2003,
,,2003 - 2004,
,,2004 - 2005,
,,2005 - 2006,
,,2006 - 2007,
,,2007 - 2008,
,,2008 - 2009,
