state,district,year,guar_seed_whole_year_yield_tonne_per_hectare
Andhra Pradesh,Prakasam,2019 - 2020,
,Spsr nellore,2016 - 2017,
,West godavari,2019 - 2020,
Chhattisgarh,Balrampur,2013 - 2014,
Gujarat,Ahmadabad,2000 - 2001,0.21
,,2001 - 2002,0.43
,,2002 - 2003,0.31
,,2003 - 2004,0.75
,,2004 - 2005,0.75
,,2005 - 2006,0.5
,,2006 - 2007,0.4
,,2007 - 2008,1.0
,,2008 - 2009,0.33
,,2009 - 2010,0.5
,,2010 - 2011,0.67
,,2011 - 2012,0.67
,,2012 - 2013,0.6
,,2013 - 2014,0.89
,,2014 - 2015,0.77
,,2015 - 2016,0.62
,,2016 - 2017,0.67
,,2017 - 2018,0.67
,,2018 - 2019,0.75
,,2019 - 2020,
,,2020 - 2021,
,,2021 - 2022,
,,2022 - 2023,
,Amreli,2000 - 2001,0.2
,,2004 - 2005,1.0
,,2005 - 2006,0.5
,,2013 - 2014,0.89
,,2014 - 2015,0.77
,,2015 - 2016,0.61
,,2016 - 2017,0.66
,,2017 - 2018,0.67
,,2018 - 2019,0.56
,,2020 - 2021,
,Anand,2008 - 2009,1.0
,,2009 - 2010,1.0
,,2010 - 2011,1.0
,,2011 - 2012,0.67
,,2013 - 2014,0.89
,,2014 - 2015,0.77
,,2015 - 2016,0.62
,,2016 - 2017,0.67
,,2017 - 2018,0.67
,,2020 - 2021,
,,2021 - 2022,
,Aravalli,2014 - 2015,0.77
,,2015 - 2016,0.62
,,2016 - 2017,0.67
,,2017 - 2018,0.67
,,2018 - 2019,0.75
,,2019 - 2020,
,,2020 - 2021,
,,2021 - 2022,
,,2022 - 2023,
,Banas kantha,2000 - 2001,0.22
,,2001 - 2002,0.49
,,2002 - 2003,0.33
,,2003 - 2004,0.91
,,2004 - 2005,0.93
,,2005 - 2006,0.5
,,2006 - 2007,0.24
,,2007 - 2008,0.69
,,2008 - 2009,0.25
,,2009 - 2010,0.16
,,2010 - 2011,0.71
,,2011 - 2012,0.63
,,2012 - 2013,0.71
,,2013 - 2014,0.78
,,2014 - 2015,1.07
,,2015 - 2016,0.68
,,2016 - 2017,0.96
,,2017 - 2018,0.36
,,2018 - 2019,0.48
,,2019 - 2020,
,,2020 - 2021,
,,2021 - 2022,
,,2022 - 2023,
,Bharuch,2000 - 2001,0.2
,,2001 - 2002,0.5
,,2002 - 2003,0.5
,,2012 - 2013,0.63
,,2013 - 2014,0.89
,Bhavnagar,2000 - 2001,0.0
,,2006 - 2007,0.5
,,2012 - 2013,0.67
,,2013 - 2014,0.89
,,2014 - 2015,0.77
,,2015 - 2016,0.62
,,2016 - 2017,0.67
,,2017 - 2018,0.67
,,2018 - 2019,1.6
,,2019 - 2020,
,,2021 - 2022,
,,2022 - 2023,
,Botad,2014 - 2015,0.77
,,2015 - 2016,0.62
,,2016 - 2017,0.67
,,2017 - 2018,0.67
,,2018 - 2019,0.26
,,2019 - 2020,
,,2020 - 2021,
,,2021 - 2022,
,Chhotaudepur,2014 - 2015,0.77
,,2016 - 2017,0.67
,,2017 - 2018,0.66
,,2020 - 2021,
,Devbhumi dwarka,2014 - 2015,0.77
,Dohad,2016 - 2017,0.67
,,2017 - 2018,0.67
,,2018 - 2019,0.0
,,2019 - 2020,
,,2020 - 2021,
,Gandhinagar,2000 - 2001,0.23
,,2001 - 2002,0.42
,,2002 - 2003,0.33
,,2003 - 2004,0.75
,,2004 - 2005,0.73
,,2005 - 2006,0.57
,,2006 - 2007,0.41
,,2007 - 2008,0.64
,,2008 - 2009,0.34
,,2009 - 2010,0.26
,,2010 - 2011,0.57
,,2011 - 2012,0.57
,,2012 - 2013,0.6
,,2013 - 2014,0.89
,,2014 - 2015,0.77
,,2015 - 2016,0.62
,,2016 - 2017,0.67
,,2017 - 2018,0.67
,,2018 - 2019,0.8
,,2019 - 2020,
,,2020 - 2021,
,,2021 - 2022,
,,2022 - 2023,
,Gir somnath,2014 - 2015,0.77
,,2015 - 2016,0.63
,,2017 - 2018,0.67
,,2019 - 2020,
,,2020 - 2021,
,Jamnagar,2000 - 2001,0.0
,,2001 - 2002,1.0
,,2007 - 2008,0.6
,,2012 - 2013,0.67
,,2013 - 2014,0.89
,,2014 - 2015,0.77
,,2015 - 2016,0.62
,,2016 - 2017,0.66
,,2017 - 2018,0.68
,,2018 - 2019,0.0
,,2019 - 2020,
,,2020 - 2021,
,,2021 - 2022,
,,2022 - 2023,
,Junagadh,2001 - 2002,0.0
,,2012 - 2013,0.67
,,2013 - 2014,0.89
,,2014 - 2015,0.78
,,2015 - 2016,0.62
,,2020 - 2021,
,Kachchh,2000 - 2001,0.17
,,2001 - 2002,0.29
,,2002 - 2003,0.13
,,2003 - 2004,0.56
,,2004 - 2005,0.48
,,2005 - 2006,0.58
,,2006 - 2007,0.51
,,2007 - 2008,0.57
,,2008 - 2009,0.36
,,2009 - 2010,0.49
,,2010 - 2011,0.48
,,2011 - 2012,0.53
,,2012 - 2013,0.45
,,2013 - 2014,0.56
,,2014 - 2015,0.47
,,2015 - 2016,0.56
,,2016 - 2017,0.51
,,2017 - 2018,0.76
,,2018 - 2019,0.2
,,2019 - 2020,
,,2020 - 2021,
,,2021 - 2022,
,,2022 - 2023,
,Kheda,2000 - 2001,0.33
,,2001 - 2002,0.5
,,2002 - 2003,0.31
,,2003 - 2004,1.0
,,2004 - 2005,0.83
,,2005 - 2006,0.75
,,2006 - 2007,0.38
,,2007 - 2008,0.69
,,2008 - 2009,0.29
,,2009 - 2010,0.31
,,2010 - 2011,0.58
,,2011 - 2012,0.56
,,2012 - 2013,0.61
,,2013 - 2014,0.89
,,2014 - 2015,0.77
,,2015 - 2016,0.62
,,2016 - 2017,0.67
,,2017 - 2018,0.67
,,2018 - 2019,0.84
,,2019 - 2020,
,,2020 - 2021,
,,2021 - 2022,
,,2022 - 2023,
,Mahesana,2000 - 2001,0.52
,,2001 - 2002,0.74
,,2002 - 2003,0.5
,,2003 - 2004,0.98
,,2004 - 2005,0.92
,,2005 - 2006,0.75
,,2006 - 2007,0.51
,,2007 - 2008,0.76
,,2008 - 2009,0.81
,,2009 - 2010,0.28
,,2010 - 2011,0.58
,,2011 - 2012,0.57
,,2012 - 2013,0.6
,,2013 - 2014,0.89
,,2014 - 2015,0.77
,,2015 - 2016,0.62
,,2016 - 2017,0.67
,,2017 - 2018,0.83
,,2018 - 2019,0.7
,,2019 - 2020,
,,2020 - 2021,
,,2021 - 2022,
,,2022 - 2023,
,Mahisagar,2014 - 2015,0.77
,,2015 - 2016,0.62
,,2016 - 2017,0.67
,,2017 - 2018,0.67
,,2018 - 2019,0.7
,,2019 - 2020,
,,2020 - 2021,
,,2021 - 2022,
,,2022 - 2023,
,Morbi,2021 - 2022,
,,2022 - 2023,
,Narmada,2013 - 2014,0.89
,,2014 - 2015,0.76
,,2015 - 2016,0.63
,Navsari,2011 - 2012,1.0
,,2012 - 2013,40.0
,,2013 - 2014,1.0
,,2014 - 2015,0.83
,Panch mahals,2000 - 2001,0.23
,,2001 - 2002,0.42
,,2002 - 2003,0.3
,,2003 - 2004,0.7
,,2004 - 2005,0.75
,,2005 - 2006,0.57
,,2006 - 2007,0.5
,,2007 - 2008,1.0
,,2008 - 2009,0.5
,,2009 - 2010,0.33
,,2010 - 2011,0.75
,,2011 - 2012,0.63
,,2012 - 2013,0.6
,,2013 - 2014,0.89
,,2014 - 2015,0.77
,,2015 - 2016,0.62
,,2016 - 2017,0.66
,,2017 - 2018,0.66
,,2018 - 2019,0.7
,,2019 - 2020,
,,2020 - 2021,
,,2021 - 2022,
,,2022 - 2023,
,Patan,2003 - 2004,0.65
,,2004 - 2005,0.71
,,2005 - 2006,0.7
,,2006 - 2007,0.48
,,2007 - 2008,0.98
,,2008 - 2009,0.6
,,2009 - 2010,0.28
,,2010 - 2011,0.7
,,2011 - 2012,0.57
,,2012 - 2013,0.6
,,2013 - 2014,0.89
,,2014 - 2015,0.77
,,2015 - 2016,0.62
,,2016 - 2017,0.63
,,2017 - 2018,0.67
,,2018 - 2019,0.68
,,2019 - 2020,
,,2020 - 2021,
,,2021 - 2022,
,,2022 - 2023,
,Porbandar,2007 - 2008,0.67
,,2013 - 2014,0.89
,,2014 - 2015,0.77
,,2015 - 2016,0.6
,,2016 - 2017,0.6
,,2018 - 2019,1.5
,Rajkot,2008 - 2009,0.25
,,2012 - 2013,0.57
,,2013 - 2014,0.89
,,2014 - 2015,0.77
,,2015 - 2016,0.62
,,2016 - 2017,0.66
,,2020 - 2021,
,Sabar kantha,2000 - 2001,0.22
,,2001 - 2002,0.42
,,2002 - 2003,0.5
,,2003 - 2004,0.93
,,2004 - 2005,0.94
,,2005 - 2006,0.88
,,2006 - 2007,0.47
,,2007 - 2008,0.73
,,2008 - 2009,0.35
,,2009 - 2010,0.28
,,2010 - 2011,0.57
,,2011 - 2012,0.58
,,2012 - 2013,0.6
,,2013 - 2014,1.18
,,2014 - 2015,0.77
,,2015 - 2016,0.62
,,2016 - 2017,0.67
,,2017 - 2018,0.67
,,2018 - 2019,0.6
,,2019 - 2020,
,,2020 - 2021,
,,2021 - 2022,
,,2022 - 2023,
,Surat,2008 - 2009,1.0
,,2010 - 2011,1.0
,,2011 - 2012,0.59
,,2013 - 2014,0.89
,,2014 - 2015,0.77
,,2015 - 2016,0.62
,,2016 - 2017,0.66
,,2017 - 2018,0.66
,,2018 - 2019,0.65
,,2019 - 2020,
,,2020 - 2021,
,,2021 - 2022,
,,2022 - 2023,
,Surendranagar,2012 - 2013,0.55
,,2013 - 2014,0.89
,,2014 - 2015,0.77
,,2015 - 2016,0.62
,,2016 - 2017,0.71
,,2017 - 2018,0.67
,,2018 - 2019,0.4
,,2019 - 2020,
,,2020 - 2021,
,,2021 - 2022,
,,2022 - 2023,
,Tapi,2020 - 2021,
,Vadodara,2000 - 2001,0.24
,,2001 - 2002,0.43
,,2002 - 2003,0.5
,,2003 - 2004,0.75
,,2004 - 2005,0.8
,,2005 - 2006,0.5
,,2006 - 2007,0.5
,,2007 - 2008,0.71
,,2009 - 2010,0.25
,,2010 - 2011,0.67
,,2011 - 2012,0.6
,,2012 - 2013,0.67
,,2013 - 2014,0.89
,,2014 - 2015,0.77
,,2015 - 2016,0.62
,,2016 - 2017,0.66
,,2017 - 2018,0.66
,,2018 - 2019,0.7
,,2019 - 2020,
,,2020 - 2021,
,,2021 - 2022,
Haryana,Bhiwani,2012 - 2013,0.75
,,2017 - 2018,
,,2018 - 2019,
,,2019 - 2020,
,,2020 - 2021,0.9
,,2021 - 2022,0.9
,Charki dadri,2017 - 2018,
,,2018 - 2019,
,,2019 - 2020,
,,2020 - 2021,0.9
,,2021 - 2022,0.9
,Faridabad,2018 - 2019,
,,2019 - 2020,
,,2020 - 2021,0.89
,,2021 - 2022,0.9
,Fatehabad,2012 - 2013,0.65
,,2017 - 2018,
,,2018 - 2019,
,,2019 - 2020,
,,2020 - 2021,0.95
,,2021 - 2022,0.95
,Gurgaon,2012 - 2013,0.65
,,2017 - 2018,
,,2018 - 2019,
,,2019 - 2020,
,,2020 - 2021,0.8
,,2021 - 2022,0.79
,Hisar,2012 - 2013,0.7
,,2017 - 2018,
,,2018 - 2019,
,,2019 - 2020,
,,2020 - 2021,1.0
,,2021 - 2022,1.0
,Jhajjar,2012 - 2013,0.7
,,2017 - 2018,
,,2018 - 2019,
,,2019 - 2020,
,,2020 - 2021,0.95
,,2021 - 2022,0.95
,Jind,2012 - 2013,0.65
,,2017 - 2018,
,,2018 - 2019,
,,2019 - 2020,
,,2020 - 2021,0.7
,,2021 - 2022,0.71
,Kaithal,2012 - 2013,0.59
,Karnal,2012 - 2013,0.6
,,2018 - 2019,
,,2019 - 2020,
,,2020 - 2021,0.9
,Mahendragarh,2012 - 2013,0.7
,,2017 - 2018,
,,2018 - 2019,
,,2019 - 2020,
,,2020 - 2021,0.87
,,2021 - 2022,0.87
,Mewat,2012 - 2013,0.6
,,2017 - 2018,
,,2018 - 2019,
,,2019 - 2020,
,,2020 - 2021,0.89
,,2021 - 2022,0.86
,Palwal,2017 - 2018,
,,2021 - 2022,0.0
,Panchkula,2012 - 2013,0.56
,,2019 - 2020,
,,2020 - 2021,1.0
,,2021 - 2022,0.0
,Panipat,2012 - 2013,0.65
,,2019 - 2020,
,,2020 - 2021,1.0
,,2021 - 2022,0.75
,Rewari,2012 - 2013,0.75
,,2017 - 2018,
,,2018 - 2019,
,,2019 - 2020,
,,2020 - 2021,0.88
,,2021 - 2022,0.88
,Rohtak,2012 - 2013,0.6
,,2017 - 2018,
,,2018 - 2019,
,,2019 - 2020,
,,2020 - 2021,0.86
,,2021 - 2022,0.87
,Sirsa,2012 - 2013,0.7
,,2017 - 2018,
,,2018 - 2019,
,,2019 - 2020,
,,2020 - 2021,0.8
,,2021 - 2022,0.8
,Sonipat,2012 - 2013,0.5
,,2018 - 2019,
,,2020 - 2021,0.79
,,2021 - 2022,0.94
Punjab,Amritsar,2021 - 2022,
,Barnala,2008 - 2009,
,,2013 - 2014,
,,2014 - 2015,
,,2015 - 2016,
,,2016 - 2017,
,Bathinda,2002 - 2003,0.85
,,2003 - 2004,0.81
,,2004 - 2005,0.75
,,2005 - 2006,0.77
,,2006 - 2007,0.76
,,2007 - 2008,
,,2008 - 2009,
,,2009 - 2010,
,,2010 - 2011,
,,2011 - 2012,
,,2012 - 2013,
,,2013 - 2014,
,,2014 - 2015,
,,2015 - 2016,
,,2016 - 2017,
,,2017 - 2018,
,,2018 - 2019,
,,2019 - 2020,
,,2022 - 2023,
,Faridkot,2002 - 2003,0.71
,,2003 - 2004,0.73
,,2004 - 2005,0.67
,,2005 - 2006,0.75
,,2006 - 2007,1.0
,,2007 - 2008,
,,2008 - 2009,
,,2009 - 2010,
,,2010 - 2011,
,,2012 - 2013,
,,2013 - 2014,
,,2014 - 2015,
,,2015 - 2016,
,,2016 - 2017,
,,2017 - 2018,
,,2018 - 2019,
,,2021 - 2022,
,Fatehgarh sahib,2021 - 2022,
,Fazilka,2011 - 2012,
,,2012 - 2013,
,,2013 - 2014,
,,2015 - 2016,
,,2016 - 2017,
,,2017 - 2018,
,,2018 - 2019,
,,2019 - 2020,
,,2020 - 2021,
,,2021 - 2022,
,,2022 - 2023,
,Firozepur,2002 - 2003,0.74
,,2003 - 2004,0.76
,,2004 - 2005,0.79
,,2005 - 2006,0.72
,,2006 - 2007,0.73
,,2007 - 2008,
,,2008 - 2009,
,,2009 - 2010,
,,2010 - 2011,
,,2013 - 2014,
,,2014 - 2015,
,,2015 - 2016,
,,2016 - 2017,
,,2017 - 2018,
,,2021 - 2022,
,Hoshiarpur,2021 - 2022,
,Jalandhar,2021 - 2022,
,Kapurthala,2021 - 2022,
,Mansa,2002 - 2003,0.65
,,2003 - 2004,0.49
,,2004 - 2005,0.55
,,2005 - 2006,0.74
,,2006 - 2007,0.84
,,2007 - 2008,
,,2008 - 2009,
,,2009 - 2010,
,,2010 - 2011,
,,2011 - 2012,
,,2012 - 2013,
,,2013 - 2014,
,,2014 - 2015,
,,2015 - 2016,
,,2016 - 2017,
,,2017 - 2018,
,,2018 - 2019,
,,2019 - 2020,
,,2022 - 2023,
,Moga,2003 - 2004,0.5
,,2004 - 2005,1.0
,,2009 - 2010,
,Muktsar,2002 - 2003,0.59
,,2003 - 2004,0.63
,,2004 - 2005,0.64
,,2005 - 2006,0.74
,,2006 - 2007,0.77
,,2007 - 2008,
,,2008 - 2009,
,,2009 - 2010,
,,2010 - 2011,
,,2012 - 2013,
,,2013 - 2014,
,,2014 - 2015,
,,2015 - 2016,
,,2016 - 2017,
,,2017 - 2018,
,,2018 - 2019,
,,2019 - 2020,
,,2020 - 2021,
,,2021 - 2022,
,,2022 - 2023,
,Nawanshahr,2013 - 2014,
,,2014 - 2015,
,,2020 - 2021,
,Patiala,2004 - 2005,1.0
,Rupnagar,2021 - 2022,
,Sangrur,2003 - 2004,0.8
,,2004 - 2005,1.0
,,2005 - 2006,1.0
,,2013 - 2014,
,,2014 - 2015,
,,2015 - 2016,
,,2016 - 2017,
,,2017 - 2018,
,,2018 - 2019,
,,2020 - 2021,
Rajasthan,Ajmer,2000 - 2001,0.05
,,2001 - 2002,0.74
,,2002 - 2003,0.0
,,2003 - 2004,0.0
,,2004 - 2005,0.07
,,2005 - 2006,0.11
,,2006 - 2007,0.66
,,2007 - 2008,0.54
,,2008 - 2009,0.45
,,2009 - 2010,0.0
,,2010 - 2011,0.86
,,2011 - 2012,0.67
,,2012 - 2013,0.57
,,2013 - 2014,0.67
,,2014 - 2015,0.59
,,2015 - 2016,0.32
,,2016 - 2017,0.78
,,2017 - 2018,0.8
,,2018 - 2019,0.82
,,2019 - 2020,1.03
,,2020 - 2021,0.97
,,2021 - 2022,0.79
,,2022 - 2023,0.81
,Alwar,2000 - 2001,0.89
,,2001 - 2002,0.47
,,2002 - 2003,0.03
,,2003 - 2004,0.0
,,2004 - 2005,3.42
,,2005 - 2006,0.61
,,2006 - 2007,1.16
,,2007 - 2008,1.15
,,2008 - 2009,1.15
,,2009 - 2010,0.12
,,2010 - 2011,1.02
,,2011 - 2012,1.15
,,2012 - 2013,1.17
,,2013 - 2014,1.23
,,2014 - 2015,1.14
,,2015 - 2016,1.01
,,2016 - 2017,1.01
,,2017 - 2018,0.99
,,2018 - 2019,1.08
,,2019 - 2020,1.02
,,2020 - 2021,1.32
,,2021 - 2022,1.22
,,2022 - 2023,1.34
,Banswara,2000 - 2001,0.17
,,2001 - 2002,0.54
,,2002 - 2003,0.28
,,2003 - 2004,0.0
,,2004 - 2005,0.18
,,2005 - 2006,0.38
,,2006 - 2007,0.08
,,2007 - 2008,0.7
,,2009 - 2010,0.17
,,2010 - 2011,0.52
,,2011 - 2012,0.6
,,2012 - 2013,0.7
,,2013 - 2014,0.86
,,2014 - 2015,0.59
,,2015 - 2016,0.47
,,2016 - 2017,0.4
,,2017 - 2018,0.33
,,2018 - 2019,0.33
,,2019 - 2020,0.45
,,2020 - 2021,0.45
,,2021 - 2022,0.42
,,2022 - 2023,0.54
,Baran,2003 - 2004,0.0
,,2004 - 2005,1.54
,,2005 - 2006,0.69
,,2013 - 2014,0.57
,,2014 - 2015,0.59
,,2015 - 2016,0.46
,,2016 - 2017,0.4
,,2017 - 2018,0.36
,,2018 - 2019,0.5
,,2022 - 2023,0.54
,Barmer,2000 - 2001,0.13
,,2001 - 2002,0.07
,,2002 - 2003,0.01
,,2003 - 2004,0.0
,,2004 - 2005,0.05
,,2005 - 2006,0.07
,,2006 - 2007,0.13
,,2007 - 2008,0.21
,,2008 - 2009,0.07
,,2009 - 2010,0.0
,,2010 - 2011,0.35
,,2011 - 2012,0.26
,,2012 - 2013,0.14
,,2013 - 2014,0.23
,,2014 - 2015,0.2
,,2015 - 2016,0.17
,,2016 - 2017,0.1
,,2017 - 2018,0.19
,,2018 - 2019,0.07
,,2019 - 2020,0.51
,,2020 - 2021,0.42
,,2021 - 2022,0.16
,,2022 - 2023,0.46
,Bharatpur,2000 - 2001,0.91
,,2001 - 2002,0.93
,,2002 - 2003,0.08
,,2003 - 2004,0.0
,,2004 - 2005,0.87
,,2005 - 2006,0.91
,,2006 - 2007,0.98
,,2007 - 2008,0.88
,,2008 - 2009,0.97
,,2009 - 2010,0.95
,,2010 - 2011,1.46
,,2011 - 2012,1.28
,,2012 - 2013,1.27
,,2013 - 2014,1.3
,,2014 - 2015,1.06
,,2015 - 2016,1.26
,,2016 - 2017,1.06
,,2017 - 2018,0.89
,,2018 - 2019,1.1
,,2019 - 2020,1.29
,,2020 - 2021,1.26
,,2021 - 2022,1.22
,,2022 - 2023,1.13
,Bhilwara,2000 - 2001,0.01
,,2001 - 2002,0.1
,,2002 - 2003,0.01
,,2003 - 2004,0.0
,,2004 - 2005,0.46
,,2005 - 2006,0.12
,,2006 - 2007,0.6
,,2007 - 2008,0.51
,,2008 - 2009,0.24
,,2009 - 2010,0.01
,,2010 - 2011,0.65
,,2011 - 2012,0.55
,,2012 - 2013,0.55
,,2013 - 2014,0.62
,,2014 - 2015,0.66
,,2015 - 2016,0.29
,,2016 - 2017,0.7
,,2017 - 2018,0.68
,,2018 - 2019,0.82
,,2019 - 2020,0.72
,,2020 - 2021,0.94
,,2021 - 2022,0.92
,,2022 - 2023,0.99
,Bikaner,2000 - 2001,0.06
,,2001 - 2002,0.43
,,2002 - 2003,0.04
,,2003 - 2004,0.0
,,2004 - 2005,0.07
,,2005 - 2006,0.16
,,2006 - 2007,0.21
,,2007 - 2008,0.42
,,2008 - 2009,0.38
,,2009 - 2010,0.07
,,2010 - 2011,0.46
,,2011 - 2012,0.58
,,2012 - 2013,0.31
,,2013 - 2014,0.45
,,2014 - 2015,0.49
,,2015 - 2016,0.39
,,2016 - 2017,0.41
,,2017 - 2018,0.38
,,2018 - 2019,0.27
,,2019 - 2020,0.3
,,2020 - 2021,0.27
,,2021 - 2022,0.32
,,2022 - 2023,0.56
,Bundi,2000 - 2001,0.1
,,2001 - 2002,0.67
,,2002 - 2003,0.19
,,2003 - 2004,0.0
,,2004 - 2005,1.0
,,2005 - 2006,1.47
,,2006 - 2007,0.86
,,2007 - 2008,1.28
,,2008 - 2009,1.0
,,2009 - 2010,0.0
,,2010 - 2011,0.52
,,2011 - 2012,0.6
,,2012 - 2013,0.45
,,2013 - 2014,0.56
,,2014 - 2015,0.59
,,2015 - 2016,0.46
,,2016 - 2017,1.2
,,2017 - 2018,0.37
,,2018 - 2019,0.33
,,2019 - 2020,0.45
,,2020 - 2021,0.46
,,2021 - 2022,0.42
,,2022 - 2023,0.54
,Chittorgarh,2000 - 2001,0.24
,,2001 - 2002,5.01
,,2002 - 2003,0.14
,,2003 - 2004,0.0
,,2004 - 2005,0.65
,,2005 - 2006,0.83
,,2006 - 2007,0.99
,,2007 - 2008,1.0
,,2008 - 2009,1.0
,,2009 - 2010,0.32
,,2010 - 2011,0.44
,,2011 - 2012,0.78
,,2012 - 2013,0.65
,,2013 - 2014,0.89
,,2014 - 2015,0.77
,,2015 - 2016,0.53
,,2016 - 2017,0.48
,,2017 - 2018,0.66
,,2018 - 2019,0.33
,,2019 - 2020,0.45
,,2020 - 2021,0.91
,,2021 - 2022,0.7
,,2022 - 2023,0.78
,Churu,2000 - 2001,0.07
,,2001 - 2002,0.17
,,2002 - 2003,0.0
,,2003 - 2004,0.0
,,2004 - 2005,0.05
,,2005 - 2006,0.09
,,2006 - 2007,0.05
,,2007 - 2008,0.19
,,2008 - 2009,0.2
,,2009 - 2010,0.0
,,2010 - 2011,0.38
,,2011 - 2012,0.51
,,2012 - 2013,0.2
,,2013 - 2014,0.4
,,2014 - 2015,0.43
,,2015 - 2016,0.22
,,2016 - 2017,0.29
,,2017 - 2018,0.3
,,2018 - 2019,0.32
,,2019 - 2020,0.34
,,2020 - 2021,0.44
,,2021 - 2022,0.49
,,2022 - 2023,0.48
,Dausa,2000 - 2001,0.21
,,2001 - 2002,0.78
,,2002 - 2003,0.1
,,2003 - 2004,0.0
,,2004 - 2005,0.71
,,2005 - 2006,0.75
,,2006 - 2007,0.81
,,2007 - 2008,0.92
,,2008 - 2009,0.62
,,2009 - 2010,0.42
,,2010 - 2011,0.89
,,2011 - 2012,0.85
,,2012 - 2013,1.05
,,2013 - 2014,1.06
,,2014 - 2015,0.97
,,2015 - 2016,0.77
,,2016 - 2017,1.05
,,2017 - 2018,0.87
,,2018 - 2019,1.06
,,2019 - 2020,1.15
,,2020 - 2021,1.14
,,2021 - 2022,1.2
,,2022 - 2023,1.15
,Dholpur,2000 - 2001,0.81
,,2001 - 2002,0.81
,,2002 - 2003,0.18
,,2003 - 2004,0.0
,,2004 - 2005,1.4
,,2005 - 2006,1.3
,,2006 - 2007,1.3
,,2007 - 2008,1.0
,,2008 - 2009,1.0
,,2009 - 2010,1.0
,,2010 - 2011,0.52
,,2011 - 2012,0.6
,,2012 - 2013,0.45
,,2013 - 2014,0.56
,,2014 - 2015,0.59
,,2015 - 2016,0.46
,,2016 - 2017,1.29
,,2017 - 2018,1.1
,,2018 - 2019,1.25
,,2019 - 2020,0.45
,,2020 - 2021,0.46
,,2021 - 2022,0.42
,,2022 - 2023,0.55
,Dungarpur,2000 - 2001,0.1
,,2002 - 2003,0.21
,,2003 - 2004,0.0
,,2004 - 2005,0.36
,,2005 - 2006,0.28
,,2006 - 2007,0.03
,,2007 - 2008,1.6
,,2008 - 2009,0.22
,,2009 - 2010,0.13
,,2010 - 2011,0.52
,,2011 - 2012,0.54
,,2012 - 2013,0.39
,,2013 - 2014,0.79
,,2014 - 2015,0.72
,,2015 - 2016,0.53
,,2016 - 2017,0.86
,,2017 - 2018,0.43
,,2018 - 2019,1.0
,,2019 - 2020,0.45
,,2020 - 2021,0.46
,,2021 - 2022,0.42
,,2022 - 2023,0.54
,Ganganagar,2000 - 2001,0.36
,,2001 - 2002,0.34
,,2002 - 2003,0.3
,,2003 - 2004,0.0
,,2004 - 2005,0.33
,,2005 - 2006,0.68
,,2006 - 2007,0.81
,,2007 - 2008,0.81
,,2008 - 2009,0.79
,,2009 - 2010,0.07
,,2010 - 2011,0.9
,,2011 - 2012,1.21
,,2012 - 2013,1.05
,,2013 - 2014,1.09
,,2014 - 2015,1.17
,,2015 - 2016,0.97
,,2016 - 2017,0.75
,,2017 - 2018,0.63
,,2018 - 2019,0.53
,,2019 - 2020,0.66
,,2020 - 2021,0.72
,,2021 - 2022,0.65
,,2022 - 2023,0.83
,Hanumangarh,2000 - 2001,0.36
,,2001 - 2002,0.35
,,2002 - 2003,0.05
,,2003 - 2004,0.0
,,2004 - 2005,0.15
,,2005 - 2006,0.73
,,2006 - 2007,0.27
,,2007 - 2008,0.87
,,2008 - 2009,0.85
,,2009 - 2010,0.37
,,2010 - 2011,0.74
,,2011 - 2012,1.0
,,2012 - 2013,1.15
,,2013 - 2014,0.95
,,2014 - 2015,0.89
,,2015 - 2016,0.38
,,2016 - 2017,0.35
,,2017 - 2018,0.33
,,2018 - 2019,0.34
,,2019 - 2020,0.35
,,2020 - 2021,0.48
,,2021 - 2022,0.6
,,2022 - 2023,0.51
,Jaipur,2000 - 2001,0.08
,,2001 - 2002,0.85
,,2002 - 2003,0.02
,,2003 - 2004,0.0
,,2004 - 2005,0.74
,,2005 - 2006,0.49
,,2006 - 2007,0.8
,,2007 - 2008,0.78
,,2008 - 2009,0.79
,,2009 - 2010,0.26
,,2010 - 2011,0.92
,,2011 - 2012,0.94
,,2012 - 2013,0.81
,,2013 - 2014,1.07
,,2014 - 2015,1.03
,,2015 - 2016,0.75
,,2016 - 2017,1.05
,,2017 - 2018,0.95
,,2018 - 2019,1.0
,,2019 - 2020,1.23
,,2020 - 2021,1.25
,,2021 - 2022,1.18
,,2022 - 2023,1.17
,Jaisalmer,2000 - 2001,0.24
,,2001 - 2002,0.1
,,2002 - 2003,0.0
,,2003 - 2004,0.0
,,2004 - 2005,0.01
,,2005 - 2006,0.09
,,2006 - 2007,0.04
,,2007 - 2008,0.06
,,2008 - 2009,0.04
,,2009 - 2010,0.01
,,2010 - 2011,0.3
,,2011 - 2012,0.32
,,2012 - 2013,0.09
,,2013 - 2014,0.09
,,2014 - 2015,0.04
,,2015 - 2016,0.33
,,2016 - 2017,0.1
,,2017 - 2018,0.14
,,2018 - 2019,0.06
,,2019 - 2020,0.2
,,2020 - 2021,0.21
,,2021 - 2022,0.2
,,2022 - 2023,0.21
,Jalore,2000 - 2001,0.01
,,2001 - 2002,0.47
,,2002 - 2003,0.01
,,2003 - 2004,0.0
,,2004 - 2005,0.05
,,2005 - 2006,0.36
,,2006 - 2007,0.67
,,2007 - 2008,0.55
,,2008 - 2009,0.3
,,2009 - 2010,0.0
,,2010 - 2011,0.62
,,2011 - 2012,0.64
,,2012 - 2013,0.56
,,2013 - 2014,0.33
,,2014 - 2015,0.55
,,2015 - 2016,0.2
,,2016 - 2017,0.31
,,2017 - 2018,0.3
,,2018 - 2019,0.11
,,2019 - 2020,0.54
,,2020 - 2021,0.5
,,2021 - 2022,0.11
,,2022 - 2023,0.54
,Jhalawar,2008 - 2009,0.33
,,2012 - 2013,0.45
,,2013 - 2014,0.57
,,2014 - 2015,0.58
,,2015 - 2016,0.5
,,2016 - 2017,0.43
,,2017 - 2018,0.33
,,2018 - 2019,0.5
,,2020 - 2021,0.5
,,2021 - 2022,0.5
,,2022 - 2023,1.0
,Jhunjhunu,2000 - 2001,0.09
,,2001 - 2002,1.01
,,2002 - 2003,0.02
,,2003 - 2004,0.0
,,2004 - 2005,0.66
,,2005 - 2006,0.28
,,2006 - 2007,0.19
,,2007 - 2008,0.22
,,2008 - 2009,0.21
,,2009 - 2010,0.02
,,2010 - 2011,0.74
,,2011 - 2012,0.87
,,2012 - 2013,0.75
,,2013 - 2014,0.93
,,2014 - 2015,0.92
,,2015 - 2016,0.77
,,2016 - 2017,0.89
,,2017 - 2018,0.98
,,2018 - 2019,1.03
,,2019 - 2020,0.91
,,2020 - 2021,0.91
,,2021 - 2022,0.86
,,2022 - 2023,1.02
,Jodhpur,2000 - 2001,0.06
,,2001 - 2002,0.42
,,2002 - 2003,0.49
,,2003 - 2004,0.0
,,2004 - 2005,0.07
,,2005 - 2006,0.06
,,2006 - 2007,0.03
,,2007 - 2008,0.14
,,2008 - 2009,0.1
,,2009 - 2010,0.0
,,2010 - 2011,0.63
,,2011 - 2012,0.65
,,2012 - 2013,0.32
,,2013 - 2014,0.64
,,2014 - 2015,0.6
,,2015 - 2016,0.5
,,2016 - 2017,0.52
,,2017 - 2018,0.37
,,2018 - 2019,0.38
,,2019 - 2020,0.91
,,2020 - 2021,0.76
,,2021 - 2022,0.48
,,2022 - 2023,0.55
,Karauli,2000 - 2001,0.38
,,2001 - 2002,0.79
,,2002 - 2003,0.13
,,2003 - 2004,0.0
,,2004 - 2005,0.85
,,2005 - 2006,1.05
,,2006 - 2007,1.11
,,2007 - 2008,1.21
,,2008 - 2009,1.2
,,2009 - 2010,2.0
,,2010 - 2011,0.52
,,2011 - 2012,1.12
,,2012 - 2013,1.18
,,2013 - 2014,1.31
,,2014 - 2015,1.28
,,2015 - 2016,1.26
,,2016 - 2017,1.28
,,2017 - 2018,1.32
,,2018 - 2019,1.43
,,2019 - 2020,1.57
,,2020 - 2021,1.74
,,2021 - 2022,1.86
,,2022 - 2023,1.4
,Kota,2000 - 2001,0.58
,,2001 - 2002,1.0
,,2003 - 2004,0.0
,,2006 - 2007,0.0
,,2007 - 2008,0.0
,,2012 - 2013,0.45
,,2013 - 2014,0.56
,,2014 - 2015,0.59
,,2015 - 2016,0.46
,,2016 - 2017,0.4
,,2017 - 2018,0.37
,,2018 - 2019,0.38
,Nagaur,2000 - 2001,0.16
,,2001 - 2002,0.27
,,2002 - 2003,0.02
,,2003 - 2004,0.0
,,2004 - 2005,0.18
,,2005 - 2006,0.42
,,2006 - 2007,0.27
,,2007 - 2008,0.54
,,2008 - 2009,0.49
,,2009 - 2010,0.16
,,2010 - 2011,0.48
,,2011 - 2012,0.53
,,2012 - 2013,0.09
,,2013 - 2014,0.47
,,2014 - 2015,0.62
,,2015 - 2016,0.45
,,2016 - 2017,0.58
,,2017 - 2018,0.51
,,2018 - 2019,0.68
,,2019 - 2020,0.7
,,2020 - 2021,0.74
,,2021 - 2022,0.66
,,2022 - 2023,0.72
,Pali,2000 - 2001,0.0
,,2001 - 2002,0.77
,,2002 - 2003,0.0
,,2003 - 2004,0.0
,,2004 - 2005,0.31
,,2005 - 2006,0.33
,,2006 - 2007,0.71
,,2007 - 2008,0.68
,,2008 - 2009,0.21
,,2009 - 2010,0.09
,,2010 - 2011,0.84
,,2011 - 2012,0.64
,,2012 - 2013,0.53
,,2013 - 2014,0.35
,,2014 - 2015,0.41
,,2015 - 2016,0.69
,,2016 - 2017,0.38
,,2017 - 2018,0.27
,,2018 - 2019,0.56
,,2019 - 2020,0.52
,,2020 - 2021,0.64
,,2021 - 2022,0.4
,,2022 - 2023,0.65
,Pratapgarh,2008 - 2009,1.1
,,2009 - 2010,1.19
,,2010 - 2011,0.51
,,2011 - 2012,0.6
,,2012 - 2013,0.45
,,2013 - 2014,0.57
,,2014 - 2015,0.59
,,2016 - 2017,0.4
,,2017 - 2018,0.37
,,2018 - 2019,0.34
,,2019 - 2020,0.46
,,2020 - 2021,0.45
,,2021 - 2022,0.41
,,2022 - 2023,0.53
,Rajsamand,2000 - 2001,0.03
,,2001 - 2002,1.8
,,2002 - 2003,0.1
,,2003 - 2004,0.0
,,2004 - 2005,0.41
,,2005 - 2006,0.58
,,2006 - 2007,1.31
,,2007 - 2008,0.86
,,2008 - 2009,0.76
,,2009 - 2010,0.32
,,2010 - 2011,0.52
,,2011 - 2012,0.72
,,2012 - 2013,0.78
,,2013 - 2014,0.52
,,2014 - 2015,1.0
,,2015 - 2016,0.26
,,2016 - 2017,0.99
,,2017 - 2018,0.79
,,2018 - 2019,1.14
,,2019 - 2020,1.01
,,2020 - 2021,1.17
,,2021 - 2022,1.28
,,2022 - 2023,1.03
,Sawai madhopur,2000 - 2001,0.19
,,2001 - 2002,0.41
,,2002 - 2003,0.0
,,2003 - 2004,0.0
,,2004 - 2005,0.5
,,2005 - 2006,0.5
,,2006 - 2007,0.46
,,2007 - 2008,0.47
,,2008 - 2009,0.5
,,2009 - 2010,0.35
,,2010 - 2011,0.52
,,2011 - 2012,1.0
,,2012 - 2013,1.07
,,2013 - 2014,1.13
,,2014 - 2015,1.03
,,2015 - 2016,1.03
,,2016 - 2017,0.91
,,2017 - 2018,0.64
,,2018 - 2019,0.91
,,2019 - 2020,1.14
,,2020 - 2021,0.94
,,2021 - 2022,1.2
,,2022 - 2023,1.02
,Sikar,2000 - 2001,0.11
,,2001 - 2002,0.5
,,2002 - 2003,0.02
,,2003 - 2004,0.0
,,2004 - 2005,0.31
,,2005 - 2006,0.31
,,2006 - 2007,0.42
,,2007 - 2008,0.52
,,2008 - 2009,0.41
,,2009 - 2010,0.08
,,2010 - 2011,0.78
,,2011 - 2012,0.94
,,2012 - 2013,0.62
,,2013 - 2014,0.74
,,2014 - 2015,0.89
,,2015 - 2016,0.71
,,2016 - 2017,0.81
,,2017 - 2018,0.59
,,2018 - 2019,0.71
,,2019 - 2020,0.86
,,2020 - 2021,0.91
,,2021 - 2022,0.85
,,2022 - 2023,0.82
,Sirohi,2000 - 2001,0.05
,,2001 - 2002,1.0
,,2002 - 2003,0.0
,,2003 - 2004,0.0
,,2004 - 2005,0.05
,,2005 - 2006,0.81
,,2006 - 2007,0.54
,,2007 - 2008,1.0
,,2008 - 2009,0.38
,,2009 - 2010,0.02
,,2010 - 2011,0.86
,,2011 - 2012,0.74
,,2012 - 2013,0.8
,,2013 - 2014,0.33
,,2014 - 2015,0.68
,,2015 - 2016,0.74
,,2016 - 2017,0.52
,,2017 - 2018,0.0
,,2018 - 2019,0.56
,,2019 - 2020,0.97
,,2020 - 2021,0.64
,,2021 - 2022,0.25
,,2022 - 2023,0.68
,Tonk,2000 - 2001,0.03
,,2001 - 2002,0.42
,,2002 - 2003,0.05
,,2003 - 2004,0.0
,,2004 - 2005,0.78
,,2005 - 2006,0.87
,,2006 - 2007,1.0
,,2007 - 2008,1.0
,,2008 - 2009,0.8
,,2009 - 2010,0.33
,,2010 - 2011,0.52
,,2011 - 2012,0.82
,,2012 - 2013,0.66
,,2013 - 2014,0.76
,,2014 - 2015,0.77
,,2015 - 2016,0.58
,,2016 - 2017,0.84
,,2017 - 2018,0.85
,,2018 - 2019,1.0
,,2019 - 2020,0.72
,,2020 - 2021,0.9
,,2021 - 2022,0.97
,,2022 - 2023,0.91
,Udaipur,2000 - 2001,0.19
,,2001 - 2002,0.66
,,2002 - 2003,0.33
,,2003 - 2004,0.0
,,2004 - 2005,0.68
,,2005 - 2006,0.63
,,2006 - 2007,0.33
,,2007 - 2008,1.16
,,2008 - 2009,0.78
,,2009 - 2010,0.37
,,2010 - 2011,1.02
,,2011 - 2012,0.74
,,2012 - 2013,0.68
,,2013 - 2014,0.95
,,2014 - 2015,0.78
,,2015 - 2016,0.56
,,2016 - 2017,0.51
,,2017 - 2018,0.73
,,2018 - 2019,1.15
,,2019 - 2020,0.38
,,2020 - 2021,0.84
,,2021 - 2022,0.73
,,2022 - 2023,0.48
Uttar Pradesh,Agra,2004 - 2005,0.85
,,2005 - 2006,0.81
,,2006 - 2007,0.84
,,2007 - 2008,
,,2008 - 2009,
,,2009 - 2010,
,,2010 - 2011,
,,2011 - 2012,
,,2012 - 2013,
,,2013 - 2014,
,,2014 - 2015,
,,2015 - 2016,
,,2016 - 2017,
,,2017 - 2018,
,,2018 - 2019,
,,2019 - 2020,
,,2020 - 2021,
,,2021 - 2022,
,,2022 - 2023,
,Aligarh,2004 - 2005,0.85
,,2005 - 2006,0.81
,,2006 - 2007,0.84
,,2007 - 2008,
,,2008 - 2009,
,,2009 - 2010,
,,2010 - 2011,
,,2011 - 2012,
,,2012 - 2013,
,,2013 - 2014,
,,2014 - 2015,
,,2015 - 2016,
,,2016 - 2017,
,,2017 - 2018,
,,2018 - 2019,
,,2019 - 2020,
,,2020 - 2021,
,,2021 - 2022,
,,2022 - 2023,
,Allahabad,2004 - 2005,0.83
,,2005 - 2006,0.81
,,2006 - 2007,0.83
,,2007 - 2008,
,,2008 - 2009,
,,2009 - 2010,
,,2010 - 2011,
,,2011 - 2012,
,,2012 - 2013,
,,2013 - 2014,
,,2014 - 2015,
,,2015 - 2016,
,,2016 - 2017,
,,2017 - 2018,
,,2018 - 2019,
,,2019 - 2020,
,,2020 - 2021,
,,2021 - 2022,
,,2022 - 2023,
,Ambedkar nagar,2004 - 2005,0.86
,,2006 - 2007,0.75
,,2007 - 2008,
,,2008 - 2009,
,,2009 - 2010,
,,2010 - 2011,
,,2011 - 2012,
,,2012 - 2013,
,,2013 - 2014,
,,2014 - 2015,
,,2016 - 2017,
,,2017 - 2018,
,,2019 - 2020,
,,2020 - 2021,
,,2021 - 2022,
,,2022 - 2023,
,Amethi,2012 - 2013,
,,2014 - 2015,
,,2016 - 2017,
,,2017 - 2018,
,,2019 - 2020,
,,2020 - 2021,
,,2021 - 2022,
,,2022 - 2023,
,Amroha,2013 - 2014,
,,2015 - 2016,
,,2016 - 2017,
,,2017 - 2018,
,Auraiya,2004 - 2005,0.86
,,2005 - 2006,0.78
,,2006 - 2007,0.85
,,2007 - 2008,
,,2008 - 2009,
,,2009 - 2010,
,,2010 - 2011,
,,2011 - 2012,
,,2012 - 2013,
,,2013 - 2014,
,,2014 - 2015,
,,2015 - 2016,
,,2016 - 2017,
,,2017 - 2018,
,,2020 - 2021,
,,2021 - 2022,
,,2022 - 2023,
,Azamgarh,2004 - 2005,0.86
,,2005 - 2006,0.77
,,2006 - 2007,0.83
,,2007 - 2008,
,,2008 - 2009,
,,2009 - 2010,
,,2010 - 2011,
,,2011 - 2012,
,,2012 - 2013,
,,2013 - 2014,
,,2014 - 2015,
,,2015 - 2016,
,,2016 - 2017,
,,2017 - 2018,
,,2018 - 2019,
,,2019 - 2020,
,,2020 - 2021,
,,2021 - 2022,
,,2022 - 2023,
,Bahraich,2004 - 2005,0.85
,,2005 - 2006,0.81
,,2006 - 2007,0.83
,,2007 - 2008,
,,2008 - 2009,
,,2009 - 2010,
,,2010 - 2011,
,,2011 - 2012,
,,2012 - 2013,
,,2013 - 2014,
,,2014 - 2015,
,,2015 - 2016,
,,2016 - 2017,
,,2017 - 2018,
,,2018 - 2019,
,,2019 - 2020,
,,2020 - 2021,
,,2021 - 2022,
,,2022 - 2023,
,Ballia,2004 - 2005,0.85
,,2006 - 2007,0.85
,,2007 - 2008,
,,2008 - 2009,
,,2009 - 2010,
,,2010 - 2011,
,,2011 - 2012,
,,2012 - 2013,
,,2013 - 2014,
,,2014 - 2015,
,,2016 - 2017,
,,2017 - 2018,
,,2018 - 2019,
,,2019 - 2020,
,,2020 - 2021,
,,2021 - 2022,
,,2022 - 2023,
,Balrampur,2005 - 2006,0.83
,,2006 - 2007,0.83
,,2007 - 2008,
,,2008 - 2009,
,,2009 - 2010,
,,2010 - 2011,
,,2011 - 2012,
,,2012 - 2013,
,,2013 - 2014,
,,2014 - 2015,
,,2016 - 2017,
,,2017 - 2018,
,,2018 - 2019,
,,2019 - 2020,
,,2020 - 2021,
,,2021 - 2022,
,,2022 - 2023,
,Banda,2004 - 2005,0.86
,,2005 - 2006,0.81
,,2006 - 2007,0.86
,,2007 - 2008,
,,2008 - 2009,
,,2009 - 2010,
,,2010 - 2011,
,,2011 - 2012,
,,2012 - 2013,
,,2013 - 2014,
,,2014 - 2015,
,,2016 - 2017,
,,2017 - 2018,
,,2018 - 2019,
,,2019 - 2020,
,,2020 - 2021,
,,2021 - 2022,
,,2022 - 2023,
,Barabanki,2005 - 2006,0.8
,,2007 - 2008,
,,2008 - 2009,
,,2009 - 2010,
,,2010 - 2011,
,,2011 - 2012,
,,2012 - 2013,
,,2013 - 2014,
,,2014 - 2015,
,,2015 - 2016,
,,2016 - 2017,
,,2017 - 2018,
,,2019 - 2020,
,,2020 - 2021,
,,2021 - 2022,
,,2022 - 2023,
,Bareilly,2004 - 2005,0.85
,,2005 - 2006,0.75
,,2006 - 2007,0.86
,,2007 - 2008,
,,2008 - 2009,
,,2009 - 2010,
,,2010 - 2011,
,,2011 - 2012,
,,2013 - 2014,
,,2014 - 2015,
,,2016 - 2017,
,,2017 - 2018,
,,2019 - 2020,
,,2020 - 2021,
,,2021 - 2022,
,,2022 - 2023,
,Basti,2004 - 2005,0.84
,,2005 - 2006,0.82
,,2006 - 2007,0.84
,,2007 - 2008,
,,2008 - 2009,
,,2009 - 2010,
,,2010 - 2011,
,,2011 - 2012,
,,2012 - 2013,
,,2014 - 2015,
,,2015 - 2016,
,,2016 - 2017,
,,2017 - 2018,
,,2018 - 2019,
,,2019 - 2020,
,,2020 - 2021,
,,2021 - 2022,
,,2022 - 2023,
,Bijnor,2004 - 2005,0.83
,,2005 - 2006,0.67
,,2006 - 2007,0.83
,,2007 - 2008,
,,2008 - 2009,
,,2009 - 2010,
,,2010 - 2011,
,,2011 - 2012,
,,2012 - 2013,
,,2013 - 2014,
,,2014 - 2015,
,,2015 - 2016,
,,2016 - 2017,
,,2017 - 2018,
,,2019 - 2020,
,,2020 - 2021,
,,2021 - 2022,
,,2022 - 2023,
,Budaun,2004 - 2005,0.86
,,2005 - 2006,0.84
,,2006 - 2007,0.82
,,2007 - 2008,
,,2008 - 2009,
,,2009 - 2010,
,,2010 - 2011,
,,2011 - 2012,
,,2012 - 2013,
,,2013 - 2014,
,,2015 - 2016,
,,2016 - 2017,
,,2017 - 2018,
,,2019 - 2020,
,,2020 - 2021,
,,2021 - 2022,
,,2022 - 2023,
,Bulandshahr,2004 - 2005,0.85
,,2005 - 2006,0.81
,,2006 - 2007,0.84
,,2007 - 2008,
,,2008 - 2009,
,,2009 - 2010,
,,2010 - 2011,
,,2011 - 2012,
,,2012 - 2013,
,,2013 - 2014,
,,2014 - 2015,
,,2016 - 2017,
,,2017 - 2018,
,,2018 - 2019,
,,2019 - 2020,
,,2020 - 2021,
,,2021 - 2022,
,,2022 - 2023,
,Chandauli,2004 - 2005,0.84
,,2005 - 2006,0.8
,,2006 - 2007,0.87
,,2007 - 2008,
,,2008 - 2009,
,,2009 - 2010,
,,2010 - 2011,
,,2011 - 2012,
,,2012 - 2013,
,,2013 - 2014,
,,2014 - 2015,
,,2015 - 2016,
,,2016 - 2017,
,,2017 - 2018,
,,2019 - 2020,
,,2020 - 2021,
,,2021 - 2022,
,,2022 - 2023,
,Chitrakoot,2004 - 2005,0.85
,,2005 - 2006,0.81
,,2006 - 2007,0.84
,,2007 - 2008,
,,2008 - 2009,
,,2009 - 2010,
,,2010 - 2011,
,,2011 - 2012,
,,2012 - 2013,
,,2013 - 2014,
,,2014 - 2015,
,,2015 - 2016,
,,2016 - 2017,
,,2017 - 2018,
,,2018 - 2019,
,,2019 - 2020,
,,2020 - 2021,
,,2021 - 2022,
,,2022 - 2023,
,Deoria,2004 - 2005,1.0
,,2006 - 2007,0.83
,,2007 - 2008,
,,2008 - 2009,
,,2009 - 2010,
,,2010 - 2011,
,,2011 - 2012,
,,2012 - 2013,
,,2014 - 2015,
,,2016 - 2017,
,,2017 - 2018,
,,2018 - 2019,
,,2019 - 2020,
,,2020 - 2021,
,,2021 - 2022,
,,2022 - 2023,
,Etah,2004 - 2005,0.83
,,2005 - 2006,0.81
,,2006 - 2007,0.84
,,2007 - 2008,
,,2008 - 2009,
,,2009 - 2010,
,,2010 - 2011,
,,2011 - 2012,
,,2012 - 2013,
,,2013 - 2014,
,,2014 - 2015,
,,2015 - 2016,
,,2016 - 2017,
,,2017 - 2018,
,,2020 - 2021,
,,2021 - 2022,
,,2022 - 2023,
,Etawah,2004 - 2005,0.86
,,2005 - 2006,0.88
,,2006 - 2007,0.89
,,2007 - 2008,
,,2008 - 2009,
,,2009 - 2010,
,,2010 - 2011,
,,2011 - 2012,
,,2012 - 2013,
,,2013 - 2014,
,,2014 - 2015,
,,2015 - 2016,
,,2016 - 2017,
,,2017 - 2018,
,,2018 - 2019,
,,2019 - 2020,
,,2020 - 2021,
,,2021 - 2022,
,,2022 - 2023,
,Faizabad,2004 - 2005,0.84
,,2005 - 2006,0.82
,,2006 - 2007,0.85
,,2007 - 2008,
,,2008 - 2009,
,,2009 - 2010,
,,2010 - 2011,
,,2011 - 2012,
,,2012 - 2013,
,,2013 - 2014,
,,2014 - 2015,
,,2015 - 2016,
,,2016 - 2017,
,,2017 - 2018,
,,2018 - 2019,
,,2019 - 2020,
,,2020 - 2021,
,,2021 - 2022,
,,2022 - 2023,
,Farrukhabad,2004 - 2005,0.85
,,2005 - 2006,0.8
,,2006 - 2007,0.84
,,2007 - 2008,
,,2008 - 2009,
,,2009 - 2010,
,,2010 - 2011,
,,2011 - 2012,
,,2012 - 2013,
,,2013 - 2014,
,,2014 - 2015,
,,2016 - 2017,
,,2017 - 2018,
,,2018 - 2019,
,,2019 - 2020,
,,2020 - 2021,
,,2021 - 2022,
,,2022 - 2023,
,Fatehpur,2004 - 2005,0.86
,,2005 - 2006,1.0
,,2007 - 2008,
,,2009 - 2010,
,,2010 - 2011,
,,2011 - 2012,
,,2012 - 2013,
,,2013 - 2014,
,,2014 - 2015,
,,2015 - 2016,
,,2016 - 2017,
,,2017 - 2018,
,,2018 - 2019,
,,2019 - 2020,
,,2020 - 2021,
,,2021 - 2022,
,,2022 - 2023,
,Firozabad,2004 - 2005,0.85
,,2005 - 2006,0.75
,,2006 - 2007,1.0
,,2008 - 2009,
,,2009 - 2010,
,,2010 - 2011,
,,2011 - 2012,
,,2012 - 2013,
,,2013 - 2014,
,,2014 - 2015,
,,2015 - 2016,
,,2016 - 2017,
,,2017 - 2018,
,,2018 - 2019,
,,2019 - 2020,
,,2020 - 2021,
,,2021 - 2022,
,,2022 - 2023,
,Gautam buddha nagar,2004 - 2005,0.88
,,2008 - 2009,
,,2009 - 2010,
,,2010 - 2011,
,,2012 - 2013,
,,2014 - 2015,
,,2015 - 2016,
,,2016 - 2017,
,,2017 - 2018,
,,2019 - 2020,
,,2020 - 2021,
,,2021 - 2022,
,,2022 - 2023,
,Ghaziabad,2007 - 2008,
,Ghazipur,2004 - 2005,0.86
,,2005 - 2006,0.83
,,2006 - 2007,0.82
,,2007 - 2008,
,,2008 - 2009,
,,2009 - 2010,
,,2010 - 2011,
,,2011 - 2012,
,,2012 - 2013,
,,2013 - 2014,
,,2014 - 2015,
,,2015 - 2016,
,,2016 - 2017,
,,2017 - 2018,
,,2018 - 2019,
,,2019 - 2020,
,,2020 - 2021,
,,2021 - 2022,
,,2022 - 2023,
,Gonda,2005 - 2006,0.81
,,2006 - 2007,0.86
,,2007 - 2008,
,,2008 - 2009,
,,2009 - 2010,
,,2010 - 2011,
,,2011 - 2012,
,,2012 - 2013,
,,2013 - 2014,
,,2014 - 2015,
,,2015 - 2016,
,,2016 - 2017,
,,2017 - 2018,
,,2019 - 2020,
,,2020 - 2021,
,,2021 - 2022,
,,2022 - 2023,
,Gorakhpur,2004 - 2005,0.84
,,2005 - 2006,0.79
,,2006 - 2007,0.81
,,2007 - 2008,
,,2008 - 2009,
,,2009 - 2010,
,,2010 - 2011,
,,2011 - 2012,
,,2012 - 2013,
,,2013 - 2014,
,,2014 - 2015,
,,2015 - 2016,
,,2016 - 2017,
,,2017 - 2018,
,,2018 - 2019,
,,2019 - 2020,
,,2020 - 2021,
,,2021 - 2022,
,,2022 - 2023,
,Hamirpur,2004 - 2005,0.83
,,2006 - 2007,0.83
,,2008 - 2009,
,,2009 - 2010,
,,2010 - 2011,
,,2011 - 2012,
,,2012 - 2013,
,,2013 - 2014,
,,2014 - 2015,
,,2016 - 2017,
,,2017 - 2018,
,,2019 - 2020,
,,2020 - 2021,
,,2021 - 2022,
,,2022 - 2023,
,Hardoi,2004 - 2005,0.86
,,2005 - 2006,0.83
,,2006 - 2007,0.85
,,2007 - 2008,
,,2008 - 2009,
,,2009 - 2010,
,,2010 - 2011,
,,2011 - 2012,
,,2012 - 2013,
,,2013 - 2014,
,,2014 - 2015,
,,2016 - 2017,
,,2017 - 2018,
,,2018 - 2019,
,,2019 - 2020,
,,2020 - 2021,
,,2021 - 2022,
,,2022 - 2023,
,Hathras,2005 - 2006,0.83
,,2006 - 2007,0.86
,,2008 - 2009,
,,2009 - 2010,
,,2010 - 2011,
,,2011 - 2012,
,,2012 - 2013,
,,2013 - 2014,
,,2014 - 2015,
,,2015 - 2016,
,,2016 - 2017,
,,2017 - 2018,
,,2018 - 2019,
,,2019 - 2020,
,,2020 - 2021,
,,2021 - 2022,
,,2022 - 2023,
,Jalaun,2004 - 2005,0.84
,,2005 - 2006,0.81
,,2006 - 2007,0.84
,,2007 - 2008,
,,2008 - 2009,
,,2009 - 2010,
,,2010 - 2011,
,,2011 - 2012,
,,2012 - 2013,
,,2013 - 2014,
,,2014 - 2015,
,,2015 - 2016,
,,2016 - 2017,
,,2017 - 2018,
,,2018 - 2019,
,,2019 - 2020,
,,2020 - 2021,
,,2021 - 2022,
,,2022 - 2023,
,Jaunpur,2004 - 2005,0.83
,,2005 - 2006,0.82
,,2006 - 2007,0.85
,,2007 - 2008,
,,2008 - 2009,
,,2009 - 2010,
,,2010 - 2011,
,,2011 - 2012,
,,2012 - 2013,
,,2013 - 2014,
,,2014 - 2015,
,,2015 - 2016,
,,2016 - 2017,
,,2017 - 2018,
,,2018 - 2019,
,,2019 - 2020,
,,2020 - 2021,
,,2021 - 2022,
,,2022 - 2023,
,Jhansi,2004 - 2005,0.87
,,2005 - 2006,0.75
,,2007 - 2008,
,,2008 - 2009,
,,2009 - 2010,
,,2010 - 2011,
,,2011 - 2012,
,,2012 - 2013,
,,2013 - 2014,
,,2014 - 2015,
,,2016 - 2017,
,,2017 - 2018,
,,2018 - 2019,
,,2019 - 2020,
,,2020 - 2021,
,,2021 - 2022,
,,2022 - 2023,
,Kannauj,2006 - 2007,0.75
,,2007 - 2008,
,,2008 - 2009,
,,2009 - 2010,
,,2010 - 2011,
,,2011 - 2012,
,,2012 - 2013,
,,2014 - 2015,
,,2016 - 2017,
,,2017 - 2018,
,,2018 - 2019,
,,2019 - 2020,
,,2020 - 2021,
,,2021 - 2022,
,,2022 - 2023,
,Kanpur dehat,2004 - 2005,0.86
,,2006 - 2007,0.82
,,2007 - 2008,
,,2008 - 2009,
,,2009 - 2010,
,,2010 - 2011,
,,2011 - 2012,
,,2012 - 2013,
,,2013 - 2014,
,,2014 - 2015,
,,2015 - 2016,
,,2016 - 2017,
,,2017 - 2018,
,,2018 - 2019,
,,2019 - 2020,
,,2020 - 2021,
,,2021 - 2022,
,,2022 - 2023,
,Kanpur nagar,2004 - 2005,0.83
,,2005 - 2006,0.81
,,2006 - 2007,0.84
,,2007 - 2008,
,,2009 - 2010,
,,2010 - 2011,
,,2011 - 2012,
,,2012 - 2013,
,,2014 - 2015,
,,2015 - 2016,
,,2016 - 2017,
,,2017 - 2018,
,,2018 - 2019,
,,2019 - 2020,
,,2020 - 2021,
,,2021 - 2022,
,,2022 - 2023,
,Kasganj,2012 - 2013,
,,2013 - 2014,
,,2015 - 2016,
,,2016 - 2017,
,,2017 - 2018,
,,2020 - 2021,
,,2021 - 2022,
,,2022 - 2023,
,Kaushambi,2004 - 2005,0.84
,,2005 - 2006,0.79
,,2006 - 2007,0.86
,,2007 - 2008,
,,2008 - 2009,
,,2009 - 2010,
,,2010 - 2011,
,,2011 - 2012,
,,2012 - 2013,
,,2013 - 2014,
,,2014 - 2015,
,,2015 - 2016,
,,2016 - 2017,
,,2017 - 2018,
,,2018 - 2019,
,,2019 - 2020,
,,2020 - 2021,
,,2021 - 2022,
,,2022 - 2023,
,Kheri,2004 - 2005,0.85
,,2005 - 2006,0.81
,,2006 - 2007,0.84
,,2007 - 2008,
,,2008 - 2009,
,,2009 - 2010,
,,2010 - 2011,
,,2011 - 2012,
,,2012 - 2013,
,,2013 - 2014,
,,2014 - 2015,
,,2015 - 2016,
,,2016 - 2017,
,,2017 - 2018,
,,2019 - 2020,
,,2020 - 2021,
,,2021 - 2022,
,,2022 - 2023,
,Kushi nagar,2006 - 2007,0.88
,,2007 - 2008,
,,2009 - 2010,
,,2010 - 2011,
,,2011 - 2012,
,,2012 - 2013,
,,2013 - 2014,
,,2016 - 2017,
,,2017 - 2018,
,,2019 - 2020,
,,2020 - 2021,
,,2021 - 2022,
,,2022 - 2023,
,Lucknow,2005 - 2006,0.83
,,2006 - 2007,0.83
,,2007 - 2008,
,,2008 - 2009,
,,2009 - 2010,
,,2010 - 2011,
,,2011 - 2012,
,,2012 - 2013,
,,2013 - 2014,
,,2014 - 2015,
,,2016 - 2017,
,,2017 - 2018,
,,2020 - 2021,
,,2022 - 2023,
,Maharajganj,2006 - 2007,1.0
,,2010 - 2011,
,,2011 - 2012,
,,2012 - 2013,
,,2016 - 2017,
,,2017 - 2018,
,Mahoba,2006 - 2007,1.0
,,2008 - 2009,
,,2009 - 2010,
,,2011 - 2012,
,,2012 - 2013,
,,2013 - 2014,
,,2014 - 2015,
,,2016 - 2017,
,,2017 - 2018,
,,2019 - 2020,
,,2020 - 2021,
,,2021 - 2022,
,,2022 - 2023,
,Mainpuri,2004 - 2005,0.84
,,2005 - 2006,0.83
,,2006 - 2007,0.83
,,2007 - 2008,
,,2008 - 2009,
,,2009 - 2010,
,,2010 - 2011,
,,2011 - 2012,
,,2012 - 2013,
,,2013 - 2014,
,,2014 - 2015,
,,2015 - 2016,
,,2016 - 2017,
,,2017 - 2018,
,,2018 - 2019,
,,2019 - 2020,
,,2020 - 2021,
,,2021 - 2022,
,,2022 - 2023,
,Mathura,2004 - 2005,0.85
,,2005 - 2006,0.81
,,2006 - 2007,0.84
,,2007 - 2008,
,,2008 - 2009,
,,2009 - 2010,
,,2010 - 2011,
,,2011 - 2012,
,,2012 - 2013,
,,2013 - 2014,
,,2014 - 2015,
,,2015 - 2016,
,,2016 - 2017,
,,2017 - 2018,
,,2018 - 2019,
,,2019 - 2020,
,,2020 - 2021,
,,2021 - 2022,
,,2022 - 2023,
,Mau,2004 - 2005,0.75
,,2008 - 2009,
,,2009 - 2010,
,,2013 - 2014,
,Meerut,2012 - 2013,
,,2013 - 2014,
,,2016 - 2017,
,,2017 - 2018,
,Mirzapur,2004 - 2005,0.85
,,2005 - 2006,0.82
,,2006 - 2007,0.85
,,2007 - 2008,
,,2008 - 2009,
,,2009 - 2010,
,,2010 - 2011,
,,2011 - 2012,
,,2012 - 2013,
,,2013 - 2014,
,,2014 - 2015,
,,2015 - 2016,
,,2016 - 2017,
,,2017 - 2018,
,,2019 - 2020,
,,2020 - 2021,
,,2021 - 2022,
,,2022 - 2023,
,Moradabad,2004 - 2005,0.83
,,2005 - 2006,0.82
,,2006 - 2007,0.84
,,2007 - 2008,
,,2008 - 2009,
,,2009 - 2010,
,,2010 - 2011,
,,2011 - 2012,
,,2012 - 2013,
,,2013 - 2014,
,,2014 - 2015,
,,2015 - 2016,
,,2016 - 2017,
,,2017 - 2018,
,,2019 - 2020,
,,2020 - 2021,
,,2021 - 2022,
,,2022 - 2023,
,Pilibhit,2004 - 2005,0.84
,,2005 - 2006,0.81
,,2006 - 2007,0.83
,,2007 - 2008,
,,2008 - 2009,
,,2009 - 2010,
,,2010 - 2011,
,,2011 - 2012,
,,2012 - 2013,
,,2013 - 2014,
,,2015 - 2016,
,,2016 - 2017,
,,2017 - 2018,
,,2021 - 2022,
,,2022 - 2023,
,Pratapgarh,2004 - 2005,0.86
,,2005 - 2006,1.0
,,2006 - 2007,0.75
,,2007 - 2008,
,,2008 - 2009,
,,2009 - 2010,
,,2010 - 2011,
,,2011 - 2012,
,,2012 - 2013,
,,2014 - 2015,
,,2015 - 2016,
,,2016 - 2017,
,,2017 - 2018,
,,2018 - 2019,
,,2019 - 2020,
,,2020 - 2021,
,,2021 - 2022,
,,2022 - 2023,
,Rae bareli,2004 - 2005,0.84
,,2005 - 2006,0.81
,,2006 - 2007,0.84
,,2007 - 2008,
,,2008 - 2009,
,,2009 - 2010,
,,2010 - 2011,
,,2011 - 2012,
,,2012 - 2013,
,,2013 - 2014,
,,2014 - 2015,
,,2015 - 2016,
,,2016 - 2017,
,,2017 - 2018,
,,2018 - 2019,
,,2019 - 2020,
,,2020 - 2021,
,,2021 - 2022,
,,2022 - 2023,
,Rampur,2004 - 2005,0.9
,,2005 - 2006,0.78
,,2006 - 2007,0.83
,,2008 - 2009,
,,2009 - 2010,
,,2011 - 2012,
,,2012 - 2013,
,,2013 - 2014,
,,2014 - 2015,
,,2016 - 2017,
,,2017 - 2018,
,,2020 - 2021,
,,2021 - 2022,
,,2022 - 2023,
,Saharanpur,2004 - 2005,0.85
,,2005 - 2006,0.81
,,2006 - 2007,0.84
,,2007 - 2008,
,,2008 - 2009,
,,2009 - 2010,
,,2010 - 2011,
,,2011 - 2012,
,,2012 - 2013,
,,2013 - 2014,
,,2017 - 2018,
,,2018 - 2019,
,,2019 - 2020,
,,2020 - 2021,
,,2021 - 2022,
,,2022 - 2023,
,Sambhal,2012 - 2013,
,,2013 - 2014,
,,2014 - 2015,
,,2016 - 2017,
,,2017 - 2018,
,,2020 - 2021,
,,2021 - 2022,
,,2022 - 2023,
,Sant kabeer nagar,2004 - 2005,0.78
,,2005 - 2006,0.83
,,2006 - 2007,0.67
,,2008 - 2009,
,,2009 - 2010,
,,2010 - 2011,
,,2011 - 2012,
,,2012 - 2013,
,,2014 - 2015,
,,2015 - 2016,
,,2016 - 2017,
,,2017 - 2018,
,,2018 - 2019,
,,2019 - 2020,
,,2020 - 2021,
,,2021 - 2022,
,,2022 - 2023,
,Sant ravidas nagar,2004 - 2005,0.86
,,2005 - 2006,0.8
,,2006 - 2007,0.84
,,2007 - 2008,
,,2008 - 2009,
,,2009 - 2010,
,,2010 - 2011,
,,2011 - 2012,
,,2012 - 2013,
,,2013 - 2014,
,,2014 - 2015,
,,2015 - 2016,
,,2016 - 2017,
,,2017 - 2018,
,,2019 - 2020,
,,2020 - 2021,
,,2021 - 2022,
,,2022 - 2023,
,Shahjahanpur,2004 - 2005,0.86
,,2005 - 2006,0.81
,,2006 - 2007,0.84
,,2007 - 2008,
,,2008 - 2009,
,,2009 - 2010,
,,2010 - 2011,
,,2011 - 2012,
,,2012 - 2013,
,,2013 - 2014,
,,2014 - 2015,
,,2016 - 2017,
,,2017 - 2018,
,,2018 - 2019,
,,2019 - 2020,
,,2020 - 2021,
,,2021 - 2022,
,,2022 - 2023,
,Shravasti,2004 - 2005,0.84
,,2005 - 2006,0.81
,,2006 - 2007,0.84
,,2007 - 2008,
,,2008 - 2009,
,,2009 - 2010,
,,2010 - 2011,
,,2011 - 2012,
,,2012 - 2013,
,,2013 - 2014,
,,2014 - 2015,
,,2015 - 2016,
,,2016 - 2017,
,,2017 - 2018,
,,2018 - 2019,
,,2019 - 2020,
,,2020 - 2021,
,,2021 - 2022,
,,2022 - 2023,
,Siddharth nagar,2004 - 2005,0.85
,,2005 - 2006,0.8
,,2006 - 2007,0.83
,,2007 - 2008,
,,2008 - 2009,
,,2009 - 2010,
,,2010 - 2011,
,,2011 - 2012,
,,2012 - 2013,
,,2013 - 2014,
,,2014 - 2015,
,,2015 - 2016,
,,2016 - 2017,
,,2017 - 2018,
,,2018 - 2019,
,,2019 - 2020,
,,2020 - 2021,
,,2021 - 2022,
,,2022 - 2023,
,Sitapur,2004 - 2005,0.84
,,2005 - 2006,0.81
,,2006 - 2007,0.84
,,2007 - 2008,
,,2008 - 2009,
,,2009 - 2010,
,,2010 - 2011,
,,2011 - 2012,
,,2012 - 2013,
,,2013 - 2014,
,,2014 - 2015,
,,2015 - 2016,
,,2016 - 2017,
,,2017 - 2018,
,,2019 - 2020,
,,2020 - 2021,
,,2021 - 2022,
,,2022 - 2023,
,Sonbhadra,2005 - 2006,0.8
,,2008 - 2009,
,,2009 - 2010,
,,2010 - 2011,
,,2011 - 2012,
,,2012 - 2013,
,,2016 - 2017,
,,2017 - 2018,
,Sultanpur,2004 - 2005,0.85
,,2005 - 2006,0.81
,,2006 - 2007,0.84
,,2007 - 2008,
,,2008 - 2009,
,,2009 - 2010,
,,2010 - 2011,
,,2011 - 2012,
,,2012 - 2013,
,,2013 - 2014,
,,2014 - 2015,
,,2015 - 2016,
,,2016 - 2017,
,,2017 - 2018,
,,2018 - 2019,
,,2019 - 2020,
,,2020 - 2021,
,,2021 - 2022,
,,2022 - 2023,
,Unnao,2005 - 2006,0.8
,,2006 - 2007,0.84
,,2007 - 2008,
,,2008 - 2009,
,,2009 - 2010,
,,2010 - 2011,
,,2011 - 2012,
,,2012 - 2013,
,,2013 - 2014,
,,2014 - 2015,
,,2015 - 2016,
,,2016 - 2017,
,,2017 - 2018,
,,2018 - 2019,
,,2019 - 2020,
,,2020 - 2021,
,,2021 - 2022,
,,2022 - 2023,
,Varanasi,2004 - 2005,0.85
,,2005 - 2006,0.81
,,2006 - 2007,0.85
,,2007 - 2008,
,,2008 - 2009,
,,2009 - 2010,
,,2010 - 2011,
,,2011 - 2012,
,,2012 - 2013,
,,2013 - 2014,
,,2014 - 2015,
,,2015 - 2016,
,,2016 - 2017,
,,2017 - 2018,
,,2018 - 2019,
,,2019 - 2020,
,,2020 - 2021,
,,2021 - 2022,
,,2022 - 2023,
