state,district,year,cashewnut_kharif_yield_tonne_per_hectare
Andaman and Nicobar Islands,Nicobars,2000 - 2001,
,,2001 - 2002,
,,2002 - 2003,
,,2003 - 2004,
,,2004 - 2005,
,,2005 - 2006,
,,2006 - 2007,
,,2010 - 2011,
,,2011 - 2012,
,,2012 - 2013,
,,2013 - 2014,
,,2014 - 2015,
,,2015 - 2016,
,,2016 - 2017,
,,2017 - 2018,
,,2018 - 2019,
,,2019 - 2020,
,,2020 - 2021,
,,2021 - 2022,
,,2022 - 2023,
,North and middle andaman,2000 - 2001,
,,2001 - 2002,
,,2006 - 2007,
,,2010 - 2011,
,,2011 - 2012,
,,2012 - 2013,
,,2013 - 2014,
,,2014 - 2015,
,,2015 - 2016,
,,2016 - 2017,
,,2017 - 2018,
,,2018 - 2019,
,,2019 - 2020,
,,2020 - 2021,
,,2021 - 2022,
,,2022 - 2023,
,South andamans,2002 - 2003,
,,2003 - 2004,
,,2004 - 2005,
,,2005 - 2006,
,,2006 - 2007,
,,2010 - 2011,
,,2011 - 2012,
,,2012 - 2013,
,,2013 - 2014,
,,2014 - 2015,
,,2015 - 2016,
,,2016 - 2017,
,,2017 - 2018,
,,2018 - 2019,
,,2019 - 2020,
,,2020 - 2021,
,,2021 - 2022,
,,2022 - 2023,
Andhra Pradesh,Anantapur,2013 - 2014,0.33
,,2014 - 2015,0.37
,,2015 - 2016,0.37
,,2016 - 2017,0.42
,,2017 - 2018,0.0
,,2018 - 2019,0.0
,,2019 - 2020,1.0
,Chittoor,2000 - 2001,
,,2001 - 2002,
,,2002 - 2003,
,,2003 - 2004,
,,2004 - 2005,
,,2005 - 2006,
,,2006 - 2007,
,,2008 - 2009,
,,2009 - 2010,
,,2010 - 2011,
,,2011 - 2012,
,,2012 - 2013,0.27
,,2013 - 2014,0.32
,,2014 - 2015,0.35
,,2015 - 2016,0.37
,,2016 - 2017,0.43
,,2017 - 2018,1.54
,,2018 - 2019,2.06
,,2019 - 2020,1.0
,East godavari,2000 - 2001,
,,2001 - 2002,
,,2002 - 2003,
,,2003 - 2004,
,,2004 - 2005,
,,2005 - 2006,
,,2006 - 2007,
,,2008 - 2009,
,,2009 - 2010,
,,2010 - 2011,
,,2011 - 2012,
,,2012 - 2013,0.21
,,2013 - 2014,0.26
,,2014 - 2015,0.51
,,2015 - 2016,0.34
,,2016 - 2017,0.46
,,2017 - 2018,0.69
,,2018 - 2019,0.91
,,2019 - 2020,1.0
,Guntur,2000 - 2001,
,,2001 - 2002,
,,2002 - 2003,
,,2003 - 2004,
,,2004 - 2005,
,,2005 - 2006,
,,2006 - 2007,
,,2008 - 2009,
,,2009 - 2010,
,,2010 - 2011,
,,2011 - 2012,
,,2012 - 2013,0.27
,,2013 - 2014,0.32
,,2014 - 2015,0.35
,,2015 - 2016,0.38
,,2016 - 2017,0.43
,,2017 - 2018,0.26
,,2018 - 2019,0.84
,Kadapa,2000 - 2001,
,,2001 - 2002,
,,2002 - 2003,
,,2003 - 2004,
,,2004 - 2005,
,,2005 - 2006,
,,2006 - 2007,
,,2008 - 2009,
,,2009 - 2010,
,,2010 - 2011,
,,2011 - 2012,
,,2012 - 2013,0.29
,,2013 - 2014,0.33
,,2014 - 2015,0.33
,,2015 - 2016,0.38
,,2016 - 2017,0.5
,,2017 - 2018,0.0
,,2018 - 2019,0.0
,Krishna,2000 - 2001,
,,2001 - 2002,
,,2002 - 2003,
,,2003 - 2004,
,,2004 - 2005,
,,2005 - 2006,
,,2006 - 2007,
,,2008 - 2009,
,,2009 - 2010,
,,2010 - 2011,
,,2011 - 2012,
,,2012 - 2013,0.27
,,2013 - 2014,0.31
,,2014 - 2015,0.35
,,2015 - 2016,0.37
,,2016 - 2017,0.43
,,2017 - 2018,1.84
,,2018 - 2019,1.11
,,2019 - 2020,1.0
,Prakasam,2000 - 2001,
,,2001 - 2002,
,,2002 - 2003,
,,2003 - 2004,
,,2004 - 2005,
,,2005 - 2006,
,,2006 - 2007,
,,2008 - 2009,
,,2009 - 2010,
,,2010 - 2011,
,,2011 - 2012,
,,2012 - 2013,0.27
,,2013 - 2014,0.31
,,2014 - 2015,0.35
,,2015 - 2016,0.37
,,2016 - 2017,0.43
,,2017 - 2018,7.36
,,2018 - 2019,5.51
,,2019 - 2020,1.0
,Spsr nellore,2000 - 2001,
,,2001 - 2002,
,,2002 - 2003,
,,2003 - 2004,
,,2004 - 2005,
,,2005 - 2006,
,,2006 - 2007,
,,2008 - 2009,
,,2009 - 2010,
,,2010 - 2011,
,,2011 - 2012,
,,2012 - 2013,0.27
,,2013 - 2014,0.32
,,2014 - 2015,0.35
,,2015 - 2016,0.37
,,2016 - 2017,0.43
,,2017 - 2018,6.3
,,2018 - 2019,0.5
,,2019 - 2020,1.0
,Srikakulam,2000 - 2001,
,,2001 - 2002,
,,2002 - 2003,
,,2003 - 2004,
,,2004 - 2005,
,,2005 - 2006,
,,2006 - 2007,
,,2008 - 2009,
,,2009 - 2010,
,,2010 - 2011,
,,2011 - 2012,
,,2012 - 2013,0.37
,,2013 - 2014,0.38
,,2014 - 2015,0.39
,,2015 - 2016,0.33
,,2016 - 2017,0.36
,,2017 - 2018,1.19
,,2018 - 2019,0.87
,,2019 - 2020,1.0
,Visakhapatanam,2000 - 2001,
,,2001 - 2002,
,,2002 - 2003,
,,2003 - 2004,
,,2004 - 2005,
,,2005 - 2006,
,,2006 - 2007,
,,2008 - 2009,
,,2009 - 2010,
,,2010 - 2011,
,,2011 - 2012,
,,2012 - 2013,0.23
,,2013 - 2014,0.3
,,2014 - 2015,0.19
,,2015 - 2016,0.3
,,2016 - 2017,0.41
,,2017 - 2018,0.69
,,2018 - 2019,0.83
,,2019 - 2020,1.0
,Vizianagaram,2000 - 2001,
,,2001 - 2002,
,,2002 - 2003,
,,2003 - 2004,
,,2004 - 2005,
,,2005 - 2006,
,,2006 - 2007,
,,2008 - 2009,
,,2009 - 2010,
,,2010 - 2011,
,,2011 - 2012,
,,2012 - 2013,0.28
,,2013 - 2014,0.33
,,2014 - 2015,0.25
,,2015 - 2016,0.21
,,2016 - 2017,0.27
,,2017 - 2018,0.59
,,2018 - 2019,0.72
,,2019 - 2020,1.0
,West godavari,2000 - 2001,
,,2001 - 2002,
,,2002 - 2003,
,,2003 - 2004,
,,2004 - 2005,
,,2005 - 2006,
,,2006 - 2007,
,,2008 - 2009,
,,2009 - 2010,
,,2010 - 2011,
,,2011 - 2012,
,,2012 - 2013,0.33
,,2013 - 2014,0.36
,,2014 - 2015,0.36
,,2015 - 2016,0.76
,,2016 - 2017,0.78
,,2017 - 2018,0.51
,,2018 - 2019,1.14
,,2019 - 2020,1.0
Chhattisgarh,Bastar,2020 - 2021,
,,2021 - 2022,
,Dantewada,2021 - 2022,
,Kanker,2020 - 2021,
,,2021 - 2022,
,Raigarh,2020 - 2021,
,,2021 - 2022,
,Surguja,2020 - 2021,
,,2021 - 2022,
Goa,North goa,2004 - 2005,
,,2005 - 2006,
,,2006 - 2007,
,,2007 - 2008,
,,2013 - 2014,
,,2014 - 2015,
,,2015 - 2016,
,,2016 - 2017,
,,2017 - 2018,
,,2018 - 2019,
,,2019 - 2020,
,,2020 - 2021,
,,2021 - 2022,
,,2022 - 2023,
,South goa,2004 - 2005,
,,2005 - 2006,
,,2006 - 2007,
,,2007 - 2008,
,,2013 - 2014,
,,2014 - 2015,
,,2015 - 2016,
,,2016 - 2017,
,,2017 - 2018,
,,2018 - 2019,
,,2019 - 2020,
,,2020 - 2021,
,,2021 - 2022,
,,2022 - 2023,
Karnataka,Bagalkot,2008 - 2009,
,,2009 - 2010,
,,2010 - 2011,
,,2011 - 2012,
,,2012 - 2013,
,,2013 - 2014,
,,2018 - 2019,
,,2019 - 2020,
,,2020 - 2021,
,,2021 - 2022,
,,2022 - 2023,
,Bangalore rural,2008 - 2009,
,,2009 - 2010,
,,2010 - 2011,
,,2011 - 2012,
,,2012 - 2013,
,,2013 - 2014,
,,2014 - 2015,
,,2015 - 2016,
,,2016 - 2017,
,,2017 - 2018,
,,2018 - 2019,
,,2019 - 2020,
,,2020 - 2021,
,,2021 - 2022,
,,2022 - 2023,
,Belgaum,2008 - 2009,
,,2009 - 2010,
,,2010 - 2011,
,,2011 - 2012,
,,2012 - 2013,
,,2013 - 2014,
,,2014 - 2015,
,,2015 - 2016,
,,2016 - 2017,
,,2017 - 2018,
,,2018 - 2019,
,,2019 - 2020,
,,2020 - 2021,
,,2021 - 2022,
,,2022 - 2023,
,Bellary,2014 - 2015,
,,2015 - 2016,
,,2017 - 2018,
,,2018 - 2019,
,,2019 - 2020,
,,2020 - 2021,
,,2021 - 2022,
,Bengaluru urban,2012 - 2013,
,,2013 - 2014,
,,2018 - 2019,
,,2019 - 2020,
,,2020 - 2021,
,,2021 - 2022,
,,2022 - 2023,
,Bidar,2008 - 2009,
,,2009 - 2010,
,,2010 - 2011,
,,2011 - 2012,
,,2012 - 2013,
,,2013 - 2014,
,,2014 - 2015,
,,2015 - 2016,
,,2016 - 2017,
,,2018 - 2019,
,,2019 - 2020,
,,2020 - 2021,
,,2021 - 2022,
,,2022 - 2023,
,Bijapur,2020 - 2021,
,Chamarajanagar,2008 - 2009,
,,2009 - 2010,
,,2010 - 2011,
,,2011 - 2012,
,,2012 - 2013,
,,2013 - 2014,
,,2014 - 2015,
,,2015 - 2016,
,,2016 - 2017,
,,2017 - 2018,
,,2018 - 2019,
,,2019 - 2020,
,,2020 - 2021,
,,2021 - 2022,
,,2022 - 2023,
,Chikballapur,2008 - 2009,
,,2009 - 2010,
,,2010 - 2011,
,,2011 - 2012,
,,2012 - 2013,
,,2013 - 2014,
,,2014 - 2015,
,,2015 - 2016,
,,2016 - 2017,
,,2017 - 2018,
,,2018 - 2019,
,,2019 - 2020,
,,2020 - 2021,
,,2021 - 2022,
,,2022 - 2023,
,Chikmagalur,2008 - 2009,
,,2009 - 2010,
,,2010 - 2011,
,,2011 - 2012,
,,2012 - 2013,
,,2013 - 2014,
,,2014 - 2015,
,,2015 - 2016,
,,2016 - 2017,
,,2017 - 2018,
,,2018 - 2019,
,,2019 - 2020,
,,2020 - 2021,
,,2021 - 2022,
,,2022 - 2023,
,Chitradurga,2008 - 2009,
,,2009 - 2010,
,,2010 - 2011,
,,2011 - 2012,
,,2012 - 2013,
,,2013 - 2014,
,,2014 - 2015,
,,2017 - 2018,
,,2018 - 2019,
,,2019 - 2020,
,,2020 - 2021,
,,2021 - 2022,
,,2022 - 2023,
,Dakshin kannad,2008 - 2009,
,,2009 - 2010,
,,2010 - 2011,
,,2011 - 2012,
,,2012 - 2013,
,,2013 - 2014,
,,2014 - 2015,
,,2015 - 2016,
,,2016 - 2017,
,,2017 - 2018,
,,2018 - 2019,
,,2019 - 2020,
,,2020 - 2021,
,,2021 - 2022,
,,2022 - 2023,
,Davangere,2008 - 2009,
,,2009 - 2010,
,,2010 - 2011,
,,2011 - 2012,
,,2012 - 2013,
,,2013 - 2014,
,,2014 - 2015,
,,2015 - 2016,
,,2016 - 2017,
,,2017 - 2018,
,,2018 - 2019,
,,2019 - 2020,
,,2020 - 2021,
,,2021 - 2022,
,,2022 - 2023,
,Dharwad,2008 - 2009,
,,2009 - 2010,
,,2010 - 2011,
,,2011 - 2012,
,,2012 - 2013,
,,2013 - 2014,
,,2014 - 2015,
,,2015 - 2016,
,,2016 - 2017,
,,2017 - 2018,
,,2018 - 2019,
,,2019 - 2020,
,,2020 - 2021,
,,2021 - 2022,
,,2022 - 2023,
,Gadag,2016 - 2017,
,,2017 - 2018,
,,2018 - 2019,
,,2019 - 2020,
,,2020 - 2021,
,,2021 - 2022,
,,2022 - 2023,
,Gulbarga,2018 - 2019,
,Hassan,2008 - 2009,
,,2009 - 2010,
,,2010 - 2011,
,,2011 - 2012,
,,2012 - 2013,
,,2013 - 2014,
,,2015 - 2016,
,,2016 - 2017,
,,2017 - 2018,
,,2018 - 2019,
,,2019 - 2020,
,,2020 - 2021,
,,2021 - 2022,
,,2022 - 2023,
,Haveri,2008 - 2009,
,,2009 - 2010,
,,2010 - 2011,
,,2011 - 2012,
,,2012 - 2013,
,,2013 - 2014,
,,2014 - 2015,
,,2015 - 2016,
,,2016 - 2017,
,,2017 - 2018,
,,2018 - 2019,
,,2019 - 2020,
,,2020 - 2021,
,,2021 - 2022,
,,2022 - 2023,
,Kodagu,2008 - 2009,
,,2009 - 2010,
,,2010 - 2011,
,,2011 - 2012,
,,2012 - 2013,
,,2013 - 2014,
,,2014 - 2015,
,,2015 - 2016,
,,2016 - 2017,
,,2017 - 2018,
,,2018 - 2019,
,,2019 - 2020,
,,2020 - 2021,
,,2021 - 2022,
,,2022 - 2023,
,Kolar,2008 - 2009,
,,2009 - 2010,
,,2010 - 2011,
,,2011 - 2012,
,,2012 - 2013,
,,2013 - 2014,
,,2014 - 2015,
,,2015 - 2016,
,,2016 - 2017,
,,2017 - 2018,
,,2018 - 2019,
,,2019 - 2020,
,,2020 - 2021,
,,2021 - 2022,
,,2022 - 2023,
,Koppal,2018 - 2019,
,,2019 - 2020,
,,2020 - 2021,
,,2021 - 2022,
,,2022 - 2023,
,Mandya,2008 - 2009,
,,2009 - 2010,
,,2010 - 2011,
,,2011 - 2012,
,,2012 - 2013,
,,2014 - 2015,
,,2015 - 2016,
,,2018 - 2019,
,,2019 - 2020,
,,2020 - 2021,
,,2021 - 2022,
,,2022 - 2023,
,Mysore,2008 - 2009,
,,2009 - 2010,
,,2010 - 2011,
,,2011 - 2012,
,,2012 - 2013,
,,2013 - 2014,
,,2014 - 2015,
,,2015 - 2016,
,,2016 - 2017,
,,2017 - 2018,
,,2018 - 2019,
,,2019 - 2020,
,,2020 - 2021,
,,2022 - 2023,
,Raichur,2020 - 2021,
,,2021 - 2022,
,,2022 - 2023,
,Ramanagara,2008 - 2009,
,,2009 - 2010,
,,2010 - 2011,
,,2011 - 2012,
,,2012 - 2013,
,,2013 - 2014,
,,2014 - 2015,
,,2018 - 2019,
,,2019 - 2020,
,,2020 - 2021,
,,2021 - 2022,
,,2022 - 2023,
,Shimoga,2008 - 2009,
,,2009 - 2010,
,,2010 - 2011,
,,2011 - 2012,
,,2012 - 2013,
,,2013 - 2014,
,,2014 - 2015,
,,2015 - 2016,
,,2016 - 2017,
,,2017 - 2018,
,,2018 - 2019,
,,2019 - 2020,
,,2020 - 2021,
,,2021 - 2022,
,,2022 - 2023,
,Tumkur,2008 - 2009,
,,2009 - 2010,
,,2010 - 2011,
,,2011 - 2012,
,,2012 - 2013,
,,2013 - 2014,
,,2014 - 2015,
,,2015 - 2016,
,,2016 - 2017,
,,2017 - 2018,
,,2018 - 2019,
,,2019 - 2020,
,,2020 - 2021,
,,2021 - 2022,
,,2022 - 2023,
,Udupi,2008 - 2009,
,,2009 - 2010,
,,2010 - 2011,
,,2011 - 2012,
,,2012 - 2013,
,,2013 - 2014,
,,2014 - 2015,
,,2015 - 2016,
,,2016 - 2017,
,,2017 - 2018,
,,2018 - 2019,
,,2019 - 2020,
,,2020 - 2021,
,,2021 - 2022,
,,2022 - 2023,
,Uttar kannad,2008 - 2009,
,,2009 - 2010,
,,2010 - 2011,
,,2011 - 2012,
,,2012 - 2013,
,,2013 - 2014,
,,2014 - 2015,
,,2015 - 2016,
,,2016 - 2017,
,,2017 - 2018,
,,2018 - 2019,
,,2019 - 2020,
,,2020 - 2021,
,,2021 - 2022,
,,2022 - 2023,
,Vijayanagar,2022 - 2023,
,Yadgir,2018 - 2019,
,,2019 - 2020,
,,2020 - 2021,
,,2021 - 2022,
Kerala,Alappuzha,2000 - 2001,
,,2001 - 2002,
,,2002 - 2003,
,,2003 - 2004,
,,2004 - 2005,
,,2005 - 2006,
,,2006 - 2007,
,,2007 - 2008,
,,2008 - 2009,
,,2009 - 2010,
,,2010 - 2011,
,,2011 - 2012,
,,2012 - 2013,
,,2013 - 2014,
,,2014 - 2015,
,,2015 - 2016,
,,2016 - 2017,
,,2017 - 2018,
,,2018 - 2019,
,,2019 - 2020,
,,2020 - 2021,
,,2021 - 2022,
,,2022 - 2023,
,Ernakulam,2000 - 2001,
,,2001 - 2002,
,,2002 - 2003,
,,2003 - 2004,
,,2004 - 2005,
,,2005 - 2006,
,,2006 - 2007,
,,2007 - 2008,
,,2008 - 2009,
,,2009 - 2010,
,,2010 - 2011,
,,2011 - 2012,
,,2012 - 2013,
,,2013 - 2014,
,,2014 - 2015,
,,2015 - 2016,
,,2016 - 2017,
,,2017 - 2018,
,,2018 - 2019,
,,2019 - 2020,
,,2020 - 2021,
,,2021 - 2022,
,,2022 - 2023,
,Idukki,2000 - 2001,
,,2001 - 2002,
,,2002 - 2003,
,,2003 - 2004,
,,2004 - 2005,
,,2005 - 2006,
,,2006 - 2007,
,,2007 - 2008,
,,2008 - 2009,
,,2009 - 2010,
,,2010 - 2011,
,,2011 - 2012,
,,2012 - 2013,
,,2013 - 2014,
,,2014 - 2015,
,,2015 - 2016,
,,2016 - 2017,
,,2017 - 2018,
,,2018 - 2019,
,,2019 - 2020,
,,2020 - 2021,
,,2021 - 2022,
,,2022 - 2023,
,Kannur,2000 - 2001,
,,2001 - 2002,
,,2002 - 2003,
,,2003 - 2004,
,,2004 - 2005,
,,2005 - 2006,
,,2006 - 2007,
,,2007 - 2008,
,,2008 - 2009,
,,2009 - 2010,
,,2010 - 2011,
,,2011 - 2012,
,,2012 - 2013,
,,2013 - 2014,
,,2014 - 2015,
,,2015 - 2016,
,,2016 - 2017,
,,2017 - 2018,
,,2018 - 2019,
,,2019 - 2020,
,,2020 - 2021,
,,2021 - 2022,
,,2022 - 2023,
,Kasaragod,2000 - 2001,
,,2001 - 2002,
,,2002 - 2003,
,,2003 - 2004,
,,2004 - 2005,
,,2005 - 2006,
,,2006 - 2007,
,,2007 - 2008,
,,2008 - 2009,
,,2009 - 2010,
,,2010 - 2011,
,,2011 - 2012,
,,2012 - 2013,
,,2013 - 2014,
,,2014 - 2015,
,,2015 - 2016,
,,2016 - 2017,
,,2017 - 2018,
,,2018 - 2019,
,,2019 - 2020,
,,2020 - 2021,
,,2021 - 2022,
,,2022 - 2023,
,Kollam,2000 - 2001,
,,2001 - 2002,
,,2002 - 2003,
,,2003 - 2004,
,,2004 - 2005,
,,2005 - 2006,
,,2006 - 2007,
,,2007 - 2008,
,,2008 - 2009,
,,2009 - 2010,
,,2010 - 2011,
,,2011 - 2012,
,,2012 - 2013,
,,2013 - 2014,
,,2014 - 2015,
,,2015 - 2016,
,,2016 - 2017,
,,2017 - 2018,
,,2018 - 2019,
,,2019 - 2020,
,,2020 - 2021,
,,2021 - 2022,
,,2022 - 2023,
,Kottayam,2000 - 2001,
,,2001 - 2002,
,,2002 - 2003,
,,2003 - 2004,
,,2004 - 2005,
,,2005 - 2006,
,,2006 - 2007,
,,2007 - 2008,
,,2008 - 2009,
,,2009 - 2010,
,,2010 - 2011,
,,2011 - 2012,
,,2012 - 2013,
,,2013 - 2014,
,,2014 - 2015,
,,2015 - 2016,
,,2016 - 2017,
,,2017 - 2018,
,,2018 - 2019,
,,2019 - 2020,
,,2020 - 2021,
,,2021 - 2022,
,,2022 - 2023,
,Kozhikode,2000 - 2001,
,,2001 - 2002,
,,2002 - 2003,
,,2003 - 2004,
,,2004 - 2005,
,,2005 - 2006,
,,2006 - 2007,
,,2007 - 2008,
,,2008 - 2009,
,,2009 - 2010,
,,2010 - 2011,
,,2011 - 2012,
,,2012 - 2013,
,,2013 - 2014,
,,2014 - 2015,
,,2015 - 2016,
,,2016 - 2017,
,,2017 - 2018,
,,2018 - 2019,
,,2019 - 2020,
,,2020 - 2021,
,,2021 - 2022,
,,2022 - 2023,
,Malappuram,2000 - 2001,
,,2001 - 2002,
,,2002 - 2003,
,,2003 - 2004,
,,2004 - 2005,
,,2005 - 2006,
,,2006 - 2007,
,,2007 - 2008,
,,2008 - 2009,
,,2009 - 2010,
,,2010 - 2011,
,,2011 - 2012,
,,2012 - 2013,
,,2013 - 2014,
,,2014 - 2015,
,,2015 - 2016,
,,2016 - 2017,
,,2017 - 2018,
,,2018 - 2019,
,,2019 - 2020,
,,2020 - 2021,
,,2021 - 2022,
,,2022 - 2023,
,Palakkad,2000 - 2001,
,,2001 - 2002,
,,2002 - 2003,
,,2003 - 2004,
,,2004 - 2005,
,,2005 - 2006,
,,2006 - 2007,
,,2007 - 2008,
,,2008 - 2009,
,,2009 - 2010,
,,2010 - 2011,
,,2011 - 2012,
,,2012 - 2013,
,,2013 - 2014,
,,2014 - 2015,
,,2015 - 2016,
,,2016 - 2017,
,,2017 - 2018,
,,2018 - 2019,
,,2019 - 2020,
,,2020 - 2021,
,,2021 - 2022,
,,2022 - 2023,
,Pathanamthitta,2000 - 2001,
,,2001 - 2002,
,,2002 - 2003,
,,2003 - 2004,
,,2004 - 2005,
,,2005 - 2006,
,,2006 - 2007,
,,2007 - 2008,
,,2008 - 2009,
,,2009 - 2010,
,,2010 - 2011,
,,2011 - 2012,
,,2012 - 2013,
,,2013 - 2014,
,,2014 - 2015,
,,2015 - 2016,
,,2016 - 2017,
,,2017 - 2018,
,,2018 - 2019,
,,2019 - 2020,
,,2020 - 2021,
,,2021 - 2022,
,,2022 - 2023,
,Thiruvananthapuram,2000 - 2001,
,,2001 - 2002,
,,2002 - 2003,
,,2003 - 2004,
,,2004 - 2005,
,,2005 - 2006,
,,2006 - 2007,
,,2007 - 2008,
,,2008 - 2009,
,,2009 - 2010,
,,2010 - 2011,
,,2011 - 2012,
,,2012 - 2013,
,,2013 - 2014,
,,2014 - 2015,
,,2015 - 2016,
,,2016 - 2017,
,,2017 - 2018,
,,2018 - 2019,
,,2019 - 2020,
,,2020 - 2021,
,,2021 - 2022,
,,2022 - 2023,
,Thrissur,2000 - 2001,
,,2001 - 2002,
,,2002 - 2003,
,,2003 - 2004,
,,2004 - 2005,
,,2005 - 2006,
,,2006 - 2007,
,,2007 - 2008,
,,2008 - 2009,
,,2009 - 2010,
,,2010 - 2011,
,,2011 - 2012,
,,2012 - 2013,
,,2013 - 2014,
,,2014 - 2015,
,,2015 - 2016,
,,2016 - 2017,
,,2017 - 2018,
,,2018 - 2019,
,,2019 - 2020,
,,2020 - 2021,
,,2021 - 2022,
,,2022 - 2023,
,Wayanad,2000 - 2001,
,,2001 - 2002,
,,2002 - 2003,
,,2003 - 2004,
,,2004 - 2005,
,,2005 - 2006,
,,2006 - 2007,
,,2007 - 2008,
,,2008 - 2009,
,,2009 - 2010,
,,2010 - 2011,
,,2011 - 2012,
,,2012 - 2013,
,,2013 - 2014,
,,2014 - 2015,
,,2015 - 2016,
,,2016 - 2017,
,,2017 - 2018,
,,2018 - 2019,
,,2019 - 2020,
,,2020 - 2021,
,,2021 - 2022,
,,2022 - 2023,
Madhya Pradesh,Jhabua,2002 - 2003,
Manipur,Chandel,2002 - 2003,
,,2003 - 2004,
,,2014 - 2015,
,Imphal east,2002 - 2003,
,,2003 - 2004,
,,2014 - 2015,
,,2015 - 2016,
,,2016 - 2017,
,,2017 - 2018,
,Ukhrul,2015 - 2016,
,,2016 - 2017,
Meghalaya,East garo hills,2002 - 2003,
,,2003 - 2004,
,,2010 - 2011,
,,2011 - 2012,
,,2012 - 2013,
,,2013 - 2014,
,,2014 - 2015,
,,2015 - 2016,
,,2016 - 2017,
,,2017 - 2018,
,,2018 - 2019,
,,2019 - 2020,
,,2020 - 2021,
,North garo hills,2013 - 2014,
,,2014 - 2015,
,,2015 - 2016,
,,2016 - 2017,
,,2017 - 2018,
,,2018 - 2019,
,,2019 - 2020,
,,2020 - 2021,
,South garo hills,2002 - 2003,
,,2003 - 2004,
,,2010 - 2011,
,,2011 - 2012,
,,2012 - 2013,
,,2013 - 2014,
,,2014 - 2015,
,,2015 - 2016,
,,2016 - 2017,
,,2017 - 2018,
,,2018 - 2019,
,,2019 - 2020,
,,2020 - 2021,
,South west garo hills,2013 - 2014,
,,2014 - 2015,
,,2015 - 2016,
,,2016 - 2017,
,,2017 - 2018,
,,2018 - 2019,
,,2019 - 2020,
,,2020 - 2021,
,West garo hills,2002 - 2003,
,,2003 - 2004,
,,2010 - 2011,
,,2011 - 2012,
,,2012 - 2013,
,,2013 - 2014,
,,2014 - 2015,
,,2015 - 2016,
,,2016 - 2017,
,,2017 - 2018,
,,2018 - 2019,
,,2019 - 2020,
,,2020 - 2021,
Puducherry,Karaikal,2000 - 2001,
,,2001 - 2002,
,,2002 - 2003,
,,2003 - 2004,
,,2004 - 2005,
,,2008 - 2009,0.83
,,2009 - 2010,0.86
,,2010 - 2011,0.71
,,2011 - 2012,0.43
,,2012 - 2013,0.43
,,2013 - 2014,0.5
,,2014 - 2015,0.5
,,2015 - 2016,0.5
,,2016 - 2017,0.5
,,2017 - 2018,0.25
,,2018 - 2019,0.33
,,2019 - 2020,0.33
,,2020 - 2021,2.0
,,2021 - 2022,0.5
,,2022 - 2023,0.5
,Mahe,2000 - 2001,
,,2001 - 2002,
,,2002 - 2003,
,,2003 - 2004,
,,2004 - 2005,
,,2008 - 2009,1.0
,,2009 - 2010,1.0
,,2010 - 2011,0.67
,,2011 - 2012,0.67
,,2015 - 2016,0.5
,,2016 - 2017,0.5
,,2017 - 2018,0.5
,,2018 - 2019,0.5
,,2019 - 2020,0.5
,,2020 - 2021,0.5
,,2021 - 2022,0.5
,,2022 - 2023,0.5
,Pondicherry,2000 - 2001,
,,2001 - 2002,
,,2002 - 2003,
,,2003 - 2004,
,,2004 - 2005,
,,2008 - 2009,1.0
,,2009 - 2010,0.85
,,2010 - 2011,0.76
,,2011 - 2012,0.3
,,2012 - 2013,0.36
,,2013 - 2014,0.35
,,2014 - 2015,0.3
,,2015 - 2016,0.3
,,2016 - 2017,0.34
,,2017 - 2018,0.29
,,2018 - 2019,0.42
,,2019 - 2020,0.45
,,2020 - 2021,0.45
,,2021 - 2022,0.44
,,2022 - 2023,0.44
Tamil Nadu,Ariyalur,2008 - 2009,
,,2009 - 2010,
,,2011 - 2012,
,,2013 - 2014,
,,2014 - 2015,
,,2015 - 2016,
,,2016 - 2017,
,,2017 - 2018,
,,2018 - 2019,
,,2019 - 2020,
,,2020 - 2021,
,,2021 - 2022,
,,2022 - 2023,
,Chengalpattu,2020 - 2021,
,,2021 - 2022,
,,2022 - 2023,
,Chennai,2021 - 2022,
,,2022 - 2023,
,Coimbatore,2000 - 2001,
,,2002 - 2003,
,,2003 - 2004,
,,2004 - 2005,
,,2005 - 2006,
,,2006 - 2007,
,,2007 - 2008,
,,2008 - 2009,
,,2009 - 2010,
,,2011 - 2012,
,,2013 - 2014,
,,2014 - 2015,
,,2015 - 2016,
,,2016 - 2017,
,,2017 - 2018,
,,2018 - 2019,
,,2019 - 2020,
,,2020 - 2021,
,,2021 - 2022,
,,2022 - 2023,
,Cuddalore,2000 - 2001,
,,2002 - 2003,
,,2003 - 2004,
,,2004 - 2005,
,,2005 - 2006,
,,2006 - 2007,
,,2007 - 2008,
,,2008 - 2009,
,,2009 - 2010,
,,2011 - 2012,
,,2013 - 2014,
,,2014 - 2015,
,,2015 - 2016,
,,2016 - 2017,
,,2017 - 2018,
,,2018 - 2019,
,,2019 - 2020,
,,2020 - 2021,
,,2021 - 2022,
,,2022 - 2023,
,Dharmapuri,2000 - 2001,
,,2002 - 2003,
,,2003 - 2004,
,,2004 - 2005,
,,2005 - 2006,
,,2006 - 2007,
,,2007 - 2008,
,,2008 - 2009,
,,2013 - 2014,
,,2017 - 2018,
,,2018 - 2019,
,Dindigul,2000 - 2001,
,,2002 - 2003,
,,2003 - 2004,
,,2004 - 2005,
,,2005 - 2006,
,,2006 - 2007,
,,2007 - 2008,
,,2008 - 2009,
,,2009 - 2010,
,,2011 - 2012,
,,2013 - 2014,
,,2014 - 2015,
,,2015 - 2016,
,,2016 - 2017,
,,2017 - 2018,
,,2018 - 2019,
,,2019 - 2020,
,,2020 - 2021,
,,2021 - 2022,
,,2022 - 2023,
,Erode,2002 - 2003,
,,2003 - 2004,
,,2004 - 2005,
,,2005 - 2006,
,,2006 - 2007,
,,2007 - 2008,
,,2008 - 2009,
,,2009 - 2010,
,,2011 - 2012,
,,2013 - 2014,
,,2014 - 2015,
,,2015 - 2016,
,,2016 - 2017,
,,2017 - 2018,
,,2018 - 2019,
,,2019 - 2020,
,,2020 - 2021,
,,2021 - 2022,
,,2022 - 2023,
,Kallakurichi,2020 - 2021,
,,2021 - 2022,
,,2022 - 2023,
,Kanchipuram,2000 - 2001,
,,2002 - 2003,
,,2003 - 2004,
,,2004 - 2005,
,,2005 - 2006,
,,2006 - 2007,
,,2007 - 2008,
,,2008 - 2009,
,,2009 - 2010,
,,2011 - 2012,
,,2013 - 2014,
,,2014 - 2015,
,,2015 - 2016,
,,2016 - 2017,
,,2017 - 2018,
,,2018 - 2019,
,,2019 - 2020,
,,2020 - 2021,
,,2021 - 2022,
,,2022 - 2023,
,Kanniyakumari,2000 - 2001,
,,2002 - 2003,
,,2003 - 2004,
,,2004 - 2005,
,,2005 - 2006,
,,2006 - 2007,
,,2007 - 2008,
,,2008 - 2009,
,,2009 - 2010,
,,2011 - 2012,
,,2013 - 2014,
,,2014 - 2015,
,,2015 - 2016,
,,2016 - 2017,
,,2017 - 2018,
,,2018 - 2019,
,,2019 - 2020,
,,2020 - 2021,
,,2021 - 2022,
,,2022 - 2023,
,Karur,2000 - 2001,
,,2002 - 2003,
,,2003 - 2004,
,,2004 - 2005,
,,2005 - 2006,
,,2006 - 2007,
,,2007 - 2008,
,,2008 - 2009,
,,2009 - 2010,
,,2011 - 2012,
,,2013 - 2014,
,,2014 - 2015,
,,2015 - 2016,
,,2016 - 2017,
,,2017 - 2018,
,,2018 - 2019,
,,2019 - 2020,
,,2020 - 2021,
,,2021 - 2022,
,,2022 - 2023,
,Krishnagiri,2003 - 2004,
,,2004 - 2005,
,,2005 - 2006,
,,2006 - 2007,
,,2007 - 2008,
,,2008 - 2009,
,,2009 - 2010,
,,2011 - 2012,
,,2013 - 2014,
,,2014 - 2015,
,,2016 - 2017,
,,2017 - 2018,
,,2018 - 2019,
,,2019 - 2020,
,,2020 - 2021,
,,2021 - 2022,
,,2022 - 2023,
,Madurai,2000 - 2001,
,,2002 - 2003,
,,2003 - 2004,
,,2004 - 2005,
,,2005 - 2006,
,,2006 - 2007,
,,2007 - 2008,
,,2008 - 2009,
,,2009 - 2010,
,,2011 - 2012,
,,2013 - 2014,
,,2014 - 2015,
,,2015 - 2016,
,,2016 - 2017,
,,2017 - 2018,
,,2018 - 2019,
,,2019 - 2020,
,,2020 - 2021,
,,2021 - 2022,
,,2022 - 2023,
,Mayiladuthurai,2020 - 2021,
,,2021 - 2022,
,,2022 - 2023,
,Nagapattinam,2000 - 2001,
,,2002 - 2003,
,,2003 - 2004,
,,2004 - 2005,
,,2005 - 2006,
,,2006 - 2007,
,,2007 - 2008,
,,2008 - 2009,
,,2009 - 2010,
,,2011 - 2012,
,,2013 - 2014,
,,2014 - 2015,
,,2015 - 2016,
,,2016 - 2017,
,,2017 - 2018,
,,2018 - 2019,
,,2019 - 2020,
,,2020 - 2021,
,,2021 - 2022,
,,2022 - 2023,
,Namakkal,2000 - 2001,
,,2002 - 2003,
,,2005 - 2006,
,,2006 - 2007,
,,2011 - 2012,
,,2013 - 2014,
,,2014 - 2015,
,,2015 - 2016,
,,2016 - 2017,
,,2017 - 2018,
,,2018 - 2019,
,,2019 - 2020,
,,2020 - 2021,
,,2021 - 2022,
,,2022 - 2023,
,Perambalur,2000 - 2001,
,,2002 - 2003,
,,2003 - 2004,
,,2004 - 2005,
,,2005 - 2006,
,,2006 - 2007,
,,2007 - 2008,
,,2008 - 2009,
,,2009 - 2010,
,,2011 - 2012,
,,2013 - 2014,
,,2014 - 2015,
,,2015 - 2016,
,,2016 - 2017,
,,2017 - 2018,
,,2018 - 2019,
,,2019 - 2020,
,,2020 - 2021,
,,2021 - 2022,
,,2022 - 2023,
,Pudukkottai,2000 - 2001,
,,2002 - 2003,
,,2003 - 2004,
,,2004 - 2005,
,,2005 - 2006,
,,2006 - 2007,
,,2007 - 2008,
,,2008 - 2009,
,,2009 - 2010,
,,2011 - 2012,
,,2013 - 2014,
,,2014 - 2015,
,,2015 - 2016,
,,2016 - 2017,
,,2017 - 2018,
,,2018 - 2019,
,,2019 - 2020,
,,2020 - 2021,
,,2021 - 2022,
,,2022 - 2023,
,Ramanathapuram,2000 - 2001,
,,2002 - 2003,
,,2003 - 2004,
,,2004 - 2005,
,,2005 - 2006,
,,2006 - 2007,
,,2007 - 2008,
,,2008 - 2009,
,,2009 - 2010,
,,2011 - 2012,
,,2013 - 2014,
,,2014 - 2015,
,,2015 - 2016,
,,2016 - 2017,
,,2017 - 2018,
,,2018 - 2019,
,,2019 - 2020,
,,2020 - 2021,
,,2021 - 2022,
,,2022 - 2023,
,Ranipet,2020 - 2021,
,,2021 - 2022,
,,2022 - 2023,
,Salem,2003 - 2004,
,,2004 - 2005,
,,2005 - 2006,
,,2006 - 2007,
,,2007 - 2008,
,,2008 - 2009,
,,2009 - 2010,
,,2011 - 2012,
,,2013 - 2014,
,,2014 - 2015,
,,2015 - 2016,
,,2016 - 2017,
,,2017 - 2018,
,,2018 - 2019,
,,2019 - 2020,
,,2020 - 2021,
,,2021 - 2022,
,,2022 - 2023,
,Sivaganga,2000 - 2001,
,,2002 - 2003,
,,2003 - 2004,
,,2004 - 2005,
,,2005 - 2006,
,,2006 - 2007,
,,2007 - 2008,
,,2008 - 2009,
,,2009 - 2010,
,,2011 - 2012,
,,2013 - 2014,
,,2014 - 2015,
,,2015 - 2016,
,,2016 - 2017,
,,2017 - 2018,
,,2018 - 2019,
,,2019 - 2020,
,,2020 - 2021,
,,2021 - 2022,
,,2022 - 2023,
,Thanjavur,2000 - 2001,
,,2002 - 2003,
,,2003 - 2004,
,,2004 - 2005,
,,2005 - 2006,
,,2006 - 2007,
,,2007 - 2008,
,,2008 - 2009,
,,2009 - 2010,
,,2011 - 2012,
,,2013 - 2014,
,,2014 - 2015,
,,2015 - 2016,
,,2016 - 2017,
,,2017 - 2018,
,,2018 - 2019,
,,2019 - 2020,
,,2020 - 2021,
,,2021 - 2022,
,,2022 - 2023,
,The nilgiris,2000 - 2001,
,Theni,2000 - 2001,
,,2002 - 2003,
,,2003 - 2004,
,,2004 - 2005,
,,2005 - 2006,
,,2006 - 2007,
,,2007 - 2008,
,,2008 - 2009,
,,2009 - 2010,
,,2011 - 2012,
,,2013 - 2014,
,,2014 - 2015,
,,2015 - 2016,
,,2016 - 2017,
,,2017 - 2018,
,,2018 - 2019,
,,2019 - 2020,
,,2020 - 2021,
,,2021 - 2022,
,,2022 - 2023,
,Thenkasi,2020 - 2021,
,,2021 - 2022,
,,2022 - 2023,
,Thiruvallur,2000 - 2001,
,,2002 - 2003,
,,2003 - 2004,
,,2004 - 2005,
,,2005 - 2006,
,,2006 - 2007,
,,2007 - 2008,
,,2008 - 2009,
,,2009 - 2010,
,,2011 - 2012,
,,2013 - 2014,
,,2014 - 2015,
,,2015 - 2016,
,,2016 - 2017,
,,2017 - 2018,
,,2018 - 2019,
,,2019 - 2020,
,,2020 - 2021,
,,2021 - 2022,
,,2022 - 2023,
,Thiruvarur,2000 - 2001,
,,2002 - 2003,
,,2003 - 2004,
,,2004 - 2005,
,,2005 - 2006,
,,2006 - 2007,
,,2007 - 2008,
,,2008 - 2009,
,,2009 - 2010,
,,2011 - 2012,
,,2013 - 2014,
,,2014 - 2015,
,,2015 - 2016,
,,2017 - 2018,
,,2018 - 2019,
,,2019 - 2020,
,,2020 - 2021,
,,2021 - 2022,
,,2022 - 2023,
,Thoothukudi,2000 - 2001,
,,2002 - 2003,
,,2003 - 2004,
,,2004 - 2005,
,,2005 - 2006,
,,2006 - 2007,
,,2007 - 2008,
,,2008 - 2009,
,,2009 - 2010,
,,2011 - 2012,
,,2013 - 2014,
,,2014 - 2015,
,,2015 - 2016,
,,2016 - 2017,
,,2017 - 2018,
,,2018 - 2019,
,,2019 - 2020,
,,2020 - 2021,
,,2021 - 2022,
,,2022 - 2023,
,Tiruchirappalli,2000 - 2001,
,,2002 - 2003,
,,2003 - 2004,
,,2004 - 2005,
,,2005 - 2006,
,,2006 - 2007,
,,2007 - 2008,
,,2008 - 2009,
,,2009 - 2010,
,,2011 - 2012,
,,2013 - 2014,
,,2014 - 2015,
,,2015 - 2016,
,,2016 - 2017,
,,2017 - 2018,
,,2018 - 2019,
,,2019 - 2020,
,,2020 - 2021,
,,2021 - 2022,
,,2022 - 2023,
,Tirunelveli,2000 - 2001,
,,2002 - 2003,
,,2003 - 2004,
,,2004 - 2005,
,,2005 - 2006,
,,2006 - 2007,
,,2007 - 2008,
,,2008 - 2009,
,,2009 - 2010,
,,2011 - 2012,
,,2013 - 2014,
,,2014 - 2015,
,,2015 - 2016,
,,2016 - 2017,
,,2017 - 2018,
,,2018 - 2019,
,,2019 - 2020,
,,2020 - 2021,
,,2021 - 2022,
,,2022 - 2023,
,Tirupathur,2021 - 2022,
,Tiruppur,2008 - 2009,
,,2009 - 2010,
,,2011 - 2012,
,,2013 - 2014,
,,2014 - 2015,
,,2015 - 2016,
,,2016 - 2017,
,,2017 - 2018,
,,2018 - 2019,
,,2019 - 2020,
,,2020 - 2021,
,,2021 - 2022,
,,2022 - 2023,
,Tiruvannamalai,2004 - 2005,
,,2005 - 2006,
,,2006 - 2007,
,,2007 - 2008,
,,2008 - 2009,
,,2009 - 2010,
,,2011 - 2012,
,,2013 - 2014,
,,2015 - 2016,
,,2016 - 2017,
,,2017 - 2018,
,,2018 - 2019,
,,2019 - 2020,
,,2020 - 2021,
,,2021 - 2022,
,,2022 - 2023,
,Vellore,2002 - 2003,
,,2003 - 2004,
,,2004 - 2005,
,,2005 - 2006,
,,2006 - 2007,
,,2007 - 2008,
,,2008 - 2009,
,,2009 - 2010,
,,2011 - 2012,
,,2013 - 2014,
,,2014 - 2015,
,,2015 - 2016,
,,2016 - 2017,
,,2017 - 2018,
,,2018 - 2019,
,,2019 - 2020,
,,2020 - 2021,
,,2021 - 2022,
,Villupuram,2000 - 2001,
,,2002 - 2003,
,,2003 - 2004,
,,2004 - 2005,
,,2005 - 2006,
,,2006 - 2007,
,,2007 - 2008,
,,2008 - 2009,
,,2009 - 2010,
,,2011 - 2012,
,,2013 - 2014,
,,2014 - 2015,
,,2015 - 2016,
,,2016 - 2017,
,,2017 - 2018,
,,2018 - 2019,
,,2019 - 2020,
,,2020 - 2021,
,,2021 - 2022,
,,2022 - 2023,
,Virudhunagar,2002 - 2003,
,,2003 - 2004,
,,2004 - 2005,
,,2005 - 2006,
,,2006 - 2007,
,,2007 - 2008,
,,2008 - 2009,
,,2009 - 2010,
,,2011 - 2012,
,,2013 - 2014,
,,2014 - 2015,
,,2015 - 2016,
,,2016 - 2017,
,,2017 - 2018,
,,2018 - 2019,
,,2019 - 2020,
,,2020 - 2021,
,,2021 - 2022,
,,2022 - 2023,
Telangana,Adilabad,2000 - 2001,
,,2001 - 2002,
,,2002 - 2003,
,,2003 - 2004,
,,2004 - 2005,
,,2005 - 2006,
,,2006 - 2007,
,,2010 - 2011,
,,2011 - 2012,
,,2013 - 2014,0.63
,,2014 - 2015,0.58
,Bhadradri,2016 - 2017,0.42
,,2017 - 2018,0.3
,,2018 - 2019,0.25
,,2019 - 2020,0.31
,,2020 - 2021,0.31
,,2021 - 2022,0.62
,,2022 - 2023,0.22
,Jangoan,2022 - 2023,0.0
,Jayashankar,2016 - 2017,0.41
,,2017 - 2018,0.32
,Kamareddy,2021 - 2022,0.5
,Khammam,2000 - 2001,
,,2001 - 2002,
,,2002 - 2003,
,,2003 - 2004,
,,2004 - 2005,
,,2005 - 2006,
,,2006 - 2007,
,,2008 - 2009,
,,2009 - 2010,
,,2010 - 2011,
,,2011 - 2012,
,,2013 - 2014,0.64
,,2014 - 2015,0.56
,,2015 - 2016,0.71
,,2016 - 2017,0.42
,,2017 - 2018,0.3
,,2018 - 2019,0.25
,,2019 - 2020,0.3
,,2020 - 2021,0.31
,,2021 - 2022,0.66
,,2022 - 2023,0.64
,Komaram bheem asifabad,2018 - 2019,0.25
,,2019 - 2020,0.31
,,2020 - 2021,0.27
,,2021 - 2022,0.63
,,2022 - 2023,0.27
,Mahbubnagar,2000 - 2001,
,,2001 - 2002,
,,2002 - 2003,
,,2003 - 2004,
,,2004 - 2005,
,,2005 - 2006,
,,2006 - 2007,
,,2008 - 2009,
,Mancherial,2017 - 2018,0.25
,,2018 - 2019,0.25
,,2019 - 2020,0.33
,,2020 - 2021,0.29
,,2021 - 2022,0.39
,,2022 - 2023,0.9
,Medak,2000 - 2001,
,,2001 - 2002,
,,2002 - 2003,
,,2003 - 2004,
,,2004 - 2005,
,,2005 - 2006,
,,2006 - 2007,
,,2021 - 2022,1.0
,,2022 - 2023,0.0
,Medchal,2021 - 2022,1.0
,,2022 - 2023,0.0
,Mulugu,2018 - 2019,0.23
,,2019 - 2020,0.3
,,2020 - 2021,0.33
,,2021 - 2022,0.67
,,2022 - 2023,0.17
,Nalgonda,2005 - 2006,
,,2020 - 2021,0.33
,,2021 - 2022,0.6
,,2022 - 2023,0.27
,Narayanapet,2022 - 2023,0.0
,Rangareddi,2000 - 2001,
,,2002 - 2003,
,,2003 - 2004,
,,2004 - 2005,
,,2005 - 2006,
,,2006 - 2007,
,,2016 - 2017,0.33
,Sangareddy,2018 - 2019,0.25
,,2019 - 2020,0.29
,,2020 - 2021,0.33
,,2021 - 2022,0.61
,,2022 - 2023,1.07
,Siddipet,2020 - 2021,0.5
,,2021 - 2022,1.0
,Warangal,2021 - 2022,1.0
,,2022 - 2023,0.0
,Yadadri,2021 - 2022,0.67
,,2022 - 2023,0.0
