State,District,Year,Black pepper,,,,,,,,
,,,Whole Year,,,Rabi,,,Kharif,,
,,,Area (Hectare),Production (Tonnes),Yield (Tonne/Hectare),Area (Hectare),Production (Tonnes),Yield (Tonne/Hectare),Area (Hectare),Production (Tonnes),Yield (Tonne/Hectare)
1. Andaman and Nicobar Islands,1. Nicobars,2002 - 2003,63,13.5,0.21,,,,,,
,,2003 - 2004,75.5,15.86,0.21,,,,,,
,,2004 - 2005,85,15.86,0.19,,,,,,
,,2005 - 2006,41,0.1,0,,,,,,
,,2006 - 2007,22.16,0.68,0.03,,,,,,
,,2010 - 2011,,,,23,8.5,0.37,,,
,,2011 - 2012,,,,23,1,0.04,,,
,,2012 - 2013,,,,23,4.9,0.21,,,
,,2013 - 2014,,,,7.6,1.5,0.2,,,
,,2014 - 2015,,,,6,1.4,0.23,,,
,,2015 - 2016,,,,12.5,0.9,0.07,,,
,,2016 - 2017,,,,12,0.9,0.08,,,
,,2017 - 2018,,,,12.4,0.42,0.03,,,
,,2018 - 2019,,,,10.41,0.02,0,,,
,,2019 - 2020,,,,12.4,0.71,0.06,,,
,,2020 - 2021,,,,10.4,0.09,0.01,,,
,,2021 - 2022,,,,2.4,0.06,0.02,,,
,,2022 - 2023,,,,1.63,0.05,0.03,,,
,2. North and middle andaman,2006 - 2007,175,191.14,1.09,,,,,,
,,2010 - 2011,,,,168,13.5,0.08,,,
,,2011 - 2012,,,,169.9,2.7,0.02,,,
,,2012 - 2013,,,,169.9,36.3,0.21,,,
,,2013 - 2014,,,,160.2,13.8,0.09,,,
,,2014 - 2015,,,,134.5,20.8,0.15,,,
,,2015 - 2016,,,,68,13.6,0.2,,,
,,2016 - 2017,,,,60.3,4.8,0.08,,,
,,2017 - 2018,,,,8.76,2.13,0.24,,,
,,2018 - 2019,,,,10.03,3,0.3,,,
,,2019 - 2020,,,,9.92,2.25,0.23,,,
,,2020 - 2021,,,,9.26,2.8,0.3,,,
,,2021 - 2022,,,,9.36,2.89,0.31,,,
,,2022 - 2023,,,,41.98,3.15,0.08,,,
,3. South andamans,2002 - 2003,487,102.5,0.21,,,,,,
,,2003 - 2004,497,104.37,0.21,,,,,,
,,2004 - 2005,570,104.36,0.18,,,,,,
,,2005 - 2006,656.45,35.95,0.05,,,,,,
,,2006 - 2007,413.1,20.18,0.05,,,,,,
,,2010 - 2011,,,,409,98,0.24,,,
,,2011 - 2012,,,,407.1,28,0.07,,,
,,2012 - 2013,,,,407.1,88.8,0.22,,,
,,2013 - 2014,,,,405.5,61.3,0.15,,,
,,2014 - 2015,,,,385.5,62.8,0.16,,,
,,2015 - 2016,,,,300,39,0.13,,,
,,2016 - 2017,,,,225,47.11,0.21,,,
,,2017 - 2018,,,,69.46,349.72,5.03,,,
,,2018 - 2019,,,,70,4.57,0.07,,,
,,2019 - 2020,,,,66.9,18.05,0.27,,,
,,2020 - 2021,,,,40.16,45.96,1.14,,,
,,2021 - 2022,,,,38.16,43.46,1.14,,,
,,2022 - 2023,,,,38.2,42.57,1.11,,,
2. Andhra Pradesh,1. Alluri sitharama raju,2022 - 2023,382,235,0.62,,,,,,
,2. Anantapur,2019 - 2020,5,5,1,,,,,,
,3. East godavari,2013 - 2014,,,,,,,4,3,0.75
,,2022 - 2023,6,3,0.5,,,,,,
,4. Eluru,2022 - 2023,90,10,0.11,,,,,,
,5. Visakhapatanam,2019 - 2020,"17,215.00","17,215.00",1,,,,,,
,,2021 - 2022,,,,,,,845,483,0.57
,6. West godavari,2019 - 2020,425,425,1,,,,,,
,,2021 - 2022,,,,,,,37,3,0.08
3. Assam,1. Baksa,2007 - 2008,46,68,1.48,,,,,,
,,2008 - 2009,91,171,1.88,,,,,,
,,2009 - 2010,69,116,1.68,,,,,,
,,2010 - 2011,85,147,1.73,,,,,,
,,2011 - 2012,82,142,1.73,,,,,,
,,2012 - 2013,85,151,1.78,,,,,,
,,2013 - 2014,90,160,1.78,,,,,,
,,2014 - 2015,92,165,1.79,,,,,,
,,2015 - 2016,97,174,1.79,,,,,,
,,2016 - 2017,97,182,1.88,,,,,,
,,2017 - 2018,99,191,1.93,,,,,,
,,2018 - 2019,100,197,1.97,,,,,,
,,2019 - 2020,100,201,2.01,,,,,,
,,2020 - 2021,109,219,2.01,,,,,,
,,2021 - 2022,119,239,2.01,,,,,,
,,2022 - 2023,126,266,2.11,,,,,,
,2. Barpeta,2007 - 2008,52,73,1.4,,,,,,
,,2008 - 2009,30,42,1.4,,,,,,
,,2009 - 2010,39,55,1.41,,,,,,
,,2010 - 2011,58,81,1.4,,,,,,
,,2011 - 2012,46,64,1.39,,,,,,
,,2012 - 2013,46,70,1.52,,,,,,
,,2013 - 2014,47,72,1.53,,,,,,
,,2014 - 2015,43,65,1.51,,,,,,
,,2015 - 2016,17,26,1.53,,,,,,
,,2016 - 2017,41,69,1.68,,,,,,
,,2017 - 2018,39,70,1.79,,,,,,
,,2018 - 2019,39,73,1.87,,,,,,
,,2019 - 2020,37,72,1.95,,,,,,
,,2020 - 2021,34,66,1.94,,,,,,
,,2021 - 2022,31,60,1.94,,,,,,
,,2022 - 2023,29,66,2.28,,,,,,
,3. Biswanath,2020 - 2021,63,113,1.79,,,,,,
,,2021 - 2022,86,153,1.78,,,,,,
,,2022 - 2023,167,329,1.97,,,,,,
,4. Bongaigaon,2007 - 2008,18,33,1.83,,,,,,
,,2008 - 2009,18,33,1.83,,,,,,
,,2009 - 2010,27,47,1.74,,,,,,
,,2010 - 2011,27,50,1.85,,,,,,
,,2011 - 2012,30,55,1.83,,,,,,
,,2012 - 2013,27,50,1.85,,,,,,
,,2013 - 2014,29,54,1.86,,,,,,
,,2014 - 2015,26,49,1.88,,,,,,
,,2015 - 2016,33,62,1.88,,,,,,
,,2016 - 2017,35,72,2.06,,,,,,
,,2017 - 2018,34,75,2.21,,,,,,
,,2018 - 2019,37,83,2.24,,,,,,
,,2019 - 2020,32,75,2.34,,,,,,
,,2020 - 2021,35,82,2.34,,,,,,
,,2021 - 2022,50,118,2.36,,,,,,
,,2022 - 2023,52,141,2.71,,,,,,
,5. Cachar,2007 - 2008,39,76,1.95,,,,,,
,,2008 - 2009,45,87,1.93,,,,,,
,,2009 - 2010,26,50,1.92,,,,,,
,,2010 - 2011,38,74,1.95,,,,,,
,,2011 - 2012,43,102,2.37,,,,,,
,,2012 - 2013,44,88,2,,,,,,
,,2013 - 2014,45,90,2,,,,,,
,,2014 - 2015,47,94,2,,,,,,
,,2015 - 2016,43,86,2,,,,,,
,,2016 - 2017,42,90,2.14,,,,,,
,,2017 - 2018,40,88,2.2,,,,,,
,,2018 - 2019,38,86,2.26,,,,,,
,,2019 - 2020,38,89,2.34,,,,,,
,,2020 - 2021,44,102,2.32,,,,,,
,,2021 - 2022,49,114,2.33,,,,,,
,,2022 - 2023,49,126,2.57,,,,,,
,6. Charaideo,2020 - 2021,31,48,1.55,,,,,,
,,2021 - 2022,39,60,1.54,,,,,,
,,2022 - 2023,41,78,1.9,,,,,,
,7. Chirang,2007 - 2008,15,22,1.47,,,,,,
,,2008 - 2009,14,27,1.93,,,,,,
,,2009 - 2010,15,25,1.67,,,,,,
,,2010 - 2011,12,20,1.67,,,,,,
,,2011 - 2012,14,24,1.71,,,,,,
,,2012 - 2013,17,29,1.71,,,,,,
,,2013 - 2014,16,28,1.75,,,,,,
,,2014 - 2015,14,24,1.71,,,,,,
,,2015 - 2016,4,8,2,,,,,,
,,2016 - 2017,7,14,2,,,,,,
,,2017 - 2018,35,60,1.71,,,,,,
,,2018 - 2019,15,27,1.8,,,,,,
,,2019 - 2020,21,107,5.1,,,,,,
,,2020 - 2021,35,178,5.09,,,,,,
,,2021 - 2022,27,137,5.07,,,,,,
,,2022 - 2023,27,139,5.15,,,,,,
,8. Darrang,2007 - 2008,34,52,1.53,,,,,,
,,2008 - 2009,45,69,1.53,,,,,,
,,2009 - 2010,45,69,1.53,,,,,,
,,2010 - 2011,38,59,1.55,,,,,,
,,2011 - 2012,33,51,1.55,,,,,,
,,2012 - 2013,34,57,1.68,,,,,,
,,2013 - 2014,38,63,1.66,,,,,,
,,2014 - 2015,33,55,1.67,,,,,,
,,2015 - 2016,35,59,1.69,,,,,,
,,2016 - 2017,37,68,1.84,,,,,,
,,2017 - 2018,35,70,2,,,,,,
,,2018 - 2019,35,72,2.06,,,,,,
,,2019 - 2020,36,78,2.17,,,,,,
,,2020 - 2021,33,71,2.15,,,,,,
,,2021 - 2022,33,71,2.15,,,,,,
,,2022 - 2023,33,82,2.48,,,,,,
,9. Dhemaji,2007 - 2008,68,87,1.28,,,,,,
,,2008 - 2009,28,36,1.29,,,,,,
,,2009 - 2010,28,36,1.29,,,,,,
,,2010 - 2011,32,41,1.28,,,,,,
,,2011 - 2012,29,36,1.24,,,,,,
,,2012 - 2013,25,35,1.4,,,,,,
,,2013 - 2014,25,35,1.4,,,,,,
,,2014 - 2015,25,36,1.44,,,,,,
,,2015 - 2016,25,36,1.44,,,,,,
,,2016 - 2017,24,50,2.08,,,,,,
,,2017 - 2018,22,48,2.18,,,,,,
,,2018 - 2019,24,40,1.67,,,,,,
,,2019 - 2020,42,73,1.74,,,,,,
,,2020 - 2021,40,70,1.75,,,,,,
,,2021 - 2022,69,121,1.75,,,,,,
,,2022 - 2023,80,162,2.03,,,,,,
,10. Dhubri,2007 - 2008,3,6,2,,,,,,
,,2009 - 2010,3,4,1.33,,,,,,
,,2010 - 2011,2,4,2,,,,,,
,,2011 - 2012,2,4,2,,,,,,
,,2012 - 2013,2,4,2,,,,,,
,,2013 - 2014,2,4,2,,,,,,
,,2014 - 2015,2,4,2,,,,,,
,,2015 - 2016,6,12,2,,,,,,
,,2016 - 2017,7,18,2.57,,,,,,
,,2017 - 2018,5,14,2.8,,,,,,
,,2018 - 2019,3,9,3,,,,,,
,,2019 - 2020,5,15,3,,,,,,
,,2020 - 2021,3,9,3,,,,,,
,,2021 - 2022,3,9,3,,,,,,
,,2022 - 2023,18,56,3.11,,,,,,
,11. Dibrugarh,2007 - 2008,61,103,1.69,,,,,,
,,2008 - 2009,44,87,1.98,,,,,,
,,2009 - 2010,47,87,1.85,,,,,,
,,2010 - 2011,64,117,1.83,,,,,,
,,2011 - 2012,65,119,1.83,,,,,,
,,2012 - 2013,81,150,1.85,,,,,,
,,2013 - 2014,103,191,1.85,,,,,,
,,2014 - 2015,95,177,1.86,,,,,,
,,2015 - 2016,81,151,1.86,,,,,,
,,2016 - 2017,84,225,2.68,,,,,,
,,2017 - 2018,87,237,2.72,,,,,,
,,2018 - 2019,91,250,2.75,,,,,,
,,2019 - 2020,93,259,2.78,,,,,,
,,2020 - 2021,93,259,2.78,,,,,,
,,2021 - 2022,89,248,2.79,,,,,,
,,2022 - 2023,85,246,2.89,,,,,,
,12. Dima hasao,2007 - 2008,44,50,1.14,,,,,,
,,2008 - 2009,44,73,1.66,,,,,,
,,2009 - 2010,46,64,1.39,,,,,,
,,2010 - 2011,46,64,1.39,,,,,,
,,2011 - 2012,48,68,1.42,,,,,,
,,2012 - 2013,48,73,1.52,,,,,,
,,2013 - 2014,48,73,1.52,,,,,,
,,2014 - 2015,44,68,1.55,,,,,,
,,2015 - 2016,52,85,1.63,,,,,,
,,2016 - 2017,48,72,1.5,,,,,,
,,2017 - 2018,52,80,1.54,,,,,,
,,2018 - 2019,51,80,1.57,,,,,,
,,2019 - 2020,50,99,1.98,,,,,,
,,2020 - 2021,50,100,2,,,,,,
,,2021 - 2022,55,125,2.27,,,,,,
,,2022 - 2023,55,138,2.51,,,,,,
,13. Goalpara,2007 - 2008,30,37,1.23,,,,,,
,,2008 - 2009,32,73,2.28,,,,,,
,,2009 - 2010,82,144,1.76,,,,,,
,,2010 - 2011,90,159,1.77,,,,,,
,,2011 - 2012,100,177,1.77,,,,,,
,,2012 - 2013,105,194,1.85,,,,,,
,,2013 - 2014,110,204,1.85,,,,,,
,,2014 - 2015,115,214,1.86,,,,,,
,,2015 - 2016,90,169,1.88,,,,,,
,,2016 - 2017,131,250,1.91,,,,,,
,,2017 - 2018,153,296,1.93,,,,,,
,,2018 - 2019,161,314,1.95,,,,,,
,,2019 - 2020,171,418,2.44,,,,,,
,,2020 - 2021,178,435,2.44,,,,,,
,,2021 - 2022,183,447,2.44,,,,,,
,,2022 - 2023,176,441,2.51,,,,,,
,14. Golaghat,2007 - 2008,200,227,1.14,,,,,,
,,2008 - 2009,218,248,1.14,,,,,,
,,2009 - 2010,330,363,1.1,,,,,,
,,2010 - 2011,359,414,1.15,,,,,,
,,2011 - 2012,370,495,1.34,,,,,,
,,2012 - 2013,366,528,1.44,,,,,,
,,2013 - 2014,295,426,1.44,,,,,,
,,2014 - 2015,335,806,2.41,,,,,,
,,2015 - 2016,336,810,2.41,,,,,,
,,2016 - 2017,335,958,2.86,,,,,,
,,2017 - 2018,334,814,2.44,,,,,,
,,2018 - 2019,334,816,2.44,,,,,,
,,2019 - 2020,333,815,2.45,,,,,,
,,2020 - 2021,328,804,2.45,,,,,,
,,2021 - 2022,360,881,2.45,,,,,,
,,2022 - 2023,295,735,2.49,,,,,,
,15. Hailakandi,2007 - 2008,58,112,1.93,,,,,,
,,2008 - 2009,20,39,1.95,,,,,,
,,2009 - 2010,39,75,1.92,,,,,,
,,2010 - 2011,100,193,1.93,,,,,,
,,2011 - 2012,22,43,1.95,,,,,,
,,2012 - 2013,33,65,1.97,,,,,,
,,2013 - 2014,34,67,1.97,,,,,,
,,2014 - 2015,36,71,1.97,,,,,,
,,2015 - 2016,30,59,1.97,,,,,,
,,2016 - 2017,33,73,2.21,,,,,,
,,2017 - 2018,9,22,2.44,,,,,,
,,2018 - 2019,26,64,2.46,,,,,,
,,2019 - 2020,23,59,2.57,,,,,,
,,2020 - 2021,31,80,2.58,,,,,,
,,2021 - 2022,28,72,2.57,,,,,,
,,2022 - 2023,28,81,2.89,,,,,,
,16. Hojai,2020 - 2021,23,47,2.04,,,,,,
,,2021 - 2022,20,41,2.05,,,,,,
,,2022 - 2023,20,50,2.5,,,,,,
,17. Jorhat,2007 - 2008,419,522,1.25,,,,,,
,,2008 - 2009,647,807,1.25,,,,,,
,,2009 - 2010,107,133,1.24,,,,,,
,,2010 - 2011,119,148,1.24,,,,,,
,,2011 - 2012,95,117,1.23,,,,,,
,,2012 - 2013,122,178,1.46,,,,,,
,,2013 - 2014,103,151,1.47,,,,,,
,,2014 - 2015,108,158,1.46,,,,,,
,,2015 - 2016,120,176,1.47,,,,,,
,,2016 - 2017,103,157,1.52,,,,,,
,,2017 - 2018,107,168,1.57,,,,,,
,,2018 - 2019,153,247,1.61,,,,,,
,,2019 - 2020,127,210,1.65,,,,,,
,,2020 - 2021,96,159,1.66,,,,,,
,,2021 - 2022,97,161,1.66,,,,,,
,,2022 - 2023,94,167,1.78,,,,,,
,18. Kamrup,2007 - 2008,76,115,1.51,,,,,,
,,2008 - 2009,83,126,1.52,,,,,,
,,2009 - 2010,97,147,1.52,,,,,,
,,2010 - 2011,92,139,1.51,,,,,,
,,2011 - 2012,102,155,1.52,,,,,,
,,2012 - 2013,130,211,1.62,,,,,,
,,2013 - 2014,119,193,1.62,,,,,,
,,2014 - 2015,158,258,1.63,,,,,,
,,2015 - 2016,119,195,1.64,,,,,,
,,2016 - 2017,123,209,1.7,,,,,,
,,2017 - 2018,115,201,1.75,,,,,,
,,2018 - 2019,112,200,1.79,,,,,,
,,2019 - 2020,111,202,1.82,,,,,,
,,2020 - 2021,167,303,1.81,,,,,,
,,2021 - 2022,191,347,1.82,,,,,,
,,2022 - 2023,135,254,1.88,,,,,,
,19. Kamrup metro,2007 - 2008,34,50,1.47,,,,,,
,,2008 - 2009,37,74,2,,,,,,
,,2009 - 2010,33,57,1.73,,,,,,
,,2010 - 2011,47,81,1.72,,,,,,
,,2011 - 2012,48,84,1.75,,,,,,
,,2012 - 2013,53,98,1.85,,,,,,
,,2013 - 2014,53,98,1.85,,,,,,
,,2014 - 2015,50,93,1.86,,,,,,
,,2015 - 2016,58,108,1.86,,,,,,
,,2016 - 2017,58,115,1.98,,,,,,
,,2017 - 2018,49,101,2.06,,,,,,
,,2018 - 2019,16,34,2.13,,,,,,
,,2019 - 2020,16,35,2.19,,,,,,
,,2020 - 2021,29,63,2.17,,,,,,
,,2021 - 2022,35,77,2.2,,,,,,
,,2022 - 2023,104,263,2.53,,,,,,
,20. Karbi anglong,2007 - 2008,299,482,1.61,,,,,,
,,2008 - 2009,303,489,1.61,,,,,,
,,2009 - 2010,316,510,1.61,,,,,,
,,2010 - 2011,302,486,1.61,,,,,,
,,2011 - 2012,320,199,0.62,,,,,,
,,2012 - 2013,243,362,1.49,,,,,,
,,2013 - 2014,264,393,1.49,,,,,,
,,2014 - 2015,269,402,1.49,,,,,,
,,2015 - 2016,279,422,1.51,,,,,,
,,2016 - 2017,321,861,2.68,,,,,,
,,2017 - 2018,341,"1,255.00",3.68,,,,,,
,,2018 - 2019,347,"1,277.00",3.68,,,,,,
,,2019 - 2020,348,"1,282.00",3.68,,,,,,
,,2020 - 2021,321,"1,183.00",3.69,,,,,,
,,2021 - 2022,296,"1,091.00",3.69,,,,,,
,,2022 - 2023,315,"1,170.00",3.71,,,,,,
,21. Karimganj,2007 - 2008,75,86,1.15,,,,,,
,,2008 - 2009,222,408,1.84,,,,,,
,,2009 - 2010,230,343,1.49,,,,,,
,,2010 - 2011,253,402,1.59,,,,,,
,,2011 - 2012,275,439,1.6,,,,,,
,,2012 - 2013,279,465,1.67,,,,,,
,,2013 - 2014,279,465,1.67,,,,,,
,,2014 - 2015,283,473,1.67,,,,,,
,,2015 - 2016,255,426,1.67,,,,,,
,,2016 - 2017,250,424,1.7,,,,,,
,,2017 - 2018,240,412,1.72,,,,,,
,,2018 - 2019,246,425,1.73,,,,,,
,,2019 - 2020,255,445,1.75,,,,,,
,,2020 - 2021,260,454,1.75,,,,,,
,,2021 - 2022,245,428,1.75,,,,,,
,,2022 - 2023,240,509,2.12,,,,,,
,22. Kokrajhar,2007 - 2008,15,24,1.6,,,,,,
,,2008 - 2009,34,56,1.65,,,,,,
,,2009 - 2010,335,545,1.63,,,,,,
,,2010 - 2011,250,407,1.63,,,,,,
,,2011 - 2012,344,395,1.15,,,,,,
,,2012 - 2013,345,435,1.26,,,,,,
,,2013 - 2014,348,439,1.26,,,,,,
,,2014 - 2015,337,430,1.28,,,,,,
,,2015 - 2016,358,461,1.29,,,,,,
,,2016 - 2017,364,"1,015.00",2.79,,,,,,
,,2017 - 2018,305,855,2.8,,,,,,
,,2018 - 2019,300,842,2.81,,,,,,
,,2019 - 2020,301,848,2.82,,,,,,
,,2020 - 2021,280,789,2.82,,,,,,
,,2021 - 2022,289,814,2.82,,,,,,
,,2022 - 2023,161,460,2.86,,,,,,
,23. Lakhimpur,2007 - 2008,64,97,1.52,,,,,,
,,2008 - 2009,70,107,1.53,,,,,,
,,2009 - 2010,73,110,1.51,,,,,,
,,2010 - 2011,178,271,1.52,,,,,,
,,2011 - 2012,554,865,1.56,,,,,,
,,2012 - 2013,537,899,1.67,,,,,,
,,2013 - 2014,534,"1,428.00",2.67,,,,,,
,,2014 - 2015,485,817,1.68,,,,,,
,,2015 - 2016,475,"1,277.00",2.69,,,,,,
,,2016 - 2017,471,885,1.88,,,,,,
,,2017 - 2018,510,965,1.89,,,,,,
,,2018 - 2019,494,937,1.9,,,,,,
,,2019 - 2020,492,938,1.91,,,,,,
,,2020 - 2021,492,938,1.91,,,,,,
,,2021 - 2022,317,605,1.91,,,,,,
,,2022 - 2023,328,633,1.93,,,,,,
,24. Majuli,2020 - 2021,35,58,1.66,,,,,,
,,2021 - 2022,70,116,1.66,,,,,,
,,2022 - 2023,70,138,1.97,,,,,,
,25. Marigaon,2007 - 2008,131,224,1.71,,,,,,
,,2008 - 2009,81,138,1.7,,,,,,
,,2009 - 2010,106,181,1.71,,,,,,
,,2010 - 2011,107,183,1.71,,,,,,
,,2011 - 2012,83,143,1.72,,,,,,
,,2012 - 2013,85,157,1.85,,,,,,
,,2013 - 2014,90,166,1.84,,,,,,
,,2014 - 2015,66,123,1.86,,,,,,
,,2015 - 2016,76,143,1.88,,,,,,
,,2016 - 2017,92,180,1.96,,,,,,
,,2017 - 2018,78,155,1.99,,,,,,
,,2018 - 2019,73,148,2.03,,,,,,
,,2019 - 2020,74,153,2.07,,,,,,
,,2020 - 2021,75,125,1.67,,,,,,
,,2021 - 2022,51,85,1.67,,,,,,
,,2022 - 2023,52,94,1.81,,,,,,
,26. Nagaon,2007 - 2008,141,201,1.43,,,,,,
,,2008 - 2009,268,383,1.43,,,,,,
,,2009 - 2010,249,356,1.43,,,,,,
,,2010 - 2011,77,111,1.44,,,,,,
,,2011 - 2012,276,479,1.74,,,,,,
,,2012 - 2013,275,436,1.59,,,,,,
,,2013 - 2014,280,443,1.58,,,,,,
,,2014 - 2015,282,450,1.6,,,,,,
,,2015 - 2016,148,237,1.6,,,,,,
,,2016 - 2017,154,251,1.63,,,,,,
,,2017 - 2018,194,471,2.43,,,,,,
,,2018 - 2019,128,212,1.66,,,,,,
,,2019 - 2020,129,215,1.67,,,,,,
,,2020 - 2021,101,169,1.67,,,,,,
,,2021 - 2022,114,191,1.68,,,,,,
,,2022 - 2023,121,216,1.79,,,,,,
,27. Nalbari,2007 - 2008,10,19,1.9,,,,,,
,,2008 - 2009,25,48,1.92,,,,,,
,,2009 - 2010,10,19,1.9,,,,,,
,,2010 - 2011,26,50,1.92,,,,,,
,,2011 - 2012,28,54,1.93,,,,,,
,,2012 - 2013,28,55,1.96,,,,,,
,,2013 - 2014,28,55,1.96,,,,,,
,,2014 - 2015,22,44,2,,,,,,
,,2015 - 2016,15,30,2,,,,,,
,,2016 - 2017,16,35,2.19,,,,,,
,,2017 - 2018,18,42,2.33,,,,,,
,,2018 - 2019,16,38,2.38,,,,,,
,,2019 - 2020,19,47,2.47,,,,,,
,,2020 - 2021,13,32,2.46,,,,,,
,,2021 - 2022,24,60,2.5,,,,,,
,,2022 - 2023,24,77,3.21,,,,,,
,28. Sivasagar,2007 - 2008,292,532,1.82,,,,,,
,,2008 - 2009,296,539,1.82,,,,,,
,,2009 - 2010,42,76,1.81,,,,,,
,,2010 - 2011,55,99,1.8,,,,,,
,,2011 - 2012,69,125,1.81,,,,,,
,,2012 - 2013,78,144,1.85,,,,,,
,,2013 - 2014,72,134,1.86,,,,,,
,,2014 - 2015,78,145,1.86,,,,,,
,,2015 - 2016,86,161,1.87,,,,,,
,,2016 - 2017,81,110,1.36,,,,,,
,,2017 - 2018,99,136,1.37,,,,,,
,,2018 - 2019,112,278,2.48,,,,,,
,,2019 - 2020,98,150,1.53,,,,,,
,,2020 - 2021,45,69,1.53,,,,,,
,,2021 - 2022,50,76,1.52,,,,,,
,,2022 - 2023,37,65,1.76,,,,,,
,29. Sonitpur,2007 - 2008,369,579,1.57,,,,,,
,,2008 - 2009,376,590,1.57,,,,,,
,,2009 - 2010,255,400,1.57,,,,,,
,,2010 - 2011,255,399,1.56,,,,,,
,,2011 - 2012,229,358,1.56,,,,,,
,,2012 - 2013,99,166,1.68,,,,,,
,,2013 - 2014,111,187,1.68,,,,,,
,,2014 - 2015,125,211,1.69,,,,,,
,,2015 - 2016,115,194,1.69,,,,,,
,,2016 - 2017,120,207,1.73,,,,,,
,,2017 - 2018,122,254,2.08,,,,,,
,,2018 - 2019,108,191,1.77,,,,,,
,,2019 - 2020,142,253,1.78,,,,,,
,,2020 - 2021,75,134,1.79,,,,,,
,,2021 - 2022,115,217,1.89,,,,,,
,,2022 - 2023,135,261,1.93,,,,,,
,30. South salmara mancachar,2020 - 2021,2,6,3,,,,,,
,,2021 - 2022,2,6,3,,,,,,
,31. Tinsukia,2007 - 2008,58,62,1.07,,,,,,
,,2008 - 2009,268,287,1.07,,,,,,
,,2009 - 2010,255,273,1.07,,,,,,
,,2010 - 2011,270,289,1.07,,,,,,
,,2011 - 2012,285,310,1.09,,,,,,
,,2012 - 2013,288,344,1.19,,,,,,
,,2013 - 2014,287,343,1.2,,,,,,
,,2014 - 2015,288,345,1.2,,,,,,
,,2015 - 2016,289,353,1.22,,,,,,
,,2016 - 2017,239,362,1.51,,,,,,
,,2017 - 2018,272,418,1.54,,,,,,
,,2018 - 2019,267,413,1.55,,,,,,
,,2019 - 2020,255,399,1.56,,,,,,
,,2020 - 2021,257,433,1.68,,,,,,
,,2021 - 2022,258,434,1.68,,,,,,
,,2022 - 2023,246,447,1.82,,,,,,
,32. Udalguri,2007 - 2008,172,273,1.59,,,,,,
,,2008 - 2009,54,107,1.98,,,,,,
,,2009 - 2010,63,113,1.79,,,,,,
,,2010 - 2011,59,101,1.71,,,,,,
,,2011 - 2012,55,95,1.73,,,,,,
,,2012 - 2013,56,97,1.73,,,,,,
,,2013 - 2014,70,121,1.73,,,,,,
,,2014 - 2015,70,121,1.73,,,,,,
,,2015 - 2016,60,105,1.75,,,,,,
,,2016 - 2017,63,117,1.86,,,,,,
,,2017 - 2018,64,124,1.94,,,,,,
,,2018 - 2019,62,123,1.98,,,,,,
,,2019 - 2020,62,127,2.05,,,,,,
,,2020 - 2021,65,133,2.05,,,,,,
,,2021 - 2022,223,456,2.04,,,,,,
,,2022 - 2023,217,480,2.21,,,,,,
,33. West karbi anglong,2020 - 2021,34,125,3.68,,,,,,
,,2021 - 2022,40,140,3.5,,,,,,
,,2022 - 2023,43,151,3.51,,,,,,
4. Goa,1. North goa,2004 - 2005,334,55,0.16,,,,,,
,,2005 - 2006,355,77,0.22,,,,,,
,,2006 - 2007,370,96,0.26,,,,,,
,,2007 - 2008,383,119,0.31,,,,,,
,,2013 - 2014,421,135,0.32,,,,,,
,,2014 - 2015,443,146,0.33,,,,,,
,,2015 - 2016,284,91,0.32,,,,,,
,,2016 - 2017,251,92,0.37,,,,,,
,,2017 - 2018,259,106,0.41,,,,,,
,,2018 - 2019,288,116,0.4,,,,,,
,,2019 - 2020,292,106,0.36,,,,,,
,,2020 - 2021,298,101,0.34,,,,,,
,,2021 - 2022,298,106,0.36,,,,,,
,,2022 - 2023,300,114,0.38,,,,,,
,2. South goa,2004 - 2005,255,43,0.17,,,,,,
,,2005 - 2006,271,60,0.22,,,,,,
,,2006 - 2007,278,73,0.26,,,,,,
,,2007 - 2008,283,89,0.31,,,,,,
,,2013 - 2014,316,99,0.31,,,,,,
,,2014 - 2015,321,98,0.31,,,,,,
,,2015 - 2016,499,167,0.33,,,,,,
,,2016 - 2017,526,190,0.36,,,,,,
,,2017 - 2018,535,218,0.41,,,,,,
,,2018 - 2019,561,230,0.41,,,,,,
,,2019 - 2020,551,209,0.38,,,,,,
,,2020 - 2021,550,279,0.51,,,,,,
,,2021 - 2022,560,298,0.53,,,,,,
,,2022 - 2023,561,304,0.54,,,,,,
5. Karnataka,1. Bagalkot,2013 - 2014,6,15,2.5,,,,,,
,,2021 - 2022,62,33.8,0.55,,,,,,
,,2022 - 2023,7,2.67,0.38,,,,,,
,2. Bangalore rural,2000 - 2001,8,19,2.38,,,,,,
,,2001 - 2002,5,12,2.4,,,,,,
,,2002 - 2003,2,5,2.5,,,,,,
,,2003 - 2004,3,7,2.33,,,,,,
,,2004 - 2005,26,63,2.42,,,,,,
,,2005 - 2006,1,2,2,,,,,,
,,2007 - 2008,1,3,3,,,,,,
,,2008 - 2009,1,4,4,,,,,,
,,2009 - 2010,1,4,4,,,,,,
,,2010 - 2011,1,0.6,0.6,,,,,,
,,2012 - 2013,1,3,3,,,,,,
,,2013 - 2014,1,2,2,,,,,,
,,2014 - 2015,1,0.6,0.6,,,,,,
,,2015 - 2016,2,1.5,0.75,,,,,,
,,2020 - 2021,12,5.7,0.48,,,,,,
,,2021 - 2022,11,5.9,0.54,,,,,,
,,2022 - 2023,6,3.4,0.57,,,,,,
,3. Belgaum,2012 - 2013,5,14,2.8,,,,,,
,,2013 - 2014,5,12,2.4,,,,,,
,,2015 - 2016,3,2.3,0.77,,,,,,
,,2016 - 2017,6,3.6,0.6,,,,,,
,,2020 - 2021,15,7.1,0.47,,,,,,
,,2021 - 2022,46,25.2,0.55,,,,,,
,,2022 - 2023,19,9.9,0.52,,,,,,
,4. Bellary,2020 - 2021,28,13.2,0.47,,,,,,
,,2021 - 2022,25,14,0.56,,,,,,
,,2022 - 2023,1,0.4,0.4,,,,,,
,5. Bengaluru urban,2009 - 2010,17,63,3.71,,,,,,
,,2010 - 2011,16,9.7,0.61,,,,,,
,,2011 - 2012,15,4.2,0.28,,,,,,
,,2012 - 2013,2,6,3,,,,,,
,,2013 - 2014,2,5,2.5,,,,,,
,,2014 - 2015,2,1.2,0.6,,,,,,
,,2015 - 2016,11,8.4,0.76,,,,,,
,,2016 - 2017,2,1.2,0.6,,,,,,
,,2017 - 2018,1,0.7,0.7,,,,,,
,,2019 - 2020,8,3.1,0.39,,,,,,
,,2020 - 2021,2,0.9,0.45,,,,,,
,,2021 - 2022,8,4.3,0.54,,,,,,
,,2022 - 2023,5,34.35,6.87,,,,,,
,6. Bidar,2008 - 2009,1,4,4,,,,,,
,,2015 - 2016,2,1.5,0.75,,,,,,
,,2020 - 2021,7,3.3,0.47,,,,,,
,,2021 - 2022,3,1.6,0.53,,,,,,
,7. Bijapur,2022 - 2023,94,36.6,0.39,,,,,,
,8. Chamarajanagar,2007 - 2008,2,6,3,,,,,,
,,2008 - 2009,8,34,4.25,,,,,,
,,2009 - 2010,24,89,3.71,,,,,,
,,2010 - 2011,23,13.9,0.6,,,,,,
,,2011 - 2012,28,7.9,0.28,,,,,,
,,2012 - 2013,28,79,2.82,,,,,,
,,2013 - 2014,50,124,2.48,,,,,,
,,2014 - 2015,37,21.7,0.59,,,,,,
,,2015 - 2016,141,107.9,0.77,,,,,,
,,2016 - 2017,141,85.4,0.61,,,,,,
,,2017 - 2018,142,93.2,0.66,,,,,,
,,2018 - 2019,37,23.5,0.64,,,,,,
,,2019 - 2020,34,13.3,0.39,,,,,,
,,2020 - 2021,28,13.2,0.47,,,,,,
,,2021 - 2022,29,16.1,0.56,,,,,,
,,2022 - 2023,31,6.9,0.22,,,,,,
,9. Chikballapur,2020 - 2021,12,5.7,0.48,,,,,,
,,2021 - 2022,12,6.4,0.53,,,,,,
,,2022 - 2023,5,1.57,0.31,,,,,,
,10. Chikmagalur,2000 - 2001,926,"1,018.00",1.1,,,,,,
,,2001 - 2002,"1,570.00","1,725.00",1.1,,,,,,
,,2002 - 2003,"1,664.00","1,829.00",1.1,,,,,,
,,2003 - 2004,"1,761.00","1,935.00",1.1,,,,,,
,,2004 - 2005,"1,939.00","2,131.00",1.1,,,,,,
,,2005 - 2006,"2,088.00","2,295.00",1.1,,,,,,
,,2006 - 2007,"2,210.00","2,429.00",1.1,,,,,,
,,2007 - 2008,"2,256.00","7,035.00",3.12,,,,,,
,,2008 - 2009,"2,274.00","9,635.00",4.24,,,,,,
,,2009 - 2010,"3,524.00","12,978.00",3.68,,,,,,
,,2010 - 2011,"3,552.00","3,488.30",0.98,,,,,,
,,2011 - 2012,"3,585.00","1,015.10",0.28,,,,,,
,,2012 - 2013,"7,649.00","21,657.00",2.83,,,,,,
,,2013 - 2014,"7,746.00","19,248.00",2.48,,,,,,
,,2014 - 2015,"7,788.00","7,779.50",1,,,,,,
,,2015 - 2016,"8,003.00","8,382.50",1.05,,,,,,
,,2016 - 2017,"8,194.00","7,122.40",0.87,,,,,,
,,2017 - 2018,"8,199.00","7,597.50",0.93,,,,,,
,,2018 - 2019,"34,097.00","25,789.60",0.76,,,,,,
,,2019 - 2020,"40,520.00","12,034.40",0.3,,,,,,
,,2020 - 2021,"49,260.00","26,501.90",0.54,,,,,,
,,2021 - 2022,"48,396.00","26,618.00",0.55,,,,,,
,,2022 - 2023,"49,815.00","19,428.01",0.39,,,,,,
,11. Chitradurga,2013 - 2014,8,20,2.5,,,,,,
,,2014 - 2015,48,28.2,0.59,,,,,,
,,2015 - 2016,75,57.4,0.77,,,,,,
,,2016 - 2017,1,0.6,0.6,,,,,,
,,2017 - 2018,24,15.8,0.66,,,,,,
,,2018 - 2019,24,15.2,0.63,,,,,,
,,2019 - 2020,24,9.4,0.39,,,,,,
,,2020 - 2021,56,26.4,0.47,,,,,,
,,2021 - 2022,40,22,0.55,,,,,,
,,2022 - 2023,31,27.91,0.9,,,,,,
,12. Dakshin kannad,2000 - 2001,912,"2,113.00",2.32,,,,,,
,,2001 - 2002,"1,930.00","4,471.00",2.32,,,,,,
,,2002 - 2003,"1,945.00","4,506.00",2.32,,,,,,
,,2003 - 2004,"1,973.00","4,571.00",2.32,,,,,,
,,2004 - 2005,"1,986.00","4,601.00",2.32,,,,,,
,,2005 - 2006,"1,976.00","4,578.00",2.32,,,,,,
,,2006 - 2007,"2,008.00","4,652.00",2.32,,,,,,
,,2007 - 2008,"2,014.00","4,048.00",2.01,,,,,,
,,2008 - 2009,"2,059.00","8,724.00",4.24,,,,,,
,,2009 - 2010,"2,092.00","7,435.00",3.55,,,,,,
,,2010 - 2011,"2,112.00","1,087.30",0.51,,,,,,
,,2011 - 2012,"2,146.00","1,111.10",0.52,,,,,,
,,2012 - 2013,"2,183.00","11,303.00",5.18,,,,,,
,,2013 - 2014,"2,241.00","10,893.00",4.86,,,,,,
,,2014 - 2015,"2,546.00","1,320.80",0.52,,,,,,
,,2015 - 2016,"2,736.00","1,029.30",0.38,,,,,,
,,2016 - 2017,"3,122.00",831.4,0.27,,,,,,
,,2017 - 2018,"3,558.00","2,043.00",0.57,,,,,,
,,2018 - 2019,"5,322.00","1,053.80",0.2,,,,,,
,,2019 - 2020,"7,146.00","3,020.80",0.42,,,,,,
,,2020 - 2021,"13,428.00","5,693.50",0.42,,,,,,
,,2021 - 2022,"15,037.00","8,270.40",0.55,,,,,,
,,2022 - 2023,"18,388.00","3,677.55",0.2,,,,,,
,13. Davangere,2000 - 2001,2,5,2.5,,,,,,
,,2001 - 2002,19,45,2.37,,,,,,
,,2002 - 2003,1,2,2,,,,,,
,,2003 - 2004,1,2,2,,,,,,
,,2004 - 2005,36,85,2.36,,,,,,
,,2005 - 2006,12,28,2.33,,,,,,
,,2006 - 2007,13,31,2.38,,,,,,
,,2007 - 2008,10,31,3.1,,,,,,
,,2008 - 2009,11,47,4.27,,,,,,
,,2009 - 2010,14,52,3.71,,,,,,
,,2010 - 2011,9,5.4,0.6,,,,,,
,,2011 - 2012,18,5.1,0.28,,,,,,
,,2012 - 2013,2,6,3,,,,,,
,,2013 - 2014,45,112,2.49,,,,,,
,,2014 - 2015,25,14.7,0.59,,,,,,
,,2015 - 2016,487,372.7,0.77,,,,,,
,,2016 - 2017,115,69.7,0.61,,,,,,
,,2017 - 2018,205,134.6,0.66,,,,,,
,,2018 - 2019,420,266.5,0.63,,,,,,
,,2019 - 2020,429,168.2,0.39,,,,,,
,,2020 - 2021,341,160.6,0.47,,,,,,
,,2021 - 2022,273,149.8,0.55,,,,,,
,,2022 - 2023,282,115.72,0.41,,,,,,
,14. Dharwad,2004 - 2005,3,7,2.33,,,,,,
,,2005 - 2006,1,2,2,,,,,,
,,2008 - 2009,9,38,4.22,,,,,,
,,2017 - 2018,1,0.7,0.7,,,,,,
,,2019 - 2020,8,3.1,0.39,,,,,,
,,2020 - 2021,33,15.5,0.47,,,,,,
,,2021 - 2022,12,6.4,0.53,,,,,,
,,2022 - 2023,9,2.56,0.28,,,,,,
,15. Gadag,2015 - 2016,20,15.3,0.77,,,,,,
,,2016 - 2017,8,4.8,0.6,,,,,,
,,2019 - 2020,23,9,0.39,,,,,,
,,2020 - 2021,2,0.9,0.45,,,,,,
,16. Gulbarga,2001 - 2002,1,2,2,,,,,,
,,2002 - 2003,1,2,2,,,,,,
,,2020 - 2021,51,24,0.47,,,,,,
,,2021 - 2022,25,14,0.56,,,,,,
,,2022 - 2023,42,16.4,0.39,,,,,,
,17. Hassan,2000 - 2001,414,455,1.1,,,,,,
,,2001 - 2002,802,881,1.1,,,,,,
,,2002 - 2003,"1,293.00","1,421.00",1.1,,,,,,
,,2003 - 2004,"1,432.00","1,574.00",1.1,,,,,,
,,2004 - 2005,"1,648.00","1,811.00",1.1,,,,,,
,,2005 - 2006,"2,689.00","2,955.00",1.1,,,,,,
,,2006 - 2007,"2,752.00","3,024.00",1.1,,,,,,
,,2007 - 2008,"2,784.00","10,280.00",3.69,,,,,,
,,2008 - 2009,"2,794.00","10,732.00",3.84,,,,,,
,,2009 - 2010,"3,049.00","11,712.00",3.84,,,,,,
,,2010 - 2011,"3,460.00","1,233.10",0.36,,,,,,
,,2011 - 2012,"3,574.00","1,040.20",0.29,,,,,,
,,2012 - 2013,"4,165.00","12,123.00",2.91,,,,,,
,,2013 - 2014,"4,730.00","7,445.00",1.57,,,,,,
,,2014 - 2015,"4,790.00","2,110.20",0.44,,,,,,
,,2015 - 2016,"5,301.00","7,069.00",1.33,,,,,,
,,2016 - 2017,"7,800.00","6,270.30",0.8,,,,,,
,,2017 - 2018,"9,614.00","7,585.70",0.79,,,,,,
,,2018 - 2019,"33,788.00","35,390.20",1.05,,,,,,
,,2019 - 2020,"30,665.00","14,875.60",0.49,,,,,,
,,2020 - 2021,"34,926.00","28,604.40",0.82,,,,,,
,,2021 - 2022,"31,643.00","26,263.90",0.83,,,,,,
,,2022 - 2023,"25,508.00","9,693.20",0.38,,,,,,
,18. Haveri,2014 - 2015,21,12.3,0.59,,,,,,
,,2015 - 2016,10,7.7,0.77,,,,,,
,,2016 - 2017,7,4.2,0.6,,,,,,
,,2017 - 2018,15,9.8,0.65,,,,,,
,,2018 - 2019,36,22.8,0.63,,,,,,
,,2019 - 2020,66,25.9,0.39,,,,,,
,,2020 - 2021,66,31.1,0.47,,,,,,
,,2021 - 2022,39,21.5,0.55,,,,,,
,,2022 - 2023,32,11.01,0.34,,,,,,
,19. Kodagu,2000 - 2001,"3,752.00","10,661.00",2.84,,,,,,
,,2001 - 2002,"4,112.00","11,683.00",2.84,,,,,,
,,2002 - 2003,"4,167.00","11,840.00",2.84,,,,,,
,,2003 - 2004,"4,210.00","11,962.00",2.84,,,,,,
,,2004 - 2005,"5,403.00","15,352.00",2.84,,,,,,
,,2005 - 2006,"6,733.00","19,130.00",2.84,,,,,,
,,2006 - 2007,"5,464.00","15,525.00",2.84,,,,,,
,,2007 - 2008,"7,945.00","24,855.00",3.13,,,,,,
,,2008 - 2009,"8,880.00","39,385.00",4.44,,,,,,
,,2009 - 2010,"9,409.00","35,210.00",3.74,,,,,,
,,2010 - 2011,"10,321.00","6,038.70",0.59,,,,,,
,,2011 - 2012,"10,643.00","2,497.20",0.23,,,,,,
,,2012 - 2013,"10,797.00","25,333.00",2.35,,,,,,
,,2013 - 2014,"11,002.00","25,814.00",2.35,,,,,,
,,2014 - 2015,"14,934.00","6,653.10",0.45,,,,,,
,,2015 - 2016,"15,096.00","6,635.60",0.44,,,,,,
,,2016 - 2017,"15,219.00","6,222.60",0.41,,,,,,
,,2017 - 2018,"15,875.00","6,915.20",0.44,,,,,,
,,2018 - 2019,"65,605.00","27,148.70",0.41,,,,,,
,,2019 - 2020,"70,757.00","28,440.10",0.4,,,,,,
,,2020 - 2021,"97,979.00","30,373.50",0.31,,,,,,
,,2021 - 2022,"98,445.00","44,694.00",0.45,,,,,,
,,2022 - 2023,"1,03,300.00","42,352.93",0.41,,,,,,
,20. Kolar,2020 - 2021,3,1.4,0.47,,,,,,
,,2022 - 2023,1,0.38,0.38,,,,,,
,21. Koppal,2020 - 2021,44,20.7,0.47,,,,,,
,,2021 - 2022,35,19.3,0.55,,,,,,
,,2022 - 2023,25,196.01,7.84,,,,,,
,22. Mandya,2000 - 2001,4,10,2.5,,,,,,
,,2001 - 2002,4,10,2.5,,,,,,
,,2002 - 2003,2,5,2.5,,,,,,
,,2003 - 2004,2,5,2.5,,,,,,
,,2004 - 2005,2,5,2.5,,,,,,
,,2005 - 2006,2,5,2.5,,,,,,
,,2015 - 2016,27,20.7,0.77,,,,,,
,,2019 - 2020,11,4.3,0.39,,,,,,
,,2020 - 2021,19,8.9,0.47,,,,,,
,,2021 - 2022,4,2.1,0.53,,,,,,
,,2022 - 2023,5,0.9,0.18,,,,,,
,23. Mysore,2000 - 2001,14,36,2.57,,,,,,
,,2001 - 2002,20,51,2.55,,,,,,
,,2002 - 2003,124,317,2.56,,,,,,
,,2003 - 2004,25,64,2.56,,,,,,
,,2004 - 2005,28,72,2.57,,,,,,
,,2005 - 2006,25,64,2.56,,,,,,
,,2006 - 2007,26,66,2.54,,,,,,
,,2007 - 2008,59,184,3.12,,,,,,
,,2008 - 2009,62,263,4.24,,,,,,
,,2009 - 2010,166,616,3.71,,,,,,
,,2010 - 2011,63,38,0.6,,,,,,
,,2011 - 2012,73,20.7,0.28,,,,,,
,,2012 - 2013,46,130,2.83,,,,,,
,,2013 - 2014,21,52,2.48,,,,,,
,,2014 - 2015,52,30.5,0.59,,,,,,
,,2015 - 2016,42,32.1,0.76,,,,,,
,,2016 - 2017,73,44.2,0.61,,,,,,
,,2017 - 2018,39,25.6,0.66,,,,,,
,,2018 - 2019,39,24.7,0.63,,,,,,
,,2019 - 2020,98,38.4,0.39,,,,,,
,,2020 - 2021,249,117.3,0.47,,,,,,
,,2021 - 2022,73,39.7,0.54,,,,,,
,,2022 - 2023,129,38.8,0.3,,,,,,
,24. Raichur,2020 - 2021,125,58.9,0.47,,,,,,
,,2021 - 2022,80,44,0.55,,,,,,
,,2022 - 2023,27,8.5,0.31,,,,,,
,25. Ramanagara,2011 - 2012,2,0.6,0.3,,,,,,
,,2012 - 2013,19,54,2.84,,,,,,
,,2013 - 2014,10,25,2.5,,,,,,
,,2014 - 2015,11,6.5,0.59,,,,,,
,,2015 - 2016,10,7.7,0.77,,,,,,
,,2016 - 2017,6,3.6,0.6,,,,,,
,,2017 - 2018,6,3.9,0.65,,,,,,
,,2020 - 2021,11,5.2,0.47,,,,,,
,,2021 - 2022,7,3.8,0.54,,,,,,
,,2022 - 2023,7,1.85,0.26,,,,,,
,26. Shimoga,2000 - 2001,839,"2,376.00",2.83,,,,,,
,,2001 - 2002,818,"2,316.00",2.83,,,,,,
,,2002 - 2003,814,"2,305.00",2.83,,,,,,
,,2003 - 2004,853,"2,415.00",2.83,,,,,,
,,2004 - 2005,814,"2,305.00",2.83,,,,,,
,,2005 - 2006,744,"2,107.00",2.83,,,,,,
,,2006 - 2007,705,"1,996.00",2.83,,,,,,
,,2007 - 2008,696,"2,660.00",3.82,,,,,,
,,2008 - 2009,725,"2,433.00",3.36,,,,,,
,,2009 - 2010,700,"2,349.00",3.36,,,,,,
,,2010 - 2011,742,492.2,0.66,,,,,,
,,2011 - 2012,838,237.3,0.28,,,,,,
,,2012 - 2013,973,"2,755.00",2.83,,,,,,
,,2013 - 2014,"1,116.00","2,773.00",2.48,,,,,,
,,2014 - 2015,"1,255.00",529.3,0.42,,,,,,
,,2015 - 2016,"1,478.00","1,836.30",1.24,,,,,,
,,2016 - 2017,"1,378.00",803.5,0.58,,,,,,
,,2017 - 2018,"1,722.00","1,039.90",0.6,,,,,,
,,2018 - 2019,"4,155.00","2,184.20",0.53,,,,,,
,,2019 - 2020,"4,903.00","1,504.70",0.31,,,,,,
,,2020 - 2021,"7,177.00","3,473.70",0.48,,,,,,
,,2021 - 2022,"5,674.00","2,837.10",0.5,,,,,,
,,2022 - 2023,"5,190.00","1,660.80",0.32,,,,,,
,27. Tumkur,2001 - 2002,1,2,2,,,,,,
,,2002 - 2003,8,18,2.25,,,,,,
,,2003 - 2004,10,23,2.3,,,,,,
,,2004 - 2005,12,27,2.25,,,,,,
,,2005 - 2006,12,27,2.25,,,,,,
,,2006 - 2007,7,16,2.29,,,,,,
,,2007 - 2008,12,37,3.08,,,,,,
,,2008 - 2009,7,30,4.29,,,,,,
,,2009 - 2010,16,59,3.69,,,,,,
,,2010 - 2011,11,6.6,0.6,,,,,,
,,2011 - 2012,1,0.3,0.3,,,,,,
,,2012 - 2013,1,3,3,,,,,,
,,2013 - 2014,1,2,2,,,,,,
,,2014 - 2015,31,18.2,0.59,,,,,,
,,2015 - 2016,36,27.5,0.76,,,,,,
,,2016 - 2017,71,43,0.61,,,,,,
,,2019 - 2020,44,17.2,0.39,,,,,,
,,2020 - 2021,75,35.3,0.47,,,,,,
,,2021 - 2022,98,53.7,0.55,,,,,,
,,2022 - 2023,57,14.21,0.25,,,,,,
,28. Udupi,2000 - 2001,243,563,2.32,,,,,,
,,2001 - 2002,258,598,2.32,,,,,,
,,2002 - 2003,259,600,2.32,,,,,,
,,2003 - 2004,260,602,2.32,,,,,,
,,2004 - 2005,271,628,2.32,,,,,,
,,2005 - 2006,280,649,2.32,,,,,,
,,2006 - 2007,287,665,2.32,,,,,,
,,2007 - 2008,293,914,3.12,,,,,,
,,2008 - 2009,297,"1,258.00",4.24,,,,,,
,,2009 - 2010,294,"1,091.00",3.71,,,,,,
,,2010 - 2011,343,207.1,0.6,,,,,,
,,2011 - 2012,347,98.2,0.28,,,,,,
,,2012 - 2013,339,960,2.83,,,,,,
,,2013 - 2014,350,"1,015.00",2.9,,,,,,
,,2014 - 2015,352,206.6,0.59,,,,,,
,,2015 - 2016,389,297.7,0.77,,,,,,
,,2016 - 2017,420,254.5,0.61,,,,,,
,,2017 - 2018,477,313.1,0.66,,,,,,
,,2018 - 2019,747,474,0.63,,,,,,
,,2019 - 2020,"1,251.00",490.4,0.39,,,,,,
,,2020 - 2021,"1,764.00",830.8,0.47,,,,,,
,,2021 - 2022,879,414,0.47,,,,,,
,,2022 - 2023,726,290.47,0.4,,,,,,
,29. Uttar kannad,2000 - 2001,135,330,2.44,,,,,,
,,2001 - 2002,159,389,2.45,,,,,,
,,2002 - 2003,134,328,2.45,,,,,,
,,2003 - 2004,164,401,2.45,,,,,,
,,2004 - 2005,176,430,2.44,,,,,,
,,2005 - 2006,234,572,2.44,,,,,,
,,2006 - 2007,254,621,2.44,,,,,,
,,2007 - 2008,247,814,3.3,,,,,,
,,2008 - 2009,323,"1,369.00",4.24,,,,,,
,,2009 - 2010,400,"1,485.00",3.71,,,,,,
,,2010 - 2011,408,96.1,0.24,,,,,,
,,2011 - 2012,431,110.9,0.26,,,,,,
,,2012 - 2013,627,"1,614.00",2.57,,,,,,
,,2013 - 2014,624,"1,903.00",3.05,,,,,,
,,2014 - 2015,772,453.2,0.59,,,,,,
,,2015 - 2016,"1,121.00",857.9,0.77,,,,,,
,,2016 - 2017,"1,183.00","1,112.60",0.94,,,,,,
,,2017 - 2018,"1,503.00","1,395.70",0.93,,,,,,
,,2018 - 2019,"4,109.00","1,749.20",0.43,,,,,,
,,2019 - 2020,"4,787.00","2,369.60",0.5,,,,,,
,,2020 - 2021,"5,691.00","3,545.50",0.62,,,,,,
,,2021 - 2022,"4,547.00","2,955.70",0.65,,,,,,
,,2022 - 2023,"4,044.00","3,154.70",0.78,,,,,,
,30. Vijayanagar,2022 - 2023,24,17.2,0.72,,,,,,
,31. Yadgir,2020 - 2021,93,43.8,0.47,,,,,,
,,2021 - 2022,10,5.4,0.54,,,,,,
6. Kerala,1. Alappuzha,2000 - 2001,"2,134.00",297,0.14,,,,,,
,,2001 - 2002,"2,054.00",196,0.1,,,,,,
,,2002 - 2003,"1,940.00",174,0.09,,,,,,
,,2003 - 2004,"1,997.00",167,0.08,,,,,,
,,2004 - 2005,"2,079.00",181,0.09,,,,,,
,,2005 - 2006,"2,000.00",177,0.09,,,,,,
,,2006 - 2007,"1,872.00",232,0.12,,,,,,
,,2007 - 2008,"1,790.00",207,0.12,,,,,,
,,2008 - 2009,"1,357.00",126,0.09,,,,,,
,,2009 - 2010,"1,387.00",134,0.1,,,,,,
,,2010 - 2011,"1,506.15",150.73,0.1,,,,,,
,,2011 - 2012,724.76,136.22,0.19,,,,,,
,,2012 - 2013,639,148,0.23,,,,,,
,,2013 - 2014,663,158,0.24,,,,,,
,,2014 - 2015,614,147,0.24,,,,,,
,,2015 - 2016,615.66,134.36,0.22,,,,,,
,,2016 - 2017,605,135,0.22,,,,,,
,,2017 - 2018,619,125,0.2,,,,,,
,,2018 - 2019,609.1,116.73,0.19,,,,,,
,,2019 - 2020,690,133,0.19,,,,,,
,,2020 - 2021,594.6,108.74,0.18,,,,,,
,,2021 - 2022,605,101,0.17,,,,,,
,,2022 - 2023,615.22,117.16,0.19,,,,,,
,2. Ernakulam,2000 - 2001,"7,312.00",918,0.13,,,,,,
,,2001 - 2002,"7,941.00","1,219.00",0.15,,,,,,
,,2002 - 2003,"7,309.00","1,171.00",0.16,,,,,,
,,2003 - 2004,"6,973.00","1,107.00",0.16,,,,,,
,,2004 - 2005,"6,825.00","1,014.00",0.15,,,,,,
,,2005 - 2006,"6,700.00","1,274.00",0.19,,,,,,
,,2006 - 2007,"6,637.00","1,133.00",0.17,,,,,,
,,2007 - 2008,"6,106.00",995,0.16,,,,,,
,,2008 - 2009,"5,317.00",928,0.17,,,,,,
,,2009 - 2010,"5,273.00",798,0.15,,,,,,
,,2010 - 2011,"5,024.82",717.77,0.14,,,,,,
,,2011 - 2012,"2,456.42",619.85,0.25,,,,,,
,,2012 - 2013,"2,113.00",631,0.3,,,,,,
,,2013 - 2014,"2,026.00",599,0.3,,,,,,
,,2014 - 2015,"1,913.00",539,0.28,,,,,,
,,2015 - 2016,"1,867.01",527.44,0.28,,,,,,
,,2016 - 2017,"1,866.00",467,0.25,,,,,,
,,2017 - 2018,"1,767.00",454,0.26,,,,,,
,,2018 - 2019,"1,843.53",440.89,0.24,,,,,,
,,2019 - 2020,"1,895.00",426,0.22,,,,,,
,,2020 - 2021,"1,748.18",402.46,0.23,,,,,,
,,2021 - 2022,"1,639.00",357,0.22,,,,,,
,,2022 - 2023,"1,626.17",378.26,0.23,,,,,,
,3. Idukki,2000 - 2001,"58,209.00","23,282.00",0.4,,,,,,
,,2001 - 2002,"60,537.00","24,560.00",0.41,,,,,,
,,2002 - 2003,"65,142.00","35,534.00",0.55,,,,,,
,,2003 - 2004,"68,595.00","36,417.00",0.53,,,,,,
,,2004 - 2005,"82,316.00","38,787.00",0.47,,,,,,
,,2005 - 2006,"84,219.00","52,063.00",0.62,,,,,,
,,2006 - 2007,"83,652.00","35,299.00",0.42,,,,,,
,,2007 - 2008,"65,333.00","23,311.00",0.36,,,,,,
,,2008 - 2009,"58,290.00","16,708.00",0.29,,,,,,
,,2009 - 2010,"85,739.00","25,472.00",0.3,,,,,,
,,2010 - 2011,"87,273.78","30,919.38",0.35,,,,,,
,,2011 - 2012,"44,010.47","22,762.96",0.52,,,,,,
,,2012 - 2013,"43,755.00","30,424.00",0.7,,,,,,
,,2013 - 2014,"42,924.00","15,036.00",0.35,,,,,,
,,2014 - 2015,"43,852.00","23,916.00",0.55,,,,,,
,,2015 - 2016,"42,694.38","25,495.33",0.6,,,,,,
,,2016 - 2017,"43,790.00","18,726.00",0.43,,,,,,
,,2017 - 2018,"44,533.00","24,911.00",0.56,,,,,,
,,2018 - 2019,"43,103.78","23,980.98",0.56,,,,,,
,,2019 - 2020,"42,822.00","20,560.00",0.48,,,,,,
,,2020 - 2021,"42,090.45","18,901.00",0.45,,,,,,
,,2021 - 2022,"40,780.00","20,453.00",0.5,,,,,,
,,2022 - 2023,"37,202.05","16,355.39",0.44,,,,,,
,4. Kannur,2000 - 2001,"24,569.00","5,038.00",0.21,,,,,,
,,2001 - 2002,"23,341.00","4,412.00",0.19,,,,,,
,,2002 - 2003,"22,492.00","4,362.00",0.19,,,,,,
,,2003 - 2004,"22,089.00","4,078.00",0.18,,,,,,
,,2004 - 2005,"22,727.00","4,716.00",0.21,,,,,,
,,2005 - 2006,"22,659.00","5,473.00",0.24,,,,,,
,,2006 - 2007,"15,068.00","3,139.00",0.21,,,,,,
,,2007 - 2008,"12,533.00","1,865.00",0.15,,,,,,
,,2008 - 2009,"10,211.00","2,046.00",0.2,,,,,,
,,2009 - 2010,"9,631.00","2,505.00",0.26,,,,,,
,,2010 - 2011,"9,568.71","1,739.64",0.18,,,,,,
,,2011 - 2012,"4,960.73","1,928.49",0.39,,,,,,
,,2012 - 2013,"5,018.00","2,366.00",0.47,,,,,,
,,2013 - 2014,"4,765.00","1,881.00",0.39,,,,,,
,,2014 - 2015,"4,626.00","2,146.00",0.46,,,,,,
,,2015 - 2016,"4,269.13","1,553.05",0.36,,,,,,
,,2016 - 2017,"4,394.00","2,447.00",0.56,,,,,,
,,2017 - 2018,"4,348.00","1,477.00",0.34,,,,,,
,,2018 - 2019,"4,341.42","1,428.85",0.33,,,,,,
,,2019 - 2020,"4,742.00","2,140.00",0.45,,,,,,
,,2020 - 2021,"4,422.59","1,737.01",0.39,,,,,,
,,2021 - 2022,"3,601.00","1,195.00",0.33,,,,,,
,,2022 - 2023,"3,968.16","1,127.61",0.28,,,,,,
,5. Kasaragod,2000 - 2001,"6,229.00","1,226.00",0.2,,,,,,
,,2001 - 2002,"6,478.00","1,376.00",0.21,,,,,,
,,2002 - 2003,"6,948.00","2,052.00",0.3,,,,,,
,,2003 - 2004,"7,371.00","2,136.00",0.29,,,,,,
,,2004 - 2005,"6,876.00","2,015.00",0.29,,,,,,
,,2005 - 2006,"6,672.00","1,950.00",0.29,,,,,,
,,2006 - 2007,"6,657.00","1,957.00",0.29,,,,,,
,,2007 - 2008,"6,660.00","1,583.00",0.24,,,,,,
,,2008 - 2009,"5,407.00","1,386.00",0.26,,,,,,
,,2009 - 2010,"4,764.00","1,098.00",0.23,,,,,,
,,2010 - 2011,"6,830.35","2,538.97",0.37,,,,,,
,,2011 - 2012,"2,729.21","2,192.70",0.8,,,,,,
,,2012 - 2013,"2,707.00","1,596.00",0.59,,,,,,
,,2013 - 2014,"2,927.00","1,809.00",0.62,,,,,,
,,2014 - 2015,"3,084.00","2,077.00",0.67,,,,,,
,,2015 - 2016,"2,746.90","1,189.16",0.43,,,,,,
,,2016 - 2017,"2,914.00","1,738.00",0.6,,,,,,
,,2017 - 2018,"2,846.00","1,536.00",0.54,,,,,,
,,2018 - 2019,"3,088.21","1,404.59",0.45,,,,,,
,,2019 - 2020,"3,360.00","1,716.00",0.51,,,,,,
,,2020 - 2021,"3,183.51","1,611.96",0.51,,,,,,
,,2021 - 2022,"3,105.00","1,631.00",0.53,,,,,,
,,2022 - 2023,"3,154.57","1,310.93",0.42,,,,,,
,6. Kollam,2000 - 2001,"10,418.00","3,713.00",0.36,,,,,,
,,2001 - 2002,"11,381.00","4,275.00",0.38,,,,,,
,,2002 - 2003,"10,633.00","3,235.00",0.3,,,,,,
,,2003 - 2004,"11,305.00","3,301.00",0.29,,,,,,
,,2004 - 2005,"13,565.00","3,743.00",0.28,,,,,,
,,2005 - 2006,"13,509.00","4,625.00",0.34,,,,,,
,,2006 - 2007,"10,873.00","3,158.00",0.29,,,,,,
,,2007 - 2008,"8,988.00","2,018.00",0.22,,,,,,
,,2008 - 2009,"8,527.00","1,613.00",0.19,,,,,,
,,2009 - 2010,"8,138.00","1,501.00",0.18,,,,,,
,,2010 - 2011,"7,932.31","1,311.97",0.17,,,,,,
,,2011 - 2012,"3,885.03","1,395.06",0.36,,,,,,
,,2012 - 2013,"3,745.00","1,486.00",0.4,,,,,,
,,2013 - 2014,"3,236.00","1,263.00",0.39,,,,,,
,,2014 - 2015,"3,244.00","1,195.00",0.37,,,,,,
,,2015 - 2016,"3,330.36","1,092.57",0.33,,,,,,
,,2016 - 2017,"3,180.00",898,0.28,,,,,,
,,2017 - 2018,"2,911.00",836,0.29,,,,,,
,,2018 - 2019,"2,870.15",860.84,0.3,,,,,,
,,2019 - 2020,"2,846.00",849,0.3,,,,,,
,,2020 - 2021,"2,724.28",814.11,0.3,,,,,,
,,2021 - 2022,"2,528.00",638,0.25,,,,,,
,,2022 - 2023,"2,452.23",658.9,0.27,,,,,,
,7. Kottayam,2000 - 2001,"8,581.00","1,153.00",0.13,,,,,,
,,2001 - 2002,"9,139.00","1,372.00",0.15,,,,,,
,,2002 - 2003,"9,245.00","1,436.00",0.16,,,,,,
,,2003 - 2004,"9,097.00","1,801.00",0.2,,,,,,
,,2004 - 2005,"9,828.00","2,074.00",0.21,,,,,,
,,2005 - 2006,"9,482.00","1,695.00",0.18,,,,,,
,,2006 - 2007,"10,418.00","1,754.00",0.17,,,,,,
,,2007 - 2008,"9,866.00","1,605.00",0.16,,,,,,
,,2008 - 2009,"9,573.00","1,347.00",0.14,,,,,,
,,2009 - 2010,"6,711.00",967,0.14,,,,,,
,,2010 - 2011,"6,770.60",866.53,0.13,,,,,,
,,2011 - 2012,"3,335.50","1,145.33",0.34,,,,,,
,,2012 - 2013,"3,192.00","1,179.00",0.37,,,,,,
,,2013 - 2014,"3,120.00","1,172.00",0.38,,,,,,
,,2014 - 2015,"3,135.00","1,078.00",0.34,,,,,,
,,2015 - 2016,"3,214.81","1,149.80",0.36,,,,,,
,,2016 - 2017,"3,248.00","1,012.00",0.31,,,,,,
,,2017 - 2018,"3,174.00","1,277.00",0.4,,,,,,
,,2018 - 2019,"3,014.99","1,214.54",0.4,,,,,,
,,2019 - 2020,"3,023.00","1,009.00",0.33,,,,,,
,,2020 - 2021,"2,816.38",991.07,0.35,,,,,,
,,2021 - 2022,"2,744.00",843,0.31,,,,,,
,,2022 - 2023,"2,836.75",725.6,0.26,,,,,,
,8. Kozhikode,2000 - 2001,"11,939.00","2,277.00",0.19,,,,,,
,,2001 - 2002,"12,775.00","2,722.00",0.21,,,,,,
,,2002 - 2003,"12,365.00","1,765.00",0.14,,,,,,
,,2003 - 2004,"13,094.00","1,800.00",0.14,,,,,,
,,2004 - 2005,"13,993.00","1,934.00",0.14,,,,,,
,,2005 - 2006,"13,923.00","1,869.00",0.13,,,,,,
,,2006 - 2007,"10,652.00","1,313.00",0.12,,,,,,
,,2007 - 2008,"9,665.00",884,0.09,,,,,,
,,2008 - 2009,"8,421.00",823,0.1,,,,,,
,,2009 - 2010,"7,972.00","1,010.00",0.13,,,,,,
,,2010 - 2011,"7,613.27",823.04,0.11,,,,,,
,,2011 - 2012,"3,419.87",614.67,0.18,,,,,,
,,2012 - 2013,"3,332.00","1,098.00",0.33,,,,,,
,,2013 - 2014,"3,345.00",824,0.25,,,,,,
,,2014 - 2015,"3,428.00","1,056.00",0.31,,,,,,
,,2015 - 2016,"3,474.38",933.7,0.27,,,,,,
,,2016 - 2017,"3,755.00","1,059.00",0.28,,,,,,
,,2017 - 2018,"3,666.00",635,0.17,,,,,,
,,2018 - 2019,"3,590.41",953.46,0.27,,,,,,
,,2019 - 2020,"3,432.00",880,0.26,,,,,,
,,2020 - 2021,"3,349.52",839.83,0.25,,,,,,
,,2021 - 2022,"2,896.00",642,0.22,,,,,,
,,2022 - 2023,"2,995.22",713.63,0.24,,,,,,
,9. Malappuram,2000 - 2001,"8,253.00","1,053.00",0.13,,,,,,
,,2001 - 2002,"8,996.00",616,0.07,,,,,,
,,2002 - 2003,"9,846.00",979,0.1,,,,,,
,,2003 - 2004,"10,525.00","1,014.00",0.1,,,,,,
,,2004 - 2005,"11,661.00","1,146.00",0.1,,,,,,
,,2005 - 2006,"11,371.00","1,456.00",0.13,,,,,,
,,2006 - 2007,"9,187.00","1,114.00",0.12,,,,,,
,,2007 - 2008,"7,858.00","1,014.00",0.13,,,,,,
,,2008 - 2009,"5,998.00",590,0.1,,,,,,
,,2009 - 2010,"6,147.00",581,0.09,,,,,,
,,2010 - 2011,"5,732.39",477.9,0.08,,,,,,
,,2011 - 2012,"2,589.77",519.81,0.2,,,,,,
,,2012 - 2013,"2,517.00",542,0.22,,,,,,
,,2013 - 2014,"2,631.00",613,0.23,,,,,,
,,2014 - 2015,"2,913.00",650,0.22,,,,,,
,,2015 - 2016,"2,937.52",459.79,0.16,,,,,,
,,2016 - 2017,"2,641.00",584,0.22,,,,,,
,,2017 - 2018,"2,718.00",523,0.19,,,,,,
,,2018 - 2019,"2,368.33",478.06,0.2,,,,,,
,,2019 - 2020,"2,674.00",550,0.21,,,,,,
,,2020 - 2021,"2,526.96",613.33,0.24,,,,,,
,,2021 - 2022,"1,949.00",490,0.25,,,,,,
,,2022 - 2023,"2,293.06",474.2,0.21,,,,,,
,10. Palakkad,2000 - 2001,"4,916.00",598,0.12,,,,,,
,,2001 - 2002,"5,063.00",723,0.14,,,,,,
,,2002 - 2003,"5,482.00",778,0.14,,,,,,
,,2003 - 2004,"6,079.00",875,0.14,,,,,,
,,2004 - 2005,"7,305.00",991,0.14,,,,,,
,,2005 - 2006,"7,457.00","1,129.00",0.15,,,,,,
,,2006 - 2007,"8,368.00","1,447.00",0.17,,,,,,
,,2007 - 2008,"7,081.00",985,0.14,,,,,,
,,2008 - 2009,"5,661.00",870,0.15,,,,,,
,,2009 - 2010,"5,758.00","1,121.00",0.19,,,,,,
,,2010 - 2011,"5,465.22",953.99,0.17,,,,,,
,,2011 - 2012,"2,559.28",869.87,0.34,,,,,,
,,2012 - 2013,"2,723.00",914,0.34,,,,,,
,,2013 - 2014,"2,772.00","1,109.00",0.4,,,,,,
,,2014 - 2015,"2,695.00",969,0.36,,,,,,
,,2015 - 2016,"2,509.64",953.75,0.38,,,,,,
,,2016 - 2017,"2,488.00","1,000.00",0.4,,,,,,
,,2017 - 2018,"2,319.00",897,0.39,,,,,,
,,2018 - 2019,"2,653.70","1,095.32",0.41,,,,,,
,,2019 - 2020,"2,674.00","1,002.00",0.37,,,,,,
,,2020 - 2021,"2,807.37","1,179.64",0.42,,,,,,
,,2021 - 2022,"2,358.00","1,015.00",0.43,,,,,,
,,2022 - 2023,"2,623.18","1,029.13",0.39,,,,,,
,11. Pathanamthitta,2000 - 2001,"5,059.00","1,228.00",0.24,,,,,,
,,2001 - 2002,"5,613.00","1,455.00",0.26,,,,,,
,,2002 - 2003,"5,214.00","1,231.00",0.24,,,,,,
,,2003 - 2004,"5,154.00","1,356.00",0.26,,,,,,
,,2004 - 2005,"5,651.00","1,328.00",0.24,,,,,,
,,2005 - 2006,"5,529.00","1,419.00",0.26,,,,,,
,,2006 - 2007,"4,919.00","1,434.00",0.29,,,,,,
,,2007 - 2008,"3,934.00","1,191.00",0.3,,,,,,
,,2008 - 2009,"3,612.00",986,0.27,,,,,,
,,2009 - 2010,"3,598.00",850,0.24,,,,,,
,,2010 - 2011,"3,420.93",782.1,0.23,,,,,,
,,2011 - 2012,"1,733.21",858.93,0.5,,,,,,
,,2012 - 2013,"1,692.00",753,0.45,,,,,,
,,2013 - 2014,"1,653.00",738,0.45,,,,,,
,,2014 - 2015,"1,661.00",705,0.42,,,,,,
,,2015 - 2016,"1,706.69",599.46,0.35,,,,,,
,,2016 - 2017,"1,683.00",537,0.32,,,,,,
,,2017 - 2018,"1,687.00",621,0.37,,,,,,
,,2018 - 2019,"1,593.19",505.58,0.32,,,,,,
,,2019 - 2020,"1,617.00",520,0.32,,,,,,
,,2020 - 2021,"1,374.17",439.05,0.32,,,,,,
,,2021 - 2022,"1,353.00",434,0.32,,,,,,
,,2022 - 2023,"1,383.16",427.52,0.31,,,,,,
,12. Thiruvananthapuram,2000 - 2001,"5,668.00","1,705.00",0.3,,,,,,
,,2001 - 2002,"6,376.00","1,642.00",0.26,,,,,,
,,2002 - 2003,"6,569.00","1,790.00",0.27,,,,,,
,,2003 - 2004,"6,915.00","1,758.00",0.25,,,,,,
,,2004 - 2005,"7,320.00","2,028.00",0.28,,,,,,
,,2005 - 2006,"6,980.00","1,710.00",0.24,,,,,,
,,2006 - 2007,"6,295.00","1,450.00",0.23,,,,,,
,,2007 - 2008,"5,557.00","1,423.00",0.26,,,,,,
,,2008 - 2009,"5,683.00","1,201.00",0.21,,,,,,
,,2009 - 2010,"4,902.00","1,031.00",0.21,,,,,,
,,2010 - 2011,"4,760.82",938.82,0.2,,,,,,
,,2011 - 2012,"2,344.39",988.51,0.42,,,,,,
,,2012 - 2013,"2,441.00",873,0.36,,,,,,
,,2013 - 2014,"2,529.00",909,0.36,,,,,,
,,2014 - 2015,"2,401.00",916,0.38,,,,,,
,,2015 - 2016,"2,292.92",971.92,0.42,,,,,,
,,2016 - 2017,"2,177.00",846,0.39,,,,,,
,,2017 - 2018,"1,978.00",690,0.35,,,,,,
,,2018 - 2019,"2,003.40",670.01,0.33,,,,,,
,,2019 - 2020,"1,942.00",604,0.31,,,,,,
,,2020 - 2021,"1,611.74",510.47,0.32,,,,,,
,,2021 - 2022,"1,447.00",424,0.29,,,,,,
,,2022 - 2023,"1,980.11",631.87,0.32,,,,,,
,13. Thrissur,2000 - 2001,"3,938.00",526,0.13,,,,,,
,,2001 - 2002,"4,174.00",589,0.14,,,,,,
,,2002 - 2003,"4,583.00",787,0.17,,,,,,
,,2003 - 2004,"4,959.00","1,032.00",0.21,,,,,,
,,2004 - 2005,"5,950.00","1,126.00",0.19,,,,,,
,,2005 - 2006,"6,033.00","1,282.00",0.21,,,,,,
,,2006 - 2007,"5,623.00","1,006.00",0.18,,,,,,
,,2007 - 2008,"4,766.00",811,0.17,,,,,,
,,2008 - 2009,"4,829.00",841,0.17,,,,,,
,,2009 - 2010,"4,898.00",895,0.18,,,,,,
,,2010 - 2011,"4,093.65",614.46,0.15,,,,,,
,,2011 - 2012,"2,164.81",776.44,0.36,,,,,,
,,2012 - 2013,"1,888.00",582,0.31,,,,,,
,,2013 - 2014,"1,947.00",546,0.28,,,,,,
,,2014 - 2015,"1,801.00",502,0.28,,,,,,
,,2015 - 2016,"1,789.98",479.23,0.27,,,,,,
,,2016 - 2017,"1,901.00",480,0.25,,,,,,
,,2017 - 2018,"1,793.00",559,0.31,,,,,,
,,2018 - 2019,"1,741.71",502.97,0.29,,,,,,
,,2019 - 2020,"1,741.00",462,0.27,,,,,,
,,2020 - 2021,"1,625.15",460.6,0.28,,,,,,
,,2021 - 2022,"1,628.00",436,0.27,,,,,,
,,2022 - 2023,"1,645.21",453.92,0.28,,,,,,
,14. Wayanad,2000 - 2001,"44,908.00","17,915.00",0.4,,,,,,
,,2001 - 2002,"40,088.00","13,083.00",0.33,,,,,,
,,2002 - 2003,"40,839.00","12,064.00",0.3,,,,,,
,,2003 - 2004,"42,287.00","12,173.00",0.29,,,,,,
,,2004 - 2005,"41,573.00","13,897.00",0.33,,,,,,
,,2005 - 2006,"41,464.00","11,483.00",0.28,,,,,,
,,2006 - 2007,"36,488.00","9,828.00",0.27,,,,,,
,,2007 - 2008,"25,542.00","4,060.00",0.16,,,,,,
,,2008 - 2009,"20,825.00","4,526.00",0.22,,,,,,
,,2009 - 2010,"16,571.00","4,497.00",0.27,,,,,,
,,2010 - 2011,"16,188.55","2,431.28",0.15,,,,,,
,,2011 - 2012,"8,421.93","2,691.70",0.32,,,,,,
,,2012 - 2013,"8,945.00","3,706.00",0.41,,,,,,
,,2013 - 2014,"9,527.00","2,751.00",0.29,,,,,,
,,2014 - 2015,"10,064.00","4,794.00",0.48,,,,,,
,,2015 - 2016,"12,498.39","6,592.57",0.53,,,,,,
,,2016 - 2017,"10,565.00","4,136.00",0.39,,,,,,
,,2017 - 2018,"10,782.00","3,414.00",0.32,,,,,,
,,2018 - 2019,"9,939.49","3,123.15",0.31,,,,,,
,,2019 - 2020,"10,307.00","3,694.00",0.36,,,,,,
,,2020 - 2021,"11,252.46","4,981.66",0.44,,,,,,
,,2021 - 2022,"9,718.00","3,857.00",0.4,,,,,,
,,2022 - 2023,"8,956.72","3,249.72",0.36,,,,,,
7. Meghalaya,1. East garo hills,2004 - 2005,58,96,1.66,,,,,,
,,2008 - 2009,,,,56,14,0.25,,,
,,2009 - 2010,58,16,0.28,,,,,,
,,2010 - 2011,62,23,0.37,,,,,,
,,2011 - 2012,65,25,0.38,,,,,,
,,2012 - 2013,68,33,0.49,,,,,,
,,2013 - 2014,42,20,0.48,,,,,,
,,2014 - 2015,43,21,0.49,,,,,,
,,2015 - 2016,,,,48,33,0.69,,,
,,2016 - 2017,,,,51,39,0.76,,,
,,2017 - 2018,,,,52,40,0.77,,,
,,2018 - 2019,,,,53,41,0.77,,,
,,2019 - 2020,,,,54,42,0.78,,,
,,2020 - 2021,,,,55,43,0.78,,,
,2. East jaintia hills,2004 - 2005,34,26,0.76,,,,,,
,,2008 - 2009,,,,34,17,0.5,,,
,,2009 - 2010,35,16,0.46,,,,,,
,,2010 - 2011,34,16,0.47,,,,,,
,,2011 - 2012,35,18,0.51,,,,,,
,,2012 - 2013,37,25,0.68,,,,,,
,,2013 - 2014,32,22,0.69,,,,,,
,,2014 - 2015,33,23,0.7,,,,,,
,,2015 - 2016,,,,33,24,0.73,,,
,,2016 - 2017,,,,34,24,0.71,,,
,,2017 - 2018,,,,34,24,0.71,,,
,,2018 - 2019,,,,35,25,0.71,,,
,,2019 - 2020,,,,36,26,0.72,,,
,,2020 - 2021,,,,37,27,0.73,,,
,3. East khasi hills,2004 - 2005,173,112,0.65,,,,,,
,,2008 - 2009,,,,168,104,0.62,,,
,,2009 - 2010,167,105,0.63,,,,,,
,,2010 - 2011,165,103,0.62,,,,,,
,,2011 - 2012,172,112,0.65,,,,,,
,,2012 - 2013,179,151,0.84,,,,,,
,,2013 - 2014,182,154,0.85,,,,,,
,,2014 - 2015,183,158,0.86,,,,,,
,,2015 - 2016,,,,185,161,0.87,,,
,,2016 - 2017,,,,186,163,0.88,,,
,,2017 - 2018,,,,188,166,0.88,,,
,,2018 - 2019,,,,189,167,0.88,,,
,,2019 - 2020,,,,190,168,0.88,,,
,,2020 - 2021,,,,191,169,0.88,,,
,4. North garo hills,2013 - 2014,27,14,0.52,,,,,,
,,2014 - 2015,27,15,0.56,,,,,,
,,2015 - 2016,,,,34,17,0.5,,,
,,2016 - 2017,,,,35,18,0.51,,,
,,2017 - 2018,,,,35,18,0.51,,,
,,2018 - 2019,,,,35,18,0.51,,,
,,2019 - 2020,,,,35,18,0.51,,,
,,2020 - 2021,,,,35,18,0.51,,,
,5. Ri bhoi,2004 - 2005,147,88,0.6,,,,,,
,,2008 - 2009,,,,145,85,0.59,,,
,,2009 - 2010,146,87,0.6,,,,,,
,,2010 - 2011,144,85,0.59,,,,,,
,,2011 - 2012,147,87,0.59,,,,,,
,,2012 - 2013,153,118,0.77,,,,,,
,,2013 - 2014,156,121,0.78,,,,,,
,,2014 - 2015,160,125,0.78,,,,,,
,,2015 - 2016,,,,162,129,0.8,,,
,,2016 - 2017,,,,164,132,0.8,,,
,,2017 - 2018,,,,166,134,0.81,,,
,,2018 - 2019,,,,168,136,0.81,,,
,,2019 - 2020,,,,169,137,0.81,,,
,,2020 - 2021,,,,170,138,0.81,,,
,6. South garo hills,2004 - 2005,42,34,0.81,,,,,,
,,2008 - 2009,,,,43,22,0.51,,,
,,2009 - 2010,44,21,0.48,,,,,,
,,2010 - 2011,45,22,0.49,,,,,,
,,2011 - 2012,46,23,0.5,,,,,,
,,2012 - 2013,48,31,0.65,,,,,,
,,2013 - 2014,49,32,0.65,,,,,,
,,2014 - 2015,50,33,0.66,,,,,,
,,2015 - 2016,,,,51,34,0.67,,,
,,2016 - 2017,,,,52,35,0.67,,,
,,2017 - 2018,,,,53,36,0.68,,,
,,2018 - 2019,,,,54,37,0.69,,,
,,2019 - 2020,,,,55,38,0.69,,,
,,2020 - 2021,,,,56,39,0.7,,,
,7. South west garo hills,2013 - 2014,58,33,0.57,,,,,,
,,2014 - 2015,59,34,0.58,,,,,,
,,2015 - 2016,,,,59,35,0.59,,,
,,2016 - 2017,,,,60,36,0.6,,,
,,2017 - 2018,,,,61,37,0.61,,,
,,2018 - 2019,,,,62,38,0.61,,,
,,2019 - 2020,,,,63,39,0.62,,,
,,2020 - 2021,,,,64,40,0.63,,,
,8. South west khasi hills,2013 - 2014,84,72,0.86,,,,,,
,,2014 - 2015,85,74,0.87,,,,,,
,,2015 - 2016,,,,86,76,0.88,,,
,,2016 - 2017,,,,87,78,0.9,,,
,,2017 - 2018,,,,89,80,0.9,,,
,,2018 - 2019,,,,90,81,0.9,,,
,,2019 - 2020,,,,91,82,0.9,,,
,,2020 - 2021,,,,92,83,0.9,,,
,9. West garo hills,2004 - 2005,338,154,0.46,,,,,,
,,2008 - 2009,,,,336,151,0.45,,,
,,2009 - 2010,336,148,0.44,,,,,,
,,2010 - 2011,337,150,0.45,,,,,,
,,2011 - 2012,341,159,0.47,,,,,,
,,2012 - 2013,355,214,0.6,,,,,,
,,2013 - 2014,303,186,0.61,,,,,,
,,2014 - 2015,304,192,0.63,,,,,,
,,2015 - 2016,,,,305,196,0.64,,,
,,2016 - 2017,,,,306,199,0.65,,,
,,2017 - 2018,,,,308,201,0.65,,,
,,2018 - 2019,,,,309,202,0.65,,,
,,2019 - 2020,,,,310,203,0.65,,,
,,2020 - 2021,,,,311,204,0.66,,,
,10. West jaintia hills,2013 - 2014,6,4,0.67,,,,,,
,,2014 - 2015,7,6,0.86,,,,,,
,,2015 - 2016,,,,7,7,1,,,
,,2016 - 2017,,,,8,8,1,,,
,,2017 - 2018,,,,8,8,1,,,
,,2018 - 2019,,,,9,9,1,,,
,,2019 - 2020,,,,10,10,1,,,
,,2020 - 2021,,,,11,11,1,,,
,11. West khasi hills,2004 - 2005,103,68,0.66,,,,,,
,,2008 - 2009,,,,102,69,0.68,,,
,,2009 - 2010,104,68,0.65,,,,,,
,,2010 - 2011,102,66,0.65,,,,,,
,,2011 - 2012,105,69,0.66,,,,,,
,,2012 - 2013,110,93,0.85,,,,,,
,,2013 - 2014,28,23,0.82,,,,,,
,,2014 - 2015,29,24,0.83,,,,,,
,,2015 - 2016,,,,29,25,0.86,,,
,,2016 - 2017,,,,30,25,0.83,,,
,,2017 - 2018,,,,31,26,0.84,,,
,,2018 - 2019,,,,32,27,0.84,,,
,,2019 - 2020,,,,33,28,0.85,,,
,,2020 - 2021,,,,34,29,0.85,,,
8. Puducherry,1. Mahe,2000 - 2001,12,7,0.58,,,,,,
,,2001 - 2002,12,11,0.92,,,,,,
,,2002 - 2003,12,8,0.67,,,,,,
,,2003 - 2004,12,8,0.67,,,,,,
,,2004 - 2005,12,7,0.58,,,,,,
,,2005 - 2006,12,7,0.58,,,,,,
,,2006 - 2007,,,,,,,12,7,0.58
,,2007 - 2008,,,,,,,12,7,0.58
,,2008 - 2009,,,,,,,12,8,0.67
,,2009 - 2010,,,,,,,12,8,0.67
,,2010 - 2011,,,,,,,11,6,0.55
,,2011 - 2012,,,,,,,11,5,0.45
,,2016 - 2017,,,,,,,10,18,1.8
,,2017 - 2018,,,,,,,10,18,1.8
,,2018 - 2019,,,,,,,11,15,1.36
,,2019 - 2020,,,,,,,11,15,1.36
,,2020 - 2021,,,,,,,11,15,1.36
,,2021 - 2022,,,,,,,10,14,1.4
,,2022 - 2023,,,,,,,10,14,1.4
9. Tamil Nadu,1. Coimbatore,2003 - 2004,127,25,0.2,,,,,,
,,2005 - 2006,128,25,0.2,,,,,,
,,2006 - 2007,129,25,0.19,,,,,,
,,2007 - 2008,129,25,0.19,,,,,,
,,2008 - 2009,127,25,0.2,,,,,,
,,2009 - 2010,129,27,0.21,,,,,,
,,2011 - 2012,129,27,0.21,,,,,,
,,2013 - 2014,128,26,0.2,,,,,,
,,2014 - 2015,128,27,0.21,,,,,,
,,2015 - 2016,128,27,0.21,,,,,,
,,2016 - 2017,129,27,0.21,,,,,,
,,2017 - 2018,135,28,0.21,,,,,,
,,2018 - 2019,135,28,0.21,,,,,,
,,2019 - 2020,141,29,0.21,,,,,,
,,2020 - 2021,141,31,0.22,,,,,,
,,2021 - 2022,155,33,0.21,,,,,,
,,2022 - 2023,154,32,0.21,,,,,,
,2. Cuddalore,2016 - 2017,1,,0,,,,,,
,,2020 - 2021,1,0,0,,,,,,
,,2021 - 2022,3,1,0.33,,,,,,
,,2022 - 2023,12,3,0.25,,,,,,
,3. Dharmapuri,2007 - 2008,1,,0,,,,,,
,,2009 - 2010,1,,0,,,,,,
,,2011 - 2012,5,1,0.2,,,,,,
,,2015 - 2016,30,5,0.17,,,,,,
,,2016 - 2017,3,,0,,,,,,
,,2017 - 2018,2,,0,,,,,,
,,2018 - 2019,118,,0,,,,,,
,,2019 - 2020,118,19,0.16,,,,,,
,,2020 - 2021,91,20,0.22,,,,,,
,,2021 - 2022,107,19,0.18,,,,,,
,,2022 - 2023,84,16,0.19,,,,,,
,4. Dindigul,2000 - 2001,790,286,0.36,,,,,,
,,2003 - 2004,791,286,0.36,,,,,,
,,2005 - 2006,755,273,0.36,,,,,,
,,2006 - 2007,753,273,0.36,,,,,,
,,2007 - 2008,684,248,0.36,,,,,,
,,2008 - 2009,659,239,0.36,,,,,,
,,2009 - 2010,716,259,0.36,,,,,,
,,2011 - 2012,949,344,0.36,,,,,,
,,2013 - 2014,782,283,0.36,,,,,,
,,2014 - 2015,923,334,0.36,,,,,,
,,2015 - 2016,999,362,0.36,,,,,,
,,2016 - 2017,957,348,0.36,,,,,,
,,2017 - 2018,"1,000.00",362,0.36,,,,,,
,,2018 - 2019,959,347,0.36,,,,,,
,,2019 - 2020,"1,050.00",380,0.36,,,,,,
,,2020 - 2021,"1,224.00",268,0.22,,,,,,
,,2021 - 2022,"1,293.00",431,0.33,,,,,,
,,2022 - 2023,"1,460.00",478,0.33,,,,,,
,5. Erode,2000 - 2001,1,,0,,,,,,
,,2003 - 2004,1,,0,,,,,,
,,2005 - 2006,3,1,0.33,,,,,,
,,2006 - 2007,3,1,0.33,,,,,,
,,2007 - 2008,2,,0,,,,,,
,,2008 - 2009,6,1,0.17,,,,,,
,,2009 - 2010,3,,0,,,,,,
,,2011 - 2012,7,2,0.29,,,,,,
,,2013 - 2014,3,1,0.33,,,,,,
,,2014 - 2015,3,1,0.33,,,,,,
,,2015 - 2016,2,,0,,,,,,
,,2016 - 2017,1,,0,,,,,,
,,2017 - 2018,4,1,0.25,,,,,,
,,2018 - 2019,1,,0,,,,,,
,,2019 - 2020,10,2,0.2,,,,,,
,,2020 - 2021,20,4,0.2,,,,,,
,,2021 - 2022,40,9,0.23,,,,,,
,,2022 - 2023,51,11,0.22,,,,,,
,6. Kallakurichi,2020 - 2021,19,4,0.21,,,,,,
,,2021 - 2022,54,11,0.2,,,,,,
,,2022 - 2023,81,17,0.21,,,,,,
,7. Kanniyakumari,2003 - 2004,115,17,0.15,,,,,,
,,2005 - 2006,83,13,0.16,,,,,,
,,2006 - 2007,113,17,0.15,,,,,,
,,2007 - 2008,90,14,0.16,,,,,,
,,2008 - 2009,40,6,0.15,,,,,,
,,2009 - 2010,97,15,0.15,,,,,,
,,2011 - 2012,153,23,0.15,,,,,,
,,2013 - 2014,226,35,0.15,,,,,,
,,2014 - 2015,239,37,0.15,,,,,,
,,2015 - 2016,284,43,0.15,,,,,,
,,2016 - 2017,288,44,0.15,,,,,,
,,2017 - 2018,283,43,0.15,,,,,,
,,2018 - 2019,293,45,0.15,,,,,,
,,2019 - 2020,323,49,0.15,,,,,,
,,2020 - 2021,319,70,0.22,,,,,,
,,2021 - 2022,321,53,0.17,,,,,,
,,2022 - 2023,311,53,0.17,,,,,,
,8. Krishnagiri,2003 - 2004,2,,0,,,,,,
,,2005 - 2006,2,,0,,,,,,
,,2006 - 2007,6,1,0.17,,,,,,
,,2007 - 2008,5,1,0.2,,,,,,
,,2008 - 2009,2,,0,,,,,,
,,2009 - 2010,2,,0,,,,,,
,,2011 - 2012,2,,0,,,,,,
,,2019 - 2020,1,0,0,,,,,,
,,2020 - 2021,1,0,0,,,,,,
,,2021 - 2022,2,0,0,,,,,,
,9. Mayiladuthurai,2020 - 2021,1,0,0,,,,,,
,,2021 - 2022,1,0,0,,,,,,
,10. Namakkal,2000 - 2001,169,31,0.18,,,,,,
,,2003 - 2004,581,107,0.18,,,,,,
,,2005 - 2006,79,15,0.19,,,,,,
,,2006 - 2007,33,6,0.18,,,,,,
,,2007 - 2008,144,26,0.18,,,,,,
,,2008 - 2009,193,36,0.19,,,,,,
,,2009 - 2010,292,54,0.18,,,,,,
,,2011 - 2012,621,114,0.18,,,,,,
,,2013 - 2014,635,117,0.18,,,,,,
,,2014 - 2015,903,166,0.18,,,,,,
,,2015 - 2016,988,182,0.18,,,,,,
,,2016 - 2017,"1,340.00",247,0.18,,,,,,
,,2017 - 2018,"1,537.00",283,0.18,,,,,,
,,2018 - 2019,"1,741.00",320,0.18,,,,,,
,,2019 - 2020,"1,990.00",366,0.18,,,,,,
,,2020 - 2021,"2,348.00",514,0.22,,,,,,
,,2021 - 2022,"2,345.00",448,0.19,,,,,,
,,2022 - 2023,"2,517.00",484,0.19,,,,,,
,11. Pudukkottai,2003 - 2004,1,,0,,,,,,
,,2005 - 2006,2,,0,,,,,,
,,2006 - 2007,2,,0,,,,,,
,,2007 - 2008,1,,0,,,,,,
,,2016 - 2017,3,1,0.33,,,,,,
,,2017 - 2018,11,2,0.18,,,,,,
,,2018 - 2019,10,2,0.2,,,,,,
,,2019 - 2020,7,2,0.29,,,,,,
,,2020 - 2021,6,1,0.17,,,,,,
,,2021 - 2022,9,2,0.22,,,,,,
,,2022 - 2023,12,2,0.17,,,,,,
,12. Salem,2000 - 2001,12,2,0.17,,,,,,
,,2003 - 2004,19,3,0.16,,,,,,
,,2005 - 2006,25,5,0.2,,,,,,
,,2006 - 2007,20,4,0.2,,,,,,
,,2007 - 2008,44,8,0.18,,,,,,
,,2008 - 2009,53,10,0.19,,,,,,
,,2009 - 2010,71,13,0.18,,,,,,
,,2011 - 2012,816,150,0.18,,,,,,
,,2013 - 2014,813,150,0.18,,,,,,
,,2014 - 2015,841,155,0.18,,,,,,
,,2015 - 2016,838,154,0.18,,,,,,
,,2016 - 2017,"1,035.00",190,0.18,,,,,,
,,2017 - 2018,"1,117.00",206,0.18,,,,,,
,,2018 - 2019,"1,126.00",207,0.18,,,,,,
,,2019 - 2020,"1,160.00",213,0.18,,,,,,
,,2020 - 2021,"1,181.00",259,0.22,,,,,,
,,2021 - 2022,"1,411.00",269,0.19,,,,,,
,,2022 - 2023,"1,454.00",280,0.19,,,,,,
,13. Thanjavur,2003 - 2004,2,,0,,,,,,
,,2005 - 2006,6,1,0.17,,,,,,
,,2006 - 2007,11,2,0.18,,,,,,
,,2007 - 2008,8,2,0.25,,,,,,
,,2008 - 2009,8,2,0.25,,,,,,
,,2009 - 2010,8,2,0.25,,,,,,
,,2011 - 2012,11,2,0.18,,,,,,
,,2013 - 2014,8,1,0.13,,,,,,
,,2014 - 2015,7,1,0.14,,,,,,
,,2015 - 2016,36,7,0.19,,,,,,
,,2016 - 2017,6,1,0.17,,,,,,
,,2017 - 2018,10,2,0.2,,,,,,
,,2018 - 2019,22,4,0.18,,,,,,
,,2019 - 2020,6,1,0.17,,,,,,
,,2020 - 2021,4,1,0.25,,,,,,
,,2021 - 2022,11,2,0.18,,,,,,
,,2022 - 2023,4,1,0.25,,,,,,
,14. The nilgiris,2000 - 2001,637,123,0.19,,,,,,
,,2003 - 2004,"2,434.00",470,0.19,,,,,,
,,2005 - 2006,"2,543.00",491,0.19,,,,,,
,,2006 - 2007,"2,526.00",488,0.19,,,,,,
,,2007 - 2008,"1,908.00",368,0.19,,,,,,
,,2008 - 2009,"1,919.00",370,0.19,,,,,,
,,2009 - 2010,"1,358.00",244,0.18,,,,,,
,,2011 - 2012,960,162,0.17,,,,,,
,,2013 - 2014,"1,069.00",190,0.18,,,,,,
,,2014 - 2015,853,149,0.17,,,,,,
,,2015 - 2016,915,159,0.17,,,,,,
,,2016 - 2017,979,172,0.18,,,,,,
,,2017 - 2018,997,175,0.18,,,,,,
,,2018 - 2019,975,171,0.18,,,,,,
,,2019 - 2020,980,172,0.18,,,,,,
,,2020 - 2021,984,215,0.22,,,,,,
,,2021 - 2022,987,182,0.18,,,,,,
,,2022 - 2023,992,184,0.19,,,,,,
,15. Theni,2000 - 2001,24,6,0.25,,,,,,
,,2003 - 2004,63,16,0.25,,,,,,
,,2005 - 2006,67,17,0.25,,,,,,
,,2006 - 2007,64,17,0.27,,,,,,
,,2007 - 2008,71,19,0.27,,,,,,
,,2008 - 2009,73,19,0.26,,,,,,
,,2009 - 2010,72,21,0.29,,,,,,
,,2011 - 2012,72,23,0.32,,,,,,
,,2013 - 2014,64,19,0.3,,,,,,
,,2014 - 2015,74,23,0.31,,,,,,
,,2015 - 2016,96,29,0.3,,,,,,
,,2016 - 2017,122,37,0.3,,,,,,
,,2017 - 2018,127,39,0.31,,,,,,
,,2018 - 2019,124,38,0.31,,,,,,
,,2019 - 2020,115,35,0.3,,,,,,
,,2020 - 2021,144,32,0.22,,,,,,
,,2021 - 2022,147,42,0.29,,,,,,
,,2022 - 2023,148,42,0.28,,,,,,
,16. Thenkasi,2020 - 2021,36,8,0.22,,,,,,
,,2021 - 2022,37,8,0.22,,,,,,
,,2022 - 2023,44,10,0.23,,,,,,
,17. Thiruvarur,2019 - 2020,2,0,0,,,,,,
,,2020 - 2021,1,0,0,,,,,,
,,2021 - 2022,1,0,0,,,,,,
,18. Tiruchirappalli,2007 - 2008,1,,0,,,,,,
,,2008 - 2009,1,,0,,,,,,
,,2009 - 2010,1,,0,,,,,,
,,2011 - 2012,1,,0,,,,,,
,,2013 - 2014,1,,0,,,,,,
,,2014 - 2015,1,,0,,,,,,
,,2015 - 2016,1,,0,,,,,,
,,2016 - 2017,1,,0,,,,,,
,,2017 - 2018,1,,0,,,,,,
,,2018 - 2019,1,,0,,,,,,
,,2019 - 2020,7,1,0.14,,,,,,
,,2020 - 2021,12,3,0.25,,,,,,
,,2021 - 2022,20,4,0.2,,,,,,
,,2022 - 2023,24,5,0.21,,,,,,
,19. Tirunelveli,2000 - 2001,7,1,0.14,,,,,,
,,2003 - 2004,43,9,0.21,,,,,,
,,2005 - 2006,51,10,0.2,,,,,,
,,2006 - 2007,42,9,0.21,,,,,,
,,2007 - 2008,41,8,0.2,,,,,,
,,2008 - 2009,39,8,0.21,,,,,,
,,2009 - 2010,40,8,0.2,,,,,,
,,2011 - 2012,40,8,0.2,,,,,,
,,2013 - 2014,188,38,0.2,,,,,,
,,2014 - 2015,24,5,0.21,,,,,,
,,2015 - 2016,24,5,0.21,,,,,,
,,2016 - 2017,34,7,0.21,,,,,,
,,2017 - 2018,34,7,0.21,,,,,,
,,2018 - 2019,33,7,0.21,,,,,,
,,2019 - 2020,34,7,0.21,,,,,,
,20. Tirupathur,2022 - 2023,4,1,0.25,,,,,,
,21. Tiruppur,2008 - 2009,1,,0,,,,,,
,,2011 - 2012,1,,0,,,,,,
,,2013 - 2014,1,,0,,,,,,
,,2014 - 2015,1,,0,,,,,,
,,2015 - 2016,8,1,0.13,,,,,,
,,2016 - 2017,7,1,0.14,,,,,,
,,2017 - 2018,1,,0,,,,,,
,,2018 - 2019,1,,0,,,,,,
,,2019 - 2020,1,0,0,,,,,,
,,2020 - 2021,2,0,0,,,,,,
,,2021 - 2022,1,0,0,,,,,,
,22. Tiruvannamalai,2017 - 2018,1,,0,,,,,,
,,2018 - 2019,26,6,0.23,,,,,,
,,2019 - 2020,94,22,0.23,,,,,,
,,2020 - 2021,63,14,0.22,,,,,,
,,2021 - 2022,20,5,0.25,,,,,,
,,2022 - 2023,103,23,0.22,,,,,,
,23. Vellore,2005 - 2006,1,,0,,,,,,
,,2006 - 2007,1,,0,,,,,,
,,2007 - 2008,1,,0,,,,,,
,,2008 - 2009,1,,0,,,,,,
,,2021 - 2022,7,1,0.14,,,,,,
,24. Villupuram,2016 - 2017,2,,0,,,,,,
,,2017 - 2018,5,1,0.2,,,,,,
,,2018 - 2019,6,1,0.17,,,,,,
,,2019 - 2020,41,8,0.2,,,,,,
,,2020 - 2021,6,1,0.17,,,,,,
,,2021 - 2022,1,0,0,,,,,,
