State,District,Year,Cowpea(Lobia),,,,,,,,,,,
,,,Rabi,,,Kharif,,,Summer,,,Whole Year,,
,,,Area (Hectare),Production (Tonnes),Yield (Tonne/Hectare),Area (Hectare),Production (Tonnes),Yield (Tonne/Hectare),Area (Hectare),Production (Tonnes),Yield (Tonne/Hectare),Area (Hectare),Production (Tonnes),Yield (Tonne/Hectare)
1. Andaman and Nicobar Islands,1. Nicobars,2011 - 2012,33.5,94.5,2.82,,,,,,,,,
,,2012 - 2013,24.5,74.5,3.04,,,,,,,,,
,,2013 - 2014,18.5,71.5,3.86,,,,,,,,,
,,2014 - 2015,14.1,40.4,2.87,,,,,,,,,
,,2015 - 2016,20,18,0.9,,,,,,,,,
,2. North and middle andaman,2011 - 2012,258,"1,208.50",4.68,,,,,,,,,
,,2012 - 2013,294,"1,364.50",4.64,,,,,,,,,
,,2013 - 2014,430,"2,421.00",5.63,,,,,,,,,
,,2014 - 2015,426,"1,680.00",3.94,,,,,,,,,
,,2015 - 2016,420,"2,780.00",6.62,,,,,,,,,
,3. South andamans,2011 - 2012,83.5,626.3,7.5,,,,,,,,,
,,2012 - 2013,71.5,661,9.24,,,,,,,,,
,,2013 - 2014,138.5,637.1,4.6,,,,,,,,,
,,2014 - 2015,148.8,720.8,4.84,,,,,,,,,
,,2015 - 2016,131,565.5,4.32,,,,,,,,,
,,2016 - 2017,2,,0,,,,,,,,,
2. Andhra Pradesh,1. Alluri sitharama raju,2022 - 2023,,,,17,10,0.59,,,,,,
,2. Anakapalli,2022 - 2023,174,76,0.44,61,37,0.61,,,,,,
,3. Anantapur,2011 - 2012,15,12,0.8,846,150,0.18,,,,,,
,,2012 - 2013,,,,"1,000.00",,0,,,,,,
,,2013 - 2014,32,26,0.81,527,253,0.48,,,,,,
,,2014 - 2015,234,263,1.12,982,410,0.42,,,,,,
,,2015 - 2016,91,4,0.04,"4,007.00","3,518.00",0.88,,,,,,
,,2016 - 2017,16,11,0.69,500,12,0.02,,,,,,
,,2017 - 2018,,,,798,740,0.93,,,,,,
,,2018 - 2019,"1,210.00",618,0.51,"10,728.00",472,0.04,,,,,,
,,2019 - 2020,58,30,0.52,"4,261.00","1,998.00",0.47,,,,,,
,,2020 - 2021,175,173,0.99,245,101,0.41,,,,,,
,,2021 - 2022,102,105,1.03,265,49,0.18,,,,,,
,,2022 - 2023,64,64,1,117,71,0.61,,,,,,
,4. Annamayya,2022 - 2023,519,132,0.25,726,281,0.39,,,,,,
,5. Bapatla,2022 - 2023,75,75,1,3,2,0.67,,,,,,
,6. Chittoor,2011 - 2012,9,7,0.78,"1,078.00",347,0.32,,,,,,
,,2012 - 2013,,,,"1,000.00","1,000.00",1,,,,,,
,,2013 - 2014,10,8,0.8,"1,116.00",317,0.28,,,,,,
,,2014 - 2015,10,11,1.1,948,289,0.3,,,,,,
,,2015 - 2016,22,7,0.32,"1,279.00",540,0.42,,,,,,
,,2016 - 2017,39,26,0.67,"1,931.00",799,0.41,,,,,,
,,2017 - 2018,42,31,0.74,"1,806.00","1,721.00",0.95,,,,,,
,,2018 - 2019,147,75,0.51,"1,620.00",761,0.47,,,,,,
,,2019 - 2020,160,240,1.5,"1,052.00",413,0.39,,,,,,
,,2020 - 2021,122,136,1.11,"1,691.00","1,723.00",1.02,,,,,,
,,2021 - 2022,129,151,1.17,965,764,0.79,,,,,,
,,2022 - 2023,92,92,1,753,619,0.82,,,,,,
,7. East godavari,2011 - 2012,98,78,0.8,,,,,,,,,
,,2013 - 2014,249,204,0.82,7,3,0.43,,,,,,
,,2014 - 2015,161,181,1.12,5,2,0.4,,,,,,
,,2015 - 2016,193,167,0.87,6,5,0.83,,,,,,
,,2016 - 2017,143,79,0.55,2,1,0.5,,,,,,
,,2017 - 2018,117,57,0.49,5,4,0.8,,,,,,
,,2018 - 2019,11,6,0.55,8,1,0.13,,,,,,
,,2019 - 2020,19,10,0.53,10,4,0.4,,,,,,
,,2020 - 2021,33,33,1,31,26,0.84,,,,,,
,,2021 - 2022,15,14,0.93,46,25,0.54,,,,,,
,,2022 - 2023,6,6,1,,,,,,,,,
,8. Eluru,2022 - 2023,2,2,1,75,46,0.61,,,,,,
,9. Guntur,2013 - 2014,,,,126,61,0.48,,,,,,
,,2014 - 2015,,,,8,3,0.38,,,,,,
,,2015 - 2016,22,19,0.86,,,,,,,,,
,,2018 - 2019,,,,6,1,0.17,,,,,,
,,2020 - 2021,1,1,1,4,3,0.75,,,,,,
,,2021 - 2022,10,10,1,1,1,1,,,,,,
,10. Kadapa,2011 - 2012,409,326,0.8,465,110,0.24,,,,,,
,,2012 - 2013,"2,000.00",,0,"1,000.00","1,000.00",1,,,,,,
,,2013 - 2014,881,397,0.45,"1,157.00",590,0.51,,,,,,
,,2014 - 2015,831,212,0.26,"1,183.00",256,0.22,,,,,,
,,2015 - 2016,530,192,0.36,"1,616.00",842,0.52,,,,,,
,,2016 - 2017,313,45,0.14,917,971,1.06,,,,,,
,,2017 - 2018,917,683,0.74,486,257,0.53,,,,,,
,,2018 - 2019,"1,381.00",126,0.09,175,47,0.27,,,,,,
,,2019 - 2020,252,90,0.36,304,84,0.28,,,,,,
,,2020 - 2021,293,85,0.29,245,56,0.23,,,,,,
,,2021 - 2022,404,98,0.24,447,43,0.1,,,,,,
,,2022 - 2023,29,29,1,41,25,0.61,,,,,,
,11. Kakinada,2022 - 2023,,,,1,1,1,,,,,,
,12. Krishna,2019 - 2020,14,7,0.5,4,2,0.5,,,,,,
,,2020 - 2021,9,9,1,3,2,0.67,,,,,,
,,2021 - 2022,29,28,0.97,,,,,,,,,
,13. Kurnool,2011 - 2012,12,10,0.83,4,1,0.25,,,,,,
,,2013 - 2014,57,47,0.82,,,,,,,,,
,,2014 - 2015,20,22,1.1,,,,,,,,,
,,2015 - 2016,25,8,0.32,1,1,1,,,,,,
,,2018 - 2019,1,1,1,,,,,,,,,
,,2019 - 2020,6,3,0.5,,,,,,,,,
,,2020 - 2021,6,6,1,,,,,,,,,
,,2021 - 2022,5,5,1,,,,,,,,,
,,2022 - 2023,8,8,1,,,,,,,,,
,14. Nandyal,2022 - 2023,3,3,1,,,,,,,,,
,15. Ntr,2022 - 2023,3,3,1,,,,,,,,,
,16. Palnadu,2022 - 2023,,,,1,1,1,,,,,,
,17. Prakasam,2011 - 2012,"3,599.00","2,865.00",0.8,3,1,0.33,,,,,,
,,2012 - 2013,"6,000.00","7,000.00",1.17,,,,,,,,,
,,2013 - 2014,"6,075.00","5,662.00",0.93,377,181,0.48,,,,,,
,,2014 - 2015,"7,600.00","9,705.00",1.28,897,780,0.87,,,,,,
,,2015 - 2016,"6,284.00","5,869.00",0.93,"3,750.00","4,620.00",1.23,,,,,,
,,2016 - 2017,"3,971.00","2,851.00",0.72,229,98,0.43,,,,,,
,,2017 - 2018,"7,998.00","6,142.00",0.77,977,194,0.2,,,,,,
,,2018 - 2019,"10,389.00","5,943.00",0.57,714,74,0.1,,,,,,
,,2019 - 2020,"5,716.00","2,887.00",0.51,63,76,1.21,,,,,,
,,2020 - 2021,"5,787.00","6,082.00",1.05,313,233,0.74,,,,,,
,,2021 - 2022,"6,452.00","6,594.00",1.02,99,109,1.1,,,,,,
,,2022 - 2023,"14,003.00","14,465.00",1.03,72,44,0.61,,,,,,
,18. Spsr nellore,2011 - 2012,98,78,0.8,,,,,,,,,
,,2013 - 2014,106,87,0.82,,,,,,,,,
,,2014 - 2015,102,115,1.13,,,,,,,,,
,,2015 - 2016,84,73,0.87,,,,,,,,,
,,2016 - 2017,9,6,0.67,,,,,,,,,
,,2017 - 2018,66,49,0.74,,,,,,,,,
,,2018 - 2019,131,114,0.87,12,1,0.08,,,,,,
,,2019 - 2020,210,142,0.68,4,2,0.5,,,,,,
,,2020 - 2021,60,32,0.53,2,2,1,,,,,,
,,2021 - 2022,49,47,0.96,,,,,,,,,
,,2022 - 2023,152,152,1,6,4,0.67,,,,,,
,19. Sri sathya sai,2022 - 2023,56,56,1,108,66,0.61,,,,,,
,20. Tirupati,2022 - 2023,21,21,1,84,51,0.61,,,,,,
,21. Visakhapatanam,2011 - 2012,450,359,0.8,487,104,0.21,,,,,,
,,2012 - 2013,"1,000.00","1,000.00",1,,,,,,,,,
,,2013 - 2014,467,382,0.82,391,203,0.52,,,,,,
,,2014 - 2015,374,117,0.31,415,116,0.28,,,,,,
,,2015 - 2016,554,187,0.34,370,158,0.43,,,,,,
,,2016 - 2017,483,324,0.67,196,82,0.42,,,,,,
,,2017 - 2018,307,85,0.28,202,145,0.72,,,,,,
,,2018 - 2019,294,48,0.16,114,23,0.2,,,,,,
,,2019 - 2020,299,92,0.31,116,32,0.28,,,,,,
,,2020 - 2021,198,69,0.35,103,38,0.37,,,,,,
,,2021 - 2022,203,87,0.43,69,25,0.36,,,,,,
,,2022 - 2023,,,,1,1,1,,,,,,
,22. Vizianagaram,2019 - 2020,1,1,1,,,,,,,,,
,23. West godavari,2011 - 2012,379,302,0.8,3,1,0.33,,,,,,
,,2013 - 2014,526,431,0.82,19,9,0.47,,,,,,
,,2014 - 2015,244,109,0.45,21,9,0.43,,,,,,
,,2015 - 2016,198,43,0.22,14,12,0.86,,,,,,
,,2016 - 2017,65,37,0.57,5,3,0.6,,,,,,
,,2017 - 2018,23,6,0.26,28,20,0.71,,,,,,
,,2018 - 2019,57,29,0.51,8,1,0.13,,,,,,
,,2019 - 2020,57,30,0.53,2,1,0.5,,,,,,
,,2020 - 2021,5,5,1,,,,,,,,,
,,2021 - 2022,9,9,1,5,3,0.6,,,,,,
3. Dadra and Nagar Haveli,1. Dadra and Nagar Haveli,2016 - 2017,,,,6,7.2,1.2,,,,,,
,,2018 - 2019,,,,6,7.2,1.2,,,,,,
,,2019 - 2020,,,,6,7.2,1.2,,,,,,
4. Haryana,1. Hisar,2021 - 2022,,,,3,0,0,,,,,,
5. Jammu and Kashmir,1. Badgam,2006 - 2007,,,,61,30.5,0.5,,,,,,
,2. Bandipora,2010 - 2011,,,,762,382.3,0.5,,,,,,
,,2015 - 2016,,,,40,8,0.2,,,,,,
,,2016 - 2017,,,,41,8.2,0.2,,,,,,
,3. Baramulla,2006 - 2007,,,,"1,371.00",411.3,0.3,,,,,,
,,2011 - 2012,,,,32,16.1,0.5,,,,,,
,,2015 - 2016,,,,214,42.8,0.2,,,,,,
,,2016 - 2017,,,,213,42.6,0.2,,,,,,
,4. Jammu,2006 - 2007,137,93.3,0.68,,,,,,,,,
,,2010 - 2011,45,90.4,2.01,,,,,,,,,
,,2015 - 2016,160,87.8,0.55,,,,,,,,,
,,2016 - 2017,160,87.8,0.55,2,0.4,0.2,,,,,,
,5. Kathua,2015 - 2016,1,0.9,0.9,,,,,,,,,
,,2016 - 2017,2,1.8,0.9,,,,,,,,,
,6. Kishtwar,2015 - 2016,28,15.3,0.55,,,,,,,,,
,7. Leh ladakh,2010 - 2011,4,8.2,2.05,,,,,,,,,
,8. Samba,2015 - 2016,4,2.2,0.55,,,,,,,,,
6. Karnataka,1. Bagalkot,2010 - 2011,931,246,0.26,225,116,0.52,,,,,,
,,2011 - 2012,940,331,0.35,524,277,0.53,,,,,,
,,2012 - 2013,154,51,0.33,166,45,0.27,792,285,0.36,,,
,,2013 - 2014,45,19,0.42,555,207,0.37,894,352,0.39,,,
,,2014 - 2015,120,44,0.37,83,36,0.43,546,200,0.37,,,
,,2015 - 2016,162,72,0.44,151,63,0.42,577,173,0.3,,,
,,2016 - 2017,55,1,0.02,255,195,0.76,585,108,0.18,,,
,,2017 - 2018,115,47,0.41,60,14,0.23,215,64,0.3,,,
,,2018 - 2019,40,11,0.28,10,4,0.4,335,44,0.13,,,
,,2019 - 2020,659,322,0.49,58,16,0.28,408,98,0.24,,,
,,2020 - 2021,499,348,0.7,61,20,0.33,673,213,0.32,,,
,,2021 - 2022,952,612,0.64,46,16,0.35,385,81,0.21,,,
,,2022 - 2023,629,367,0.58,131,48,0.37,139,39,0.28,,,
,2. Bangalore rural,2010 - 2011,3,1,0.33,996,999,1,,,,,,
,,2011 - 2012,22,8,0.36,845,621,0.73,,,,,,
,,2012 - 2013,36,12,0.33,747,136,0.18,2,1,0.5,,,
,,2013 - 2014,16,7,0.44,920,404,0.44,,,,,,
,,2014 - 2015,29,11,0.38,591,881,1.49,1,,0,,,
,,2015 - 2016,22,10,0.45,636,317,0.5,2,1,0.5,,,
,,2016 - 2017,,,,654,501,0.77,2,,0,,,
,,2017 - 2018,13,5,0.38,593,135,0.23,,,,,,
,,2018 - 2019,,,,51,19,0.37,,,,,,
,,2019 - 2020,5,2,0.4,192,55,0.29,1,,0,,,
,,2020 - 2021,8,6,0.75,61,20,0.33,,,,,,
,,2021 - 2022,4,3,0.75,52,18,0.35,1,0.21,0.21,,,
,,2022 - 2023,5,3,0.6,39,14,0.36,1,0.28,0.28,,,
,3. Belgaum,2010 - 2011,572,151,0.26,"1,574.00",673,0.43,,,,,,
,,2011 - 2012,485,171,0.35,"1,332.00",583,0.44,,,,,,
,,2012 - 2013,193,64,0.33,628,98,0.16,306,110,0.36,,,
,,2013 - 2014,147,62,0.42,"1,715.00",365,0.21,126,50,0.4,,,
,,2014 - 2015,166,61,0.37,871,830,0.95,210,77,0.37,,,
,,2015 - 2016,157,70,0.45,509,82,0.16,151,45,0.3,,,
,,2016 - 2017,149,4,0.03,499,382,0.77,118,22,0.19,,,
,,2017 - 2018,279,113,0.41,"1,260.00",286,0.23,128,38,0.3,,,
,,2018 - 2019,125,35,0.28,98,37,0.38,102,13,0.13,,,
,,2019 - 2020,262,128,0.49,71,20,0.28,311,74,0.24,,,
,,2020 - 2021,546,381,0.7,103,34,0.33,128,41,0.32,,,
,,2021 - 2022,595,382,0.64,94,33,0.35,178,38,0.21,,,
,,2022 - 2023,260,151,0.58,53,19,0.36,69,19,0.28,,,
,4. Bellary,2010 - 2011,"1,821.00",481,0.26,362,187,0.52,,,,,,
,,2011 - 2012,"1,243.00",333,0.27,518,274,0.53,,,,,,
,,2012 - 2013,615,205,0.33,572,156,0.27,772,181,0.23,,,
,,2013 - 2014,245,104,0.42,226,84,0.37,768,482,0.63,,,
,,2014 - 2015,929,341,0.37,284,125,0.44,834,352,0.42,,,
,,2015 - 2016,913,405,0.44,484,200,0.41,"2,220.00",742,0.33,,,
,,2016 - 2017,496,12,0.02,169,129,0.76,538,148,0.28,,,
,,2017 - 2018,491,199,0.41,391,89,0.23,790,314,0.4,,,
,,2018 - 2019,545,153,0.28,764,289,0.38,896,117,0.13,,,
,,2019 - 2020,"2,903.00","1,418.00",0.49,185,53,0.29,126,30,0.24,,,
,,2020 - 2021,"2,501.00","1,743.00",0.7,202,66,0.33,776,246,0.32,,,
,,2021 - 2022,"4,497.00","2,892.00",0.64,215,76,0.35,401,85,0.21,,,
,,2022 - 2023,235,137,0.58,41,15,0.37,12,3,0.25,,,
,5. Bengaluru urban,2010 - 2011,40,11,0.28,456,236,0.52,,,,,,
,,2011 - 2012,73,26,0.36,595,314,0.53,,,,,,
,,2012 - 2013,15,5,0.33,275,75,0.27,32,12,0.38,,,
,,2013 - 2014,27,11,0.41,269,100,0.37,22,9,0.41,,,
,,2014 - 2015,30,11,0.37,173,76,0.44,1,,0,,,
,,2015 - 2016,4,2,0.5,315,130,0.41,6,2,0.33,,,
,,2016 - 2017,6,,0,236,181,0.77,3,1,0.33,,,
,,2017 - 2018,11,4,0.36,217,49,0.23,5,1,0.2,,,
,,2018 - 2019,1,,0,64,24,0.38,7,1,0.14,,,
,,2019 - 2020,1,,0,332,94,0.28,5,1,0.2,,,
,,2020 - 2021,1,1,1,32,11,0.34,,,,,,
,,2021 - 2022,,,,39,14,0.36,9,2,0.22,,,
,,2022 - 2023,1,1,1,28,10,0.36,,,,,,
,6. Bidar,2010 - 2011,,,,19,10,0.53,,,,,,
,,2011 - 2012,,,,31,16,0.52,,,,,,
,,2012 - 2013,,,,123,34,0.28,,,,,,
,,2013 - 2014,,,,204,76,0.37,,,,,,
,,2014 - 2015,,,,54,24,0.44,,,,,,
,,2015 - 2016,,,,85,35,0.41,,,,,,
,,2016 - 2017,,,,37,28,0.76,,,,,,
,,2017 - 2018,,,,125,28,0.22,,,,,,
,,2018 - 2019,30,8,0.27,128,48,0.38,,,,,,
,,2019 - 2020,2,1,0.5,7,2,0.29,,,,,,
,,2020 - 2021,20,14,0.7,9,3,0.33,,,,,,
,,2021 - 2022,69,44,0.64,6,2,0.33,13,3,0.23,,,
,,2022 - 2023,,,,1,0.36,0.36,3,1,0.33,,,
,7. Bijapur,2010 - 2011,335,88,0.26,878,275,0.31,,,,,,
,,2011 - 2012,196,69,0.35,735,156,0.21,,,,,,
,,2012 - 2013,206,69,0.33,252,76,0.3,154,55,0.36,,,
,,2013 - 2014,14,6,0.43,249,58,0.23,181,71,0.39,,,
,,2014 - 2015,,,,285,32,0.11,152,56,0.37,,,
,,2015 - 2016,,,,142,7,0.05,216,65,0.3,,,
,,2016 - 2017,,,,274,210,0.77,,,,,,
,,2017 - 2018,,,,89,20,0.22,56,17,0.3,,,
,,2018 - 2019,220,62,0.28,12,5,0.42,33,4,0.12,,,
,,2019 - 2020,74,36,0.49,32,9,0.28,10,2,0.2,,,
,,2020 - 2021,88,61,0.69,78,26,0.33,,,,,,
,,2021 - 2022,53,34,0.64,49,17,0.35,43,9,0.21,,,
,,2022 - 2023,36,21,0.58,38,14,0.37,5,1,0.2,,,
,8. Chamarajanagar,2010 - 2011,390,103,0.26,"2,486.00",966,0.39,,,,,,
,,2011 - 2012,279,98,0.35,"2,879.00","1,058.00",0.37,,,,,,
,,2012 - 2013,930,310,0.33,"3,614.00",323,0.09,,,,,,
,,2013 - 2014,154,49,0.32,"2,862.00","1,063.00",0.37,,,,,,
,,2014 - 2015,,,,"3,798.00",870,0.23,,,,,,
,,2015 - 2016,"1,321.00",586,0.44,"2,673.00",780,0.29,,,,,,
,,2016 - 2017,,,,"2,388.00","1,828.00",0.77,,,,,,
,,2017 - 2018,53,24,0.45,"2,925.00","1,195.00",0.41,,,,,,
,,2018 - 2019,434,122,0.28,"1,695.00",662,0.39,,,,,,
,,2019 - 2020,204,100,0.49,"1,207.00",350,0.29,,,,,,
,,2020 - 2021,54,38,0.7,"1,088.00",457,0.42,4,1,0.25,,,
,,2021 - 2022,183,118,0.64,797,441,0.55,2,0.41,0.21,,,
,,2022 - 2023,562,327,0.58,457,190,0.42,25,7,0.28,,,
,9. Chikballapur,2010 - 2011,8,2,0.25,"1,428.00","1,012.00",0.71,,,,,,
,,2011 - 2012,22,8,0.36,"1,269.00",691,0.54,,,,,,
,,2012 - 2013,20,7,0.35,"1,571.00","1,807.00",1.15,5,2,0.4,,,
,,2013 - 2014,,,,"1,349.00",338,0.25,,,,,,
,,2014 - 2015,,,,"1,020.00",910,0.89,,,,,,
,,2015 - 2016,,,,"1,052.00",484,0.46,,,,,,
,,2016 - 2017,,,,"1,295.00",992,0.77,,,,,,
,,2017 - 2018,,,,"1,773.00",403,0.23,,,,,,
,,2018 - 2019,,,,70,26,0.37,,,,,,
,,2019 - 2020,16,8,0.5,272,77,0.28,1,,0,,,
,,2020 - 2021,28,20,0.71,166,55,0.33,,,,,,
,,2021 - 2022,24,15,0.63,97,35,0.36,14,3,0.21,,,
,,2022 - 2023,43,25,0.58,80,29,0.36,22,6,0.27,,,
,10. Chikmagalur,2010 - 2011,52,14,0.27,839,220,0.26,,,,,,
,,2011 - 2012,20,7,0.35,683,229,0.34,,,,,,
,,2012 - 2013,,,,229,63,0.28,4,1,0.25,,,
,,2013 - 2014,,,,285,87,0.31,129,51,0.4,,,
,,2014 - 2015,,,,503,175,0.35,,,,,,
,,2015 - 2016,,,,816,306,0.38,79,24,0.3,,,
,,2016 - 2017,,,,748,573,0.77,35,6,0.17,,,
,,2017 - 2018,,,,344,78,0.23,72,21,0.29,,,
,,2018 - 2019,,,,885,335,0.38,30,4,0.13,,,
,,2019 - 2020,6,3,0.5,106,30,0.28,51,12,0.24,,,
,,2020 - 2021,5,3,0.6,38,13,0.34,,,,,,
,,2021 - 2022,25,16,0.64,654,233,0.36,2,0.41,0.21,,,
,,2022 - 2023,95,55,0.58,598,219,0.37,4,1,0.25,,,
,11. Chitradurga,2010 - 2011,142,38,0.27,934,755,0.81,,,,,,
,,2011 - 2012,135,48,0.36,915,481,0.53,,,,,,
,,2012 - 2013,22,7,0.32,406,280,0.69,12,4,0.33,,,
,,2013 - 2014,250,106,0.42,743,267,0.36,15,6,0.4,,,
,,2014 - 2015,263,96,0.37,523,230,0.44,71,26,0.37,,,
,,2015 - 2016,158,70,0.44,559,396,0.71,11,3,0.27,,,
,,2016 - 2017,45,1,0.02,386,296,0.77,,,,,,
,,2017 - 2018,61,25,0.41,373,85,0.23,,,,,,
,,2018 - 2019,163,46,0.28,72,27,0.38,,,,,,
,,2019 - 2020,44,21,0.48,145,41,0.28,2,,0,,,
,,2020 - 2021,78,54,0.69,69,23,0.33,3,1,0.33,,,
,,2021 - 2022,66,42,0.64,367,130,0.35,18,4,0.22,,,
,,2022 - 2023,156,91,0.58,196,72,0.37,1,0.28,0.28,,,
,12. Dakshin kannad,2010 - 2011,559,148,0.26,,,,,,,,,
,,2011 - 2012,534,188,0.35,,,,,,,,,
,,2012 - 2013,161,54,0.34,,,,429,154,0.36,,,
,,2013 - 2014,168,71,0.42,,,,477,188,0.39,,,
,,2014 - 2015,129,47,0.36,2,1,0.5,322,118,0.37,,,
,,2015 - 2016,200,89,0.45,,,,343,103,0.3,,,
,,2016 - 2017,107,3,0.03,,,,163,30,0.18,,,
,,2017 - 2018,48,19,0.4,,,,156,47,0.3,,,
,,2018 - 2019,24,7,0.29,7,3,0.43,,,,,,
,,2019 - 2020,2,1,0.5,4,1,0.25,,,,,,
,,2020 - 2021,,,,6,2,0.33,,,,,,
,,2021 - 2022,1,1,1,2,1,0.5,1,0.21,0.21,,,
,,2022 - 2023,1,1,1,1,0.36,0.36,6,2,0.33,,,
,13. Davangere,2010 - 2011,"1,805.00",477,0.26,260,134,0.52,,,,,,
,,2011 - 2012,991,447,0.45,235,124,0.53,,,,,,
,,2012 - 2013,480,218,0.45,342,94,0.27,589,311,0.53,,,
,,2013 - 2014,446,299,0.67,363,136,0.37,418,142,0.34,,,
,,2014 - 2015,461,225,0.49,316,139,0.44,565,391,0.69,,,
,,2015 - 2016,151,67,0.44,169,70,0.41,770,268,0.35,,,
,,2016 - 2017,596,14,0.02,414,317,0.77,446,82,0.18,,,
,,2017 - 2018,907,434,0.48,421,96,0.23,274,55,0.2,,,
,,2018 - 2019,"1,210.00",340,0.28,43,16,0.37,172,22,0.13,,,
,,2019 - 2020,276,135,0.49,28,8,0.29,71,17,0.24,,,
,,2020 - 2021,583,406,0.7,43,14,0.33,120,30,0.25,,,
,,2021 - 2022,821,528,0.64,86,31,0.36,81,17,0.21,,,
,,2022 - 2023,869,507,0.58,38,14,0.37,56,16,0.29,,,
,14. Dharwad,2010 - 2011,92,24,0.26,"1,020.00",398,0.39,,,,,,
,,2011 - 2012,60,21,0.35,706,118,0.17,,,,,,
,,2012 - 2013,37,12,0.32,681,155,0.23,42,15,0.36,,,
,,2013 - 2014,46,19,0.41,752,480,0.64,36,14,0.39,,,
,,2014 - 2015,23,8,0.35,301,77,0.26,70,26,0.37,,,
,,2015 - 2016,57,25,0.44,125,13,0.1,121,36,0.3,,,
,,2016 - 2017,23,1,0.04,186,142,0.76,10,2,0.2,,,
,,2017 - 2018,50,20,0.4,165,37,0.22,7,2,0.29,,,
,,2018 - 2019,33,9,0.27,197,74,0.38,24,3,0.13,,,
,,2019 - 2020,118,58,0.49,65,18,0.28,28,7,0.25,,,
,,2020 - 2021,205,143,0.7,39,13,0.33,,,,,,
,,2021 - 2022,208,134,0.64,45,16,0.36,34,7,0.21,,,
,,2022 - 2023,81,47,0.58,13,5,0.38,,,,,,
,15. Gadag,2010 - 2011,617,163,0.26,995,207,0.21,,,,,,
,,2011 - 2012,348,205,0.59,988,174,0.18,,,,,,
,,2012 - 2013,,,,249,64,0.26,499,271,0.54,,,
,,2013 - 2014,1,,0,425,127,0.3,442,171,0.39,,,
,,2014 - 2015,5,2,0.4,332,106,0.32,701,211,0.3,,,
,,2015 - 2016,10,4,0.4,229,64,0.28,367,112,0.31,,,
,,2016 - 2017,7,,0,340,260,0.76,294,48,0.16,,,
,,2017 - 2018,16,6,0.38,136,31,0.23,468,88,0.19,,,
,,2018 - 2019,7,2,0.29,86,33,0.38,453,59,0.13,,,
,,2019 - 2020,404,197,0.49,158,45,0.28,"1,081.00",259,0.24,,,
,,2020 - 2021,"1,007.00",702,0.7,71,23,0.32,"1,187.00",383,0.32,,,
,,2021 - 2022,"2,600.00","1,672.00",0.64,123,44,0.36,"1,720.00",363,0.21,,,
,,2022 - 2023,"3,370.00","1,965.00",0.58,382,140,0.37,807,227,0.28,,,
,16. Gulbarga,2010 - 2011,,,,"1,872.00",285,0.15,,,,,,
,,2011 - 2012,,,,"1,143.00",404,0.35,,,,,,
,,2012 - 2013,,,,266,118,0.44,,,,,,
,,2013 - 2014,,,,327,107,0.33,,,,,,
,,2014 - 2015,,,,534,221,0.41,,,,,,
,,2015 - 2016,,,,54,22,0.41,,,,,,
,,2016 - 2017,,,,85,65,0.76,,,,,,
,,2017 - 2018,,,,75,17,0.23,,,,,,
,,2018 - 2019,,,,13,5,0.38,,,,,,
,,2019 - 2020,3,1,0.33,81,23,0.28,1,,0,,,
,,2020 - 2021,3,2,0.67,39,13,0.33,4,1,0.25,,,
,,2021 - 2022,24,15,0.63,50,18,0.36,43,9,0.21,,,
,,2022 - 2023,38,22,0.58,19,7,0.37,,,,,,
,17. Hassan,2010 - 2011,"4,507.00","1,190.00",0.26,"9,186.00","3,787.00",0.41,,,,,,
,,2011 - 2012,"1,214.00",458,0.38,"11,998.00","5,574.00",0.46,,,,,,
,,2012 - 2013,821,250,0.3,"13,387.00","1,908.00",0.14,123,44,0.36,,,
,,2013 - 2014,474,212,0.45,"13,954.00","1,829.00",0.13,18,7,0.39,,,
,,2014 - 2015,"2,109.00",890,0.42,"11,756.00","3,887.00",0.33,33,12,0.36,,,
,,2015 - 2016,"1,027.00",549,0.53,"11,765.00","4,616.00",0.39,24,7,0.29,,,
,,2016 - 2017,579,14,0.02,"7,848.00","6,009.00",0.77,13,2,0.15,,,
,,2017 - 2018,"1,156.00",553,0.48,"13,546.00","1,467.00",0.11,9,3,0.33,,,
,,2018 - 2019,984,277,0.28,"9,505.00","3,025.00",0.32,12,2,0.17,,,
,,2019 - 2020,991,484,0.49,"5,623.00","1,763.00",0.31,11,3,0.27,,,
,,2020 - 2021,"1,025.00",714,0.7,"4,202.00","1,223.00",0.29,21,7,0.33,,,
,,2021 - 2022,"1,092.00",702,0.64,"8,363.00","2,534.00",0.3,53,11,0.21,,,
,,2022 - 2023,"2,280.00","1,330.00",0.58,"7,475.00","2,900.00",0.39,,,,,,
,18. Haveri,2010 - 2011,"1,227.00",324,0.26,465,240,0.52,,,,,,
,,2011 - 2012,664,120,0.18,301,159,0.53,,,,,,
,,2012 - 2013,340,113,0.33,330,90,0.27,634,143,0.23,,,
,,2013 - 2014,743,314,0.42,241,90,0.37,512,148,0.29,,,
,,2014 - 2015,571,209,0.37,108,47,0.44,487,187,0.38,,,
,,2015 - 2016,416,185,0.44,148,61,0.41,394,122,0.31,,,
,,2016 - 2017,453,11,0.02,252,193,0.77,265,50,0.19,,,
,,2017 - 2018,519,211,0.41,149,31,0.21,341,102,0.3,,,
,,2018 - 2019,733,206,0.28,91,23,0.25,271,35,0.13,,,
,,2019 - 2020,"1,336.00",652,0.49,65,18,0.28,442,106,0.24,,,
,,2020 - 2021,"3,645.00","2,541.00",0.7,44,38,0.86,590,187,0.32,,,
,,2021 - 2022,"5,205.00","3,347.00",0.64,74,50,0.68,585,123,0.21,,,
,,2022 - 2023,"2,302.00","1,342.00",0.58,41,11,0.27,70,20,0.29,,,
,19. Kodagu,2010 - 2011,280,74,0.26,,,,,,,,,
,,2011 - 2012,36,13,0.36,,,,,,,,,
,,2012 - 2013,,,,6,2,0.33,35,13,0.37,,,
,,2013 - 2014,,,,10,4,0.4,28,11,0.39,,,
,,2014 - 2015,,,,,,,12,4,0.33,,,
,,2015 - 2016,,,,,,,12,4,0.33,,,
,,2016 - 2017,,,,,,,15,3,0.2,,,
,,2017 - 2018,,,,,,,8,2,0.25,,,
,,2018 - 2019,,,,6,2,0.33,2,,0,,,
,,2019 - 2020,,,,4,1,0.25,8,2,0.25,,,
,,2021 - 2022,,,,2,1,0.5,,,,,,
,20. Kolar,2010 - 2011,18,5,0.28,"1,766.00","2,027.00",1.15,,,,,,
,,2011 - 2012,19,7,0.37,"1,600.00","2,804.00",1.75,,,,,,
,,2012 - 2013,14,5,0.36,"1,200.00","1,754.00",1.46,,,,,,
,,2013 - 2014,14,6,0.43,"1,255.00",941,0.75,,,,,,
,,2014 - 2015,14,5,0.36,928,785,0.85,,,,,,
,,2015 - 2016,8,4,0.5,"1,126.00","1,132.00",1.01,,,,,,
,,2016 - 2017,,,,"1,083.00",829,0.77,,,,,,
,,2017 - 2018,,,,"1,601.00",364,0.23,,,,,,
,,2018 - 2019,,,,216,82,0.38,,,,,,
,,2019 - 2020,13,6,0.46,351,100,0.28,2,,0,,,
,,2020 - 2021,40,28,0.7,164,54,0.33,,,,,,
,,2021 - 2022,10,6,0.6,168,60,0.36,4,1,0.25,,,
,,2022 - 2023,48,28,0.58,67,24,0.36,5,1,0.2,,,
,21. Koppal,2010 - 2011,"3,751.00",991,0.26,"3,541.00","3,021.00",0.85,,,,,,
,,2011 - 2012,"2,106.00",744,0.35,"1,795.00",694,0.39,,,,,,
,,2012 - 2013,,,,"1,118.00",300,0.27,"1,619.00",578,0.36,,,
,,2013 - 2014,,,,"1,044.00",494,0.47,"2,956.00","1,059.00",0.36,,,
,,2014 - 2015,,,,"2,005.00",733,0.37,"2,467.00",705,0.29,,,
,,2015 - 2016,,,,"1,086.00",218,0.2,"1,840.00",434,0.24,,,
,,2016 - 2017,,,,"2,183.00","1,672.00",0.77,"2,445.00",406,0.17,,,
,,2017 - 2018,,,,"1,182.00",266,0.23,"1,577.00",470,0.3,,,
,,2018 - 2019,,,,"1,058.00",497,0.47,"1,308.00",170,0.13,,,
,,2019 - 2020,"1,176.00",574,0.49,391,94,0.24,"1,352.00",324,0.24,,,
,,2020 - 2021,"2,845.00","1,983.00",0.7,200,124,0.62,713,226,0.32,,,
,,2021 - 2022,"5,752.00","3,698.00",0.64,639,202,0.32,563,119,0.21,,,
,,2022 - 2023,"4,465.00","2,603.00",0.58,"1,742.00",784,0.45,151,43,0.28,,,
,22. Mandya,2010 - 2011,"1,006.00",266,0.26,"8,702.00","6,423.00",0.74,,,,,,
,,2011 - 2012,"1,536.00",333,0.22,"7,729.00","4,494.00",0.58,,,,,,
,,2012 - 2013,821,161,0.2,"7,223.00","3,760.00",0.52,214,64,0.3,,,
,,2013 - 2014,363,209,0.58,"5,081.00","2,824.00",0.56,341,134,0.39,,,
,,2014 - 2015,271,99,0.37,"3,796.00","1,616.00",0.43,177,65,0.37,,,
,,2015 - 2016,87,39,0.45,"4,629.00","2,375.00",0.51,74,22,0.3,,,
,,2016 - 2017,2,,0,"2,943.00","2,253.00",0.77,,,,,,
,,2017 - 2018,580,235,0.41,"18,875.00","3,371.00",0.18,28,8,0.29,,,
,,2018 - 2019,48,13,0.27,"8,240.00","3,084.00",0.37,142,18,0.13,,,
,,2019 - 2020,34,17,0.5,"7,467.00","1,085.00",0.15,5,1,0.2,,,
,,2020 - 2021,12,8,0.67,"1,930.00",513,0.27,52,16,0.31,,,
,,2021 - 2022,118,76,0.64,"5,371.00","1,966.00",0.37,63,13,0.21,,,
,,2022 - 2023,95,55,0.58,"12,165.00","4,051.00",0.33,17,5,0.29,,,
,23. Mysore,2010 - 2011,"7,576.00","2,001.00",0.26,"24,202.00","9,910.00",0.41,,,,,,
,,2011 - 2012,"8,335.00","3,159.00",0.38,"25,791.00","11,638.00",0.45,,,,,,
,,2012 - 2013,"1,770.00",668,0.38,"26,432.00","4,846.00",0.18,187,78,0.42,,,
,,2013 - 2014,"5,729.00","2,259.00",0.39,"25,712.00","11,578.00",0.45,160,63,0.39,,,
,,2014 - 2015,"4,096.00","1,331.00",0.32,"22,587.00","8,948.00",0.4,211,77,0.36,,,
,,2015 - 2016,"5,641.00","2,406.00",0.43,"35,380.00","11,697.00",0.33,1,,0,,,
,,2016 - 2017,"1,307.00",31,0.02,"29,018.00","22,219.00",0.77,,,,,,
,,2017 - 2018,"3,780.00","1,422.00",0.38,"35,933.00","10,036.00",0.28,1,,0,,,
,,2018 - 2019,"6,817.00","1,917.00",0.28,"20,765.00","8,640.00",0.42,73,10,0.14,,,
,,2019 - 2020,"2,031.00",992,0.49,"11,930.00","3,831.00",0.32,44,11,0.25,,,
,,2020 - 2021,"6,253.00","4,358.00",0.7,"16,027.00","5,289.00",0.33,18,6,0.33,,,
,,2021 - 2022,"6,473.00","4,162.00",0.64,"23,591.00","8,846.00",0.37,10,2,0.2,,,
,,2022 - 2023,"6,255.00","3,359.00",0.54,"21,184.00","7,859.00",0.37,,,,,,
,24. Raichur,2010 - 2011,228,60,0.26,187,97,0.52,,,,,,
,,2011 - 2012,80,28,0.35,181,96,0.53,,,,,,
,,2012 - 2013,,,,62,17,0.27,77,28,0.36,,,
,,2013 - 2014,,,,196,73,0.37,,,,,,
,,2014 - 2015,,,,172,75,0.44,,,,,,
,,2015 - 2016,,,,31,13,0.42,15,5,0.33,,,
,,2016 - 2017,,,,5,4,0.8,,,,,,
,,2017 - 2018,,,,,,,22,7,0.32,,,
,,2018 - 2019,,,,83,31,0.37,,,,,,
,,2019 - 2020,163,80,0.49,22,6,0.27,4,1,0.25,,,
,,2020 - 2021,223,155,0.7,30,10,0.33,,,,,,
,,2021 - 2022,328,211,0.64,18,6,0.33,16,3,0.19,,,
,,2022 - 2023,227,133,0.59,10,4,0.4,2,1,0.5,,,
,25. Ramanagara,2010 - 2011,23,6,0.26,"2,199.00","1,157.00",0.53,,,,,,
,,2011 - 2012,12,4,0.33,"1,996.00","2,585.00",1.3,,,,,,
,,2012 - 2013,,,,"1,154.00",724,0.63,,,,,,
,,2013 - 2014,,,,"1,327.00",495,0.37,,,,,,
,,2014 - 2015,,,,"1,160.00","1,697.00",1.46,,,,,,
,,2015 - 2016,,,,"2,909.00","3,816.00",1.31,,,,,,
,,2016 - 2017,,,,"2,656.00","3,449.00",1.3,,,,,,
,,2017 - 2018,4,2,0.5,"1,630.00",904,0.55,,,,,,
,,2018 - 2019,,,,292,98,0.34,,,,,,
,,2019 - 2020,3,1,0.33,986,739,0.75,19,5,0.26,,,
,,2020 - 2021,1,1,1,325,249,0.77,14,4,0.29,,,
,,2021 - 2022,,,,308,220,0.71,,,,,,
,,2022 - 2023,,,,62,32,0.52,,,,,,
,26. Shimoga,2010 - 2011,330,87,0.26,84,43,0.51,,,,,,
,,2011 - 2012,276,97,0.35,114,60,0.53,,,,,,
,,2012 - 2013,52,17,0.33,242,66,0.27,169,61,0.36,,,
,,2013 - 2014,21,9,0.43,34,13,0.38,174,68,0.39,,,
,,2014 - 2015,4,1,0.25,146,64,0.44,126,46,0.37,,,
,,2015 - 2016,12,5,0.42,147,61,0.41,508,153,0.3,,,
,,2016 - 2017,19,,0,84,64,0.76,21,4,0.19,,,
,,2017 - 2018,17,7,0.41,209,47,0.22,69,21,0.3,,,
,,2018 - 2019,6,2,0.33,17,6,0.35,63,8,0.13,,,
,,2019 - 2020,26,13,0.5,15,4,0.27,11,3,0.27,,,
,,2020 - 2021,68,47,0.69,26,9,0.35,144,46,0.32,,,
,,2021 - 2022,7,4,0.57,25,9,0.36,52,11,0.21,,,
,,2022 - 2023,5,3,0.6,44,16,0.36,10,3,0.3,,,
,27. Tumkur,2010 - 2011,80,21,0.26,"5,112.00","2,972.00",0.58,,,,,,
,,2011 - 2012,92,32,0.35,"2,923.00","2,196.00",0.75,,,,,,
,,2012 - 2013,231,77,0.33,"3,467.00",751,0.22,,,,,,
,,2013 - 2014,54,23,0.43,"3,558.00","1,531.00",0.43,51,20,0.39,,,
,,2014 - 2015,95,35,0.37,"2,581.00","1,530.00",0.59,19,7,0.37,,,
,,2015 - 2016,18,8,0.44,"2,460.00","1,087.00",0.44,76,23,0.3,,,
,,2016 - 2017,,,,"2,760.00",700,0.25,13,2,0.15,,,
,,2017 - 2018,87,35,0.4,"4,457.00",572,0.13,,,,,,
,,2018 - 2019,,,,"1,620.00",329,0.2,,,,,,
,,2019 - 2020,4,2,0.5,736,179,0.24,4,1,0.25,,,
,,2020 - 2021,22,15,0.68,"3,179.00",976,0.31,,,,,,
,,2021 - 2022,16,10,0.63,"3,255.00",830,0.25,,,,,,
,,2022 - 2023,8,5,0.63,"4,240.00","1,493.00",0.35,,,,,,
,28. Udupi,2010 - 2011,349,92,0.26,,,,,,,,,
,,2011 - 2012,344,121,0.35,,,,,,,,,
,,2012 - 2013,159,53,0.33,,,,117,42,0.36,,,
,,2013 - 2014,107,45,0.42,,,,135,53,0.39,,,
,,2014 - 2015,89,33,0.37,,,,120,44,0.37,,,
,,2015 - 2016,115,51,0.44,,,,118,35,0.3,,,
,,2016 - 2017,131,3,0.02,26,20,0.77,85,16,0.19,,,
,,2017 - 2018,114,46,0.4,,,,76,23,0.3,,,
,,2018 - 2019,119,33,0.28,3,1,0.33,37,5,0.14,,,
,,2019 - 2020,116,57,0.49,3,1,0.33,44,11,0.25,,,
,,2020 - 2021,150,105,0.7,2,1,0.5,43,14,0.33,,,
,,2021 - 2022,148,95,0.64,1,0.35,0.35,30,6,0.2,,,
,,2022 - 2023,78,46,0.59,1,0.36,0.36,26,7,0.27,,,
,29. Uttar kannad,2010 - 2011,334,88,0.26,,,,,,,,,
,,2011 - 2012,219,77,0.35,,,,,,,,,
,,2012 - 2013,100,33,0.33,,,,124,45,0.36,,,
,,2013 - 2014,165,70,0.42,,,,117,46,0.39,,,
,,2014 - 2015,190,70,0.37,,,,104,38,0.37,,,
,,2015 - 2016,197,87,0.44,,,,97,29,0.3,,,
,,2016 - 2017,170,4,0.02,,,,72,13,0.18,,,
,,2017 - 2018,249,101,0.41,,,,154,46,0.3,,,
,,2018 - 2019,217,61,0.28,1,,0,36,5,0.14,,,
,,2019 - 2020,179,87,0.49,2,1,0.5,46,11,0.24,,,
,,2020 - 2021,446,311,0.7,,,,59,19,0.32,,,
,,2021 - 2022,252,162,0.64,1,0.35,0.35,47,10,0.21,,,
,,2022 - 2023,219,127,0.58,1,0.36,0.36,5,1,0.2,,,
,30. Vijayanagar,2022 - 2023,"4,393.00","2,847.00",0.65,424,155,0.37,25,7,0.28,,,
,31. Yadgir,2010 - 2011,54,14,0.26,363,83,0.23,,,,,,
,,2011 - 2012,13,5,0.38,263,139,0.53,,,,,,
,,2012 - 2013,15,5,0.33,83,23,0.28,,,,,,
,,2013 - 2014,72,30,0.42,48,18,0.38,,,,,,
,,2014 - 2015,38,14,0.37,68,30,0.44,12,4,0.33,,,
,,2015 - 2016,102,45,0.44,47,19,0.4,14,4,0.29,,,
,,2016 - 2017,46,1,0.02,51,39,0.76,35,6,0.17,,,
,,2017 - 2018,20,8,0.4,26,6,0.23,15,4,0.27,,,
,,2018 - 2019,,,,165,62,0.38,,,,,,
,,2019 - 2020,,,,48,14,0.29,15,4,0.27,,,
,,2020 - 2021,21,15,0.71,13,4,0.31,36,11,0.31,,,
,,2021 - 2022,5,3,0.6,9,3,0.33,3,1,0.33,,,
,,2022 - 2023,3,2,0.67,10,4,0.4,2,1,0.5,,,
7. Kerala,1. Alappuzha,2012 - 2013,,,,,,,,,,2,,0
,,2014 - 2015,,,,,,,,,,8,,0
,2. Ernakulam,2012 - 2013,,,,,,,,,,156,,0
,,2013 - 2014,,,,,,,,,,194,,0
,,2014 - 2015,,,,,,,,,,359,,0
,3. Idukki,2014 - 2015,,,,,,,,,,73,,0
,4. Kannur,2012 - 2013,,,,,,,,,,79,,0
,,2013 - 2014,,,,,,,,,,201,,0
,,2014 - 2015,,,,,,,,,,182,,0
,5. Kasaragod,2012 - 2013,,,,,,,,,,20,,0
,,2013 - 2014,,,,,,,,,,20,,0
,,2014 - 2015,,,,,,,,,,96,,0
,6. Kollam,2012 - 2013,,,,,,,,,,53,,0
,,2013 - 2014,,,,,,,,,,56,,0
,,2014 - 2015,,,,,,,,,,60,,0
,7. Kottayam,2012 - 2013,,,,,,,,,,12,,0
,,2013 - 2014,,,,,,,,,,13,,0
,,2014 - 2015,,,,,,,,,,15,,0
,8. Kozhikode,2012 - 2013,,,,,,,,,,8,,0
,,2013 - 2014,,,,,,,,,,3,,0
,,2014 - 2015,,,,,,,,,,5,,0
,9. Malappuram,2012 - 2013,,,,,,,,,,39,,0
,,2013 - 2014,,,,,,,,,,37,,0
,,2014 - 2015,,,,,,,,,,168,,0
,10. Palakkad,2012 - 2013,,,,,,,,,,10,,0
,,2013 - 2014,,,,,,,,,,196,,0
,,2014 - 2015,,,,,,,,,,24,,0
,11. Pathanamthitta,2013 - 2014,,,,,,,,,,14,,0
,,2014 - 2015,,,,,,,,,,12,,0
,12. Thiruvananthapuram,2012 - 2013,,,,,,,,,,21,,0
,,2013 - 2014,,,,,,,,,,40,,0
,,2014 - 2015,,,,,,,,,,2,,0
,13. Wayanad,2012 - 2013,,,,,,,,,,685,,0
,,2013 - 2014,,,,,,,,,,1,,0
8. Madhya Pradesh,1. Anuppur,2009 - 2010,30,10,0.33,78,26,0.33,,,,,,
,,2010 - 2011,34,6,0.18,66,14,0.21,,,,,,
,2. Balaghat,2009 - 2010,214,62,0.29,153,44,0.29,,,,,,
,,2010 - 2011,97,19,0.2,138,27,0.2,,,,,,
,3. Betul,2009 - 2010,30,9,0.3,257,82,0.32,,,,,,
,,2010 - 2011,93,22,0.24,213,53,0.25,,,,,,
,4. Bhopal,2009 - 2010,,,,7,3,0.43,,,,,,
,,2010 - 2011,14,3,0.21,23,6,0.26,,,,,,
,5. Chhatarpur,2009 - 2010,3,1,0.33,72,17,0.24,,,,,,
,,2010 - 2011,5,1,0.2,91,14,0.15,,,,,,
,6. Chhindwara,2009 - 2010,61,20,0.33,937,406,0.43,,,,,,
,,2010 - 2011,78,17,0.22,879,196,0.22,,,,,,
,7. Damoh,2009 - 2010,9,4,0.44,7,3,0.43,,,,,,
,,2010 - 2011,5,1,0.2,,,,,,,,,
,8. Datia,2009 - 2010,,,,3,1,0.33,,,,,,
,9. Dhar,2009 - 2010,,,,727,241,0.33,,,,,,
,,2010 - 2011,,,,778,198,0.25,,,,,,
,10. Hoshangabad,2009 - 2010,82,38,0.46,21,7,0.33,,,,,,
,,2010 - 2011,90,33,0.37,25,7,0.28,,,,,,
,11. Jabalpur,2009 - 2010,8,3,0.38,36,11,0.31,,,,,,
,,2010 - 2011,17,5,0.29,37,10,0.27,,,,,,
,12. Jhabua,2009 - 2010,,,,146,56,0.38,,,,,,
,,2010 - 2011,,,,149,41,0.28,,,,,,
,13. Katni,2009 - 2010,30,7,0.23,24,6,0.25,,,,,,
,,2010 - 2011,26,3,0.12,24,2,0.08,,,,,,
,14. Khandwa,2009 - 2010,9,3,0.33,3,1,0.33,,,,,,
,,2010 - 2011,8,2,0.25,4,1,0.25,,,,,,
,15. Mandla,2009 - 2010,40,11,0.28,54,14,0.26,,,,,,
,,2010 - 2011,39,8,0.21,56,12,0.21,,,,,,
,16. Narsinghpur,2009 - 2010,30,15,0.5,7,4,0.57,,,,,,
,,2010 - 2011,10,4,0.4,3,1,0.33,,,,,,
,17. Panna,2009 - 2010,,,,9,3,0.33,,,,,,
,,2010 - 2011,5,1,0.2,35,5,0.14,,,,,,
,18. Raisen,2009 - 2010,8,2,0.25,24,7,0.29,,,,,,
,,2010 - 2011,2,,0,1,,0,,,,,,
,19. Rewa,2009 - 2010,9,3,0.33,1,,0,,,,,,
,,2010 - 2011,9,2,0.22,5,1,0.2,,,,,,
,20. Sagar,2009 - 2010,41,17,0.41,2,1,0.5,,,,,,
,,2010 - 2011,3,1,0.33,,,,,,,,,
,21. Satna,2009 - 2010,22,7,0.32,44,14,0.32,,,,,,
,,2010 - 2011,35,4,0.11,24,3,0.13,,,,,,
,22. Seoni,2009 - 2010,28,10,0.36,69,25,0.36,,,,,,
,,2010 - 2011,21,6,0.29,38,11,0.29,,,,,,
,23. Shahdol,2009 - 2010,2,1,0.5,100,33,0.33,,,,,,
,,2010 - 2011,,,,67,15,0.22,,,,,,
,24. Shajapur,2009 - 2010,2,1,0.5,30,10,0.33,,,,,,
,,2010 - 2011,,,,62,16,0.26,,,,,,
,25. Sidhi,2009 - 2010,1,,0,32,10,0.31,,,,,,
,,2010 - 2011,,,,21,4,0.19,,,,,,
,26. Singrauli,2009 - 2010,,,,79,29,0.37,,,,,,
,,2010 - 2011,,,,68,15,0.22,,,,,,
,27. Tikamgarh,2009 - 2010,19,6,0.32,13,5,0.38,,,,,,
,,2010 - 2011,22,7,0.32,20,4,0.2,,,,,,
,28. Umaria,2009 - 2010,2,1,0.5,57,12,0.21,,,,,,
,,2010 - 2011,3,1,0.33,45,6,0.13,,,,,,
9. Manipur,1. Bishnupur,2008 - 2009,,,,97,122,1.26,,,,,,
,,2009 - 2010,,,,40,37,0.93,,,,,,
,,2010 - 2011,,,,70,92.5,1.32,,,,,,
,,2011 - 2012,,,,97,116,1.2,,,,,,
,,2012 - 2013,,,,101,99,0.98,,,,,,
,,2013 - 2014,,,,108,118.8,1.1,,,,,,
,,2014 - 2015,,,,80,98,1.23,,,,,,
,,2015 - 2016,,,,83,96,1.16,,,,,,
,,2016 - 2017,,,,83,98,1.18,,,,,,
,,2017 - 2018,,,,83,92,1.11,,,,,,
,,2018 - 2019,,,,75,82.9,1.11,,,,,,
,2. Chandel,2008 - 2009,,,,218,188,0.86,,,,,,
,,2010 - 2011,,,,150,129.8,0.87,,,,,,
,,2011 - 2012,,,,120,108,0.9,,,,,,
,,2012 - 2013,,,,120,122,1.02,,,,,,
,,2013 - 2014,,,,129,130,1.01,,,,,,
,,2014 - 2015,,,,150,160,1.07,,,,,,
,,2015 - 2016,,,,150,162,1.08,,,,,,
,,2016 - 2017,,,,150,169,1.13,,,,,,
,,2017 - 2018,,,,150,158,1.05,,,,,,
,,2018 - 2019,,,,153,171,1.12,,,,,,
,3. Churachandpur,2008 - 2009,,,,178,195,1.1,,,,,,
,,2009 - 2010,,,,10,6,0.6,,,,,,
,,2010 - 2011,,,,230,253,1.1,,,,,,
,,2011 - 2012,,,,213,236,1.11,,,,,,
,,2012 - 2013,,,,170,160,0.94,,,,,,
,,2013 - 2014,,,,180,180,1,,,,,,
,,2014 - 2015,,,,226,234,1.04,,,,,,
,,2015 - 2016,,,,226,249,1.1,,,,,,
,,2016 - 2017,,,,226,253,1.12,,,,,,
,,2017 - 2018,,,,226,254,1.12,,,,,,
,,2018 - 2019,,,,220,175,0.8,,,,,,
,4. Imphal east,2008 - 2009,,,,32,38,1.19,,,,,,
,,2009 - 2010,,,,21,19,0.9,,,,,,
,,2010 - 2011,,,,35,48.5,1.39,,,,,,
,,2011 - 2012,,,,42,50,1.19,,,,,,
,,2012 - 2013,,,,42,47,1.12,,,,,,
,,2013 - 2014,,,,49,54.8,1.12,,,,,,
,,2014 - 2015,,,,43,52,1.21,,,,,,
,,2015 - 2016,,,,43,52,1.21,,,,,,
,,2016 - 2017,,,,43,55,1.28,,,,,,
,,2017 - 2018,,,,38,48,1.26,,,,,,
,,2018 - 2019,,,,42,48.3,1.15,,,,,,
,5. Imphal west,2008 - 2009,,,,26,34,1.31,,,,,,
,,2009 - 2010,,,,30,27,0.9,,,,,,
,,2010 - 2011,,,,25,33.4,1.34,,,,,,
,,2011 - 2012,,,,54,68,1.26,,,,,,
,,2012 - 2013,,,,45,44,0.98,,,,,,
,,2013 - 2014,,,,54,57.9,1.07,,,,,,
,,2014 - 2015,,,,54,62,1.15,,,,,,
,,2015 - 2016,,,,40,47,1.18,,,,,,
,,2016 - 2017,,,,40,48,1.2,,,,,,
,,2017 - 2018,,,,40,47,1.18,,,,,,
,,2018 - 2019,,,,55,58.5,1.06,,,,,,
,6. Senapati,2008 - 2009,,,,113,124,1.1,,,,,,
,,2009 - 2010,,,,11,7,0.64,,,,,,
,,2010 - 2011,,,,115,118.5,1.03,,,,,,
,,2011 - 2012,,,,100,101,1.01,,,,,,
,,2012 - 2013,,,,100,101,1.01,,,,,,
,,2013 - 2014,,,,104,106,1.02,,,,,,
,,2014 - 2015,,,,135,139,1.03,,,,,,
,,2015 - 2016,,,,135,142,1.05,,,,,,
,,2016 - 2017,,,,135,150,1.11,,,,,,
,,2017 - 2018,,,,137,163,1.19,,,,,,
,,2018 - 2019,,,,135,157,1.16,,,,,,
,7. Tamenglong,2008 - 2009,,,,100,104,1.04,,,,,,
,,2009 - 2010,,,,10,5,0.5,,,,,,
,,2010 - 2011,,,,104,104,1,,,,,,
,,2011 - 2012,,,,85,85,1,,,,,,
,,2012 - 2013,,,,85,82,0.96,,,,,,
,,2013 - 2014,,,,92,92,1,,,,,,
,,2014 - 2015,,,,105,103,0.98,,,,,,
,,2015 - 2016,,,,107,112,1.05,,,,,,
,,2016 - 2017,,,,107,119,1.11,,,,,,
,,2017 - 2018,,,,106,115,1.08,,,,,,
,,2018 - 2019,,,,106,107,1.01,,,,,,
,8. Thoubal,2008 - 2009,,,,52,59,1.13,,,,,,
,,2009 - 2010,,,,50,47,0.94,,,,,,
,,2010 - 2011,,,,35,41.7,1.19,,,,,,
,,2011 - 2012,,,,56,58,1.04,,,,,,
,,2012 - 2013,,,,56,54,0.96,,,,,,
,,2013 - 2014,,,,77,75.8,0.98,,,,,,
,,2014 - 2015,,,,45,44,0.98,,,,,,
,,2015 - 2016,,,,50,53,1.06,,,,,,
,,2016 - 2017,,,,50,55,1.1,,,,,,
,,2017 - 2018,,,,50,54,1.08,,,,,,
,,2018 - 2019,,,,50,52.9,1.06,,,,,,
,9. Ukhrul,2008 - 2009,,,,132,155,1.17,,,,,,
,,2009 - 2010,,,,13,9,0.69,,,,,,
,,2010 - 2011,,,,126,146.8,1.17,,,,,,
,,2011 - 2012,,,,132,158,1.2,,,,,,
,,2012 - 2013,,,,121,122,1.01,,,,,,
,,2013 - 2014,,,,147,154,1.05,,,,,,
,,2014 - 2015,,,,128,127,0.99,,,,,,
,,2015 - 2016,,,,128,138,1.08,,,,,,
,,2016 - 2017,,,,128,143,1.12,,,,,,
,,2017 - 2018,,,,128,165,1.29,,,,,,
,,2018 - 2019,,,,128,128,1,,,,,,
10. Meghalaya,1. East garo hills,2013 - 2014,119,94,0.79,,,,,,,,,
,,2014 - 2015,122,106,0.87,,,,,,,,,
,,2015 - 2016,123,117,0.95,,,,,,,,,
,,2016 - 2017,137,119,0.87,,,,,,,,,
,,2017 - 2018,138,120,0.87,,,,,,,,,
,,2018 - 2019,140,122,0.87,,,,,,,,,
,,2019 - 2020,141,123,0.87,,,,,,,,,
,,2020 - 2021,142,123,0.87,,,,,,,,,
,,2022 - 2023,144,125,0.87,,,,,,,,,
,2. East jaintia hills,2013 - 2014,22,21,0.95,,,,,,,,,
,,2014 - 2015,22,22,1,,,,,,,,,
,,2015 - 2016,22,23,1.05,,,,,,,,,
,,2016 - 2017,22,23,1.05,,,,,,,,,
,,2017 - 2018,22,23,1.05,,,,,,,,,
,,2018 - 2019,22,23,1.05,,,,,,,,,
,,2019 - 2020,22,23,1.05,,,,,,,,,
,,2020 - 2021,22,23,1.05,,,,,,,,,
,,2022 - 2023,23,26,1.13,,,,,,,,,
,3. East khasi hills,2013 - 2014,15,48,3.2,,,,,,,,,
,,2014 - 2015,16,52,3.25,,,,,,,,,
,,2015 - 2016,17,59,3.47,,,,,,,,,
,,2016 - 2017,19,60,3.16,,,,,,,,,
,,2017 - 2018,19,60,3.16,,,,,,,,,
,,2018 - 2019,19,60,3.16,,,,,,,,,
,,2019 - 2020,19,60,3.16,,,,,,,,,
,,2020 - 2021,19,60,3.16,,,,,,,,,
,,2022 - 2023,20,64,3.2,,,,,,,,,
,4. North garo hills,2013 - 2014,106,81,0.76,,,,,,,,,
,,2014 - 2015,107,88,0.82,,,,,,,,,
,,2015 - 2016,108,95,0.88,,,,,,,,,
,,2016 - 2017,109,96,0.88,,,,,,,,,
,,2017 - 2018,110,97,0.88,,,,,,,,,
,,2018 - 2019,112,99,0.88,,,,,,,,,
,,2019 - 2020,113,100,0.88,,,,,,,,,
,,2020 - 2021,113,100,0.88,,,,,,,,,
,,2022 - 2023,114,103,0.9,,,,,,,,,
,5. Ri bhoi,2013 - 2014,10,14,1.4,,,,,,,,,
,,2014 - 2015,11,16,1.45,,,,,,,,,
,,2015 - 2016,12,19,1.58,,,,,,,,,
,,2016 - 2017,13,19,1.46,,,,,,,,,
,,2017 - 2018,13,19,1.46,,,,,,,,,
,,2018 - 2019,13,19,1.46,,,,,,,,,
,,2019 - 2020,13,19,1.46,,,,,,,,,
,,2020 - 2021,13,19,1.46,,,,,,,,,
,,2022 - 2023,14,21,1.5,,,,,,,,,
,6. South garo hills,2013 - 2014,323,275,0.85,,,,,,,,,
,,2014 - 2015,325,299,0.92,,,,,,,,,
,,2015 - 2016,330,318,0.96,,,,,,,,,
,,2016 - 2017,331,323,0.98,,,,,,,,,
,,2017 - 2018,333,326,0.98,,,,,,,,,
,,2018 - 2019,334,328,0.98,,,,,,,,,
,,2019 - 2020,335,330,0.99,,,,,,,,,
,,2020 - 2021,335,330,0.99,,,,,,,,,
,,2022 - 2023,336,333,0.99,,,,,,,,,
,7. South west garo hills,2013 - 2014,148,224,1.51,,,,,,,,,
,,2014 - 2015,149,227,1.52,,,,,,,,,
,,2015 - 2016,151,253,1.68,,,,,,,,,
,,2016 - 2017,152,257,1.69,,,,,,,,,
,,2017 - 2018,154,261,1.69,,,,,,,,,
,,2018 - 2019,155,263,1.7,,,,,,,,,
,,2019 - 2020,156,265,1.7,,,,,,,,,
,,2020 - 2021,156,265,1.7,,,,,,,,,
,,2022 - 2023,157,267,1.7,,,,,,,,,
,8. South west khasi hills,2013 - 2014,3,7,2.33,,,,,,,,,
,,2014 - 2015,3,8,2.67,,,,,,,,,
,,2015 - 2016,3,9,3,,,,,,,,,
,,2016 - 2017,3,9,3,,,,,,,,,
,,2017 - 2018,3,9,3,,,,,,,,,
,,2018 - 2019,3,9,3,,,,,,,,,
,,2019 - 2020,3,9,3,,,,,,,,,
,,2020 - 2021,3,9,3,,,,,,,,,
,,2022 - 2023,4,12,3,,,,,,,,,
,9. West garo hills,2013 - 2014,817,"1,478.00",1.81,,,,,,,,,
,,2014 - 2015,819,"1,493.00",1.82,,,,,,,,,
,,2015 - 2016,821,"1,527.00",1.86,,,,,,,,,
,,2016 - 2017,825,"1,536.00",1.86,,,,,,,,,
,,2017 - 2018,827,"1,541.00",1.86,,,,,,,,,
,,2018 - 2019,828,"1,544.00",1.86,,,,,,,,,
,,2019 - 2020,829,"1,550.00",1.87,,,,,,,,,
,,2020 - 2021,829,"1,550.00",1.87,,,,,,,,,
,,2022 - 2023,830,"1,553.00",1.87,,,,,,,,,
,10. West jaintia hills,2013 - 2014,32,34,1.06,,,,,,,,,
,,2014 - 2015,34,39,1.15,,,,,,,,,
,,2015 - 2016,35,44,1.26,,,,,,,,,
,,2016 - 2017,35,44,1.26,,,,,,,,,
,,2017 - 2018,35,44,1.26,,,,,,,,,
,,2018 - 2019,35,44,1.26,,,,,,,,,
,,2019 - 2020,35,44,1.26,,,,,,,,,
,,2020 - 2021,35,44,1.26,,,,,,,,,
,,2022 - 2023,37,48,1.3,,,,,,,,,
,11. West khasi hills,2013 - 2014,13,20,1.54,,,,,,,,,
,,2014 - 2015,14,22,1.57,,,,,,,,,
,,2015 - 2016,15,26,1.73,,,,,,,,,
,,2016 - 2017,15,26,1.73,,,,,,,,,
,,2017 - 2018,15,26,1.73,,,,,,,,,
,,2018 - 2019,15,26,1.73,,,,,,,,,
,,2019 - 2020,15,26,1.73,,,,,,,,,
,,2020 - 2021,15,26,1.73,,,,,,,,,
,,2022 - 2023,16,28,1.75,,,,,,,,,
11. Mizoram,1. Aizawl,2010 - 2011,150,211,1.41,431,643,1.49,,,,,,
,,2011 - 2012,82,137,1.67,363,406,1.12,,,,,,
,,2012 - 2013,33,28,0.85,351,399,1.14,,,,,,
,,2013 - 2014,51,29,0.57,341,280,0.82,,,,,,
,,2014 - 2015,42,18,0.43,310,255,0.82,,,,,,
,,2015 - 2016,,,,322,409,1.27,,,,,,
,,2016 - 2017,,,,226,293,1.3,,,,,,
,,2017 - 2018,58,249,4.29,240,"1,068.00",4.45,,,,,,
,,2018 - 2019,15,59,3.93,302,"1,306.00",4.32,,,,,,
,,2019 - 2020,15,27,1.8,302,604,2,,,,,,
,,2020 - 2021,40,52,1.3,201,346,1.72,,,,,,
,,2021 - 2022,42,60,1.43,202,342,1.69,,,,,,
,,2022 - 2023,16,19,1.19,154,149,0.97,,,,,,
,2. Champhai,2010 - 2011,,,,210,231,1.1,,,,,,
,,2011 - 2012,,,,221,269,1.22,,,,,,
,,2012 - 2013,,,,60,3,0.05,,,,,,
,,2013 - 2014,,,,200,241,1.21,,,,,,
,,2014 - 2015,,,,104,114,1.1,,,,,,
,,2015 - 2016,,,,93,123,1.32,,,,,,
,,2016 - 2017,,,,78,87,1.12,,,,,,
,,2017 - 2018,,,,83,88.1,1.06,,,,,,
,,2018 - 2019,,,,75,81,1.08,,,,,,
,,2019 - 2020,,,,76,80,1.05,,,,,,
,,2020 - 2021,,,,49,36,0.73,,,,,,
,,2021 - 2022,,,,40,32,0.8,,,,,,
,,2022 - 2023,,,,43,35,0.81,,,,,,
,3. Hnahthial,2020 - 2021,,,,21,35,1.67,,,,,,
,,2022 - 2023,,,,21,36,1.71,,,,,,
,4. Khawzawl,2020 - 2021,,,,8,10,1.25,,,,,,
,,2021 - 2022,,,,10,12,1.2,,,,,,
,,2022 - 2023,,,,9,11,1.22,,,,,,
,5. Kolasib,2010 - 2011,46,59,1.28,123,123,1,,,,,,
,,2011 - 2012,48,66,1.38,114,123,1.08,,,,,,
,,2012 - 2013,35,67,1.91,124,157,1.27,,,,,,
,,2013 - 2014,43,82,1.91,133,170,1.28,,,,,,
,,2014 - 2015,40,55,1.38,135,173,1.28,,,,,,
,,2015 - 2016,42,59,1.4,139,180,1.29,,,,,,
,,2016 - 2017,45,63,1.4,129,167,1.29,,,,,,
,,2017 - 2018,46,64,1.39,115,150,1.3,,,,,,
,,2018 - 2019,46,65,1.41,115,154,1.34,,,,,,
,,2019 - 2020,48,77,1.6,108,216,2,,,,,,
,,2020 - 2021,42,67,1.6,152,304,2,,,,,,
,,2021 - 2022,45,72,1.6,162,318,1.96,,,,,,
,,2022 - 2023,46,71,1.54,176,352,2,,,,,,
,6. Lawngtlai,2010 - 2011,,,,23,12,0.52,,,,,,
,,2011 - 2012,,,,22,11,0.5,,,,,,
,,2013 - 2014,,,,31,14,0.45,,,,,,
,,2014 - 2015,21,8,0.38,38,17,0.45,,,,,,
,,2015 - 2016,,,,41,38,0.93,,,,,,
,,2016 - 2017,,,,40,37,0.93,,,,,,
,,2017 - 2018,,,,82.5,75.8,0.92,,,,,,
,,2018 - 2019,,,,68,66,0.97,,,,,,
,,2019 - 2020,2,4,2,75,74,0.99,,,,,,
,,2020 - 2021,,,,76,76,1,,,,,,
,,2021 - 2022,,,,73,68,0.93,,,,,,
,,2022 - 2023,,,,48,43,0.9,,,,,,
,7. Lunglei,2010 - 2011,23,35,1.52,228,456,2,,,,,,
,,2011 - 2012,8,5,0.63,187,213,1.14,,,,,,
,,2012 - 2013,5,4,0.8,,,,,,,,,
,,2013 - 2014,7,4,0.57,94,104,1.11,,,,,,
,,2014 - 2015,2,1,0.5,68,68,1,,,,,,
,,2015 - 2016,6,4,0.67,62,69,1.11,,,,,,
,,2016 - 2017,8,11,1.38,62,76,1.23,,,,,,
,,2017 - 2018,8,12,1.5,67.5,89.1,1.32,,,,,,
,,2018 - 2019,8,13,1.63,59,87,1.47,,,,,,
,,2019 - 2020,9,13,1.44,64,89,1.39,,,,,,
,,2020 - 2021,8,12,1.5,43,55,1.28,,,,,,
,,2021 - 2022,8,11,1.38,41,50,1.22,,,,,,
,,2022 - 2023,9,12,1.33,43,52,1.21,,,,,,
,8. Mamit,2010 - 2011,,,,193,158,0.82,,,,,,
,,2011 - 2012,89,75,0.84,300,278,0.93,,,,,,
,,2012 - 2013,57,50,0.88,179,161,0.9,,,,,,
,,2013 - 2014,87,89,1.02,306,302,0.99,,,,,,
,,2014 - 2015,80,132,1.65,311,616,1.98,,,,,,
,,2015 - 2016,59,54,0.92,300,284,0.95,,,,,,
,,2016 - 2017,60,50,0.83,310,290,0.94,,,,,,
,,2017 - 2018,40,34,0.85,249,231,0.93,,,,,,
,,2018 - 2019,27,39,1.44,237,229,0.97,,,,,,
,,2019 - 2020,39,32,0.82,213,206,0.97,,,,,,
,,2020 - 2021,32,26,0.81,232,211,0.91,,,,,,
,,2021 - 2022,15,23,1.53,75,94,1.25,,,,,,
,,2022 - 2023,14,14,1,38,44,1.16,,,,,,
,9. Saiha,2010 - 2011,3,5,1.67,23,31,1.35,,,,,,
,,2011 - 2012,,,,28,24,0.86,,,,,,
,,2012 - 2013,,,,28,16,0.57,,,,,,
,,2013 - 2014,,,,12,10,0.83,,,,,,
,,2014 - 2015,,,,14,8,0.57,,,,,,
,,2015 - 2016,,,,18,18,1,,,,,,
,,2016 - 2017,2,2,1,18,21,1.17,,,,,,
,,2017 - 2018,,,,13,13.6,1.05,,,,,,
,,2018 - 2019,,,,17,19,1.12,,,,,,
,,2019 - 2020,,,,15,18,1.2,,,,,,
,,2020 - 2021,,,,16,17,1.06,,,,,,
,,2021 - 2022,,,,9,10,1.11,,,,,,
,,2022 - 2023,,,,9,10,1.11,,,,,,
,10. Saitual,2020 - 2021,,,,82,158,1.93,,,,,,
,,2021 - 2022,,,,66,82,1.24,,,,,,
,,2022 - 2023,,,,90,106,1.18,,,,,,
,11. Serchhip,2010 - 2011,,,,150,132,0.88,,,,,,
,,2011 - 2012,,,,152,133.7,0.88,,,,,,
,,2012 - 2013,,,,196,170,0.87,,,,,,
,,2013 - 2014,,,,205,175,0.85,,,,,,
,,2014 - 2015,,,,220,242,1.1,,,,,,
,,2015 - 2016,,,,220,242,1.1,,,,,,
,,2016 - 2017,,,,233,262,1.12,,,,,,
,,2017 - 2018,,,,174.7,170.7,0.98,,,,,,
,,2018 - 2019,,,,180,176,0.98,,,,,,
,,2019 - 2020,,,,180,182,1.01,,,,,,
,,2020 - 2021,,,,180,182,1.01,,,,,,
,,2021 - 2022,,,,180,181,1.01,,,,,,
,,2022 - 2023,,,,180,181,1.01,,,,,,
12. Nagaland,1. Chumoukedima,2022 - 2023,,,,84,119,1.42,,,,,,
,2. Dimapur,2013 - 2014,,,,200,290,1.45,,,,,,
,,2014 - 2015,,,,210,310,1.48,,,,,,
,,2015 - 2016,,,,220,330,1.5,,,,,,
,,2016 - 2017,,,,230,330,1.43,,,,,,
,,2017 - 2018,,,,230,340,1.48,,,,,,
,,2018 - 2019,,,,230,340,1.48,,,,,,
,,2019 - 2020,,,,234,350,1.5,,,,,,
,,2020 - 2021,,,,238,358,1.5,,,,,,
,,2021 - 2022,,,,200,257,1.29,,,,,,
,,2022 - 2023,,,,105,149,1.42,,,,,,
,3. Kiphire,2021 - 2022,,,,5,6,1.2,,,,,,
,,2022 - 2023,,,,8,11,1.38,,,,,,
,4. Kohima,2021 - 2022,,,,19,25,1.32,,,,,,
,,2022 - 2023,,,,20,30,1.5,,,,,,
,5. Mokokchung,2021 - 2022,,,,18,26,1.44,,,,,,
,,2022 - 2023,,,,28,41,1.46,,,,,,
,6. Mon,2013 - 2014,,,,160,230,1.44,,,,,,
,,2014 - 2015,,,,160,230,1.44,,,,,,
,,2015 - 2016,,,,170,250,1.47,,,,,,
,,2016 - 2017,,,,170,250,1.47,,,,,,
,,2017 - 2018,,,,180,260,1.44,,,,,,
,,2018 - 2019,,,,180,260,1.44,,,,,,
,,2019 - 2020,,,,183,270,1.48,,,,,,
,,2020 - 2021,,,,186,276,1.48,,,,,,
,,2021 - 2022,,,,150,188,1.25,,,,,,
,,2022 - 2023,,,,237,337,1.42,,,,,,
,7. Nuiland,2022 - 2023,,,,126,180,1.43,,,,,,
,8. Peren,2021 - 2022,,,,5,7,1.4,,,,,,
,,2022 - 2023,,,,8,12,1.5,,,,,,
,9. Phek,2013 - 2014,,,,120,180,1.5,,,,,,
,,2014 - 2015,,,,120,180,1.5,,,,,,
,,2015 - 2016,,,,130,190,1.46,,,,,,
,,2016 - 2017,,,,130,190,1.46,,,,,,
,,2017 - 2018,,,,130,190,1.46,,,,,,
,,2018 - 2019,,,,140,210,1.5,,,,,,
,,2019 - 2020,,,,143,210,1.47,,,,,,
,,2020 - 2021,,,,146,216,1.48,,,,,,
,,2021 - 2022,,,,136,191,1.4,,,,,,
,,2022 - 2023,,,,215,333,1.55,,,,,,
,10. Tseminyu,2022 - 2023,,,,10,14,1.4,,,,,,
,11. Wokha,2021 - 2022,,,,19,28,1.47,,,,,,
,,2022 - 2023,,,,30,44,1.47,,,,,,
13. Odisha,1. Balangir,2019 - 2020,"1,330.00",970,0.73,"5,810.00","4,270.00",0.73,,,,,,
,2. Baleshwar,2019 - 2020,330,250,0.76,,,,,,,,,
,3. Bargarh,2019 - 2020,"2,090.00","1,630.00",0.78,200,140,0.7,,,,,,
,4. Bhadrak,2019 - 2020,190,150,0.79,,,,,,,,,
,5. Cuttack,2019 - 2020,860,680,0.79,,,,,,,,,
,6. Deogarh,2019 - 2020,250,220,0.88,"1,130.00",820,0.73,,,,,,
,7. Gajapati,2019 - 2020,640,510,0.8,880,670,0.76,,,,,,
,8. Ganjam,2019 - 2020,590,470,0.8,,,,,,,,,
,9. Jagatsinghapur,2019 - 2020,350,260,0.74,,,,,,,,,
,10. Jajapur,2019 - 2020,,,,120,80,0.67,,,,,,
,11. Jharsuguda,2019 - 2020,610,460,0.75,"1,730.00","1,240.00",0.72,,,,,,
,12. Kalahandi,2019 - 2020,240,180,0.75,,,,,,,,,
,13. Kandhamal,2019 - 2020,40,20,0.5,"1,250.00",960,0.77,,,,,,
,14. Kendrapara,2019 - 2020,"1,060.00",800,0.75,,,,,,,,,
,15. Kendujhar,2019 - 2020,"3,000.00","2,160.00",0.72,"8,210.00","6,190.00",0.75,,,,,,
,16. Khordha,2019 - 2020,540,390,0.72,300,210,0.7,,,,,,
,17. Koraput,2019 - 2020,"1,880.00","1,390.00",0.74,,,,,,,,,
,18. Malkangiri,2019 - 2020,"1,190.00",840,0.71,,,,,,,,,
,19. Mayurbhanj,2019 - 2020,"4,390.00","3,180.00",0.72,"11,360.00","8,440.00",0.74,,,,,,
,20. Nabarangpur,2019 - 2020,"1,700.00","1,220.00",0.72,,,,,,,,,
,21. Nayagarh,2019 - 2020,650,490,0.75,250,180,0.72,,,,,,
,22. Puri,2019 - 2020,80,60,0.75,,,,,,,,,
,23. Rayagada,2019 - 2020,720,550,0.76,340,260,0.76,,,,,,
,24. Sambalpur,2019 - 2020,"1,510.00","1,100.00",0.73,"1,430.00","1,050.00",0.73,,,,,,
,25. Sonepur,2019 - 2020,"1,340.00",960,0.72,"1,680.00","1,210.00",0.72,,,,,,
,26. Sundargarh,2019 - 2020,"2,400.00","1,730.00",0.72,"5,640.00","4,290.00",0.76,,,,,,
14. Tamil Nadu,1. Ariyalur,2018 - 2019,,,,3,3,1,,,,,,
,,2019 - 2020,,,,26,20,0.77,,,,,,
,,2020 - 2021,8,5,0.63,,,,,,,,,
,,2022 - 2023,,,,12,10,0.83,,,,,,
,2. Chengalpattu,2020 - 2021,2,2,1,,,,,,,,,
,,2021 - 2022,2,1,0.5,2,2,1,,,,,,
,,2022 - 2023,,,,1,1,1,,,,,,
,3. Coimbatore,2017 - 2018,"1,073.00",490,0.46,"1,833.00",623,0.34,,,,,,
,,2018 - 2019,"1,241.00","1,080.00",0.87,"1,448.00","1,042.00",0.72,,,,,,
,,2019 - 2020,"1,376.00",560,0.41,"1,114.00",814,0.73,,,,,,
,,2020 - 2021,969,280,0.29,"1,102.00",614,0.56,,,,,,
,,2021 - 2022,968,241,0.25,819,337,0.41,,,,,,
,,2022 - 2023,951,203,0.21,662,286,0.43,,,,,,
,4. Cuddalore,2017 - 2018,97,63,0.65,59,43,0.73,,,,,,
,,2018 - 2019,149,127,0.85,9,8,0.89,,,,,,
,,2019 - 2020,167,117,0.7,1,1,1,,,,,,
,,2020 - 2021,123,82,0.67,2,2,1,,,,,,
,,2021 - 2022,118,73,0.62,22,16,0.73,,,,,,
,,2022 - 2023,111,52,0.47,,,,,,,,,
,5. Dharmapuri,2017 - 2018,20,12,0.6,"8,884.00","7,411.00",0.83,,,,,,
,,2018 - 2019,45,38,0.84,"11,337.00","10,218.00",0.9,,,,,,
,,2019 - 2020,107,75,0.7,"12,893.00","11,820.00",0.92,,,,,,
,,2020 - 2021,,,,"12,144.00","9,519.00",0.78,,,,,,
,,2021 - 2022,3,2,0.67,"12,300.00","11,434.00",0.93,,,,,,
,,2022 - 2023,134,63,0.47,"11,769.00","10,892.00",0.93,,,,,,
,6. Dindigul,2017 - 2018,"4,232.00","3,029.00",0.72,"3,407.00","1,837.00",0.54,,,,,,
,,2018 - 2019,"5,353.00","5,157.00",0.96,814,695,0.85,,,,,,
,,2019 - 2020,"4,425.00","3,713.00",0.84,"1,696.00","1,462.00",0.86,,,,,,
,,2020 - 2021,"2,679.00","1,320.00",0.49,"2,455.00","1,577.00",0.64,,,,,,
,,2021 - 2022,"3,093.00","1,674.00",0.54,"1,261.00",726,0.58,,,,,,
,,2022 - 2023,"2,524.00","1,436.00",0.57,"1,354.00","1,343.00",0.99,,,,,,
,7. Erode,2017 - 2018,164,107,0.65,582,418,0.72,,,,,,
,,2018 - 2019,449,383,0.85,459,363,0.79,,,,,,
,,2019 - 2020,210,147,0.7,773,606,0.78,,,,,,
,,2020 - 2021,100,66,0.66,878,738,0.84,,,,,,
,,2021 - 2022,288,178,0.62,"1,025.00",807,0.79,,,,,,
,,2022 - 2023,155,73,0.47,875,701,0.8,,,,,,
,8. Kallakurichi,2020 - 2021,10,7,0.7,,,,,,,,,
,,2021 - 2022,,,,1,1,1,,,,,,
,9. Kanchipuram,2017 - 2018,9,6,0.67,1,1,1,,,,,,
,,2018 - 2019,2,2,1,8,6,0.75,,,,,,
,,2019 - 2020,76,53,0.7,,,,,,,,,
,,2022 - 2023,65,31,0.48,3,2,0.67,,,,,,
,10. Kanniyakumari,2017 - 2018,2,1,0.5,4,2,0.5,,,,,,
,,2018 - 2019,1,1,1,1,1,1,,,,,,
,,2019 - 2020,,,,2,2,1,,,,,,
,,2020 - 2021,2,1,0.5,,,,,,,,,
,,2021 - 2022,2,1,0.5,1,1,1,,,,,,
,11. Karur,2017 - 2018,372,242,0.65,50,36,0.72,,,,,,
,,2018 - 2019,337,287,0.85,1,1,1,,,,,,
,,2019 - 2020,317,223,0.7,54,43,0.8,,,,,,
,,2020 - 2021,301,201,0.67,24,20,0.83,,,,,,
,,2021 - 2022,313,193,0.62,26,20,0.77,,,,,,
,,2022 - 2023,339,159,0.47,29,24,0.83,,,,,,
,12. Krishnagiri,2017 - 2018,187,121,0.65,"5,019.00","3,165.00",0.63,,,,,,
,,2018 - 2019,172,146,0.85,"7,224.00","4,779.00",0.66,,,,,,
,,2019 - 2020,734,515,0.7,"7,409.00","7,475.00",1.01,,,,,,
,,2020 - 2021,3,2,0.67,"9,068.00","7,635.00",0.84,,,,,,
,,2021 - 2022,377,233,0.62,"8,038.00","5,466.00",0.68,,,,,,
,,2022 - 2023,400,188,0.47,"8,070.00","6,331.00",0.78,,,,,,
,13. Madurai,2017 - 2018,552,358,0.65,"2,404.00","1,725.00",0.72,,,,,,
,,2018 - 2019,888,743,0.84,"1,332.00","1,051.00",0.79,,,,,,
,,2019 - 2020,732,452,0.62,"1,154.00",439,0.38,,,,,,
,,2020 - 2021,396,343,0.87,"1,150.00",594,0.52,,,,,,
,,2021 - 2022,817,510,0.62,871,249,0.29,,,,,,
,,2022 - 2023,596,360,0.6,977,455,0.47,,,,,,
,14. Namakkal,2017 - 2018,359,234,0.65,314,226,0.72,,,,,,
,,2018 - 2019,296,252,0.85,370,292,0.79,,,,,,
,,2019 - 2020,400,281,0.7,351,275,0.78,,,,,,
,,2020 - 2021,355,237,0.67,432,364,0.84,,,,,,
,,2021 - 2022,364,225,0.62,436,343,0.79,,,,,,
,,2022 - 2023,412,194,0.47,346,278,0.8,,,,,,
,15. Perambalur,2017 - 2018,,,,1,1,1,,,,,,
,,2018 - 2019,,,,3,2,0.67,,,,,,
,,2019 - 2020,3,2,0.67,92,72,0.78,,,,,,
,,2020 - 2021,,,,33,28,0.85,,,,,,
,,2021 - 2022,4,3,0.75,10,8,0.8,,,,,,
,,2022 - 2023,,,,4,4,1,,,,,,
,16. Pudukkottai,2017 - 2018,238,155,0.65,324,233,0.72,,,,,,
,,2018 - 2019,177,150,0.85,118,93,0.79,,,,,,
,,2019 - 2020,230,161,0.7,263,207,0.79,,,,,,
,,2020 - 2021,96,64,0.67,447,377,0.84,,,,,,
,,2021 - 2022,56,35,0.63,275,218,0.79,,,,,,
,,2022 - 2023,50,24,0.48,173,139,0.8,,,,,,
,17. Ramanathapuram,2017 - 2018,326,211,0.65,,,,,,,,,
,,2018 - 2019,359,306,0.85,,,,,,,,,
,,2019 - 2020,384,270,0.7,,,,,,,,,
,,2020 - 2021,373,249,0.67,,,,,,,,,
,,2021 - 2022,518,320,0.62,3,2,0.67,,,,,,
,,2022 - 2023,242,114,0.47,1,1,1,,,,,,
,18. Ranipet,2020 - 2021,196,131,0.67,612,515,0.84,,,,,,
,,2021 - 2022,256,158,0.62,348,274,0.79,,,,,,
,,2022 - 2023,131,62,0.47,502,402,0.8,,,,,,
,19. Salem,2017 - 2018,"1,696.00","1,354.00",0.8,"18,031.00","13,642.00",0.76,,,,,,
,,2018 - 2019,"3,225.00","2,458.00",0.76,"17,354.00","13,489.00",0.78,,,,,,
,,2019 - 2020,"1,456.00","1,148.00",0.79,"17,037.00","10,723.00",0.63,,,,,,
,,2020 - 2021,"2,713.00","2,709.00",1,"14,101.00","13,364.00",0.95,,,,,,
,,2021 - 2022,"3,570.00","2,215.00",0.62,"14,570.00","11,797.00",0.81,,,,,,
,,2022 - 2023,"3,541.00","1,963.00",0.55,"14,774.00","10,803.00",0.73,,,,,,
,20. Sivaganga,2017 - 2018,138,89,0.64,232,166,0.72,,,,,,
,,2018 - 2019,158,134,0.85,234,185,0.79,,,,,,
,,2019 - 2020,141,99,0.7,259,204,0.79,,,,,,
,,2020 - 2021,89,59,0.66,213,180,0.85,,,,,,
,,2021 - 2022,99,61,0.62,133,105,0.79,,,,,,
,,2022 - 2023,88,41,0.47,66,53,0.8,,,,,,
,21. Theni,2017 - 2018,"1,645.00","1,024.00",0.62,"2,710.00","1,968.00",0.73,,,,,,
,,2018 - 2019,"3,110.00","3,181.00",1.02,"1,334.00",946,0.71,,,,,,
,,2019 - 2020,"2,783.00","2,131.00",0.77,"1,097.00",510,0.46,,,,,,
,,2020 - 2021,"2,183.00","1,285.00",0.59,862,"1,092.00",1.27,,,,,,
,,2021 - 2022,"2,512.00","1,979.00",0.79,897,526,0.59,,,,,,
,,2022 - 2023,"2,566.00",914,0.36,840,694,0.83,,,,,,
,22. Thenkasi,2020 - 2021,75,50,0.67,4,3,0.75,,,,,,
,,2021 - 2022,44,27,0.61,5,4,0.8,,,,,,
,,2022 - 2023,15,7,0.47,8,6,0.75,,,,,,
,23. Thiruvallur,2017 - 2018,1,,0,27,20,0.74,,,,,,
,,2018 - 2019,,,,12,9,0.75,,,,,,
,,2019 - 2020,16,11,0.69,15,11,0.73,,,,,,
,,2020 - 2021,8,5,0.63,5,4,0.8,,,,,,
,,2021 - 2022,9,6,0.67,,,,,,,,,
,,2022 - 2023,4,2,0.5,,,,,,,,,
,24. Thoothukudi,2017 - 2018,163,106,0.65,15,11,0.73,,,,,,
,,2018 - 2019,93,79,0.85,10,8,0.8,,,,,,
,,2019 - 2020,64,44,0.69,,,,,,,,,
,,2020 - 2021,78,52,0.67,,,,,,,,,
,,2021 - 2022,26,16,0.62,,,,,,,,,
,,2022 - 2023,20,9,0.45,,,,,,,,,
,25. Tiruchirappalli,2017 - 2018,339,220,0.65,357,257,0.72,,,,,,
,,2018 - 2019,488,415,0.85,325,256,0.79,,,,,,
,,2019 - 2020,591,415,0.7,417,327,0.78,,,,,,
,,2020 - 2021,425,284,0.67,329,276,0.84,,,,,,
,,2021 - 2022,434,268,0.62,185,145,0.78,,,,,,
,,2022 - 2023,417,196,0.47,161,129,0.8,,,,,,
,26. Tirunelveli,2017 - 2018,239,155,0.65,7,5,0.71,,,,,,
,,2018 - 2019,308,262,0.85,9,7,0.78,,,,,,
,,2019 - 2020,345,243,0.7,15,12,0.8,,,,,,
,,2020 - 2021,27,18,0.67,1,1,1,,,,,,
,,2021 - 2022,22,13,0.59,2,2,1,,,,,,
,,2022 - 2023,29,13,0.45,11,9,0.82,,,,,,
,27. Tirupathur,2020 - 2021,158,106,0.67,607,511,0.84,,,,,,
,,2021 - 2022,319,197,0.62,888,700,0.79,,,,,,
,,2022 - 2023,244,115,0.47,923,739,0.8,,,,,,
,28. Tiruppur,2017 - 2018,"1,353.00",614,0.45,454,326,0.72,,,,,,
,,2018 - 2019,"1,519.00",434,0.29,159,126,0.79,,,,,,
,,2019 - 2020,"1,299.00",474,0.36,147,115,0.78,,,,,,
,,2020 - 2021,"1,261.00",877,0.7,205,172,0.84,,,,,,
,,2021 - 2022,"1,366.00",992,0.73,124,98,0.79,,,,,,
,,2022 - 2023,"1,201.00",479,0.4,77,62,0.81,,,,,,
,29. Tiruvannamalai,2017 - 2018,308,201,0.65,557,400,0.72,,,,,,
,,2018 - 2019,880,749,0.85,719,566,0.79,,,,,,
,,2019 - 2020,"1,494.00","1,049.00",0.7,"1,121.00",879,0.78,,,,,,
,,2020 - 2021,"1,158.00",774,0.67,"1,475.00","1,241.00",0.84,,,,,,
,,2021 - 2022,"1,194.00",737,0.62,"1,256.00",989,0.79,,,,,,
,,2022 - 2023,810,381,0.47,986,790,0.8,,,,,,
,30. Vellore,2017 - 2018,135,88,0.65,"1,507.00","1,083.00",0.72,,,,,,
,,2018 - 2019,385,328,0.85,"1,542.00","1,216.00",0.79,,,,,,
,,2019 - 2020,326,228,0.7,"1,857.00","1,455.00",0.78,,,,,,
,,2020 - 2021,5,3,0.6,725,610,0.84,,,,,,
,,2021 - 2022,,,,"1,004.00",791,0.79,,,,,,
,,2022 - 2023,,,,"1,004.00",804,0.8,,,,,,
,31. Villupuram,2017 - 2018,372,242,0.65,449,322,0.72,,,,,,
,,2018 - 2019,98,84,0.86,,,,,,,,,
,,2019 - 2020,35,24,0.69,18,13,0.72,,,,,,
,,2020 - 2021,8,6,0.75,17,15,0.88,,,,,,
,,2021 - 2022,3,2,0.67,16,12,0.75,,,,,,
,,2022 - 2023,1,1,1,22,17,0.77,,,,,,
,32. Virudhunagar,2017 - 2018,213,138,0.65,150,107,0.71,,,,,,
,,2018 - 2019,252,214,0.85,72,56,0.78,,,,,,
,,2019 - 2020,248,174,0.7,66,51,0.77,,,,,,
,,2020 - 2021,212,142,0.67,108,91,0.84,,,,,,
,,2021 - 2022,147,91,0.62,18,14,0.78,,,,,,
,,2022 - 2023,91,43,0.47,22,17,0.77,,,,,,
15. Telangana,1. Adilabad,2011 - 2012,22,18,0.82,143,34,0.24,,,,,,
,,2013 - 2014,124,102,0.82,56,27,0.48,,,,,,
,,2014 - 2015,79,78,0.99,114,105,0.92,,,,,,
,,2015 - 2016,52,139,2.67,131,69,0.53,,,,,,
,,2016 - 2017,7,8,1.14,54,33,0.61,,,,,,
,,2017 - 2018,12,16,1.33,61,62,1.02,,,,,,
,,2018 - 2019,35,39,1.11,97,77,0.79,,,,,,
,,2019 - 2020,21,20,0.95,17,21,1.24,,,,,,
,,2020 - 2021,13,14,1.08,12,8,0.67,,,,,,
,,2021 - 2022,18,12,0.67,14,12,0.86,,,,,,
,,2022 - 2023,3,3,1,8,6,0.75,,,,,,
,2. Bhadradri,2016 - 2017,579,907,1.57,41,25,0.61,,,,,,
,,2017 - 2018,468,721,1.54,28,28,1,,,,,,
,,2018 - 2019,293,366,1.25,11,9,0.82,,,,,,
,,2019 - 2020,136,132,0.97,6,4,0.67,,,,,,
,,2020 - 2021,174,190,1.09,29,20,0.69,,,,,,
,,2021 - 2022,"1,048.00",689,0.66,191,162,0.85,,,,,,
,,2022 - 2023,667,665,1,26,31,1.19,,,,,,
,3. Jagitial,2016 - 2017,724,"1,566.00",2.16,37,6,0.16,,,,,,
,,2017 - 2018,567,769,1.36,16,16,1,,,,,,
,,2018 - 2019,486,968,1.99,4,3,0.75,,,,,,
,,2019 - 2020,78,96,1.23,4,3,0.75,,,,,,
,,2020 - 2021,140,153,1.09,10,7,0.7,,,,,,
,,2021 - 2022,422,277,0.66,9,8,0.89,,,,,,
,,2022 - 2023,83,75,0.9,1,1,1,,,,,,
,4. Jangoan,2016 - 2017,422,211,0.5,74,49,0.66,,,,,,
,,2017 - 2018,228,297,1.3,53,54,1.02,,,,,,
,,2018 - 2019,161,181,1.12,8,6,0.75,,,,,,
,,2019 - 2020,15,15,1,19,13,0.68,,,,,,
,,2020 - 2021,128,140,1.09,44,30,0.68,,,,,,
,,2021 - 2022,280,184,0.66,11,9,0.82,,,,,,
,,2022 - 2023,27,24,0.89,4,3,0.75,,,,,,
,5. Jayashankar,2016 - 2017,446,223,0.5,3,2,0.67,,,,,,
,,2017 - 2018,307,400,1.3,,,,,,,,,
,,2018 - 2019,144,162,1.13,,,,,,,,,
,,2019 - 2020,51,50,0.98,,,,,,,,,
,,2020 - 2021,146,159,1.09,83,57,0.69,,,,,,
,,2021 - 2022,35,23,0.66,120,72,0.6,,,,,,
,,2022 - 2023,36,32,0.89,81,60,0.74,,,,,,
,6. Jogulamba,2016 - 2017,101,114,1.13,,,,,,,,,
,,2017 - 2018,172,224,1.3,,,,,,,,,
,,2018 - 2019,436,490,1.12,,,,,,,,,
,,2019 - 2020,273,271,0.99,,,,,,,,,
,,2020 - 2021,631,"1,187.00",1.88,33,23,0.7,,,,,,
,,2021 - 2022,"1,305.00","1,677.00",1.29,12,10,0.83,,,,,,
,,2022 - 2023,402,502,1.25,1,1,1,,,,,,
,7. Kamareddy,2016 - 2017,,,,6,4,0.67,,,,,,
,,2017 - 2018,,,,13,13,1,,,,,,
,,2019 - 2020,2,2,1,38,27,0.71,,,,,,
,,2020 - 2021,11,12,1.09,168,61,0.36,,,,,,
,,2021 - 2022,16,11,0.69,43,13,0.3,,,,,,
,,2022 - 2023,,,,8,6,0.75,,,,,,
,8. Karimnagar,2011 - 2012,"4,459.00","3,558.00",0.8,532,126,0.24,,,,,,
,,2012 - 2013,"1,000.00","3,000.00",3,"1,000.00",,0,,,,,,
,,2013 - 2014,"2,566.00","2,633.00",1.03,703,286,0.41,,,,,,
,,2014 - 2015,"2,650.00","4,545.00",1.72,251,365,1.45,,,,,,
,,2015 - 2016,"1,705.00","2,228.00",1.31,306,160,0.52,,,,,,
,,2016 - 2017,41,89,2.17,25,4,0.16,,,,,,
,,2017 - 2018,7,9,1.29,4,4,1,,,,,,
,,2018 - 2019,28,31,1.11,,,,,,,,,
,,2019 - 2020,32,31,0.97,3,2,0.67,,,,,,
,,2020 - 2021,52,57,1.1,57,39,0.68,,,,,,
,,2021 - 2022,158,104,0.66,21,18,0.86,,,,,,
,,2022 - 2023,30,27,0.9,13,9,0.69,,,,,,
,9. Khammam,2011 - 2012,"2,403.00","1,915.00",0.8,,,,,,,,,
,,2012 - 2013,"2,000.00","2,000.00",1,,,,,,,,,
,,2013 - 2014,"2,040.00","1,306.00",0.64,15,7,0.47,,,,,,
,,2014 - 2015,"1,374.00","1,944.00",1.41,,,,,,,,,
,,2015 - 2016,959,"1,175.00",1.23,,,,,,,,,
,,2016 - 2017,296,464,1.57,,,,,,,,,
,,2017 - 2018,262,341,1.3,,,,,,,,,
,,2018 - 2019,222,250,1.13,,,,,,,,,
,,2019 - 2020,59,57,0.97,6,4,0.67,,,,,,
,,2020 - 2021,409,446,1.09,7,5,0.71,,,,,,
,,2021 - 2022,377,304,0.81,7,6,0.86,,,,,,
,,2022 - 2023,87,78,0.9,8,6,0.75,,,,,,
,10. Komaram bheem asifabad,2016 - 2017,,,,81,49,0.6,,,,,,
,,2017 - 2018,7,9,1.29,33,26,0.79,,,,,,
,,2018 - 2019,10,11,1.1,78,62,0.79,,,,,,
,,2019 - 2020,23,22,0.96,18,13,0.72,,,,,,
,,2020 - 2021,22,24,1.09,34,23,0.68,,,,,,
,,2021 - 2022,50,33,0.66,23,19,0.83,,,,,,
,,2022 - 2023,32,29,0.91,26,19,0.73,,,,,,
,11. Mahabubabad,2016 - 2017,488,244,0.5,,,,,,,,,
,,2017 - 2018,532,693,1.3,,,,,,,,,
,,2018 - 2019,776,669,0.86,,,,,,,,,
,,2019 - 2020,733,768,1.05,,,,,,,,,
,,2020 - 2021,"1,596.00","1,314.00",0.82,3,2,0.67,,,,,,
,,2021 - 2022,"2,474.00",814,0.33,12,10,0.83,,,,,,
,,2022 - 2023,838,503,0.6,22,16,0.73,,,,,,
,12. Mahbubnagar,2011 - 2012,41,33,0.8,200,18,0.09,,,,,,
,,2013 - 2014,81,66,0.81,474,228,0.48,,,,,,
,,2014 - 2015,51,50,0.98,480,253,0.53,,,,,,
,,2015 - 2016,311,833,2.68,625,147,0.24,,,,,,
,,2016 - 2017,21,24,1.14,,,,,,,,,
,,2017 - 2018,17,22,1.29,78,79,1.01,,,,,,
,,2018 - 2019,14,16,1.14,,,,,,,,,
,,2019 - 2020,16,16,1,24,17,0.71,,,,,,
,,2020 - 2021,45,49,1.09,26,18,0.69,,,,,,
,,2021 - 2022,77,51,0.66,14,12,0.86,,,,,,
,,2022 - 2023,26,23,0.88,20,15,0.75,,,,,,
,13. Mancherial,2016 - 2017,12,14,1.17,8,5,0.63,,,,,,
,,2018 - 2019,,,,5,4,0.8,,,,,,
,,2019 - 2020,5,5,1,2,1,0.5,,,,,,
,,2020 - 2021,19,21,1.11,2,1,0.5,,,,,,
,,2021 - 2022,61,40,0.66,13,11,0.85,,,,,,
,,2022 - 2023,4,4,1,4,3,0.75,,,,,,
,14. Medak,2011 - 2012,664,529,0.8,704,167,0.24,,,,,,
,,2012 - 2013,"1,000.00","1,000.00",1,"1,000.00",,0,,,,,,
,,2013 - 2014,623,510,0.82,581,501,0.86,,,,,,
,,2014 - 2015,491,556,1.13,473,505,1.07,,,,,,
,,2015 - 2016,451,405,0.9,804,602,0.75,,,,,,
,,2016 - 2017,35,39,1.11,38,28,0.74,,,,,,
,,2017 - 2018,2,3,1.5,,,,,,,,,
,,2018 - 2019,,,,14,11,0.79,,,,,,
,,2019 - 2020,2,2,1,5,4,0.8,,,,,,
,,2020 - 2021,1,1,1,40,28,0.7,,,,,,
,,2021 - 2022,71,47,0.66,7,6,0.86,,,,,,
,,2022 - 2023,3,3,1,2,1,0.5,,,,,,
,15. Medchal,2021 - 2022,10,7,0.7,4,3,0.75,,,,,,
,,2022 - 2023,2,2,1,1,1,1,,,,,,
,16. Mulugu,2018 - 2019,141,158,1.12,,,,,,,,,
,,2019 - 2020,351,341,0.97,,,,,,,,,
,,2020 - 2021,89,122,1.37,,,,,,,,,
,,2021 - 2022,131,86,0.66,60,51,0.85,,,,,,
,,2022 - 2023,206,186,0.9,,,,,,,,,
,17. Nagarkurnool,2016 - 2017,,,,21,11,0.52,,,,,,
,,2017 - 2018,4,5,1.25,,,,,,,,,
,,2019 - 2020,36,35,0.97,1,1,1,,,,,,
,,2020 - 2021,32,35,1.09,3,2,0.67,,,,,,
,,2021 - 2022,16,11,0.69,,,,,,,,,
,,2022 - 2023,38,34,0.89,1,1,1,,,,,,
,18. Nalgonda,2011 - 2012,"1,246.00",993,0.8,,,,,,,,,
,,2012 - 2013,"3,000.00","2,000.00",0.67,,,,,,,,,
,,2013 - 2014,894,215,0.24,,,,,,,,,
,,2014 - 2015,"1,385.00",302,0.22,,,,,,,,,
,,2015 - 2016,"1,176.00",314,0.27,,,,,,,,,
,,2016 - 2017,128,33,0.26,,,,,,,,,
,,2017 - 2018,133,173,1.3,,,,,,,,,
,,2018 - 2019,81,91,1.12,,,,,,,,,
,,2019 - 2020,84,82,0.98,,,,,,,,,
,,2020 - 2021,150,164,1.09,,,,,,,,,
,,2021 - 2022,197,129,0.65,4,3,0.75,,,,,,
,,2022 - 2023,204,184,0.9,,,,,,,,,
,19. Narayanapet,2018 - 2019,,,,55,24,0.44,,,,,,
,,2019 - 2020,25,24,0.96,16,11,0.69,,,,,,
,,2020 - 2021,144,157,1.09,47,32,0.68,,,,,,
,,2021 - 2022,331,217,0.66,100,85,0.85,,,,,,
,,2022 - 2023,153,138,0.9,59,54,0.92,,,,,,
,20. Nirmal,2016 - 2017,9,10,1.11,,,,,,,,,
,,2017 - 2018,,,,62,63,1.02,,,,,,
,,2018 - 2019,,,,43,34,0.79,,,,,,
,,2020 - 2021,3,3,1,,,,,,,,,
,,2021 - 2022,36,24,0.67,1,1,1,,,,,,
,,2022 - 2023,10,9,0.9,2,1,0.5,,,,,,
,21. Nizamabad,2011 - 2012,,,,2,,0,,,,,,
,,2013 - 2014,,,,13,6,0.46,,,,,,
,,2015 - 2016,8,21,2.63,,,,,,,,,
,,2019 - 2020,,,,6,4,0.67,,,,,,
,,2020 - 2021,3,3,1,11,8,0.73,,,,,,
,,2021 - 2022,14,9,0.64,9,8,0.89,,,,,,
,,2022 - 2023,2,2,1,10,7,0.7,,,,,,
,22. Peddapalli,2016 - 2017,105,227,2.16,25,4,0.16,,,,,,
,,2017 - 2018,10,13,1.3,7,7,1,,,,,,
,,2018 - 2019,24,27,1.13,25,20,0.8,,,,,,
,,2019 - 2020,11,11,1,14,10,0.71,,,,,,
,,2020 - 2021,9,10,1.11,14,10,0.71,,,,,,
,,2021 - 2022,45,30,0.67,11,9,0.82,,,,,,
,,2022 - 2023,7,6,0.86,1,1,1,,,,,,
,23. Rajanna,2016 - 2017,15,32,2.13,28,5,0.18,,,,,,
,,2017 - 2018,5,7,1.4,30,30,1,,,,,,
,,2018 - 2019,6,7,1.17,1,1,1,,,,,,
,,2019 - 2020,3,3,1,10,7,0.7,,,,,,
,,2020 - 2021,15,16,1.07,64,44,0.69,,,,,,
,,2021 - 2022,103,68,0.66,14,12,0.86,,,,,,
,,2022 - 2023,5,5,1,10,7,0.7,,,,,,
,24. Rangareddi,2011 - 2012,210,167,0.8,117,28,0.24,,,,,,
,,2013 - 2014,324,265,0.82,120,58,0.48,,,,,,
,,2014 - 2015,142,139,0.98,89,67,0.75,,,,,,
,,2015 - 2016,56,150,2.68,35,18,0.51,,,,,,
,,2016 - 2017,,,,1,1,1,,,,,,
,,2019 - 2020,3,3,1,4,3,0.75,,,,,,
,,2020 - 2021,8,9,1.13,24,17,0.71,,,,,,
,,2021 - 2022,32,21,0.66,12,10,0.83,,,,,,
,,2022 - 2023,1,1,1,6,4,0.67,,,,,,
,25. Sangareddy,2019 - 2020,2,2,1,12,8,0.67,,,,,,
,,2020 - 2021,3,3,1,1,1,1,,,,,,
,,2021 - 2022,34,22,0.65,,,,,,,,,
,,2022 - 2023,7,6,0.86,,,,,,,,,
,26. Siddipet,2016 - 2017,642,724,1.13,397,296,0.75,,,,,,
,,2017 - 2018,307,434,1.41,373,576,1.54,,,,,,
,,2018 - 2019,309,347,1.12,290,356,1.23,,,,,,
,,2019 - 2020,230,223,0.97,66,81,1.23,,,,,,
,,2020 - 2021,176,97,0.55,221,296,1.34,,,,,,
,,2021 - 2022,536,352,0.66,79,31,0.39,,,,,,
,,2022 - 2023,142,178,1.25,62,45,0.73,,,,,,
,27. Suryapet,2016 - 2017,623,161,0.26,,,,,,,,,
,,2017 - 2018,409,358,0.88,,,,,,,,,
,,2018 - 2019,502,309,0.62,,,,,,,,,
,,2019 - 2020,97,12,0.12,1,1,1,,,,,,
,,2020 - 2021,93,101,1.09,11,8,0.73,,,,,,
,,2021 - 2022,139,91,0.65,5,4,0.8,,,,,,
,,2022 - 2023,25,23,0.92,1,1,1,,,,,,
,28. Vikarabad,2016 - 2017,31,35,1.13,129,79,0.61,,,,,,
,,2017 - 2018,61,79,1.3,585,439,0.75,,,,,,
,,2018 - 2019,65,73,1.12,593,360,0.61,,,,,,
,,2019 - 2020,9,9,1,480,295,0.61,,,,,,
,,2020 - 2021,17,19,1.12,525,274,0.52,,,,,,
,,2021 - 2022,218,143,0.66,396,424,1.07,,,,,,
,,2022 - 2023,70,63,0.9,614,424,0.69,,,,,,
,29. Wanaparthy,2016 - 2017,29,33,1.14,84,42,0.5,,,,,,
,,2017 - 2018,19,25,1.32,87,53,0.61,,,,,,
,,2018 - 2019,62,70,1.13,47,47,1,,,,,,
,,2019 - 2020,1,1,1,4,3,0.75,,,,,,
,,2020 - 2021,19,21,1.11,12,8,0.67,,,,,,
,,2021 - 2022,29,19,0.66,2,2,1,,,,,,
,,2022 - 2023,7,6,0.86,1,1,1,,,,,,
,30. Warangal,2011 - 2012,"1,453.00","1,158.00",0.8,134,32,0.24,,,,,,
,,2012 - 2013,"2,000.00","1,000.00",0.5,,,,,,,,,
,,2013 - 2014,"1,920.00","1,572.00",0.82,200,96,0.48,,,,,,
,,2014 - 2015,"2,366.00",771,0.33,235,216,0.92,,,,,,
,,2015 - 2016,"1,303.00","10,867.00",8.34,266,139,0.52,,,,,,
,,2016 - 2017,44,22,0.5,,,,,,,,,
,,2017 - 2018,78,102,1.31,72,73,1.01,,,,,,
,,2018 - 2019,74,83,1.12,39,31,0.79,,,,,,
,,2019 - 2020,47,46,0.98,5,4,0.8,,,,,,
,,2020 - 2021,232,253,1.09,7,5,0.71,,,,,,
,,2021 - 2022,253,104,0.41,5,4,0.8,,,,,,
,,2022 - 2023,17,15,0.88,4,3,0.75,,,,,,
,31. Warangal urban,2016 - 2017,99,49,0.49,6,4,0.67,,,,,,
,,2017 - 2018,54,70,1.3,,,,,,,,,
,,2018 - 2019,47,53,1.13,,,,,,,,,
,,2019 - 2020,30,29,0.97,15,11,0.73,,,,,,
,,2020 - 2021,53,58,1.09,15,10,0.67,,,,,,
,,2021 - 2022,76,50,0.66,4,3,0.75,,,,,,
,,2022 - 2023,11,10,0.91,,,,,,,,,
,32. Yadadri,2016 - 2017,3,1,0.33,,,,,,,,,
,,2017 - 2018,324,422,1.3,22,22,1,,,,,,
,,2018 - 2019,9,10,1.11,,,,,,,,,
,,2019 - 2020,3,3,1,5,4,0.8,,,,,,
,,2020 - 2021,4,4,1,10,7,0.7,,,,,,
,,2021 - 2022,27,18,0.67,4,3,0.75,,,,,,
,,2022 - 2023,2,2,1,1,1,1,,,,,,
16. Tripura,1. Dhalai,2015 - 2016,,,,614,480,0.78,,,,,,
,,2016 - 2017,,,,894,588,0.66,,,,,,
,,2017 - 2018,,,,892,638,0.72,,,,,,
,,2018 - 2019,,,,925,737.95,0.8,,,,,,
,,2019 - 2020,,,,995,806.1,0.81,,,,,,
,,2020 - 2021,,,,731,610,0.83,,,,,,
,,2021 - 2022,,,,"1,210.00",974,0.8,,,,,,
,,2022 - 2023,,,,"1,315.00","1,093.00",0.83,,,,,,
,2. Gomati,2015 - 2016,,,,267,210,0.79,,,,,,
,,2016 - 2017,,,,475,290,0.61,,,,,,
,,2017 - 2018,,,,512,402,0.79,,,,,,
,,2018 - 2019,,,,600,556.24,0.93,,,,,,
,,2019 - 2020,,,,574,534.28,0.93,,,,,,
,,2020 - 2021,,,,514,495,0.96,,,,,,
,,2021 - 2022,,,,496,468,0.94,,,,,,
,,2022 - 2023,,,,397,375,0.94,,,,,,
,3. Khowai,2015 - 2016,,,,376,285,0.76,,,,,,
,,2016 - 2017,,,,357,250,0.7,,,,,,
,,2017 - 2018,,,,426,335,0.79,,,,,,
,,2018 - 2019,,,,396,288.72,0.73,,,,,,
,,2019 - 2020,,,,355,263.24,0.74,,,,,,
,,2020 - 2021,,,,400,306,0.77,,,,,,
,,2021 - 2022,,,,390,292,0.75,,,,,,
,,2022 - 2023,,,,364,281,0.77,,,,,,
,4. North tripura,2015 - 2016,,,,"1,781.00","1,399.00",0.79,,,,,,
,,2016 - 2017,,,,574,373,0.65,,,,,,
,,2017 - 2018,,,,814,599,0.74,,,,,,
,,2018 - 2019,,,,702,519.44,0.74,,,,,,
,,2019 - 2020,,,,642,481.98,0.75,,,,,,
,,2020 - 2021,,,,460,355,0.77,,,,,,
,,2021 - 2022,,,,358,265,0.74,,,,,,
,,2022 - 2023,,,,260,206,0.79,,,,,,
,5. Sepahijala,2015 - 2016,,,,117,92,0.79,,,,,,
,,2016 - 2017,,,,299,183,0.61,,,,,,
,,2017 - 2018,,,,329,222,0.67,,,,,,
,,2018 - 2019,,,,319,236.9,0.74,,,,,,
,,2019 - 2020,,,,307,233.45,0.76,,,,,,
,,2020 - 2021,,,,294,227,0.77,,,,,,
,,2021 - 2022,,,,259,192,0.74,,,,,,
,,2022 - 2023,,,,238,197,0.83,,,,,,
,6. South tripura,2015 - 2016,,,,286,215,0.75,,,,,,
,,2016 - 2017,,,,541,315,0.58,,,,,,
,,2017 - 2018,,,,574,376,0.66,,,,,,
,,2018 - 2019,,,,432,312.22,0.72,,,,,,
,,2019 - 2020,,,,379,278.18,0.73,,,,,,
,,2020 - 2021,,,,414,317,0.77,,,,,,
,,2021 - 2022,,,,368,278,0.76,,,,,,
,,2022 - 2023,,,,357,294,0.82,,,,,,
,7. Unakoti,2015 - 2016,,,,584,450,0.77,,,,,,
,,2016 - 2017,,,,474,294,0.62,,,,,,
,,2017 - 2018,,,,536,370,0.69,,,,,,
,,2018 - 2019,,,,421,312.17,0.74,,,,,,
,,2019 - 2020,,,,405,305.71,0.75,,,,,,
,,2020 - 2021,,,,338,263,0.78,,,,,,
,,2021 - 2022,,,,360,268,0.74,,,,,,
,,2022 - 2023,,,,392,328,0.84,,,,,,
,8. West tripura,2015 - 2016,,,,290,225,0.78,,,,,,
,,2016 - 2017,,,,272,183,0.67,,,,,,
,,2017 - 2018,,,,336,246,0.73,,,,,,
,,2018 - 2019,,,,350,252.34,0.72,,,,,,
,,2019 - 2020,,,,375,275.9,0.74,,,,,,
,,2020 - 2021,,,,243,183,0.75,,,,,,
,,2021 - 2022,,,,266,196,0.74,,,,,,
,,2022 - 2023,,,,206,156,0.76,,,,,,
