State,District,Year,Guar seed,,,,,,,,
,,,Rabi,,,Kharif,,,Whole Year,,
,,,Area (Hectare),Production (Tonnes),Yield (Tonne/Hectare),Area (Hectare),Production (Tonnes),Yield (Tonne/Hectare),Area (Hectare),Production (Tonnes),Yield (Tonne/Hectare)
1. Andhra Pradesh,1. Prakasam,2019 - 2020,6,,0,,,,,,
,2. Spsr nellore,2016 - 2017,42,80,1.9,,,,,,
,3. West godavari,2019 - 2020,,,,1,,0,,,
2. Chhattisgarh,1. Balrampur,2013 - 2014,,,,26,21,0.81,,,
3. Gujarat,1. Ahmadabad,2000 - 2001,,,,,,,"3,300.00",700,0.21
,,2001 - 2002,,,,,,,"3,500.00","1,500.00",0.43
,,2002 - 2003,,,,,,,"2,600.00",800,0.31
,,2003 - 2004,,,,,,,400,300,0.75
,,2004 - 2005,,,,,,,400,300,0.75
,,2005 - 2006,,,,,,,200,100,0.5
,,2006 - 2007,,,,,,,"1,000.00",400,0.4
,,2007 - 2008,,,,,,,100,100,1
,,2008 - 2009,,,,,,,"1,200.00",400,0.33
,,2009 - 2010,,,,,,,200,100,0.5
,,2010 - 2011,,,,,,,300,200,0.67
,,2011 - 2012,,,,,,,600,400,0.67
,,2012 - 2013,,,,,,,"10,600.00","6,400.00",0.6
,,2013 - 2014,,,,,,,"13,468.00","11,933.00",0.89
,,2014 - 2015,,,,,,,"6,227.00","4,817.00",0.77
,,2015 - 2016,,,,,,,"5,415.00","3,348.00",0.62
,,2016 - 2017,,,,,,,"5,248.00","3,499.00",0.67
,,2017 - 2018,,,,,,,"5,154.00","3,428.00",0.67
,,2018 - 2019,,,,,,,"3,288.00","2,466.00",0.75
,,2019 - 2020,,,,400,440,1.1,,,
,,2020 - 2021,,,,353,292,0.83,,,
,,2021 - 2022,,,,533,461,0.86,,,
,,2022 - 2023,,,,432,308,0.71,,,
,2. Amreli,2000 - 2001,,,,,,,"1,000.00",200,0.2
,,2004 - 2005,,,,,,,100,100,1
,,2005 - 2006,,,,,,,200,100,0.5
,,2013 - 2014,,,,,,,285,253,0.89
,,2014 - 2015,,,,,,,168,130,0.77
,,2015 - 2016,,,,,,,62,38,0.61
,,2016 - 2017,,,,,,,59,39,0.66
,,2017 - 2018,,,,,,,42,28,0.67
,,2018 - 2019,,,,,,,522,292,0.56
,,2020 - 2021,,,,12,8,0.67,,,
,3. Anand,2008 - 2009,,,,,,,100,100,1
,,2009 - 2010,,,,,,,100,100,1
,,2010 - 2011,,,,,,,100,100,1
,,2011 - 2012,,,,,,,300,200,0.67
,,2013 - 2014,,,,,,,"2,306.00","2,043.00",0.89
,,2014 - 2015,,,,,,,364,282,0.77
,,2015 - 2016,,,,,,,216,134,0.62
,,2016 - 2017,,,,,,,573,382,0.67
,,2017 - 2018,,,,,,,105,70,0.67
,,2020 - 2021,,,,54,35,0.65,,,
,,2021 - 2022,,,,45,29,0.64,,,
,4. Aravalli,2014 - 2015,,,,,,,"13,675.00","10,578.00",0.77
,,2015 - 2016,,,,,,,"13,239.00","8,186.00",0.62
,,2016 - 2017,,,,,,,"6,285.00","4,191.00",0.67
,,2017 - 2018,,,,,,,"3,241.00","2,156.00",0.67
,,2018 - 2019,,,,,,,"3,131.00","2,348.00",0.75
,,2019 - 2020,,,,"1,805.00","2,882.00",1.6,,,
,,2020 - 2021,,,,829,"1,017.00",1.23,,,
,,2021 - 2022,,,,827,955,1.15,,,
,,2022 - 2023,,,,391,279,0.71,,,
,5. Banas kantha,2000 - 2001,,,,,,,"1,14,000.00","25,100.00",0.22
,,2001 - 2002,,,,,,,"1,14,300.00","55,800.00",0.49
,,2002 - 2003,,,,,,,"1,06,700.00","34,700.00",0.33
,,2003 - 2004,,,,,,,"1,23,400.00","1,12,900.00",0.91
,,2004 - 2005,,,,,,,"92,300.00","85,600.00",0.93
,,2005 - 2006,,,,,,,"87,900.00","44,000.00",0.5
,,2006 - 2007,,,,,,,"71,800.00","16,900.00",0.24
,,2007 - 2008,,,,,,,"80,900.00","56,100.00",0.69
,,2008 - 2009,,,,,,,"61,600.00","15,300.00",0.25
,,2009 - 2010,,,,,,,"43,300.00","6,900.00",0.16
,,2010 - 2011,,,,,,,"43,100.00","30,600.00",0.71
,,2011 - 2012,,,,,,,"53,100.00","33,600.00",0.63
,,2012 - 2013,,,,,,,"62,000.00","44,000.00",0.71
,,2013 - 2014,,,,,,,"1,31,660.00","1,02,589.00",0.78
,,2014 - 2015,,,,,,,"75,896.00","81,398.00",1.07
,,2015 - 2016,,,,,,,"74,175.00","50,424.00",0.68
,,2016 - 2017,,,,,,,"46,555.00","44,642.00",0.96
,,2017 - 2018,,,,,,,"32,904.00","11,897.00",0.36
,,2018 - 2019,,,,,,,"28,033.00","13,512.00",0.48
,,2019 - 2020,,,,"19,088.00","24,766.00",1.3,,,
,,2020 - 2021,,,,"14,057.00","18,307.00",1.3,,,
,,2021 - 2022,,,,"11,728.00","13,161.00",1.12,,,
,,2022 - 2023,,,,"4,729.00","5,098.00",1.08,,,
,6. Bharuch,2000 - 2001,,,,,,,500,100,0.2
,,2001 - 2002,,,,,,,200,100,0.5
,,2002 - 2003,,,,,,,200,100,0.5
,,2012 - 2013,,,,,,,800,500,0.63
,,2013 - 2014,,,,,,,500,443,0.89
,7. Bhavnagar,2000 - 2001,,,,,,,200,,0
,,2006 - 2007,,,,,,,400,200,0.5
,,2012 - 2013,,,,,,,300,200,0.67
,,2013 - 2014,,,,,,,"2,506.00","2,220.00",0.89
,,2014 - 2015,,,,,,,432,334,0.77
,,2015 - 2016,,,,,,,415,257,0.62
,,2016 - 2017,,,,,,,75,50,0.67
,,2017 - 2018,,,,,,,70,47,0.67
,,2018 - 2019,,,,,,,5,8,1.6
,,2019 - 2020,,,,72,53,0.74,,,
,,2021 - 2022,,,,5,3,0.6,,,
,,2022 - 2023,,,,3,2,0.67,,,
,8. Botad,2014 - 2015,,,,,,,"6,279.00","4,857.00",0.77
,,2015 - 2016,,,,,,,"5,163.00","3,192.00",0.62
,,2016 - 2017,,,,,,,"1,304.00",869,0.67
,,2017 - 2018,,,,,,,520,346,0.67
,,2018 - 2019,,,,,,,124,32,0.26
,,2019 - 2020,,,,176,79,0.45,,,
,,2020 - 2021,,,,650,423,0.65,,,
,,2021 - 2022,,,,3,2,0.67,,,
,9. Chhotaudepur,2014 - 2015,,,,,,,105,81,0.77
,,2016 - 2017,,,,,,,225,150,0.67
,,2017 - 2018,,,,,,,202,134,0.66
,,2020 - 2021,,,,25,16,0.64,,,
,10. Devbhumi dwarka,2014 - 2015,,,,,,,735,569,0.77
,11. Dohad,2016 - 2017,,,,,,,12,8,0.67
,,2017 - 2018,,,,,,,30,20,0.67
,,2018 - 2019,,,,,,,13,,0
,,2019 - 2020,,,,51,37,0.73,,,
,,2020 - 2021,,,,262,170,0.65,,,
,12. Gandhinagar,2000 - 2001,,,,,,,"2,200.00",500,0.23
,,2001 - 2002,,,,,,,"2,600.00","1,100.00",0.42
,,2002 - 2003,,,,,,,900,300,0.33
,,2003 - 2004,,,,,,,"5,700.00","4,300.00",0.75
,,2004 - 2005,,,,,,,"3,700.00","2,700.00",0.73
,,2005 - 2006,,,,,,,"4,200.00","2,400.00",0.57
,,2006 - 2007,,,,,,,"3,700.00","1,500.00",0.41
,,2007 - 2008,,,,,,,"2,800.00","1,800.00",0.64
,,2008 - 2009,,,,,,,"3,800.00","1,300.00",0.34
,,2009 - 2010,,,,,,,"3,100.00",800,0.26
,,2010 - 2011,,,,,,,"3,000.00","1,700.00",0.57
,,2011 - 2012,,,,,,,"4,200.00","2,400.00",0.57
,,2012 - 2013,,,,,,,"3,500.00","2,100.00",0.6
,,2013 - 2014,,,,,,,"10,428.00","9,239.00",0.89
,,2014 - 2015,,,,,,,"6,785.00","5,248.00",0.77
,,2015 - 2016,,,,,,,"14,579.00","9,014.00",0.62
,,2016 - 2017,,,,,,,"11,570.00","7,715.00",0.67
,,2017 - 2018,,,,,,,"8,496.00","5,651.00",0.67
,,2018 - 2019,,,,,,,"12,044.00","9,635.00",0.8
,,2019 - 2020,,,,"6,831.00","6,150.00",0.9,,,
,,2020 - 2021,,,,"4,865.00","5,471.00",1.12,,,
,,2021 - 2022,,,,"3,924.00","4,327.00",1.1,,,
,,2022 - 2023,,,,"3,519.00","3,771.00",1.07,,,
,13. Gir somnath,2014 - 2015,,,,,,,185,143,0.77
,,2015 - 2016,,,,,,,48,30,0.63
,,2017 - 2018,,,,,,,43,29,0.67
,,2019 - 2020,,,,2,1,0.5,,,
,,2020 - 2021,,,,8,5,0.63,,,
,14. Jamnagar,2000 - 2001,,,,,,,200,,0
,,2001 - 2002,,,,,,,100,100,1
,,2007 - 2008,,,,,,,"1,000.00",600,0.6
,,2012 - 2013,,,,,,,300,200,0.67
,,2013 - 2014,,,,,,,"9,114.00","8,075.00",0.89
,,2014 - 2015,,,,,,,"2,163.00","1,673.00",0.77
,,2015 - 2016,,,,,,,593,367,0.62
,,2016 - 2017,,,,,,,110,73,0.66
,,2017 - 2018,,,,,,,40,27,0.68
,,2018 - 2019,,,,,,,43,,0
,,2019 - 2020,,,,91,66,0.73,,,
,,2020 - 2021,,,,40,26,0.65,,,
,,2021 - 2022,,,,30,20,0.67,,,
,,2022 - 2023,,,,15,11,0.73,,,
,15. Junagadh,2001 - 2002,,,,,,,100,,0
,,2012 - 2013,,,,,,,300,200,0.67
,,2013 - 2014,,,,,,,605,536,0.89
,,2014 - 2015,,,,,,,40,31,0.78
,,2015 - 2016,,,,,,,270,167,0.62
,,2020 - 2021,,,,20,13,0.65,,,
,16. Kachchh,2000 - 2001,,,,,,,"1,18,400.00","19,600.00",0.17
,,2001 - 2002,,,,,,,"1,05,300.00","30,200.00",0.29
,,2002 - 2003,,,,,,,"38,100.00","4,900.00",0.13
,,2003 - 2004,,,,,,,"1,00,200.00","55,700.00",0.56
,,2004 - 2005,,,,,,,"83,200.00","39,700.00",0.48
,,2005 - 2006,,,,,,,"59,600.00","34,600.00",0.58
,,2006 - 2007,,,,,,,"91,800.00","46,400.00",0.51
,,2007 - 2008,,,,,,,"81,700.00","46,400.00",0.57
,,2008 - 2009,,,,,,,"58,100.00","20,900.00",0.36
,,2009 - 2010,,,,,,,"59,700.00","29,400.00",0.49
,,2010 - 2011,,,,,,,"59,600.00","28,900.00",0.48
,,2011 - 2012,,,,,,,"49,700.00","26,100.00",0.53
,,2012 - 2013,,,,,,,"45,400.00","20,500.00",0.45
,,2013 - 2014,,,,,,,"1,04,229.00","58,243.00",0.56
,,2014 - 2015,,,,,,,"55,682.00","26,421.00",0.47
,,2015 - 2016,,,,,,,"1,10,978.00","61,793.00",0.56
,,2016 - 2017,,,,,,,"82,122.00","41,989.00",0.51
,,2017 - 2018,,,,,,,"86,329.00","65,247.00",0.76
,,2018 - 2019,,,,,,,"26,896.00","5,379.00",0.2
,,2019 - 2020,,,,"68,608.00","40,130.00",0.58,,,
,,2020 - 2021,,,,"65,530.00","30,880.00",0.47,,,
,,2021 - 2022,,,,"62,202.00","31,766.00",0.51,,,
,,2022 - 2023,,,,"71,987.00","42,968.00",0.6,,,
,17. Kheda,2000 - 2001,,,,,,,300,100,0.33
,,2001 - 2002,,,,,,,200,100,0.5
,,2002 - 2003,,,,,,,"1,300.00",400,0.31
,,2003 - 2004,,,,,,,100,100,1
,,2004 - 2005,,,,,,,600,500,0.83
,,2005 - 2006,,,,,,,400,300,0.75
,,2006 - 2007,,,,,,,"1,300.00",500,0.38
,,2007 - 2008,,,,,,,"1,600.00","1,100.00",0.69
,,2008 - 2009,,,,,,,700,200,0.29
,,2009 - 2010,,,,,,,"1,300.00",400,0.31
,,2010 - 2011,,,,,,,"1,900.00","1,100.00",0.58
,,2011 - 2012,,,,,,,900,500,0.56
,,2012 - 2013,,,,,,,"8,400.00","5,100.00",0.61
,,2013 - 2014,,,,,,,"14,447.00","12,800.00",0.89
,,2014 - 2015,,,,,,,"16,983.00","13,136.00",0.77
,,2015 - 2016,,,,,,,"12,490.00","7,723.00",0.62
,,2016 - 2017,,,,,,,"9,241.00","6,162.00",0.67
,,2017 - 2018,,,,,,,"9,065.00","6,029.00",0.67
,,2018 - 2019,,,,,,,"8,670.00","7,283.00",0.84
,,2019 - 2020,,,,"7,283.00","5,265.00",0.72,,,
,,2020 - 2021,,,,"6,212.00","4,760.00",0.77,,,
,,2021 - 2022,,,,"5,518.00","4,146.00",0.75,,,
,,2022 - 2023,,,,"5,133.00","5,886.00",1.15,,,
,18. Mahesana,2000 - 2001,,,,,,,"19,400.00","10,100.00",0.52
,,2001 - 2002,,,,,,,"20,500.00","15,200.00",0.74
,,2002 - 2003,,,,,,,"15,000.00","7,500.00",0.5
,,2003 - 2004,,,,,,,"12,900.00","12,700.00",0.98
,,2004 - 2005,,,,,,,"11,800.00","10,900.00",0.92
,,2005 - 2006,,,,,,,"11,100.00","8,300.00",0.75
,,2006 - 2007,,,,,,,"11,700.00","6,000.00",0.51
,,2007 - 2008,,,,,,,"9,700.00","7,400.00",0.76
,,2008 - 2009,,,,,,,"7,500.00","6,100.00",0.81
,,2009 - 2010,,,,,,,"6,500.00","1,800.00",0.28
,,2010 - 2011,,,,,,,"6,000.00","3,500.00",0.58
,,2011 - 2012,,,,,,,"6,500.00","3,700.00",0.57
,,2012 - 2013,,,,,,,"26,000.00","15,600.00",0.6
,,2013 - 2014,,,,,,,"46,565.00","41,257.00",0.89
,,2014 - 2015,,,,,,,"28,507.00","22,050.00",0.77
,,2015 - 2016,,,,,,,"27,649.00","17,095.00",0.62
,,2016 - 2017,,,,,,,"21,752.00","14,504.00",0.67
,,2017 - 2018,,,,,,,"12,923.00","10,752.00",0.83
,,2018 - 2019,,,,,,,"11,157.00","7,810.00",0.7
,,2019 - 2020,,,,"13,880.00","9,939.00",0.72,,,
,,2020 - 2021,,,,"13,705.00","12,384.00",0.9,,,
,,2021 - 2022,,,,"12,250.00","9,932.00",0.81,,,
,,2022 - 2023,,,,"9,345.00","8,606.00",0.92,,,
,19. Mahisagar,2014 - 2015,,,,,,,"2,310.00","1,787.00",0.77
,,2015 - 2016,,,,,,,"3,235.00","2,000.00",0.62
,,2016 - 2017,,,,,,,815,543,0.67
,,2017 - 2018,,,,,,,833,554,0.67
,,2018 - 2019,,,,,,,942,659,0.7
,,2019 - 2020,,,,305,205,0.67,,,
,,2020 - 2021,,,,202,131,0.65,,,
,,2021 - 2022,,,,518,339,0.65,,,
,,2022 - 2023,,,,365,260,0.71,,,
,20. Morbi,2021 - 2022,,,,"1,430.00",936,0.65,,,
,,2022 - 2023,,,,940,"1,704.00",1.81,,,
,21. Narmada,2013 - 2014,,,,,,,53,47,0.89
,,2014 - 2015,,,,,,,38,29,0.76
,,2015 - 2016,,,,,,,8,5,0.63
,22. Navsari,2011 - 2012,,,,,,,100,100,1
,,2012 - 2013,,,,,,,100,"4,000.00",40
,,2013 - 2014,,,,,,,4,4,1
,,2014 - 2015,,,,,,,6,5,0.83
,23. Panch mahals,2000 - 2001,,,,,,,"3,000.00",700,0.23
,,2001 - 2002,,,,,,,"3,600.00","1,500.00",0.42
,,2002 - 2003,,,,,,,"2,000.00",600,0.3
,,2003 - 2004,,,,,,,"1,000.00",700,0.7
,,2004 - 2005,,,,,,,400,300,0.75
,,2005 - 2006,,,,,,,700,400,0.57
,,2006 - 2007,,,,,,,200,100,0.5
,,2007 - 2008,,,,,,,100,100,1
,,2008 - 2009,,,,,,,400,200,0.5
,,2009 - 2010,,,,,,,600,200,0.33
,,2010 - 2011,,,,,,,400,300,0.75
,,2011 - 2012,,,,,,,800,500,0.63
,,2012 - 2013,,,,,,,"4,800.00","2,900.00",0.6
,,2013 - 2014,,,,,,,760,673,0.89
,,2014 - 2015,,,,,,,604,467,0.77
,,2015 - 2016,,,,,,,"3,055.00","1,889.00",0.62
,,2016 - 2017,,,,,,,50,33,0.66
,,2017 - 2018,,,,,,,"2,573.00","1,711.00",0.66
,,2018 - 2019,,,,,,,827,576,0.7
,,2019 - 2020,,,,"1,328.00","1,298.00",0.98,,,
,,2020 - 2021,,,,54,58,1.07,,,
,,2021 - 2022,,,,579,595,1.03,,,
,,2022 - 2023,,,,150,107,0.71,,,
,24. Patan,2003 - 2004,,,,,,,"12,500.00","8,100.00",0.65
,,2004 - 2005,,,,,,,"15,000.00","10,600.00",0.71
,,2005 - 2006,,,,,,,"16,100.00","11,300.00",0.7
,,2006 - 2007,,,,,,,"14,500.00","6,900.00",0.48
,,2007 - 2008,,,,,,,"12,000.00","11,700.00",0.98
,,2008 - 2009,,,,,,,"9,000.00","5,400.00",0.6
,,2009 - 2010,,,,,,,"9,700.00","2,700.00",0.28
,,2010 - 2011,,,,,,,"5,600.00","3,900.00",0.7
,,2011 - 2012,,,,,,,"4,400.00","2,500.00",0.57
,,2012 - 2013,,,,,,,"13,300.00","8,000.00",0.6
,,2013 - 2014,,,,,,,"42,520.00","37,673.00",0.89
,,2014 - 2015,,,,,,,"25,555.00","19,767.00",0.77
,,2015 - 2016,,,,,,,"17,605.00","10,885.00",0.62
,,2016 - 2017,,,,,,,"25,975.00","16,416.00",0.63
,,2017 - 2018,,,,,,,"30,210.00","20,093.00",0.67
,,2018 - 2019,,,,,,,"32,625.00","22,185.00",0.68
,,2019 - 2020,,,,"22,508.00","12,021.00",0.53,,,
,,2020 - 2021,,,,"13,595.00","3,607.00",0.27,,,
,,2021 - 2022,,,,"12,794.00","6,116.00",0.48,,,
,,2022 - 2023,,,,"6,100.00","3,945.00",0.65,,,
,25. Porbandar,2007 - 2008,,,,,,,300,200,0.67
,,2013 - 2014,,,,,,,435,385,0.89
,,2014 - 2015,,,,,,,115,89,0.77
,,2015 - 2016,,,,,,,20,12,0.6
,,2016 - 2017,,,,,,,5,3,0.6
,,2018 - 2019,,,,,,,50,75,1.5
,26. Rajkot,2008 - 2009,,,,,,,400,100,0.25
,,2012 - 2013,,,,,,,"1,400.00",800,0.57
,,2013 - 2014,,,,,,,"2,578.00","2,284.00",0.89
,,2014 - 2015,,,,,,,939,726,0.77
,,2015 - 2016,,,,,,,"1,105.00",683,0.62
,,2016 - 2017,,,,,,,140,93,0.66
,,2020 - 2021,,,,650,423,0.65,,,
,27. Sabar kantha,2000 - 2001,,,,,,,"11,000.00","2,400.00",0.22
,,2001 - 2002,,,,,,,"12,400.00","5,200.00",0.42
,,2002 - 2003,,,,,,,"12,600.00","6,300.00",0.5
,,2003 - 2004,,,,,,,"9,000.00","8,400.00",0.93
,,2004 - 2005,,,,,,,"6,400.00","6,000.00",0.94
,,2005 - 2006,,,,,,,"7,300.00","6,400.00",0.88
,,2006 - 2007,,,,,,,"7,900.00","3,700.00",0.47
,,2007 - 2008,,,,,,,"4,900.00","3,600.00",0.73
,,2008 - 2009,,,,,,,"7,500.00","2,600.00",0.35
,,2009 - 2010,,,,,,,"7,800.00","2,200.00",0.28
,,2010 - 2011,,,,,,,"4,200.00","2,400.00",0.57
,,2011 - 2012,,,,,,,"5,000.00","2,900.00",0.58
,,2012 - 2013,,,,,,,"28,200.00","17,000.00",0.6
,,2013 - 2014,,,,,,,"19,270.00","22,781.00",1.18
,,2014 - 2015,,,,,,,"13,913.00","10,762.00",0.77
,,2015 - 2016,,,,,,,"9,117.00","5,637.00",0.62
,,2016 - 2017,,,,,,,"9,256.00","6,172.00",0.67
,,2017 - 2018,,,,,,,"5,270.00","3,505.00",0.67
,,2018 - 2019,,,,,,,"2,831.00","1,699.00",0.6
,,2019 - 2020,,,,"1,897.00","2,058.00",1.08,,,
,,2020 - 2021,,,,"1,144.00","1,498.00",1.31,,,
,,2021 - 2022,,,,"1,332.00","1,646.00",1.24,,,
,,2022 - 2023,,,,720,"1,033.00",1.43,,,
,28. Surat,2008 - 2009,,,,,,,100,100,1
,,2010 - 2011,,,,,,,100,100,1
,,2011 - 2012,,,,,,,"2,200.00","1,300.00",0.59
,,2013 - 2014,,,,,,,45,40,0.89
,,2014 - 2015,,,,,,,70,54,0.77
,,2015 - 2016,,,,,,,"1,725.00","1,067.00",0.62
,,2016 - 2017,,,,,,,95,63,0.66
,,2017 - 2018,,,,,,,95,63,0.66
,,2018 - 2019,,,,,,,95,62,0.65
,,2019 - 2020,,,,133,97,0.73,,,
,,2020 - 2021,,,,32,21,0.66,,,
,,2021 - 2022,,,,40,26,0.65,,,
,,2022 - 2023,,,,21,15,0.71,,,
,29. Surendranagar,2012 - 2013,,,,,,,"1,100.00",600,0.55
,,2013 - 2014,,,,,,,"36,482.00","32,323.00",0.89
,,2014 - 2015,,,,,,,"19,229.00","14,874.00",0.77
,,2015 - 2016,,,,,,,"10,831.00","6,697.00",0.62
,,2016 - 2017,,,,,,,"1,735.00","1,231.00",0.71
,,2017 - 2018,,,,,,,822,547,0.67
,,2018 - 2019,,,,,,,"2,172.00",869,0.4
,,2019 - 2020,,,,65,47,0.72,,,
,,2020 - 2021,,,,210,137,0.65,,,
,,2021 - 2022,,,,436,285,0.65,,,
,,2022 - 2023,,,,191,136,0.71,,,
,30. Tapi,2020 - 2021,,,,35,23,0.66,,,
,31. Vadodara,2000 - 2001,,,,,,,"1,700.00",400,0.24
,,2001 - 2002,,,,,,,"1,400.00",600,0.43
,,2002 - 2003,,,,,,,200,100,0.5
,,2003 - 2004,,,,,,,800,600,0.75
,,2004 - 2005,,,,,,,500,400,0.8
,,2005 - 2006,,,,,,,400,200,0.5
,,2006 - 2007,,,,,,,400,200,0.5
,,2007 - 2008,,,,,,,700,500,0.71
,,2009 - 2010,,,,,,,400,100,0.25
,,2010 - 2011,,,,,,,300,200,0.67
,,2011 - 2012,,,,,,,500,300,0.6
,,2012 - 2013,,,,,,,600,400,0.67
,,2013 - 2014,,,,,,,"4,506.00","3,992.00",0.89
,,2014 - 2015,,,,,,,325,251,0.77
,,2015 - 2016,,,,,,,"1,435.00",887,0.62
,,2016 - 2017,,,,,,,140,93,0.66
,,2017 - 2018,,,,,,,546,363,0.66
,,2018 - 2019,,,,,,,636,445,0.7
,,2019 - 2020,,,,263,192,0.73,,,
,,2020 - 2021,,,,303,197,0.65,,,
,,2021 - 2022,,,,165,108,0.65,,,
4. Haryana,1. Bhiwani,2012 - 2013,,,,,,,"1,60,849.00","1,20,675.00",0.75
,,2017 - 2018,,,,"76,800.00","62,500.00",0.81,,,
,,2018 - 2019,,,,"55,870.00","45,082.00",0.81,,,
,,2019 - 2020,,,,"31,497.00","28,347.00",0.9,,,
,,2020 - 2021,,,,,,,"31,497.00","28,347.00",0.9
,,2021 - 2022,,,,,,,"19,193.00","17,274.00",0.9
,2. Charki dadri,2017 - 2018,,,,"27,800.00","22,800.00",0.82,,,
,,2018 - 2019,,,,"19,931.00","17,832.00",0.89,,,
,,2019 - 2020,,,,"6,728.00","6,055.00",0.9,,,
,,2020 - 2021,,,,,,,"6,728.00","6,055.00",0.9
,,2021 - 2022,,,,,,,"4,078.00","3,670.00",0.9
,3. Faridabad,2018 - 2019,,,,27,24,0.89,,,
,,2019 - 2020,,,,19,17,0.89,,,
,,2020 - 2021,,,,,,,19,17,0.89
,,2021 - 2022,,,,,,,20,18,0.9
,4. Fatehabad,2012 - 2013,,,,,,,"21,306.00","13,849.00",0.65
,,2017 - 2018,,,,"14,300.00","12,000.00",0.84,,,
,,2018 - 2019,,,,"11,051.00","10,543.00",0.95,,,
,,2019 - 2020,,,,"9,917.00","9,461.00",0.95,,,
,,2020 - 2021,,,,,,,"9,917.00","9,461.00",0.95
,,2021 - 2022,,,,,,,"9,260.00","8,834.00",0.95
,5. Gurgaon,2012 - 2013,,,,,,,"1,679.00","1,091.00",0.65
,,2017 - 2018,,,,600,500,0.83,,,
,,2018 - 2019,,,,548,438,0.8,,,
,,2019 - 2020,,,,221,177,0.8,,,
,,2020 - 2021,,,,,,,221,177,0.8
,,2021 - 2022,,,,,,,107,85,0.79
,6. Hisar,2012 - 2013,,,,,,,"64,142.00","44,899.00",0.7
,,2017 - 2018,,,,"59,000.00","50,400.00",0.85,,,
,,2018 - 2019,,,,"46,990.00","41,790.00",0.89,,,
,,2019 - 2020,,,,"32,056.00","32,056.00",1,,,
,,2020 - 2021,,,,,,,"17,578.00","17,578.00",1
,,2021 - 2022,,,,,,,"21,420.00","21,420.00",1
,7. Jhajjar,2012 - 2013,,,,,,,"6,500.00","4,550.00",0.7
,,2017 - 2018,,,,"2,600.00","2,100.00",0.81,,,
,,2018 - 2019,,,,"1,884.00","1,800.00",0.96,,,
,,2019 - 2020,,,,284,271,0.95,,,
,,2020 - 2021,,,,,,,261,249,0.95
,,2021 - 2022,,,,,,,332,317,0.95
,8. Jind,2012 - 2013,,,,,,,711,462,0.65
,,2017 - 2018,,,,300,200,0.67,,,
,,2018 - 2019,,,,140,98,0.7,,,
,,2019 - 2020,,,,212,148,0.7,,,
,,2020 - 2021,,,,,,,212,148,0.7
,,2021 - 2022,,,,,,,31,22,0.71
,9. Kaithal,2012 - 2013,,,,,,,44,26,0.59
,10. Karnal,2012 - 2013,,,,,,,130,78,0.6
,,2018 - 2019,,,,16,15,0.94,,,
,,2019 - 2020,,,,10,9,0.9,,,
,,2020 - 2021,,,,,,,10,9,0.9
,11. Mahendragarh,2012 - 2013,,,,,,,"40,598.00","28,419.00",0.7
,,2017 - 2018,,,,"23,100.00","19,200.00",0.83,,,
,,2018 - 2019,,,,"14,900.00","12,900.00",0.87,,,
,,2019 - 2020,,,,"5,694.00","4,931.00",0.87,,,
,,2020 - 2021,,,,,,,"5,694.00","4,931.00",0.87
,,2021 - 2022,,,,,,,"5,000.00","4,330.00",0.87
,12. Mewat,2012 - 2013,,,,,,,611,367,0.6
,,2017 - 2018,,,,100,100,1,,,
,,2018 - 2019,,,,65,54,0.83,,,
,,2019 - 2020,,,,9,7,0.78,,,
,,2020 - 2021,,,,,,,9,8,0.89
,,2021 - 2022,,,,,,,7,6,0.86
,13. Palwal,2017 - 2018,,,,100,,0,,,
,,2021 - 2022,,,,,,,5,0,0
,14. Panchkula,2012 - 2013,,,,,,,9,5,0.56
,,2019 - 2020,,,,2,2,1,,,
,,2020 - 2021,,,,,,,4,4,1
,,2021 - 2022,,,,,,,3,0,0
,15. Panipat,2012 - 2013,,,,,,,155,101,0.65
,,2019 - 2020,,,,1,1,1,,,
,,2020 - 2021,,,,,,,1,1,1
,,2021 - 2022,,,,,,,4,3,0.75
,16. Rewari,2012 - 2013,,,,,,,"9,516.00","7,137.00",0.75
,,2017 - 2018,,,,"3,700.00","3,000.00",0.81,,,
,,2018 - 2019,,,,"2,140.00","1,889.00",0.88,,,
,,2019 - 2020,,,,425,375,0.88,,,
,,2020 - 2021,,,,,,,425,375,0.88
,,2021 - 2022,,,,,,,321,283,0.88
,17. Rohtak,2012 - 2013,,,,,,,"2,700.00","1,620.00",0.6
,,2017 - 2018,,,,700,600,0.86,,,
,,2018 - 2019,,,,52,45,0.87,,,
,,2019 - 2020,,,,50,43,0.86,,,
,,2020 - 2021,,,,,,,50,43,0.86
,,2021 - 2022,,,,,,,46,40,0.87
,18. Sirsa,2012 - 2013,,,,,,,"78,342.00","54,839.00",0.7
,,2017 - 2018,,,,"63,400.00","53,300.00",0.84,,,
,,2018 - 2019,,,,"60,338.00","49,660.00",0.82,,,
,,2019 - 2020,,,,"48,681.00","38,945.00",0.8,,,
,,2020 - 2021,,,,,,,"48,681.00","38,945.00",0.8
,,2021 - 2022,,,,,,,"53,212.00","42,570.00",0.8
,19. Sonipat,2012 - 2013,,,,,,,523,261,0.5
,,2018 - 2019,,,,5,4,0.8,,,
,,2020 - 2021,,,,,,,14,11,0.79
,,2021 - 2022,,,,,,,18,17,0.94
5. Punjab,1. Amritsar,2021 - 2022,,,,"2,900.00","3,000.00",1.03,,,
,2. Barnala,2008 - 2009,,,,100,100,1,,,
,,2013 - 2014,,,,400,500,1.25,,,
,,2014 - 2015,,,,100,100,1,,,
,,2015 - 2016,,,,200,330,1.65,,,
,,2016 - 2017,,,,100,100,1,,,
,3. Bathinda,2002 - 2003,,,,,,,"11,100.00","9,400.00",0.85
,,2003 - 2004,,,,,,,"14,700.00","11,900.00",0.81
,,2004 - 2005,,,,,,,"9,600.00","7,200.00",0.75
,,2005 - 2006,,,,,,,"8,100.00","6,200.00",0.77
,,2006 - 2007,,,,,,,"7,200.00","5,500.00",0.76
,,2007 - 2008,,,,"4,700.00","3,600.00",0.77,,,
,,2008 - 2009,,,,"7,500.00","5,700.00",0.76,,,
,,2009 - 2010,,,,"4,700.00","3,700.00",0.79,,,
,,2010 - 2011,,,,"4,100.00","3,300.00",0.8,,,
,,2011 - 2012,,,,"3,000.00","2,500.00",0.83,,,
,,2012 - 2013,,,,"4,300.00","3,800.00",0.88,,,
,,2013 - 2014,,,,"8,400.00","6,000.00",0.71,,,
,,2014 - 2015,,,,"7,000.00","4,600.00",0.66,,,
,,2015 - 2016,,,,"14,100.00","5,610.00",0.4,,,
,,2016 - 2017,,,,"9,400.00","7,200.00",0.77,,,
,,2017 - 2018,,,,"6,500.00","4,800.00",0.74,,,
,,2018 - 2019,,,,"4,900.00","3,700.00",0.76,,,
,,2019 - 2020,,,,"4,300.00","3,400.00",0.79,,,
,,2022 - 2023,,,,"3,400.00","1,400.00",0.41,,,
,4. Faridkot,2002 - 2003,,,,,,,700,500,0.71
,,2003 - 2004,,,,,,,"1,100.00",800,0.73
,,2004 - 2005,,,,,,,600,400,0.67
,,2005 - 2006,,,,,,,400,300,0.75
,,2006 - 2007,,,,,,,100,100,1
,,2007 - 2008,,,,200,100,0.5,,,
,,2008 - 2009,,,,300,500,1.67,,,
,,2009 - 2010,,,,200,200,1,,,
,,2010 - 2011,,,,400,300,0.75,,,
,,2012 - 2013,,,,300,200,0.67,,,
,,2013 - 2014,,,,"1,500.00","1,200.00",0.8,,,
,,2014 - 2015,,,,700,"1,200.00",1.71,,,
,,2015 - 2016,,,,"2,100.00","3,570.00",1.7,,,
,,2016 - 2017,,,,300,500,1.67,,,
,,2017 - 2018,,,,100,200,2,,,
,,2018 - 2019,,,,100,200,2,,,
,,2021 - 2022,,,,100,100,1,,,
,5. Fatehgarh sahib,2021 - 2022,,,,"1,300.00","1,300.00",1,,,
,6. Fazilka,2011 - 2012,,,,"5,300.00","4,400.00",0.83,,,
,,2012 - 2013,,,,"11,700.00","11,400.00",0.97,,,
,,2013 - 2014,,,,"17,000.00","14,600.00",0.86,,,
,,2015 - 2016,,,,"20,100.00","15,630.00",0.78,,,
,,2016 - 2017,,,,"15,200.00","12,300.00",0.81,,,
,,2017 - 2018,,,,"12,500.00","9,100.00",0.73,,,
,,2018 - 2019,,,,"11,200.00","8,500.00",0.76,,,
,,2019 - 2020,,,,"9,200.00","7,200.00",0.78,,,
,,2020 - 2021,,,,"7,700.00","6,000.00",0.78,,,
,,2021 - 2022,,,,"5,900.00","6,200.00",1.05,,,
,,2022 - 2023,,,,"3,700.00","3,200.00",0.86,,,
,7. Firozepur,2002 - 2003,,,,,,,"8,100.00","6,000.00",0.74
,,2003 - 2004,,,,,,,"7,400.00","5,600.00",0.76
,,2004 - 2005,,,,,,,"8,500.00","6,700.00",0.79
,,2005 - 2006,,,,,,,"7,900.00","5,700.00",0.72
,,2006 - 2007,,,,,,,"6,000.00","4,400.00",0.73
,,2007 - 2008,,,,"9,500.00","8,000.00",0.84,,,
,,2008 - 2009,,,,"12,500.00","9,500.00",0.76,,,
,,2009 - 2010,,,,"12,500.00","8,800.00",0.7,,,
,,2010 - 2011,,,,"8,700.00","8,000.00",0.92,,,
,,2013 - 2014,,,,400,400,1,,,
,,2014 - 2015,,,,"13,700.00","10,600.00",0.77,,,
,,2015 - 2016,,,,200,140,0.7,,,
,,2016 - 2017,,,,100,100,1,,,
,,2017 - 2018,,,,100,100,1,,,
,,2021 - 2022,,,,100,100,1,,,
,8. Hoshiarpur,2021 - 2022,,,,"1,700.00","1,800.00",1.06,,,
,9. Jalandhar,2021 - 2022,,,,"12,200.00","12,700.00",1.04,,,
,10. Kapurthala,2021 - 2022,,,,"1,600.00","1,700.00",1.06,,,
,11. Mansa,2002 - 2003,,,,,,,"5,500.00","3,600.00",0.65
,,2003 - 2004,,,,,,,"6,300.00","3,100.00",0.49
,,2004 - 2005,,,,,,,"4,200.00","2,300.00",0.55
,,2005 - 2006,,,,,,,"4,300.00","3,200.00",0.74
,,2006 - 2007,,,,,,,"4,500.00","3,800.00",0.84
,,2007 - 2008,,,,"5,400.00","4,600.00",0.85,,,
,,2008 - 2009,,,,"5,200.00","4,400.00",0.85,,,
,,2009 - 2010,,,,"3,000.00","2,500.00",0.83,,,
,,2010 - 2011,,,,"3,100.00","2,900.00",0.94,,,
,,2011 - 2012,,,,"1,900.00","1,600.00",0.84,,,
,,2012 - 2013,,,,"2,900.00","2,900.00",1,,,
,,2013 - 2014,,,,"4,800.00","4,500.00",0.94,,,
,,2014 - 2015,,,,"3,800.00","2,800.00",0.74,,,
,,2015 - 2016,,,,"7,700.00","7,320.00",0.95,,,
,,2016 - 2017,,,,"5,400.00","5,600.00",1.04,,,
,,2017 - 2018,,,,"3,600.00","4,000.00",1.11,,,
,,2018 - 2019,,,,"2,900.00","3,400.00",1.17,,,
,,2019 - 2020,,,,"2,300.00","2,800.00",1.22,,,
,,2022 - 2023,,,,"1,400.00","2,000.00",1.43,,,
,12. Moga,2003 - 2004,,,,,,,200,100,0.5
,,2004 - 2005,,,,,,,100,100,1
,,2009 - 2010,,,,100,100,1,,,
,13. Muktsar,2002 - 2003,,,,,,,"5,400.00","3,200.00",0.59
,,2003 - 2004,,,,,,,"8,300.00","5,200.00",0.63
,,2004 - 2005,,,,,,,"3,900.00","2,500.00",0.64
,,2005 - 2006,,,,,,,"3,100.00","2,300.00",0.74
,,2006 - 2007,,,,,,,"2,600.00","2,000.00",0.77
,,2007 - 2008,,,,"2,100.00","1,900.00",0.9,,,
,,2008 - 2009,,,,"2,300.00","2,000.00",0.87,,,
,,2009 - 2010,,,,"1,300.00","1,500.00",1.15,,,
,,2010 - 2011,,,,"1,900.00","2,300.00",1.21,,,
,,2012 - 2013,,,,"1,900.00","2,200.00",1.16,,,
,,2013 - 2014,,,,"4,200.00","2,800.00",0.67,,,
,,2014 - 2015,,,,"2,700.00","1,700.00",0.63,,,
,,2015 - 2016,,,,"4,000.00",800,0.2,,,
,,2016 - 2017,,,,"2,600.00","2,700.00",1.04,,,
,,2017 - 2018,,,,"1,500.00","1,200.00",0.8,,,
,,2018 - 2019,,,,"1,200.00","1,000.00",0.83,,,
,,2019 - 2020,,,,500,400,0.8,,,
,,2020 - 2021,,,,500,800,1.6,,,
,,2021 - 2022,,,,400,300,0.75,,,
,,2022 - 2023,,,,400,400,1,,,
,14. Nawanshahr,2013 - 2014,,,,100,100,1,,,
,,2014 - 2015,,,,100,100,1,,,
,,2020 - 2021,,,,100,100,1,,,
,15. Patiala,2004 - 2005,,,,,,,100,100,1
,16. Rupnagar,2021 - 2022,,,,"1,500.00","1,600.00",1.07,,,
,17. Sangrur,2003 - 2004,,,,,,,500,400,0.8
,,2004 - 2005,,,,,,,100,100,1
,,2005 - 2006,,,,,,,100,100,1
,,2013 - 2014,,,,300,300,1,,,
,,2014 - 2015,,,,100,100,1,,,
,,2015 - 2016,,,,200,40,0.2,,,
,,2016 - 2017,,,,200,200,1,,,
,,2017 - 2018,,,,100,100,1,,,
,,2018 - 2019,,,,100,100,1,,,
,,2020 - 2021,,,,100,100,1,,,
6. Rajasthan,1. Ajmer,2000 - 2001,,,,,,,"14,313.00",687,0.05
,,2001 - 2002,,,,,,,"6,156.00","4,578.00",0.74
,,2002 - 2003,,,,,,,"7,030.00",28,0
,,2003 - 2004,,,,,,,"2,294.00",,0
,,2004 - 2005,,,,,,,"5,320.00",358,0.07
,,2005 - 2006,,,,,,,"2,099.00",241,0.11
,,2006 - 2007,,,,,,,"6,285.00","4,119.00",0.66
,,2007 - 2008,,,,,,,"13,812.00","7,400.00",0.54
,,2008 - 2009,,,,,,,"10,038.00","4,536.00",0.45
,,2009 - 2010,,,,,,,"8,634.00",42,0
,,2010 - 2011,,,,,,,"6,375.00","5,471.00",0.86
,,2011 - 2012,,,,,,,"5,347.00","3,575.00",0.67
,,2012 - 2013,,,,,,,"19,915.00","11,377.00",0.57
,,2013 - 2014,,,,,,,"44,540.00","30,025.00",0.67
,,2014 - 2015,,,,,,,"29,270.00","17,383.00",0.59
,,2015 - 2016,,,,,,,"32,883.00","10,465.00",0.32
,,2016 - 2017,,,,,,,"19,872.00","15,415.00",0.78
,,2017 - 2018,,,,,,,"16,477.00","13,212.00",0.8
,,2018 - 2019,,,,,,,"13,498.00","11,131.00",0.82
,,2019 - 2020,,,,,,,"12,375.00","12,800.00",1.03
,,2020 - 2021,,,,,,,"10,340.00","10,040.00",0.97
,,2021 - 2022,,,,,,,"11,688.00","9,204.00",0.79
,,2022 - 2023,,,,,,,"13,137.00","10,621.00",0.81
,2. Alwar,2000 - 2001,,,,,,,"45,672.00","40,832.00",0.89
,,2001 - 2002,,,,,,,"45,161.00","21,240.00",0.47
,,2002 - 2003,,,,,,,"15,628.00",452,0.03
,,2003 - 2004,,,,,,,"23,463.00",,0
,,2004 - 2005,,,,,,,"15,028.00","51,334.00",3.42
,,2005 - 2006,,,,,,,"21,018.00","12,925.00",0.61
,,2006 - 2007,,,,,,,"24,900.00","28,842.00",1.16
,,2007 - 2008,,,,,,,"34,662.00","39,916.00",1.15
,,2008 - 2009,,,,,,,"37,818.00","43,515.00",1.15
,,2009 - 2010,,,,,,,"28,868.00","3,466.00",0.12
,,2010 - 2011,,,,,,,"23,399.00","23,806.00",1.02
,,2011 - 2012,,,,,,,"19,084.00","21,939.00",1.15
,,2012 - 2013,,,,,,,"44,214.00","51,822.00",1.17
,,2013 - 2014,,,,,,,"65,047.00","80,239.00",1.23
,,2014 - 2015,,,,,,,"43,407.00","49,688.00",1.14
,,2015 - 2016,,,,,,,"47,342.00","47,732.00",1.01
,,2016 - 2017,,,,,,,"31,622.00","32,060.00",1.01
,,2017 - 2018,,,,,,,"20,189.00","19,936.00",0.99
,,2018 - 2019,,,,,,,"14,254.00","15,339.00",1.08
,,2019 - 2020,,,,,,,"6,194.00","6,303.00",1.02
,,2020 - 2021,,,,,,,"4,539.00","5,972.00",1.32
,,2021 - 2022,,,,,,,"3,390.00","4,152.00",1.22
,,2022 - 2023,,,,,,,"1,257.00","1,679.00",1.34
,3. Banswara,2000 - 2001,,,,,,,"2,036.00",350,0.17
,,2001 - 2002,,,,,,,"1,888.00","1,015.00",0.54
,,2002 - 2003,,,,,,,"1,718.00",473,0.28
,,2003 - 2004,,,,,,,"2,000.00",,0
,,2004 - 2005,,,,,,,455,84,0.18
,,2005 - 2006,,,,,,,"1,164.00",444,0.38
,,2006 - 2007,,,,,,,"1,268.00",98,0.08
,,2007 - 2008,,,,,,,779,548,0.7
,,2009 - 2010,,,,,,,757,131,0.17
,,2010 - 2011,,,,,,,770,398,0.52
,,2011 - 2012,,,,,,,522,311,0.6
,,2012 - 2013,,,,,,,726,507,0.7
,,2013 - 2014,,,,,,,14,12,0.86
,,2014 - 2015,,,,,,,120,71,0.59
,,2015 - 2016,,,,,,,445,207,0.47
,,2016 - 2017,,,,,,,380,151,0.4
,,2017 - 2018,,,,,,,6,2,0.33
,,2018 - 2019,,,,,,,57,19,0.33
,,2019 - 2020,,,,,,,199,90,0.45
,,2020 - 2021,,,,,,,141,64,0.45
,,2021 - 2022,,,,,,,104,44,0.42
,,2022 - 2023,,,,,,,102,55,0.54
,4. Baran,2003 - 2004,,,,,,,63,,0
,,2004 - 2005,,,,,,,24,37,1.54
,,2005 - 2006,,,,,,,13,9,0.69
,,2013 - 2014,,,,,,,465,263,0.57
,,2014 - 2015,,,,,,,128,76,0.59
,,2015 - 2016,,,,,,,311,144,0.46
,,2016 - 2017,,,,,,,247,98,0.4
,,2017 - 2018,,,,,,,14,5,0.36
,,2018 - 2019,,,,,,,2,1,0.5
,,2022 - 2023,,,,,,,13,7,0.54
,5. Barmer,2000 - 2001,,,,,,,"3,75,328.00","47,638.00",0.13
,,2001 - 2002,,,,,,,"3,16,994.00","22,461.00",0.07
,,2002 - 2003,,,,,,,"17,398.00",131,0.01
,,2003 - 2004,,,,,,,"3,12,217.00",,0
,,2004 - 2005,,,,,,,"2,95,916.00","16,018.00",0.05
,,2005 - 2006,,,,,,,"3,52,687.00","24,678.00",0.07
,,2006 - 2007,,,,,,,"4,21,817.00","56,342.00",0.13
,,2007 - 2008,,,,,,,"3,54,664.00","73,403.00",0.21
,,2008 - 2009,,,,,,,"3,58,092.00","24,481.00",0.07
,,2009 - 2010,,,,,,,"3,67,347.00",125,0
,,2010 - 2011,,,,,,,"4,09,097.00","1,42,931.00",0.35
,,2011 - 2012,,,,,,,"4,28,031.00","1,11,709.00",0.26
,,2012 - 2013,,,,,,,"4,14,457.00","59,415.00",0.14
,,2013 - 2014,,,,,,,"4,65,231.00","1,06,637.00",0.23
,,2014 - 2015,,,,,,,"3,41,838.00","67,756.00",0.2
,,2015 - 2016,,,,,,,"4,63,735.00","80,480.00",0.17
,,2016 - 2017,,,,,,,"4,17,454.00","41,561.00",0.1
,,2017 - 2018,,,,,,,"3,82,334.00","71,082.00",0.19
,,2018 - 2019,,,,,,,"2,95,665.00","22,166.00",0.07
,,2019 - 2020,,,,,,,"2,85,703.00","1,46,064.00",0.51
,,2020 - 2021,,,,,,,"2,86,448.00","1,18,884.00",0.42
,,2021 - 2022,,,,,,,"2,68,746.00","42,825.00",0.16
,,2022 - 2023,,,,,,,"2,49,277.00","1,13,463.00",0.46
,6. Bharatpur,2000 - 2001,,,,,,,"10,739.00","9,747.00",0.91
,,2001 - 2002,,,,,,,"12,766.00","11,830.00",0.93
,,2002 - 2003,,,,,,,"5,400.00",424,0.08
,,2003 - 2004,,,,,,,"5,438.00",,0
,,2004 - 2005,,,,,,,"4,129.00","3,585.00",0.87
,,2005 - 2006,,,,,,,"3,141.00","2,864.00",0.91
,,2006 - 2007,,,,,,,"3,591.00","3,528.00",0.98
,,2007 - 2008,,,,,,,"6,816.00","5,994.00",0.88
,,2008 - 2009,,,,,,,"6,332.00","6,169.00",0.97
,,2009 - 2010,,,,,,,"4,461.00","4,253.00",0.95
,,2010 - 2011,,,,,,,"2,967.00","4,338.00",1.46
,,2011 - 2012,,,,,,,"2,175.00","2,793.00",1.28
,,2012 - 2013,,,,,,,"9,868.00","12,577.00",1.27
,,2013 - 2014,,,,,,,"33,354.00","43,222.00",1.3
,,2014 - 2015,,,,,,,"26,286.00","27,945.00",1.06
,,2015 - 2016,,,,,,,"34,598.00","43,630.00",1.26
,,2016 - 2017,,,,,,,"18,878.00","20,006.00",1.06
,,2017 - 2018,,,,,,,"7,029.00","6,262.00",0.89
,,2018 - 2019,,,,,,,"5,685.00","6,269.00",1.1
,,2019 - 2020,,,,,,,"3,972.00","5,110.00",1.29
,,2020 - 2021,,,,,,,"1,730.00","2,176.00",1.26
,,2021 - 2022,,,,,,,873,"1,069.00",1.22
,,2022 - 2023,,,,,,,300,338,1.13
,7. Bhilwara,2000 - 2001,,,,,,,"47,300.00",493,0.01
,,2001 - 2002,,,,,,,"11,674.00","1,168.00",0.1
,,2002 - 2003,,,,,,,"5,644.00",44,0.01
,,2003 - 2004,,,,,,,"10,985.00",,0
,,2004 - 2005,,,,,,,"6,956.00","3,225.00",0.46
,,2005 - 2006,,,,,,,"16,312.00","2,030.00",0.12
,,2006 - 2007,,,,,,,"21,379.00","12,801.00",0.6
,,2007 - 2008,,,,,,,"36,921.00","18,820.00",0.51
,,2008 - 2009,,,,,,,"24,443.00","5,909.00",0.24
,,2009 - 2010,,,,,,,"13,331.00",181,0.01
,,2010 - 2011,,,,,,,"7,574.00","4,898.00",0.65
,,2011 - 2012,,,,,,,"6,238.00","3,460.00",0.55
,,2012 - 2013,,,,,,,"29,206.00","15,969.00",0.55
,,2013 - 2014,,,,,,,"58,387.00","36,236.00",0.62
,,2014 - 2015,,,,,,,"31,272.00","20,722.00",0.66
,,2015 - 2016,,,,,,,"27,989.00","8,223.00",0.29
,,2016 - 2017,,,,,,,"17,886.00","12,479.00",0.7
,,2017 - 2018,,,,,,,"11,924.00","8,108.00",0.68
,,2018 - 2019,,,,,,,"9,144.00","7,521.00",0.82
,,2019 - 2020,,,,,,,"6,111.00","4,397.00",0.72
,,2020 - 2021,,,,,,,"3,252.00","3,063.00",0.94
,,2021 - 2022,,,,,,,"4,673.00","4,314.00",0.92
,,2022 - 2023,,,,,,,"3,884.00","3,832.00",0.99
,8. Bikaner,2000 - 2001,,,,,,,"3,00,157.00","18,633.00",0.06
,,2001 - 2002,,,,,,,"1,88,284.00","81,105.00",0.43
,,2002 - 2003,,,,,,,"7,273.00",316,0.04
,,2003 - 2004,,,,,,,"1,94,277.00",,0
,,2004 - 2005,,,,,,,"1,39,876.00","9,961.00",0.07
,,2005 - 2006,,,,,,,"4,78,384.00","77,074.00",0.16
,,2006 - 2007,,,,,,,"5,11,789.00","1,07,661.00",0.21
,,2007 - 2008,,,,,,,"6,05,869.00","2,51,457.00",0.42
,,2008 - 2009,,,,,,,"8,84,618.00","3,40,294.00",0.38
,,2009 - 2010,,,,,,,"6,46,533.00","47,432.00",0.07
,,2010 - 2011,,,,,,,"8,76,113.00","4,03,368.00",0.46
,,2011 - 2012,,,,,,,"9,01,354.00","5,26,520.00",0.58
,,2012 - 2013,,,,,,,"10,94,401.00","3,43,435.00",0.31
,,2013 - 2014,,,,,,,"11,33,397.00","5,04,961.00",0.45
,,2014 - 2015,,,,,,,"10,51,344.00","5,14,913.00",0.49
,,2015 - 2016,,,,,,,"10,43,114.00","4,08,082.00",0.39
,,2016 - 2017,,,,,,,"8,22,840.00","3,41,450.00",0.41
,,2017 - 2018,,,,,,,"7,09,945.00","2,72,828.00",0.38
,,2018 - 2019,,,,,,,"7,17,713.00","1,92,929.00",0.27
,,2019 - 2020,,,,,,,"6,64,437.00","1,98,111.00",0.3
,,2020 - 2021,,,,,,,"5,52,573.00","1,47,147.00",0.27
,,2021 - 2022,,,,,,,"5,26,420.00","1,69,017.00",0.32
,,2022 - 2023,,,,,,,"7,50,046.00","4,23,653.00",0.56
,9. Bundi,2000 - 2001,,,,,,,"10,741.00","1,027.00",0.1
,,2001 - 2002,,,,,,,"2,085.00","1,397.00",0.67
,,2002 - 2003,,,,,,,630,122,0.19
,,2003 - 2004,,,,,,,"1,352.00",,0
,,2004 - 2005,,,,,,,110,110,1
,,2005 - 2006,,,,,,,180,265,1.47
,,2006 - 2007,,,,,,,178,153,0.86
,,2007 - 2008,,,,,,,932,"1,192.00",1.28
,,2008 - 2009,,,,,,,548,549,1
,,2009 - 2010,,,,,,,102,,0
,,2010 - 2011,,,,,,,869,449,0.52
,,2011 - 2012,,,,,,,345,206,0.6
,,2012 - 2013,,,,,,,665,297,0.45
,,2013 - 2014,,,,,,,"3,867.00","2,183.00",0.56
,,2014 - 2015,,,,,,,814,483,0.59
,,2015 - 2016,,,,,,,861,400,0.46
,,2016 - 2017,,,,,,,666,800,1.2
,,2017 - 2018,,,,,,,132,49,0.37
,,2018 - 2019,,,,,,,97,32,0.33
,,2019 - 2020,,,,,,,199,90,0.45
,,2020 - 2021,,,,,,,68,31,0.46
,,2021 - 2022,,,,,,,184,77,0.42
,,2022 - 2023,,,,,,,78,42,0.54
,10. Chittorgarh,2000 - 2001,,,,,,,"18,734.00","4,550.00",0.24
,,2001 - 2002,,,,,,,"7,833.00","39,213.00",5.01
,,2002 - 2003,,,,,,,"4,902.00",696,0.14
,,2003 - 2004,,,,,,,"5,858.00",,0
,,2004 - 2005,,,,,,,"3,306.00","2,158.00",0.65
,,2005 - 2006,,,,,,,"4,315.00","3,601.00",0.83
,,2006 - 2007,,,,,,,"4,227.00","4,195.00",0.99
,,2007 - 2008,,,,,,,"5,009.00","5,009.00",1
,,2008 - 2009,,,,,,,"5,202.00","5,203.00",1
,,2009 - 2010,,,,,,,"3,728.00","1,186.00",0.32
,,2010 - 2011,,,,,,,"3,756.00","1,646.00",0.44
,,2011 - 2012,,,,,,,"3,436.00","2,690.00",0.78
,,2012 - 2013,,,,,,,"9,260.00","5,982.00",0.65
,,2013 - 2014,,,,,,,"11,142.00","9,885.00",0.89
,,2014 - 2015,,,,,,,"8,157.00","6,254.00",0.77
,,2015 - 2016,,,,,,,"8,531.00","4,511.00",0.53
,,2016 - 2017,,,,,,,"8,631.00","4,175.00",0.48
,,2017 - 2018,,,,,,,"6,361.00","4,224.00",0.66
,,2018 - 2019,,,,,,,"5,351.00","1,787.00",0.33
,,2019 - 2020,,,,,,,"4,687.00","2,119.00",0.45
,,2020 - 2021,,,,,,,"1,883.00","1,719.00",0.91
,,2021 - 2022,,,,,,,"2,547.00","1,781.00",0.7
,,2022 - 2023,,,,,,,756,587,0.78
,11. Churu,2000 - 2001,,,,,,,"4,55,916.00","33,342.00",0.07
,,2001 - 2002,,,,,,,"3,84,057.00","64,902.00",0.17
,,2002 - 2003,,,,,,,"81,731.00",198,0
,,2003 - 2004,,,,,,,"3,27,274.00",,0
,,2004 - 2005,,,,,,,"3,64,155.00","18,923.00",0.05
,,2005 - 2006,,,,,,,"3,73,731.00","34,284.00",0.09
,,2006 - 2007,,,,,,,"3,87,280.00","20,514.00",0.05
,,2007 - 2008,,,,,,,"3,47,229.00","66,980.00",0.19
,,2008 - 2009,,,,,,,"3,49,810.00","69,432.00",0.2
,,2009 - 2010,,,,,,,"2,94,579.00",526,0
,,2010 - 2011,,,,,,,"2,47,427.00","94,720.00",0.38
,,2011 - 2012,,,,,,,"3,26,758.00","1,67,336.00",0.51
,,2012 - 2013,,,,,,,"6,07,465.00","1,22,656.00",0.2
,,2013 - 2014,,,,,,,"5,25,483.00","2,10,258.00",0.4
,,2014 - 2015,,,,,,,"5,18,765.00","2,25,420.00",0.43
,,2015 - 2016,,,,,,,"3,93,721.00","86,840.00",0.22
,,2016 - 2017,,,,,,,"2,09,358.00","61,230.00",0.29
,,2017 - 2018,,,,,,,"2,59,072.00","77,083.00",0.3
,,2018 - 2019,,,,,,,"2,38,000.00","76,240.00",0.32
,,2019 - 2020,,,,,,,"1,99,825.00","67,764.00",0.34
,,2020 - 2021,,,,,,,"1,71,689.00","75,493.00",0.44
,,2021 - 2022,,,,,,,"1,37,053.00","66,787.00",0.49
,,2022 - 2023,,,,,,,"2,12,683.00","1,03,085.00",0.48
,12. Dausa,2000 - 2001,,,,,,,"21,994.00","4,712.00",0.21
,,2001 - 2002,,,,,,,"10,008.00","7,851.00",0.78
,,2002 - 2003,,,,,,,"2,989.00",307,0.1
,,2003 - 2004,,,,,,,"15,990.00",,0
,,2004 - 2005,,,,,,,"11,144.00","7,893.00",0.71
,,2005 - 2006,,,,,,,"10,664.00","8,003.00",0.75
,,2006 - 2007,,,,,,,"9,985.00","8,050.00",0.81
,,2007 - 2008,,,,,,,"11,215.00","10,356.00",0.92
,,2008 - 2009,,,,,,,"11,142.00","6,858.00",0.62
,,2009 - 2010,,,,,,,"8,280.00","3,510.00",0.42
,,2010 - 2011,,,,,,,"7,016.00","6,246.00",0.89
,,2011 - 2012,,,,,,,"5,187.00","4,398.00",0.85
,,2012 - 2013,,,,,,,"9,386.00","9,857.00",1.05
,,2013 - 2014,,,,,,,"17,634.00","18,663.00",1.06
,,2014 - 2015,,,,,,,"12,448.00","12,091.00",0.97
,,2015 - 2016,,,,,,,"14,071.00","10,863.00",0.77
,,2016 - 2017,,,,,,,"14,003.00","14,637.00",1.05
,,2017 - 2018,,,,,,,"12,170.00","10,575.00",0.87
,,2018 - 2019,,,,,,,"9,877.00","10,472.00",1.06
,,2019 - 2020,,,,,,,"7,681.00","8,865.00",1.15
,,2020 - 2021,,,,,,,"6,034.00","6,906.00",1.14
,,2021 - 2022,,,,,,,"5,680.00","6,817.00",1.2
,,2022 - 2023,,,,,,,"4,280.00","4,920.00",1.15
,13. Dholpur,2000 - 2001,,,,,,,"4,507.00","3,670.00",0.81
,,2001 - 2002,,,,,,,"3,690.00","3,004.00",0.81
,,2002 - 2003,,,,,,,"1,141.00",201,0.18
,,2003 - 2004,,,,,,,"1,597.00",,0
,,2004 - 2005,,,,,,,889,"1,244.00",1.4
,,2005 - 2006,,,,,,,727,945,1.3
,,2006 - 2007,,,,,,,608,790,1.3
,,2007 - 2008,,,,,,,937,937,1
,,2008 - 2009,,,,,,,659,659,1
,,2009 - 2010,,,,,,,645,645,1
,,2010 - 2011,,,,,,,587,303,0.52
,,2011 - 2012,,,,,,,403,240,0.6
,,2012 - 2013,,,,,,,"1,140.00",510,0.45
,,2013 - 2014,,,,,,,"2,882.00","1,627.00",0.56
,,2014 - 2015,,,,,,,"1,479.00",877,0.59
,,2015 - 2016,,,,,,,"1,433.00",666,0.46
,,2016 - 2017,,,,,,,"1,024.00","1,316.00",1.29
,,2017 - 2018,,,,,,,710,781,1.1
,,2018 - 2019,,,,,,,597,745,1.25
,,2019 - 2020,,,,,,,369,167,0.45
,,2020 - 2021,,,,,,,322,147,0.46
,,2021 - 2022,,,,,,,316,132,0.42
,,2022 - 2023,,,,,,,88,48,0.55
,14. Dungarpur,2000 - 2001,,,,,,,"2,582.00",251,0.1
,,2002 - 2003,,,,,,,"2,392.00",505,0.21
,,2003 - 2004,,,,,,,"2,212.00",,0
,,2004 - 2005,,,,,,,"3,432.00","1,220.00",0.36
,,2005 - 2006,,,,,,,"2,981.00",845,0.28
,,2006 - 2007,,,,,,,"1,799.00",45,0.03
,,2007 - 2008,,,,,,,"1,875.00","3,000.00",1.6
,,2008 - 2009,,,,,,,"2,074.00",448,0.22
,,2009 - 2010,,,,,,,"2,485.00",333,0.13
,,2010 - 2011,,,,,,,"2,643.00","1,366.00",0.52
,,2011 - 2012,,,,,,,"2,240.00","1,212.00",0.54
,,2012 - 2013,,,,,,,"2,219.00",867,0.39
,,2013 - 2014,,,,,,,"2,483.00","1,952.00",0.79
,,2014 - 2015,,,,,,,"1,910.00","1,383.00",0.72
,,2015 - 2016,,,,,,,"1,888.00","1,005.00",0.53
,,2016 - 2017,,,,,,,"1,560.00","1,348.00",0.86
,,2017 - 2018,,,,,,,"1,372.00",585,0.43
,,2018 - 2019,,,,,,,876,879,1
,,2019 - 2020,,,,,,,563,255,0.45
,,2020 - 2021,,,,,,,408,187,0.46
,,2021 - 2022,,,,,,,172,72,0.42
,,2022 - 2023,,,,,,,123,66,0.54
,15. Ganganagar,2000 - 2001,,,,,,,"1,47,181.00","52,421.00",0.36
,,2001 - 2002,,,,,,,"1,45,694.00","49,998.00",0.34
,,2002 - 2003,,,,,,,"37,984.00","11,328.00",0.3
,,2003 - 2004,,,,,,,"1,59,514.00",,0
,,2004 - 2005,,,,,,,"65,234.00","21,414.00",0.33
,,2005 - 2006,,,,,,,"59,294.00","40,605.00",0.68
,,2006 - 2007,,,,,,,"1,20,301.00","96,959.00",0.81
,,2007 - 2008,,,,,,,"1,80,141.00","1,45,425.00",0.81
,,2008 - 2009,,,,,,,"2,47,294.00","1,96,463.00",0.79
,,2009 - 2010,,,,,,,"1,52,243.00","11,163.00",0.07
,,2010 - 2011,,,,,,,"1,82,192.00","1,63,816.00",0.9
,,2011 - 2012,,,,,,,"1,62,385.00","1,96,487.00",1.21
,,2012 - 2013,,,,,,,"3,25,064.00","3,40,296.00",1.05
,,2013 - 2014,,,,,,,"4,98,220.00","5,44,653.00",1.09
,,2014 - 2015,,,,,,,"5,32,962.00","6,22,039.00",1.17
,,2015 - 2016,,,,,,,"5,83,866.00","5,63,987.00",0.97
,,2016 - 2017,,,,,,,"3,35,551.00","2,53,164.00",0.75
,,2017 - 2018,,,,,,,"3,51,517.00","2,22,773.00",0.63
,,2018 - 2019,,,,,,,"3,47,963.00","1,84,785.00",0.53
,,2019 - 2020,,,,,,,"2,65,798.00","1,75,089.00",0.66
,,2020 - 2021,,,,,,,"1,74,899.00","1,25,156.00",0.72
,,2021 - 2022,,,,,,,"1,41,308.00","92,535.00",0.65
,,2022 - 2023,,,,,,,"2,38,152.00","1,97,412.00",0.83
,16. Hanumangarh,2000 - 2001,,,,,,,"2,47,525.00","88,106.00",0.36
,,2001 - 2002,,,,,,,"2,33,810.00","82,495.00",0.35
,,2002 - 2003,,,,,,,"78,845.00","3,717.00",0.05
,,2003 - 2004,,,,,,,"2,44,003.00",,0
,,2004 - 2005,,,,,,,"1,66,037.00","24,302.00",0.15
,,2005 - 2006,,,,,,,"2,03,742.00","1,47,927.00",0.73
,,2006 - 2007,,,,,,,"2,87,382.00","76,256.00",0.27
,,2007 - 2008,,,,,,,"3,19,617.00","2,77,972.00",0.87
,,2008 - 2009,,,,,,,"3,71,373.00","3,16,439.00",0.85
,,2009 - 2010,,,,,,,"1,95,932.00","72,455.00",0.37
,,2010 - 2011,,,,,,,"2,91,344.00","2,16,723.00",0.74
,,2011 - 2012,,,,,,,"2,95,571.00","2,96,550.00",1
,,2012 - 2013,,,,,,,"4,91,009.00","5,64,698.00",1.15
,,2013 - 2014,,,,,,,"5,70,776.00","5,43,852.00",0.95
,,2014 - 2015,,,,,,,"5,18,148.00","4,62,631.00",0.89
,,2015 - 2016,,,,,,,"5,31,579.00","1,99,844.00",0.38
,,2016 - 2017,,,,,,,"3,73,273.00","1,30,168.00",0.35
,,2017 - 2018,,,,,,,"4,33,348.00","1,44,829.00",0.33
,,2018 - 2019,,,,,,,"4,39,406.00","1,48,255.00",0.34
,,2019 - 2020,,,,,,,"3,85,864.00","1,35,668.00",0.35
,,2020 - 2021,,,,,,,"3,35,382.00","1,60,122.00",0.48
,,2021 - 2022,,,,,,,"3,21,922.00","1,92,520.00",0.6
,,2022 - 2023,,,,,,,"3,91,058.00","1,97,915.00",0.51
,17. Jaipur,2000 - 2001,,,,,,,"1,03,941.00","8,314.00",0.08
,,2001 - 2002,,,,,,,"85,005.00","71,998.00",0.85
,,2002 - 2003,,,,,,,"60,617.00","1,306.00",0.02
,,2003 - 2004,,,,,,,"66,966.00",,0
,,2004 - 2005,,,,,,,"55,006.00","40,762.00",0.74
,,2005 - 2006,,,,,,,"55,421.00","27,414.00",0.49
,,2006 - 2007,,,,,,,"51,389.00","41,104.00",0.8
,,2007 - 2008,,,,,,,"55,143.00","43,060.00",0.78
,,2008 - 2009,,,,,,,"58,945.00","46,657.00",0.79
,,2009 - 2010,,,,,,,"55,180.00","14,326.00",0.26
,,2010 - 2011,,,,,,,"44,280.00","40,809.00",0.92
,,2011 - 2012,,,,,,,"38,430.00","36,259.00",0.94
,,2012 - 2013,,,,,,,"55,562.00","44,764.00",0.81
,,2013 - 2014,,,,,,,"65,867.00","70,534.00",1.07
,,2014 - 2015,,,,,,,"59,525.00","61,050.00",1.03
,,2015 - 2016,,,,,,,"67,411.00","50,226.00",0.75
,,2016 - 2017,,,,,,,"56,386.00","59,166.00",1.05
,,2017 - 2018,,,,,,,"52,722.00","50,122.00",0.95
,,2018 - 2019,,,,,,,"45,196.00","45,120.00",1
,,2019 - 2020,,,,,,,"43,416.00","53,244.00",1.23
,,2020 - 2021,,,,,,,"41,431.00","51,623.00",1.25
,,2021 - 2022,,,,,,,"43,287.00","51,174.00",1.18
,,2022 - 2023,,,,,,,"50,551.00","59,314.00",1.17
,18. Jaisalmer,2000 - 2001,,,,,,,"3,17,591.00","75,097.00",0.24
,,2001 - 2002,,,,,,,"3,13,560.00","32,316.00",0.1
,,2002 - 2003,,,,,,,"5,047.00",,0
,,2003 - 2004,,,,,,,"3,56,411.00",,0
,,2004 - 2005,,,,,,,"2,05,838.00","2,511.00",0.01
,,2005 - 2006,,,,,,,"2,47,735.00","23,452.00",0.09
,,2006 - 2007,,,,,,,"3,40,474.00","14,532.00",0.04
,,2007 - 2008,,,,,,,"3,29,752.00","19,686.00",0.06
,,2008 - 2009,,,,,,,"3,74,202.00","13,208.00",0.04
,,2009 - 2010,,,,,,,"3,17,496.00","2,576.00",0.01
,,2010 - 2011,,,,,,,"4,24,326.00","1,27,179.00",0.3
,,2011 - 2012,,,,,,,"4,29,305.00","1,38,874.00",0.32
,,2012 - 2013,,,,,,,"4,99,855.00","45,242.00",0.09
,,2013 - 2014,,,,,,,"5,79,924.00","53,405.00",0.09
,,2014 - 2015,,,,,,,"5,25,791.00","21,893.00",0.04
,,2015 - 2016,,,,,,,"6,17,109.00","2,03,745.00",0.33
,,2016 - 2017,,,,,,,"5,99,121.00","58,866.00",0.1
,,2017 - 2018,,,,,,,"5,98,611.00","81,593.00",0.14
,,2018 - 2019,,,,,,,"4,67,471.00","26,811.00",0.06
,,2019 - 2020,,,,,,,"4,82,222.00","94,440.00",0.2
,,2020 - 2021,,,,,,,"4,67,691.00","99,547.00",0.21
,,2021 - 2022,,,,,,,"4,68,305.00","93,957.00",0.2
,,2022 - 2023,,,,,,,"5,18,043.00","1,11,038.00",0.21
,19. Jalore,2000 - 2001,,,,,,,"84,102.00",700,0.01
,,2001 - 2002,,,,,,,"87,793.00","41,289.00",0.47
,,2002 - 2003,,,,,,,"14,344.00",79,0.01
,,2003 - 2004,,,,,,,"61,073.00",,0
,,2004 - 2005,,,,,,,"72,741.00","3,662.00",0.05
,,2005 - 2006,,,,,,,"64,147.00","23,044.00",0.36
,,2006 - 2007,,,,,,,"50,163.00","33,837.00",0.67
,,2007 - 2008,,,,,,,"69,506.00","38,186.00",0.55
,,2008 - 2009,,,,,,,"59,264.00","17,660.00",0.3
,,2009 - 2010,,,,,,,"54,891.00",62,0
,,2010 - 2011,,,,,,,"53,778.00","33,375.00",0.62
,,2011 - 2012,,,,,,,"43,170.00","27,540.00",0.64
,,2012 - 2013,,,,,,,"95,419.00","53,632.00",0.56
,,2013 - 2014,,,,,,,"1,05,674.00","34,949.00",0.33
,,2014 - 2015,,,,,,,"86,931.00","48,072.00",0.55
,,2015 - 2016,,,,,,,"92,005.00","18,134.00",0.2
,,2016 - 2017,,,,,,,"69,254.00","21,768.00",0.31
,,2017 - 2018,,,,,,,"55,413.00","16,352.00",0.3
,,2018 - 2019,,,,,,,"45,238.00","4,930.00",0.11
,,2019 - 2020,,,,,,,"46,509.00","25,131.00",0.54
,,2020 - 2021,,,,,,,"43,219.00","21,736.00",0.5
,,2021 - 2022,,,,,,,"39,458.00","4,191.00",0.11
,,2022 - 2023,,,,,,,"31,891.00","17,063.00",0.54
,20. Jhalawar,2008 - 2009,,,,,,,12,4,0.33
,,2012 - 2013,,,,,,,793,355,0.45
,,2013 - 2014,,,,,,,591,334,0.57
,,2014 - 2015,,,,,,,36,21,0.58
,,2015 - 2016,,,,,,,14,7,0.5
,,2016 - 2017,,,,,,,7,3,0.43
,,2017 - 2018,,,,,,,3,1,0.33
,,2018 - 2019,,,,,,,2,1,0.5
,,2020 - 2021,,,,,,,2,1,0.5
,,2021 - 2022,,,,,,,2,1,0.5
,,2022 - 2023,,,,,,,1,1,1
,21. Jhunjhunu,2000 - 2001,,,,,,,"74,344.00","6,364.00",0.09
,,2001 - 2002,,,,,,,"64,597.00","64,922.00",1.01
,,2002 - 2003,,,,,,,"23,974.00",416,0.02
,,2003 - 2004,,,,,,,"53,019.00",,0
,,2004 - 2005,,,,,,,"54,237.00","35,616.00",0.66
,,2005 - 2006,,,,,,,"65,427.00","18,235.00",0.28
,,2006 - 2007,,,,,,,"61,228.00","11,525.00",0.19
,,2007 - 2008,,,,,,,"68,196.00","15,327.00",0.22
,,2008 - 2009,,,,,,,"72,680.00","15,032.00",0.21
,,2009 - 2010,,,,,,,"60,244.00","1,489.00",0.02
,,2010 - 2011,,,,,,,"54,795.00","40,543.00",0.74
,,2011 - 2012,,,,,,,"62,340.00","54,472.00",0.87
,,2012 - 2013,,,,,,,"1,25,518.00","94,431.00",0.75
,,2013 - 2014,,,,,,,"1,18,470.00","1,10,047.00",0.93
,,2014 - 2015,,,,,,,"1,25,772.00","1,15,796.00",0.92
,,2015 - 2016,,,,,,,"1,15,788.00","89,370.00",0.77
,,2016 - 2017,,,,,,,"66,102.00","58,569.00",0.89
,,2017 - 2018,,,,,,,"67,595.00","66,344.00",0.98
,,2018 - 2019,,,,,,,"57,766.00","59,524.00",1.03
,,2019 - 2020,,,,,,,"53,588.00","48,543.00",0.91
,,2020 - 2021,,,,,,,"44,570.00","40,457.00",0.91
,,2021 - 2022,,,,,,,"47,463.00","40,874.00",0.86
,,2022 - 2023,,,,,,,"48,663.00","49,646.00",1.02
,22. Jodhpur,2000 - 2001,,,,,,,"2,36,773.00","14,847.00",0.06
,,2001 - 2002,,,,,,,"1,66,454.00","70,189.00",0.42
,,2002 - 2003,,,,,,,"2,415.00","1,187.00",0.49
,,2003 - 2004,,,,,,,"1,53,429.00",,0
,,2004 - 2005,,,,,,,"1,53,698.00","10,579.00",0.07
,,2005 - 2006,,,,,,,"1,60,539.00","10,387.00",0.06
,,2006 - 2007,,,,,,,"1,83,810.00","6,230.00",0.03
,,2007 - 2008,,,,,,,"1,49,975.00","21,590.00",0.14
,,2008 - 2009,,,,,,,"1,46,844.00","13,983.00",0.1
,,2009 - 2010,,,,,,,"1,32,801.00",607,0
,,2010 - 2011,,,,,,,"1,34,019.00","84,512.00",0.63
,,2011 - 2012,,,,,,,"1,41,835.00","91,748.00",0.65
,,2012 - 2013,,,,,,,"2,54,715.00","81,731.00",0.32
,,2013 - 2014,,,,,,,"2,67,634.00","1,70,907.00",0.64
,,2014 - 2015,,,,,,,"2,40,049.00","1,43,876.00",0.6
,,2015 - 2016,,,,,,,"2,73,255.00","1,37,167.00",0.5
,,2016 - 2017,,,,,,,"2,10,939.00","1,09,338.00",0.52
,,2017 - 2018,,,,,,,"1,85,740.00","68,903.00",0.37
,,2018 - 2019,,,,,,,"1,47,864.00","56,005.00",0.38
,,2019 - 2020,,,,,,,"1,37,661.00","1,25,829.00",0.91
,,2020 - 2021,,,,,,,"1,36,986.00","1,04,243.00",0.76
,,2021 - 2022,,,,,,,"1,49,043.00","71,996.00",0.48
,,2022 - 2023,,,,,,,"1,67,551.00","91,466.00",0.55
,23. Karauli,2000 - 2001,,,,,,,"6,499.00","2,460.00",0.38
,,2001 - 2002,,,,,,,"4,696.00","3,710.00",0.79
,,2002 - 2003,,,,,,,"2,903.00",371,0.13
,,2003 - 2004,,,,,,,"3,286.00",,0
,,2004 - 2005,,,,,,,"2,739.00","2,322.00",0.85
,,2005 - 2006,,,,,,,"1,766.00","1,855.00",1.05
,,2006 - 2007,,,,,,,"1,946.00","2,169.00",1.11
,,2007 - 2008,,,,,,,"2,591.00","3,135.00",1.21
,,2008 - 2009,,,,,,,"2,747.00","3,299.00",1.2
,,2009 - 2010,,,,,,,"2,326.00","4,650.00",2
,,2010 - 2011,,,,,,,"1,435.00",742,0.52
,,2011 - 2012,,,,,,,"1,118.00","1,257.00",1.12
,,2012 - 2013,,,,,,,"4,807.00","5,658.00",1.18
,,2013 - 2014,,,,,,,"11,153.00","14,593.00",1.31
,,2014 - 2015,,,,,,,"4,540.00","5,827.00",1.28
,,2015 - 2016,,,,,,,"5,651.00","7,104.00",1.26
,,2016 - 2017,,,,,,,"3,699.00","4,725.00",1.28
,,2017 - 2018,,,,,,,"2,533.00","3,331.00",1.32
,,2018 - 2019,,,,,,,"1,852.00","2,651.00",1.43
,,2019 - 2020,,,,,,,"1,383.00","2,172.00",1.57
,,2020 - 2021,,,,,,,881,"1,531.00",1.74
,,2021 - 2022,,,,,,,611,"1,136.00",1.86
,,2022 - 2023,,,,,,,253,353,1.4
,24. Kota,2000 - 2001,,,,,,,"2,623.00","1,517.00",0.58
,,2001 - 2002,,,,,,,528,529,1
,,2003 - 2004,,,,,,,191,,0
,,2006 - 2007,,,,,,,1,,0
,,2007 - 2008,,,,,,,74,,0
,,2012 - 2013,,,,,,,445,199,0.45
,,2013 - 2014,,,,,,,"1,960.00","1,106.00",0.56
,,2014 - 2015,,,,,,,103,61,0.59
,,2015 - 2016,,,,,,,127,59,0.46
,,2016 - 2017,,,,,,,77,31,0.4
,,2017 - 2018,,,,,,,19,7,0.37
,,2018 - 2019,,,,,,,8,3,0.38
,25. Nagaur,2000 - 2001,,,,,,,"2,77,121.00","45,558.00",0.16
,,2001 - 2002,,,,,,,"1,43,387.00","38,066.00",0.27
,,2002 - 2003,,,,,,,"82,694.00","1,450.00",0.02
,,2003 - 2004,,,,,,,"1,41,538.00",,0
,,2004 - 2005,,,,,,,"1,70,656.00","31,571.00",0.18
,,2005 - 2006,,,,,,,"1,51,655.00","63,747.00",0.42
,,2006 - 2007,,,,,,,"1,55,820.00","42,026.00",0.27
,,2007 - 2008,,,,,,,"1,29,094.00","69,892.00",0.54
,,2008 - 2009,,,,,,,"1,27,809.00","63,059.00",0.49
,,2009 - 2010,,,,,,,"85,348.00","14,003.00",0.16
,,2010 - 2011,,,,,,,"73,708.00","35,535.00",0.48
,,2011 - 2012,,,,,,,"87,082.00","46,129.00",0.53
,,2012 - 2013,,,,,,,"2,11,237.00","19,183.00",0.09
,,2013 - 2014,,,,,,,"2,00,871.00","94,004.00",0.47
,,2014 - 2015,,,,,,,"2,29,375.00","1,41,569.00",0.62
,,2015 - 2016,,,,,,,"1,92,870.00","87,130.00",0.45
,,2016 - 2017,,,,,,,"88,275.00","50,908.00",0.58
,,2017 - 2018,,,,,,,"94,556.00","47,938.00",0.51
,,2018 - 2019,,,,,,,"85,919.00","58,430.00",0.68
,,2019 - 2020,,,,,,,"1,00,357.00","70,401.00",0.7
,,2020 - 2021,,,,,,,"82,798.00","61,354.00",0.74
,,2021 - 2022,,,,,,,"94,432.00","62,251.00",0.66
,,2022 - 2023,,,,,,,"1,71,382.00","1,23,698.00",0.72
,26. Pali,2000 - 2001,,,,,,,"52,884.00",119,0
,,2001 - 2002,,,,,,,"25,251.00","19,530.00",0.77
,,2002 - 2003,,,,,,,"14,838.00",20,0
,,2003 - 2004,,,,,,,"25,746.00",,0
,,2004 - 2005,,,,,,,"29,212.00","9,012.00",0.31
,,2005 - 2006,,,,,,,"49,129.00","16,356.00",0.33
,,2006 - 2007,,,,,,,"50,699.00","35,894.00",0.71
,,2007 - 2008,,,,,,,"67,450.00","45,761.00",0.68
,,2008 - 2009,,,,,,,"52,902.00","11,042.00",0.21
,,2009 - 2010,,,,,,,"47,572.00","4,349.00",0.09
,,2010 - 2011,,,,,,,"39,848.00","33,441.00",0.84
,,2011 - 2012,,,,,,,"30,383.00","19,455.00",0.64
,,2012 - 2013,,,,,,,"58,973.00","31,024.00",0.53
,,2013 - 2014,,,,,,,"72,251.00","25,095.00",0.35
,,2014 - 2015,,,,,,,"59,635.00","24,314.00",0.41
,,2015 - 2016,,,,,,,"52,222.00","35,997.00",0.69
,,2016 - 2017,,,,,,,"30,073.00","11,540.00",0.38
,,2017 - 2018,,,,,,,"30,298.00","8,328.00",0.27
,,2018 - 2019,,,,,,,"25,687.00","14,317.00",0.56
,,2019 - 2020,,,,,,,"25,237.00","13,138.00",0.52
,,2020 - 2021,,,,,,,"21,207.00","13,511.00",0.64
,,2021 - 2022,,,,,,,"21,388.00","8,583.00",0.4
,,2022 - 2023,,,,,,,"27,564.00","17,806.00",0.65
,27. Pratapgarh,2008 - 2009,,,,,,,87,96,1.1
,,2009 - 2010,,,,,,,72,86,1.19
,,2010 - 2011,,,,,,,57,29,0.51
,,2011 - 2012,,,,,,,50,30,0.6
,,2012 - 2013,,,,,,,267,119,0.45
,,2013 - 2014,,,,,,,203,115,0.57
,,2014 - 2015,,,,,,,112,66,0.59
,,2016 - 2017,,,,,,,55,22,0.4
,,2017 - 2018,,,,,,,43,16,0.37
,,2018 - 2019,,,,,,,38,13,0.34
,,2019 - 2020,,,,,,,24,11,0.46
,,2020 - 2021,,,,,,,20,9,0.45
,,2021 - 2022,,,,,,,27,11,0.41
,,2022 - 2023,,,,,,,17,9,0.53
,28. Rajsamand,2000 - 2001,,,,,,,"8,068.00",236,0.03
,,2001 - 2002,,,,,,,"2,207.00","3,972.00",1.8
,,2002 - 2003,,,,,,,"2,723.00",283,0.1
,,2003 - 2004,,,,,,,"3,364.00",,0
,,2004 - 2005,,,,,,,"2,288.00",936,0.41
,,2005 - 2006,,,,,,,"5,833.00","3,407.00",0.58
,,2006 - 2007,,,,,,,"5,482.00","7,171.00",1.31
,,2007 - 2008,,,,,,,"8,498.00","7,309.00",0.86
,,2008 - 2009,,,,,,,"6,874.00","5,229.00",0.76
,,2009 - 2010,,,,,,,"4,557.00","1,449.00",0.32
,,2010 - 2011,,,,,,,"3,889.00","2,010.00",0.52
,,2011 - 2012,,,,,,,"2,753.00","1,977.00",0.72
,,2012 - 2013,,,,,,,"5,010.00","3,930.00",0.78
,,2013 - 2014,,,,,,,"5,462.00","2,853.00",0.52
,,2014 - 2015,,,,,,,"4,443.00","4,457.00",1
,,2015 - 2016,,,,,,,"4,816.00","1,272.00",0.26
,,2016 - 2017,,,,,,,"4,095.00","4,054.00",0.99
,,2017 - 2018,,,,,,,"3,617.00","2,853.00",0.79
,,2018 - 2019,,,,,,,"3,302.00","3,770.00",1.14
,,2019 - 2020,,,,,,,"2,620.00","2,656.00",1.01
,,2020 - 2021,,,,,,,"1,598.00","1,868.00",1.17
,,2021 - 2022,,,,,,,"1,497.00","1,920.00",1.28
,,2022 - 2023,,,,,,,"1,030.00","1,062.00",1.03
,29. Sawai madhopur,2000 - 2001,,,,,,,"15,861.00","3,016.00",0.19
,,2001 - 2002,,,,,,,"8,353.00","3,427.00",0.41
,,2002 - 2003,,,,,,,719,1,0
,,2003 - 2004,,,,,,,"5,395.00",,0
,,2004 - 2005,,,,,,,"2,313.00","1,165.00",0.5
,,2005 - 2006,,,,,,,"2,235.00","1,125.00",0.5
,,2006 - 2007,,,,,,,"2,058.00",946,0.46
,,2007 - 2008,,,,,,,"3,399.00","1,606.00",0.47
,,2008 - 2009,,,,,,,"3,214.00","1,611.00",0.5
,,2009 - 2010,,,,,,,"1,175.00",415,0.35
,,2010 - 2011,,,,,,,"1,423.00",735,0.52
,,2011 - 2012,,,,,,,940,938,1
,,2012 - 2013,,,,,,,"4,649.00","4,978.00",1.07
,,2013 - 2014,,,,,,,"13,765.00","15,547.00",1.13
,,2014 - 2015,,,,,,,"4,141.00","4,249.00",1.03
,,2015 - 2016,,,,,,,"6,227.00","6,420.00",1.03
,,2016 - 2017,,,,,,,"3,932.00","3,591.00",0.91
,,2017 - 2018,,,,,,,"2,108.00","1,351.00",0.64
,,2018 - 2019,,,,,,,"1,605.00","1,464.00",0.91
,,2019 - 2020,,,,,,,801,915,1.14
,,2020 - 2021,,,,,,,550,516,0.94
,,2021 - 2022,,,,,,,259,311,1.2
,,2022 - 2023,,,,,,,289,296,1.02
,30. Sikar,2000 - 2001,,,,,,,"1,13,530.00","12,988.00",0.11
,,2001 - 2002,,,,,,,"92,352.00","46,619.00",0.5
,,2002 - 2003,,,,,,,"56,277.00",882,0.02
,,2003 - 2004,,,,,,,"71,924.00",,0
,,2004 - 2005,,,,,,,"85,533.00","26,935.00",0.31
,,2005 - 2006,,,,,,,"79,999.00","24,895.00",0.31
,,2006 - 2007,,,,,,,"78,448.00","32,842.00",0.42
,,2007 - 2008,,,,,,,"79,603.00","41,583.00",0.52
,,2008 - 2009,,,,,,,"79,016.00","32,407.00",0.41
,,2009 - 2010,,,,,,,"67,199.00","5,368.00",0.08
,,2010 - 2011,,,,,,,"63,743.00","50,001.00",0.78
,,2011 - 2012,,,,,,,"77,815.00","73,404.00",0.94
,,2012 - 2013,,,,,,,"1,25,528.00","78,335.00",0.62
,,2013 - 2014,,,,,,,"1,31,655.00","97,943.00",0.74
,,2014 - 2015,,,,,,,"1,33,877.00","1,19,170.00",0.89
,,2015 - 2016,,,,,,,"1,29,418.00","91,295.00",0.71
,,2016 - 2017,,,,,,,"89,319.00","72,189.00",0.81
,,2017 - 2018,,,,,,,"90,216.00","52,965.00",0.59
,,2018 - 2019,,,,,,,"80,826.00","57,124.00",0.71
,,2019 - 2020,,,,,,,"80,874.00","69,276.00",0.86
,,2020 - 2021,,,,,,,"78,971.00","71,573.00",0.91
,,2021 - 2022,,,,,,,"78,897.00","66,840.00",0.85
,,2022 - 2023,,,,,,,"90,704.00","74,369.00",0.82
,31. Sirohi,2000 - 2001,,,,,,,"18,643.00",876,0.05
,,2001 - 2002,,,,,,,"23,508.00","23,508.00",1
,,2002 - 2003,,,,,,,"4,824.00",23,0
,,2003 - 2004,,,,,,,"5,723.00",,0
,,2004 - 2005,,,,,,,"12,841.00",643,0.05
,,2005 - 2006,,,,,,,"11,927.00","9,708.00",0.81
,,2006 - 2007,,,,,,,"1,630.00",879,0.54
,,2007 - 2008,,,,,,,"5,713.00","5,713.00",1
,,2008 - 2009,,,,,,,"5,315.00","2,007.00",0.38
,,2009 - 2010,,,,,,,"13,280.00",270,0.02
,,2010 - 2011,,,,,,,"8,864.00","7,608.00",0.86
,,2011 - 2012,,,,,,,"8,317.00","6,180.00",0.74
,,2012 - 2013,,,,,,,"12,990.00","10,346.00",0.8
,,2013 - 2014,,,,,,,"33,461.00","11,185.00",0.33
,,2014 - 2015,,,,,,,"21,617.00","14,771.00",0.68
,,2015 - 2016,,,,,,,"21,199.00","15,792.00",0.74
,,2016 - 2017,,,,,,,"16,944.00","8,790.00",0.52
,,2017 - 2018,,,,,,,"19,746.00",70,0
,,2018 - 2019,,,,,,,"12,912.00","7,243.00",0.56
,,2019 - 2020,,,,,,,"11,686.00","11,315.00",0.97
,,2020 - 2021,,,,,,,"11,231.00","7,219.00",0.64
,,2021 - 2022,,,,,,,"18,470.00","4,645.00",0.25
,,2022 - 2023,,,,,,,"12,700.00","8,652.00",0.68
,32. Tonk,2000 - 2001,,,,,,,"31,202.00","1,055.00",0.03
,,2001 - 2002,,,,,,,"15,053.00","6,338.00",0.42
,,2002 - 2003,,,,,,,"6,533.00",307,0.05
,,2003 - 2004,,,,,,,"12,127.00",,0
,,2004 - 2005,,,,,,,"4,255.00","3,324.00",0.78
,,2005 - 2006,,,,,,,"5,298.00","4,625.00",0.87
,,2006 - 2007,,,,,,,"4,025.00","4,037.00",1
,,2007 - 2008,,,,,,,"6,554.00","6,532.00",1
,,2008 - 2009,,,,,,,"5,317.00","4,259.00",0.8
,,2009 - 2010,,,,,,,"3,880.00","1,262.00",0.33
,,2010 - 2011,,,,,,,"2,764.00","1,428.00",0.52
,,2011 - 2012,,,,,,,"2,696.00","2,224.00",0.82
,,2012 - 2013,,,,,,,"7,040.00","4,668.00",0.66
,,2013 - 2014,,,,,,,"15,164.00","11,472.00",0.76
,,2014 - 2015,,,,,,,"4,177.00","3,200.00",0.77
,,2015 - 2016,,,,,,,"7,584.00","4,412.00",0.58
,,2016 - 2017,,,,,,,"5,324.00","4,453.00",0.84
,,2017 - 2018,,,,,,,"4,479.00","3,793.00",0.85
,,2018 - 2019,,,,,,,"3,651.00","3,645.00",1
,,2019 - 2020,,,,,,,"2,030.00","1,454.00",0.72
,,2020 - 2021,,,,,,,"1,543.00","1,392.00",0.9
,,2021 - 2022,,,,,,,"1,300.00","1,266.00",0.97
,,2022 - 2023,,,,,,,"1,299.00","1,179.00",0.91
,33. Udaipur,2000 - 2001,,,,,,,"8,365.00","1,613.00",0.19
,,2001 - 2002,,,,,,,"7,104.00","4,696.00",0.66
,,2002 - 2003,,,,,,,"7,816.00","2,585.00",0.33
,,2003 - 2004,,,,,,,"9,610.00",,0
,,2004 - 2005,,,,,,,"10,980.00","7,447.00",0.68
,,2005 - 2006,,,,,,,"13,085.00","8,233.00",0.63
,,2006 - 2007,,,,,,,"14,951.00","4,881.00",0.33
,,2007 - 2008,,,,,,,"13,768.00","15,943.00",1.16
,,2008 - 2009,,,,,,,"13,513.00","10,559.00",0.78
,,2009 - 2010,,,,,,,"12,911.00","4,765.00",0.37
,,2010 - 2011,,,,,,,"11,888.00","12,118.00",1.02
,,2011 - 2012,,,,,,,"10,559.00","7,800.00",0.74
,,2012 - 2013,,,,,,,"11,467.00","7,811.00",0.68
,,2013 - 2014,,,,,,,"13,891.00","13,185.00",0.95
,,2014 - 2015,,,,,,,"12,379.00","9,659.00",0.78
,,2015 - 2016,,,,,,,"14,718.00","8,265.00",0.56
,,2016 - 2017,,,,,,,"13,281.00","6,785.00",0.51
,,2017 - 2018,,,,,,,"12,093.00","8,840.00",0.73
,,2018 - 2019,,,,,,,"10,344.00","11,852.00",1.15
,,2019 - 2020,,,,,,,"8,986.00","3,453.00",0.38
,,2020 - 2021,,,,,,,"6,199.00","5,199.00",0.84
,,2021 - 2022,,,,,,,"4,057.00","2,955.00",0.73
,,2022 - 2023,,,,,,,"2,714.00","1,306.00",0.48
7. Uttar Pradesh,1. Agra,2004 - 2005,,,,,,,192,163,0.85
,,2005 - 2006,,,,,,,189,153,0.81
,,2006 - 2007,,,,,,,185,155,0.84
,,2007 - 2008,,,,187,157,0.84,,,
,,2008 - 2009,,,,188,158,0.84,,,
,,2009 - 2010,,,,188,157,0.84,,,
,,2010 - 2011,,,,187,156,0.83,,,
,,2011 - 2012,,,,129,106,0.82,,,
,,2012 - 2013,,,,175,142,0.81,,,
,,2013 - 2014,,,,123,101,0.82,,,
,,2014 - 2015,,,,160,131,0.82,,,
,,2015 - 2016,,,,168,138,0.82,,,
,,2016 - 2017,,,,151,108,0.72,,,
,,2017 - 2018,,,,155,111,0.72,,,
,,2018 - 2019,,,,151,108,0.72,,,
,,2019 - 2020,,,,157,113,0.72,,,
,,2020 - 2021,,,,156,112,0.72,,,
,,2021 - 2022,,,,154,111,0.72,,,
,,2022 - 2023,,,,132,95,0.72,,,
,2. Aligarh,2004 - 2005,,,,,,,162,137,0.85
,,2005 - 2006,,,,,,,104,84,0.81
,,2006 - 2007,,,,,,,145,122,0.84
,,2007 - 2008,,,,144,121,0.84,,,
,,2008 - 2009,,,,94,79,0.84,,,
,,2009 - 2010,,,,130,109,0.84,,,
,,2010 - 2011,,,,123,102,0.83,,,
,,2011 - 2012,,,,57,47,0.82,,,
,,2012 - 2013,,,,110,90,0.82,,,
,,2013 - 2014,,,,365,301,0.82,,,
,,2014 - 2015,,,,27,22,0.81,,,
,,2015 - 2016,,,,115,95,0.83,,,
,,2016 - 2017,,,,135,96,0.71,,,
,,2017 - 2018,,,,150,108,0.72,,,
,,2018 - 2019,,,,158,113,0.72,,,
,,2019 - 2020,,,,117,84,0.72,,,
,,2020 - 2021,,,,135,97,0.72,,,
,,2021 - 2022,,,,139,100,0.72,,,
,,2022 - 2023,,,,140,101,0.72,,,
,3. Allahabad,2004 - 2005,,,,,,,23,19,0.83
,,2005 - 2006,,,,,,,36,29,0.81
,,2006 - 2007,,,,,,,35,29,0.83
,,2007 - 2008,,,,22,18,0.82,,,
,,2008 - 2009,,,,26,22,0.85,,,
,,2009 - 2010,,,,48,40,0.83,,,
,,2010 - 2011,,,,33,28,0.85,,,
,,2011 - 2012,,,,8,7,0.88,,,
,,2012 - 2013,,,,27,22,0.81,,,
,,2013 - 2014,,,,90,74,0.82,,,
,,2014 - 2015,,,,2,2,1,,,
,,2015 - 2016,,,,16,13,0.81,,,
,,2016 - 2017,,,,29,21,0.72,,,
,,2017 - 2018,,,,33,24,0.73,,,
,,2018 - 2019,,,,30,22,0.73,,,
,,2019 - 2020,,,,22,16,0.73,,,
,,2020 - 2021,,,,26,19,0.73,,,
,,2021 - 2022,,,,24,17,0.71,,,
,,2022 - 2023,,,,27,19,0.7,,,
,4. Ambedkar nagar,2004 - 2005,,,,,,,7,6,0.86
,,2006 - 2007,,,,,,,4,3,0.75
,,2007 - 2008,,,,1,1,1,,,
,,2008 - 2009,,,,55,46,0.84,,,
,,2009 - 2010,,,,11,9,0.82,,,
,,2010 - 2011,,,,12,10,0.83,,,
,,2011 - 2012,,,,16,13,0.81,,,
,,2012 - 2013,,,,19,15,0.79,,,
,,2013 - 2014,,,,23,19,0.83,,,
,,2014 - 2015,,,,16,13,0.81,,,
,,2016 - 2017,,,,15,11,0.73,,,
,,2017 - 2018,,,,15,11,0.73,,,
,,2019 - 2020,,,,9,6,0.67,,,
,,2020 - 2021,,,,8,6,0.75,,,
,,2021 - 2022,,,,9,6,0.67,,,
,,2022 - 2023,,,,8,6,0.75,,,
,5. Amethi,2012 - 2013,,,,1,1,1,,,
,,2014 - 2015,,,,14,12,0.86,,,
,,2016 - 2017,,,,3,2,0.67,,,
,,2017 - 2018,,,,4,3,0.75,,,
,,2019 - 2020,,,,27,19,0.7,,,
,,2020 - 2021,,,,7,5,0.71,,,
,,2021 - 2022,,,,8,6,0.75,,,
,,2022 - 2023,,,,9,6,0.67,,,
,6. Amroha,2013 - 2014,,,,3,3,1,,,
,,2015 - 2016,,,,4,3,0.75,,,
,,2016 - 2017,,,,1,1,1,,,
,,2017 - 2018,,,,2,1,0.5,,,
,7. Auraiya,2004 - 2005,,,,,,,7,6,0.86
,,2005 - 2006,,,,,,,9,7,0.78
,,2006 - 2007,,,,,,,34,29,0.85
,,2007 - 2008,,,,15,13,0.87,,,
,,2008 - 2009,,,,151,127,0.84,,,
,,2009 - 2010,,,,43,36,0.84,,,
,,2010 - 2011,,,,50,42,0.84,,,
,,2011 - 2012,,,,59,48,0.81,,,
,,2012 - 2013,,,,64,52,0.81,,,
,,2013 - 2014,,,,20,16,0.8,,,
,,2014 - 2015,,,,47,39,0.83,,,
,,2015 - 2016,,,,48,39,0.81,,,
,,2016 - 2017,,,,48,35,0.73,,,
,,2017 - 2018,,,,45,32,0.71,,,
,,2020 - 2021,,,,28,20,0.71,,,
,,2021 - 2022,,,,24,17,0.71,,,
,,2022 - 2023,,,,19,14,0.74,,,
,8. Azamgarh,2004 - 2005,,,,,,,35,30,0.86
,,2005 - 2006,,,,,,,13,10,0.77
,,2006 - 2007,,,,,,,24,20,0.83
,,2007 - 2008,,,,8,7,0.88,,,
,,2008 - 2009,,,,25,21,0.84,,,
,,2009 - 2010,,,,44,37,0.84,,,
,,2010 - 2011,,,,29,24,0.83,,,
,,2011 - 2012,,,,30,24,0.8,,,
,,2012 - 2013,,,,47,38,0.81,,,
,,2013 - 2014,,,,24,20,0.83,,,
,,2014 - 2015,,,,35,29,0.83,,,
,,2015 - 2016,,,,18,15,0.83,,,
,,2016 - 2017,,,,31,22,0.71,,,
,,2017 - 2018,,,,31,22,0.71,,,
,,2018 - 2019,,,,26,19,0.73,,,
,,2019 - 2020,,,,29,21,0.72,,,
,,2020 - 2021,,,,27,19,0.7,,,
,,2021 - 2022,,,,29,21,0.72,,,
,,2022 - 2023,,,,25,18,0.72,,,
,9. Bahraich,2004 - 2005,,,,,,,41,35,0.85
,,2005 - 2006,,,,,,,36,29,0.81
,,2006 - 2007,,,,,,,30,25,0.83
,,2007 - 2008,,,,29,24,0.83,,,
,,2008 - 2009,,,,38,32,0.84,,,
,,2009 - 2010,,,,32,27,0.84,,,
,,2010 - 2011,,,,33,27,0.82,,,
,,2011 - 2012,,,,32,26,0.81,,,
,,2012 - 2013,,,,33,27,0.82,,,
,,2013 - 2014,,,,34,28,0.82,,,
,,2014 - 2015,,,,33,27,0.82,,,
,,2015 - 2016,,,,136,112,0.82,,,
,,2016 - 2017,,,,42,30,0.71,,,
,,2017 - 2018,,,,56,40,0.71,,,
,,2018 - 2019,,,,108,77,0.71,,,
,,2019 - 2020,,,,77,55,0.71,,,
,,2020 - 2021,,,,45,32,0.71,,,
,,2021 - 2022,,,,66,47,0.71,,,
,,2022 - 2023,,,,70,50,0.71,,,
,10. Ballia,2004 - 2005,,,,,,,13,11,0.85
,,2006 - 2007,,,,,,,59,50,0.85
,,2007 - 2008,,,,18,15,0.83,,,
,,2008 - 2009,,,,18,15,0.83,,,
,,2009 - 2010,,,,22,18,0.82,,,
,,2010 - 2011,,,,23,19,0.83,,,
,,2011 - 2012,,,,28,23,0.82,,,
,,2012 - 2013,,,,22,18,0.82,,,
,,2013 - 2014,,,,23,18,0.78,,,
,,2014 - 2015,,,,24,19,0.79,,,
,,2016 - 2017,,,,19,14,0.74,,,
,,2017 - 2018,,,,18,13,0.72,,,
,,2018 - 2019,,,,84,60,0.71,,,
,,2019 - 2020,,,,29,21,0.72,,,
,,2020 - 2021,,,,30,22,0.73,,,
,,2021 - 2022,,,,36,26,0.72,,,
,,2022 - 2023,,,,21,15,0.71,,,
,11. Balrampur,2005 - 2006,,,,,,,12,10,0.83
,,2006 - 2007,,,,,,,36,30,0.83
,,2007 - 2008,,,,22,19,0.86,,,
,,2008 - 2009,,,,20,17,0.85,,,
,,2009 - 2010,,,,33,27,0.82,,,
,,2010 - 2011,,,,25,21,0.84,,,
,,2011 - 2012,,,,27,22,0.81,,,
,,2012 - 2013,,,,25,20,0.8,,,
,,2013 - 2014,,,,26,21,0.81,,,
,,2014 - 2015,,,,27,22,0.81,,,
,,2016 - 2017,,,,21,15,0.71,,,
,,2017 - 2018,,,,20,14,0.7,,,
,,2018 - 2019,,,,29,21,0.72,,,
,,2019 - 2020,,,,19,14,0.74,,,
,,2020 - 2021,,,,18,13,0.72,,,
,,2021 - 2022,,,,21,15,0.71,,,
,,2022 - 2023,,,,21,15,0.71,,,
,12. Banda,2004 - 2005,,,,,,,28,24,0.86
,,2005 - 2006,,,,,,,27,22,0.81
,,2006 - 2007,,,,,,,14,12,0.86
,,2007 - 2008,,,,26,22,0.85,,,
,,2008 - 2009,,,,25,21,0.84,,,
,,2009 - 2010,,,,24,20,0.83,,,
,,2010 - 2011,,,,22,18,0.82,,,
,,2011 - 2012,,,,20,16,0.8,,,
,,2012 - 2013,,,,62,51,0.82,,,
,,2013 - 2014,,,,31,26,0.84,,,
,,2014 - 2015,,,,32,26,0.81,,,
,,2016 - 2017,,,,29,21,0.72,,,
,,2017 - 2018,,,,31,22,0.71,,,
,,2018 - 2019,,,,47,34,0.72,,,
,,2019 - 2020,,,,28,20,0.71,,,
,,2020 - 2021,,,,27,19,0.7,,,
,,2021 - 2022,,,,32,23,0.72,,,
,,2022 - 2023,,,,33,24,0.73,,,
,13. Barabanki,2005 - 2006,,,,,,,20,16,0.8
,,2007 - 2008,,,,53,44,0.83,,,
,,2008 - 2009,,,,20,17,0.85,,,
,,2009 - 2010,,,,19,16,0.84,,,
,,2010 - 2011,,,,22,18,0.82,,,
,,2011 - 2012,,,,23,19,0.83,,,
,,2012 - 2013,,,,27,22,0.81,,,
,,2013 - 2014,,,,22,18,0.82,,,
,,2014 - 2015,,,,4,3,0.75,,,
,,2015 - 2016,,,,8,6,0.75,,,
,,2016 - 2017,,,,17,12,0.71,,,
,,2017 - 2018,,,,16,11,0.69,,,
,,2019 - 2020,,,,15,11,0.73,,,
,,2020 - 2021,,,,11,8,0.73,,,
,,2021 - 2022,,,,12,9,0.75,,,
,,2022 - 2023,,,,11,8,0.73,,,
,14. Bareilly,2004 - 2005,,,,,,,26,22,0.85
,,2005 - 2006,,,,,,,4,3,0.75
,,2006 - 2007,,,,,,,28,24,0.86
,,2007 - 2008,,,,4,3,0.75,,,
,,2008 - 2009,,,,13,11,0.85,,,
,,2009 - 2010,,,,15,13,0.87,,,
,,2010 - 2011,,,,13,11,0.85,,,
,,2011 - 2012,,,,14,11,0.79,,,
,,2013 - 2014,,,,11,9,0.82,,,
,,2014 - 2015,,,,102,83,0.81,,,
,,2016 - 2017,,,,25,18,0.72,,,
,,2017 - 2018,,,,28,20,0.71,,,
,,2019 - 2020,,,,31,22,0.71,,,
,,2020 - 2021,,,,17,12,0.71,,,
,,2021 - 2022,,,,20,14,0.7,,,
,,2022 - 2023,,,,19,13,0.68,,,
,15. Basti,2004 - 2005,,,,,,,19,16,0.84
,,2005 - 2006,,,,,,,22,18,0.82
,,2006 - 2007,,,,,,,64,54,0.84
,,2007 - 2008,,,,35,30,0.86,,,
,,2008 - 2009,,,,33,28,0.85,,,
,,2009 - 2010,,,,35,29,0.83,,,
,,2010 - 2011,,,,21,18,0.86,,,
,,2011 - 2012,,,,42,34,0.81,,,
,,2012 - 2013,,,,34,28,0.82,,,
,,2014 - 2015,,,,26,21,0.81,,,
,,2015 - 2016,,,,25,21,0.84,,,
,,2016 - 2017,,,,25,18,0.72,,,
,,2017 - 2018,,,,22,16,0.73,,,
,,2018 - 2019,,,,26,19,0.73,,,
,,2019 - 2020,,,,25,18,0.72,,,
,,2020 - 2021,,,,25,18,0.72,,,
,,2021 - 2022,,,,25,18,0.72,,,
,,2022 - 2023,,,,25,18,0.72,,,
,16. Bijnor,2004 - 2005,,,,,,,12,10,0.83
,,2005 - 2006,,,,,,,3,2,0.67
,,2006 - 2007,,,,,,,42,35,0.83
,,2007 - 2008,,,,62,52,0.84,,,
,,2008 - 2009,,,,22,19,0.86,,,
,,2009 - 2010,,,,47,39,0.83,,,
,,2010 - 2011,,,,35,29,0.83,,,
,,2011 - 2012,,,,43,35,0.81,,,
,,2012 - 2013,,,,19,16,0.84,,,
,,2013 - 2014,,,,33,27,0.82,,,
,,2014 - 2015,,,,22,18,0.82,,,
,,2015 - 2016,,,,30,25,0.83,,,
,,2016 - 2017,,,,29,21,0.72,,,
,,2017 - 2018,,,,27,19,0.7,,,
,,2019 - 2020,,,,22,16,0.73,,,
,,2020 - 2021,,,,22,16,0.73,,,
,,2021 - 2022,,,,20,14,0.7,,,
,,2022 - 2023,,,,18,13,0.72,,,
,17. Budaun,2004 - 2005,,,,,,,7,6,0.86
,,2005 - 2006,,,,,,,19,16,0.84
,,2006 - 2007,,,,,,,22,18,0.82
,,2007 - 2008,,,,11,9,0.82,,,
,,2008 - 2009,,,,16,13,0.81,,,
,,2009 - 2010,,,,15,12,0.8,,,
,,2010 - 2011,,,,24,20,0.83,,,
,,2011 - 2012,,,,18,15,0.83,,,
,,2012 - 2013,,,,10,8,0.8,,,
,,2013 - 2014,,,,40,33,0.83,,,
,,2015 - 2016,,,,6,5,0.83,,,
,,2016 - 2017,,,,15,11,0.73,,,
,,2017 - 2018,,,,14,10,0.71,,,
,,2019 - 2020,,,,7,5,0.71,,,
,,2020 - 2021,,,,8,6,0.75,,,
,,2021 - 2022,,,,9,6,0.67,,,
,,2022 - 2023,,,,8,6,0.75,,,
,18. Bulandshahr,2004 - 2005,,,,,,,110,93,0.85
,,2005 - 2006,,,,,,,99,80,0.81
,,2006 - 2007,,,,,,,87,73,0.84
,,2007 - 2008,,,,91,76,0.84,,,
,,2008 - 2009,,,,81,68,0.84,,,
,,2009 - 2010,,,,94,78,0.83,,,
,,2010 - 2011,,,,90,75,0.83,,,
,,2011 - 2012,,,,89,73,0.82,,,
,,2012 - 2013,,,,89,73,0.82,,,
,,2013 - 2014,,,,10,8,0.8,,,
,,2014 - 2015,,,,7,6,0.86,,,
,,2016 - 2017,,,,39,27,0.69,,,
,,2017 - 2018,,,,29,21,0.72,,,
,,2018 - 2019,,,,2,1,0.5,,,
,,2019 - 2020,,,,15,11,0.73,,,
,,2020 - 2021,,,,17,12,0.71,,,
,,2021 - 2022,,,,20,14,0.7,,,
,,2022 - 2023,,,,17,12,0.71,,,
,19. Chandauli,2004 - 2005,,,,,,,32,27,0.84
,,2005 - 2006,,,,,,,25,20,0.8
,,2006 - 2007,,,,,,,15,13,0.87
,,2007 - 2008,,,,17,14,0.82,,,
,,2008 - 2009,,,,18,15,0.83,,,
,,2009 - 2010,,,,10,8,0.8,,,
,,2010 - 2011,,,,19,16,0.84,,,
,,2011 - 2012,,,,11,9,0.82,,,
,,2012 - 2013,,,,16,13,0.81,,,
,,2013 - 2014,,,,16,13,0.81,,,
,,2014 - 2015,,,,16,13,0.81,,,
,,2015 - 2016,,,,6,5,0.83,,,
,,2016 - 2017,,,,13,9,0.69,,,
,,2017 - 2018,,,,13,9,0.69,,,
,,2019 - 2020,,,,10,7,0.7,,,
,,2020 - 2021,,,,8,6,0.75,,,
,,2021 - 2022,,,,9,6,0.67,,,
,,2022 - 2023,,,,8,6,0.75,,,
,20. Chitrakoot,2004 - 2005,,,,,,,27,23,0.85
,,2005 - 2006,,,,,,,32,26,0.81
,,2006 - 2007,,,,,,,32,27,0.84
,,2007 - 2008,,,,61,51,0.84,,,
,,2008 - 2009,,,,30,25,0.83,,,
,,2009 - 2010,,,,36,30,0.83,,,
,,2010 - 2011,,,,20,17,0.85,,,
,,2011 - 2012,,,,36,30,0.83,,,
,,2012 - 2013,,,,37,30,0.81,,,
,,2013 - 2014,,,,32,27,0.84,,,
,,2014 - 2015,,,,7,6,0.86,,,
,,2015 - 2016,,,,50,41,0.82,,,
,,2016 - 2017,,,,32,23,0.72,,,
,,2017 - 2018,,,,32,23,0.72,,,
,,2018 - 2019,,,,144,103,0.72,,,
,,2019 - 2020,,,,53,38,0.72,,,
,,2020 - 2021,,,,62,44,0.71,,,
,,2021 - 2022,,,,28,20,0.71,,,
,,2022 - 2023,,,,64,46,0.72,,,
,21. Deoria,2004 - 2005,,,,,,,2,2,1
,,2006 - 2007,,,,,,,6,5,0.83
,,2007 - 2008,,,,2,2,1,,,
,,2008 - 2009,,,,3,3,1,,,
,,2009 - 2010,,,,5,4,0.8,,,
,,2010 - 2011,,,,3,3,1,,,
,,2011 - 2012,,,,10,8,0.8,,,
,,2012 - 2013,,,,5,4,0.8,,,
,,2014 - 2015,,,,10,8,0.8,,,
,,2016 - 2017,,,,5,4,0.8,,,
,,2017 - 2018,,,,5,4,0.8,,,
,,2018 - 2019,,,,4,3,0.75,,,
,,2019 - 2020,,,,8,6,0.75,,,
,,2020 - 2021,,,,4,3,0.75,,,
,,2021 - 2022,,,,5,4,0.8,,,
,,2022 - 2023,,,,5,3,0.6,,,
,22. Etah,2004 - 2005,,,,,,,35,29,0.83
,,2005 - 2006,,,,,,,102,83,0.81
,,2006 - 2007,,,,,,,97,81,0.84
,,2007 - 2008,,,,80,67,0.84,,,
,,2008 - 2009,,,,76,64,0.84,,,
,,2009 - 2010,,,,78,65,0.83,,,
,,2010 - 2011,,,,87,73,0.84,,,
,,2011 - 2012,,,,53,43,0.81,,,
,,2012 - 2013,,,,10,8,0.8,,,
,,2013 - 2014,,,,27,22,0.81,,,
,,2014 - 2015,,,,18,15,0.83,,,
,,2015 - 2016,,,,59,49,0.83,,,
,,2016 - 2017,,,,33,24,0.73,,,
,,2017 - 2018,,,,29,21,0.72,,,
,,2020 - 2021,,,,12,9,0.75,,,
,,2021 - 2022,,,,15,11,0.73,,,
,,2022 - 2023,,,,4,3,0.75,,,
,23. Etawah,2004 - 2005,,,,,,,14,12,0.86
,,2005 - 2006,,,,,,,8,7,0.88
,,2006 - 2007,,,,,,,9,8,0.89
,,2007 - 2008,,,,11,9,0.82,,,
,,2008 - 2009,,,,8,7,0.88,,,
,,2009 - 2010,,,,12,10,0.83,,,
,,2010 - 2011,,,,9,7,0.78,,,
,,2011 - 2012,,,,23,19,0.83,,,
,,2012 - 2013,,,,13,11,0.85,,,
,,2013 - 2014,,,,16,13,0.81,,,
,,2014 - 2015,,,,15,12,0.8,,,
,,2015 - 2016,,,,2,2,1,,,
,,2016 - 2017,,,,14,10,0.71,,,
,,2017 - 2018,,,,12,9,0.75,,,
,,2018 - 2019,,,,50,36,0.72,,,
,,2019 - 2020,,,,19,14,0.74,,,
,,2020 - 2021,,,,19,14,0.74,,,
,,2021 - 2022,,,,23,17,0.74,,,
,,2022 - 2023,,,,12,9,0.75,,,
,24. Faizabad,2004 - 2005,,,,,,,95,80,0.84
,,2005 - 2006,,,,,,,55,45,0.82
,,2006 - 2007,,,,,,,52,44,0.85
,,2007 - 2008,,,,16,13,0.81,,,
,,2008 - 2009,,,,13,11,0.85,,,
,,2009 - 2010,,,,46,38,0.83,,,
,,2010 - 2011,,,,36,30,0.83,,,
,,2011 - 2012,,,,89,73,0.82,,,
,,2012 - 2013,,,,40,33,0.83,,,
,,2013 - 2014,,,,45,37,0.82,,,
,,2014 - 2015,,,,51,42,0.82,,,
,,2015 - 2016,,,,8,7,0.88,,,
,,2016 - 2017,,,,47,34,0.72,,,
,,2017 - 2018,,,,38,27,0.71,,,
,,2018 - 2019,,,,18,13,0.72,,,
,,2019 - 2020,,,,32,23,0.72,,,
,,2020 - 2021,,,,29,21,0.72,,,
,,2021 - 2022,,,,33,24,0.73,,,
,,2022 - 2023,,,,30,22,0.73,,,
,25. Farrukhabad,2004 - 2005,,,,,,,20,17,0.85
,,2005 - 2006,,,,,,,20,16,0.8
,,2006 - 2007,,,,,,,25,21,0.84
,,2007 - 2008,,,,6,5,0.83,,,
,,2008 - 2009,,,,14,12,0.86,,,
,,2009 - 2010,,,,17,14,0.82,,,
,,2010 - 2011,,,,16,13,0.81,,,
,,2011 - 2012,,,,16,13,0.81,,,
,,2012 - 2013,,,,15,12,0.8,,,
,,2013 - 2014,,,,8,7,0.88,,,
,,2014 - 2015,,,,15,12,0.8,,,
,,2016 - 2017,,,,11,8,0.73,,,
,,2017 - 2018,,,,10,7,0.7,,,
,,2018 - 2019,,,,6,4,0.67,,,
,,2019 - 2020,,,,8,6,0.75,,,
,,2020 - 2021,,,,7,5,0.71,,,
,,2021 - 2022,,,,8,6,0.75,,,
,,2022 - 2023,,,,8,6,0.75,,,
,26. Fatehpur,2004 - 2005,,,,,,,14,12,0.86
,,2005 - 2006,,,,,,,2,2,1
,,2007 - 2008,,,,10,9,0.9,,,
,,2009 - 2010,,,,5,4,0.8,,,
,,2010 - 2011,,,,4,3,0.75,,,
,,2011 - 2012,,,,4,3,0.75,,,
,,2012 - 2013,,,,55,45,0.82,,,
,,2013 - 2014,,,,18,15,0.83,,,
,,2014 - 2015,,,,3,3,1,,,
,,2015 - 2016,,,,39,32,0.82,,,
,,2016 - 2017,,,,24,17,0.71,,,
,,2017 - 2018,,,,28,20,0.71,,,
,,2018 - 2019,,,,136,97,0.71,,,
,,2019 - 2020,,,,46,33,0.72,,,
,,2020 - 2021,,,,55,39,0.71,,,
,,2021 - 2022,,,,58,42,0.72,,,
,,2022 - 2023,,,,65,47,0.72,,,
,27. Firozabad,2004 - 2005,,,,,,,34,29,0.85
,,2005 - 2006,,,,,,,8,6,0.75
,,2006 - 2007,,,,,,,1,1,1
,,2008 - 2009,,,,58,48,0.83,,,
,,2009 - 2010,,,,167,139,0.83,,,
,,2010 - 2011,,,,210,175,0.83,,,
,,2011 - 2012,,,,210,172,0.82,,,
,,2012 - 2013,,,,39,32,0.82,,,
,,2013 - 2014,,,,165,136,0.82,,,
,,2014 - 2015,,,,167,137,0.82,,,
,,2015 - 2016,,,,7,6,0.86,,,
,,2016 - 2017,,,,118,85,0.72,,,
,,2017 - 2018,,,,99,71,0.72,,,
,,2018 - 2019,,,,23,16,0.7,,,
,,2019 - 2020,,,,83,59,0.71,,,
,,2020 - 2021,,,,66,47,0.71,,,
,,2021 - 2022,,,,78,56,0.72,,,
,,2022 - 2023,,,,70,50,0.71,,,
,28. Gautam buddha nagar,2004 - 2005,,,,,,,8,7,0.88
,,2008 - 2009,,,,3,2,0.67,,,
,,2009 - 2010,,,,2,2,1,,,
,,2010 - 2011,,,,1,1,1,,,
,,2012 - 2013,,,,1,1,1,,,
,,2014 - 2015,,,,50,40,0.8,,,
,,2015 - 2016,,,,7,6,0.86,,,
,,2016 - 2017,,,,12,9,0.75,,,
,,2017 - 2018,,,,14,10,0.71,,,
,,2019 - 2020,,,,17,12,0.71,,,
,,2020 - 2021,,,,10,7,0.7,,,
,,2021 - 2022,,,,11,8,0.73,,,
,,2022 - 2023,,,,10,7,0.7,,,
,29. Ghaziabad,2007 - 2008,,,,1,1,1,,,
,30. Ghazipur,2004 - 2005,,,,,,,21,18,0.86
,,2005 - 2006,,,,,,,23,19,0.83
,,2006 - 2007,,,,,,,22,18,0.82
,,2007 - 2008,,,,6,5,0.83,,,
,,2008 - 2009,,,,24,20,0.83,,,
,,2009 - 2010,,,,19,16,0.84,,,
,,2010 - 2011,,,,19,16,0.84,,,
,,2011 - 2012,,,,16,13,0.81,,,
,,2012 - 2013,,,,15,12,0.8,,,
,,2013 - 2014,,,,17,14,0.82,,,
,,2014 - 2015,,,,16,13,0.81,,,
,,2015 - 2016,,,,71,58,0.82,,,
,,2016 - 2017,,,,27,19,0.7,,,
,,2017 - 2018,,,,29,21,0.72,,,
,,2018 - 2019,,,,2,1,0.5,,,
,,2019 - 2020,,,,29,21,0.72,,,
,,2020 - 2021,,,,32,23,0.72,,,
,,2021 - 2022,,,,24,17,0.71,,,
,,2022 - 2023,,,,23,16,0.7,,,
,31. Gonda,2005 - 2006,,,,,,,47,38,0.81
,,2006 - 2007,,,,,,,37,32,0.86
,,2007 - 2008,,,,4,3,0.75,,,
,,2008 - 2009,,,,26,22,0.85,,,
,,2009 - 2010,,,,23,19,0.83,,,
,,2010 - 2011,,,,27,22,0.81,,,
,,2011 - 2012,,,,23,19,0.83,,,
,,2012 - 2013,,,,12,10,0.83,,,
,,2013 - 2014,,,,22,18,0.82,,,
,,2014 - 2015,,,,21,17,0.81,,,
,,2015 - 2016,,,,14,12,0.86,,,
,,2016 - 2017,,,,18,13,0.72,,,
,,2017 - 2018,,,,17,12,0.71,,,
,,2019 - 2020,,,,14,10,0.71,,,
,,2020 - 2021,,,,13,9,0.69,,,
,,2021 - 2022,,,,12,9,0.75,,,
,,2022 - 2023,,,,11,8,0.73,,,
,32. Gorakhpur,2004 - 2005,,,,,,,38,32,0.84
,,2005 - 2006,,,,,,,24,19,0.79
,,2006 - 2007,,,,,,,21,17,0.81
,,2007 - 2008,,,,3,2,0.67,,,
,,2008 - 2009,,,,17,14,0.82,,,
,,2009 - 2010,,,,17,14,0.82,,,
,,2010 - 2011,,,,16,13,0.81,,,
,,2011 - 2012,,,,18,15,0.83,,,
,,2012 - 2013,,,,14,11,0.79,,,
,,2013 - 2014,,,,15,13,0.87,,,
,,2014 - 2015,,,,16,13,0.81,,,
,,2015 - 2016,,,,16,13,0.81,,,
,,2016 - 2017,,,,13,9,0.69,,,
,,2017 - 2018,,,,13,9,0.69,,,
,,2018 - 2019,,,,7,5,0.71,,,
,,2019 - 2020,,,,13,9,0.69,,,
,,2020 - 2021,,,,12,9,0.75,,,
,,2021 - 2022,,,,12,9,0.75,,,
,,2022 - 2023,,,,11,8,0.73,,,
,33. Hamirpur,2004 - 2005,,,,,,,6,5,0.83
,,2006 - 2007,,,,,,,29,24,0.83
,,2008 - 2009,,,,8,7,0.88,,,
,,2009 - 2010,,,,9,7,0.78,,,
,,2010 - 2011,,,,9,8,0.89,,,
,,2011 - 2012,,,,4,3,0.75,,,
,,2012 - 2013,,,,11,9,0.82,,,
,,2013 - 2014,,,,9,7,0.78,,,
,,2014 - 2015,,,,5,4,0.8,,,
,,2016 - 2017,,,,6,4,0.67,,,
,,2017 - 2018,,,,6,4,0.67,,,
,,2019 - 2020,,,,3,2,0.67,,,
,,2020 - 2021,,,,3,2,0.67,,,
,,2021 - 2022,,,,4,3,0.75,,,
,,2022 - 2023,,,,3,2,0.67,,,
,34. Hardoi,2004 - 2005,,,,,,,22,19,0.86
,,2005 - 2006,,,,,,,23,19,0.83
,,2006 - 2007,,,,,,,34,29,0.85
,,2007 - 2008,,,,25,21,0.84,,,
,,2008 - 2009,,,,26,22,0.85,,,
,,2009 - 2010,,,,26,22,0.85,,,
,,2010 - 2011,,,,27,22,0.81,,,
,,2011 - 2012,,,,19,16,0.84,,,
,,2012 - 2013,,,,25,20,0.8,,,
,,2013 - 2014,,,,52,43,0.83,,,
,,2014 - 2015,,,,30,25,0.83,,,
,,2016 - 2017,,,,26,18,0.69,,,
,,2017 - 2018,,,,27,19,0.7,,,
,,2018 - 2019,,,,43,31,0.72,,,
,,2019 - 2020,,,,27,19,0.7,,,
,,2020 - 2021,,,,25,18,0.72,,,
,,2021 - 2022,,,,30,22,0.73,,,
,,2022 - 2023,,,,30,22,0.73,,,
,35. Hathras,2005 - 2006,,,,,,,23,19,0.83
,,2006 - 2007,,,,,,,28,24,0.86
,,2008 - 2009,,,,86,72,0.84,,,
,,2009 - 2010,,,,27,23,0.85,,,
,,2010 - 2011,,,,33,27,0.82,,,
,,2011 - 2012,,,,35,29,0.83,,,
,,2012 - 2013,,,,36,29,0.81,,,
,,2013 - 2014,,,,188,155,0.82,,,
,,2014 - 2015,,,,59,48,0.81,,,
,,2015 - 2016,,,,14,11,0.79,,,
,,2016 - 2017,,,,5,4,0.8,,,
,,2017 - 2018,,,,60,43,0.72,,,
,,2018 - 2019,,,,45,32,0.71,,,
,,2019 - 2020,,,,88,63,0.72,,,
,,2020 - 2021,,,,42,30,0.71,,,
,,2021 - 2022,,,,48,34,0.71,,,
,,2022 - 2023,,,,57,41,0.72,,,
,36. Jalaun,2004 - 2005,,,,,,,69,58,0.84
,,2005 - 2006,,,,,,,74,60,0.81
,,2006 - 2007,,,,,,,81,68,0.84
,,2007 - 2008,,,,81,68,0.84,,,
,,2008 - 2009,,,,75,63,0.84,,,
,,2009 - 2010,,,,70,58,0.83,,,
,,2010 - 2011,,,,76,63,0.83,,,
,,2011 - 2012,,,,47,38,0.81,,,
,,2012 - 2013,,,,367,299,0.81,,,
,,2013 - 2014,,,,127,105,0.83,,,
,,2014 - 2015,,,,166,135,0.81,,,
,,2015 - 2016,,,,47,38,0.81,,,
,,2016 - 2017,,,,22,16,0.73,,,
,,2017 - 2018,,,,134,96,0.72,,,
,,2018 - 2019,,,,99,71,0.72,,,
,,2019 - 2020,,,,94,67,0.71,,,
,,2020 - 2021,,,,79,57,0.72,,,
,,2021 - 2022,,,,60,43,0.72,,,
,,2022 - 2023,,,,93,67,0.72,,,
,37. Jaunpur,2004 - 2005,,,,,,,30,25,0.83
,,2005 - 2006,,,,,,,22,18,0.82
,,2006 - 2007,,,,,,,27,23,0.85
,,2007 - 2008,,,,27,23,0.85,,,
,,2008 - 2009,,,,3,3,1,,,
,,2009 - 2010,,,,18,15,0.83,,,
,,2010 - 2011,,,,11,9,0.82,,,
,,2011 - 2012,,,,19,16,0.84,,,
,,2012 - 2013,,,,1,1,1,,,
,,2013 - 2014,,,,30,25,0.83,,,
,,2014 - 2015,,,,23,18,0.78,,,
,,2015 - 2016,,,,21,17,0.81,,,
,,2016 - 2017,,,,21,15,0.71,,,
,,2017 - 2018,,,,19,14,0.74,,,
,,2018 - 2019,,,,36,26,0.72,,,
,,2019 - 2020,,,,24,17,0.71,,,
,,2020 - 2021,,,,24,17,0.71,,,
,,2021 - 2022,,,,25,18,0.72,,,
,,2022 - 2023,,,,26,19,0.73,,,
,38. Jhansi,2004 - 2005,,,,,,,15,13,0.87
,,2005 - 2006,,,,,,,4,3,0.75
,,2007 - 2008,,,,8,7,0.88,,,
,,2008 - 2009,,,,10,8,0.8,,,
,,2009 - 2010,,,,7,6,0.86,,,
,,2010 - 2011,,,,6,5,0.83,,,
,,2011 - 2012,,,,7,6,0.86,,,
,,2012 - 2013,,,,26,21,0.81,,,
,,2013 - 2014,,,,11,9,0.82,,,
,,2014 - 2015,,,,40,33,0.83,,,
,,2016 - 2017,,,,17,12,0.71,,,
,,2017 - 2018,,,,19,14,0.74,,,
,,2018 - 2019,,,,3,2,0.67,,,
,,2019 - 2020,,,,16,11,0.69,,,
,,2020 - 2021,,,,11,8,0.73,,,
,,2021 - 2022,,,,11,8,0.73,,,
,,2022 - 2023,,,,12,9,0.75,,,
,39. Kannauj,2006 - 2007,,,,,,,4,3,0.75
,,2007 - 2008,,,,5,4,0.8,,,
,,2008 - 2009,,,,2,1,0.5,,,
,,2009 - 2010,,,,2,2,1,,,
,,2010 - 2011,,,,3,3,1,,,
,,2011 - 2012,,,,3,3,1,,,
,,2012 - 2013,,,,3,2,0.67,,,
,,2014 - 2015,,,,2,2,1,,,
,,2016 - 2017,,,,2,1,0.5,,,
,,2017 - 2018,,,,2,1,0.5,,,
,,2018 - 2019,,,,4,3,0.75,,,
,,2019 - 2020,,,,2,1,0.5,,,
,,2020 - 2021,,,,2,1,0.5,,,
,,2021 - 2022,,,,2,1,0.5,,,
,,2022 - 2023,,,,2,1,0.5,,,
,40. Kanpur dehat,2004 - 2005,,,,,,,14,12,0.86
,,2006 - 2007,,,,,,,28,23,0.82
,,2007 - 2008,,,,12,10,0.83,,,
,,2008 - 2009,,,,12,10,0.83,,,
,,2009 - 2010,,,,13,11,0.85,,,
,,2010 - 2011,,,,13,11,0.85,,,
,,2011 - 2012,,,,49,40,0.82,,,
,,2012 - 2013,,,,18,15,0.83,,,
,,2013 - 2014,,,,58,48,0.83,,,
,,2014 - 2015,,,,6,5,0.83,,,
,,2015 - 2016,,,,134,110,0.82,,,
,,2016 - 2017,,,,53,38,0.72,,,
,,2017 - 2018,,,,54,39,0.72,,,
,,2018 - 2019,,,,47,34,0.72,,,
,,2019 - 2020,,,,59,42,0.71,,,
,,2020 - 2021,,,,69,49,0.71,,,
,,2021 - 2022,,,,56,40,0.71,,,
,,2022 - 2023,,,,57,41,0.72,,,
,41. Kanpur nagar,2004 - 2005,,,,,,,29,24,0.83
,,2005 - 2006,,,,,,,105,85,0.81
,,2006 - 2007,,,,,,,45,38,0.84
,,2007 - 2008,,,,49,41,0.84,,,
,,2009 - 2010,,,,46,38,0.83,,,
,,2010 - 2011,,,,49,41,0.84,,,
,,2011 - 2012,,,,38,31,0.82,,,
,,2012 - 2013,,,,40,33,0.83,,,
,,2014 - 2015,,,,26,21,0.81,,,
,,2015 - 2016,,,,33,27,0.82,,,
,,2016 - 2017,,,,27,19,0.7,,,
,,2017 - 2018,,,,25,18,0.72,,,
,,2018 - 2019,,,,59,42,0.71,,,
,,2019 - 2020,,,,34,24,0.71,,,
,,2020 - 2021,,,,36,26,0.72,,,
,,2021 - 2022,,,,36,26,0.72,,,
,,2022 - 2023,,,,38,27,0.71,,,
,42. Kasganj,2012 - 2013,,,,22,18,0.82,,,
,,2013 - 2014,,,,4,3,0.75,,,
,,2015 - 2016,,,,12,10,0.83,,,
,,2016 - 2017,,,,8,6,0.75,,,
,,2017 - 2018,,,,9,6,0.67,,,
,,2020 - 2021,,,,6,4,0.67,,,
,,2021 - 2022,,,,3,2,0.67,,,
,,2022 - 2023,,,,4,3,0.75,,,
,43. Kaushambi,2004 - 2005,,,,,,,43,36,0.84
,,2005 - 2006,,,,,,,24,19,0.79
,,2006 - 2007,,,,,,,28,24,0.86
,,2007 - 2008,,,,30,25,0.83,,,
,,2008 - 2009,,,,31,26,0.84,,,
,,2009 - 2010,,,,21,18,0.86,,,
,,2010 - 2011,,,,18,15,0.83,,,
,,2011 - 2012,,,,24,20,0.83,,,
,,2012 - 2013,,,,26,21,0.81,,,
,,2013 - 2014,,,,26,21,0.81,,,
,,2014 - 2015,,,,15,12,0.8,,,
,,2015 - 2016,,,,150,124,0.83,,,
,,2016 - 2017,,,,14,10,0.71,,,
,,2017 - 2018,,,,46,33,0.72,,,
,,2018 - 2019,,,,194,139,0.72,,,
,,2019 - 2020,,,,84,61,0.73,,,
,,2020 - 2021,,,,98,70,0.71,,,
,,2021 - 2022,,,,87,62,0.71,,,
,,2022 - 2023,,,,102,73,0.72,,,
,44. Kheri,2004 - 2005,,,,,,,114,97,0.85
,,2005 - 2006,,,,,,,62,50,0.81
,,2006 - 2007,,,,,,,64,54,0.84
,,2007 - 2008,,,,59,49,0.83,,,
,,2008 - 2009,,,,61,51,0.84,,,
,,2009 - 2010,,,,72,60,0.83,,,
,,2010 - 2011,,,,64,53,0.83,,,
,,2011 - 2012,,,,2,1,0.5,,,
,,2012 - 2013,,,,52,42,0.81,,,
,,2013 - 2014,,,,5,4,0.8,,,
,,2014 - 2015,,,,39,32,0.82,,,
,,2015 - 2016,,,,2,1,0.5,,,
,,2016 - 2017,,,,20,14,0.7,,,
,,2017 - 2018,,,,24,17,0.71,,,
,,2019 - 2020,,,,17,12,0.71,,,
,,2020 - 2021,,,,13,9,0.69,,,
,,2021 - 2022,,,,15,11,0.73,,,
,,2022 - 2023,,,,14,10,0.71,,,
,45. Kushi nagar,2006 - 2007,,,,,,,8,7,0.88
,,2007 - 2008,,,,12,10,0.83,,,
,,2009 - 2010,,,,7,6,0.86,,,
,,2010 - 2011,,,,5,4,0.8,,,
,,2011 - 2012,,,,6,5,0.83,,,
,,2012 - 2013,,,,6,5,0.83,,,
,,2013 - 2014,,,,28,23,0.82,,,
,,2016 - 2017,,,,8,6,0.75,,,
,,2017 - 2018,,,,8,6,0.75,,,
,,2019 - 2020,,,,3,2,0.67,,,
,,2020 - 2021,,,,4,3,0.75,,,
,,2021 - 2022,,,,5,4,0.8,,,
,,2022 - 2023,,,,4,3,0.75,,,
,46. Lucknow,2005 - 2006,,,,,,,6,5,0.83
,,2006 - 2007,,,,,,,6,5,0.83
,,2007 - 2008,,,,7,6,0.86,,,
,,2008 - 2009,,,,4,3,0.75,,,
,,2009 - 2010,,,,5,4,0.8,,,
,,2010 - 2011,,,,6,5,0.83,,,
,,2011 - 2012,,,,6,5,0.83,,,
,,2012 - 2013,,,,6,5,0.83,,,
,,2013 - 2014,,,,5,4,0.8,,,
,,2014 - 2015,,,,6,5,0.83,,,
,,2016 - 2017,,,,5,4,0.8,,,
,,2017 - 2018,,,,4,3,0.75,,,
,,2020 - 2021,,,,2,1,0.5,,,
,,2022 - 2023,,,,1,1,1,,,
,47. Maharajganj,2006 - 2007,,,,,,,2,2,1
,,2010 - 2011,,,,24,20,0.83,,,
,,2011 - 2012,,,,2,1,0.5,,,
,,2012 - 2013,,,,5,4,0.8,,,
,,2016 - 2017,,,,1,1,1,,,
,,2017 - 2018,,,,1,1,1,,,
,48. Mahoba,2006 - 2007,,,,,,,3,3,1
,,2008 - 2009,,,,1,1,1,,,
,,2009 - 2010,,,,14,12,0.86,,,
,,2011 - 2012,,,,4,3,0.75,,,
,,2012 - 2013,,,,4,3,0.75,,,
,,2013 - 2014,,,,6,4,0.67,,,
,,2014 - 2015,,,,56,46,0.82,,,
,,2016 - 2017,,,,14,10,0.71,,,
,,2017 - 2018,,,,16,11,0.69,,,
,,2019 - 2020,,,,17,12,0.71,,,
,,2020 - 2021,,,,16,11,0.69,,,
,,2021 - 2022,,,,13,9,0.69,,,
,,2022 - 2023,,,,12,9,0.75,,,
,49. Mainpuri,2004 - 2005,,,,,,,64,54,0.84
,,2005 - 2006,,,,,,,6,5,0.83
,,2006 - 2007,,,,,,,30,25,0.83
,,2007 - 2008,,,,74,62,0.84,,,
,,2008 - 2009,,,,24,20,0.83,,,
,,2009 - 2010,,,,12,10,0.83,,,
,,2010 - 2011,,,,67,56,0.84,,,
,,2011 - 2012,,,,79,64,0.81,,,
,,2012 - 2013,,,,89,73,0.82,,,
,,2013 - 2014,,,,4,3,0.75,,,
,,2014 - 2015,,,,81,66,0.81,,,
,,2015 - 2016,,,,16,13,0.81,,,
,,2016 - 2017,,,,54,39,0.72,,,
,,2017 - 2018,,,,49,35,0.71,,,
,,2018 - 2019,,,,1,1,1,,,
,,2019 - 2020,,,,40,29,0.73,,,
,,2020 - 2021,,,,32,23,0.72,,,
,,2021 - 2022,,,,35,25,0.71,,,
,,2022 - 2023,,,,31,22,0.71,,,
,50. Mathura,2004 - 2005,,,,,,,211,179,0.85
,,2005 - 2006,,,,,,,210,170,0.81
,,2006 - 2007,,,,,,,210,177,0.84
,,2007 - 2008,,,,210,176,0.84,,,
,,2008 - 2009,,,,209,176,0.84,,,
,,2009 - 2010,,,,210,176,0.84,,,
,,2010 - 2011,,,,63,52,0.83,,,
,,2011 - 2012,,,,83,68,0.82,,,
,,2012 - 2013,,,,52,42,0.81,,,
,,2013 - 2014,,,,47,39,0.83,,,
,,2014 - 2015,,,,87,71,0.82,,,
,,2015 - 2016,,,,66,54,0.82,,,
,,2016 - 2017,,,,67,48,0.72,,,
,,2017 - 2018,,,,64,46,0.72,,,
,,2018 - 2019,,,,64,46,0.72,,,
,,2019 - 2020,,,,70,50,0.71,,,
,,2020 - 2021,,,,66,47,0.71,,,
,,2021 - 2022,,,,66,47,0.71,,,
,,2022 - 2023,,,,66,48,0.73,,,
,51. Mau,2004 - 2005,,,,,,,4,3,0.75
,,2008 - 2009,,,,1,1,1,,,
,,2009 - 2010,,,,1,1,1,,,
,,2013 - 2014,,,,2,2,1,,,
,52. Meerut,2012 - 2013,,,,4,3,0.75,,,
,,2013 - 2014,,,,2,2,1,,,
,,2016 - 2017,,,,1,1,1,,,
,,2017 - 2018,,,,1,1,1,,,
,53. Mirzapur,2004 - 2005,,,,,,,66,56,0.85
,,2005 - 2006,,,,,,,34,28,0.82
,,2006 - 2007,,,,,,,66,56,0.85
,,2007 - 2008,,,,63,53,0.84,,,
,,2008 - 2009,,,,61,51,0.84,,,
,,2009 - 2010,,,,58,49,0.84,,,
,,2010 - 2011,,,,56,47,0.84,,,
,,2011 - 2012,,,,65,53,0.82,,,
,,2012 - 2013,,,,61,50,0.82,,,
,,2013 - 2014,,,,27,22,0.81,,,
,,2014 - 2015,,,,53,43,0.81,,,
,,2015 - 2016,,,,10,8,0.8,,,
,,2016 - 2017,,,,21,15,0.71,,,
,,2017 - 2018,,,,34,24,0.71,,,
,,2019 - 2020,,,,24,17,0.71,,,
,,2020 - 2021,,,,20,14,0.7,,,
,,2021 - 2022,,,,20,14,0.7,,,
,,2022 - 2023,,,,27,19,0.7,,,
,54. Moradabad,2004 - 2005,,,,,,,18,15,0.83
,,2005 - 2006,,,,,,,34,28,0.82
,,2006 - 2007,,,,,,,43,36,0.84
,,2007 - 2008,,,,30,25,0.83,,,
,,2008 - 2009,,,,42,35,0.83,,,
,,2009 - 2010,,,,33,28,0.85,,,
,,2010 - 2011,,,,36,30,0.83,,,
,,2011 - 2012,,,,37,31,0.84,,,
,,2012 - 2013,,,,36,29,0.81,,,
,,2013 - 2014,,,,37,30,0.81,,,
,,2014 - 2015,,,,35,29,0.83,,,
,,2015 - 2016,,,,17,14,0.82,,,
,,2016 - 2017,,,,32,23,0.72,,,
,,2017 - 2018,,,,31,22,0.71,,,
,,2019 - 2020,,,,23,16,0.7,,,
,,2020 - 2021,,,,30,22,0.73,,,
,,2021 - 2022,,,,23,17,0.74,,,
,,2022 - 2023,,,,21,15,0.71,,,
,55. Pilibhit,2004 - 2005,,,,,,,76,64,0.84
,,2005 - 2006,,,,,,,73,59,0.81
,,2006 - 2007,,,,,,,12,10,0.83
,,2007 - 2008,,,,39,33,0.85,,,
,,2008 - 2009,,,,40,34,0.85,,,
,,2009 - 2010,,,,48,40,0.83,,,
,,2010 - 2011,,,,8,7,0.88,,,
,,2011 - 2012,,,,29,24,0.83,,,
,,2012 - 2013,,,,33,27,0.82,,,
,,2013 - 2014,,,,32,26,0.81,,,
,,2015 - 2016,,,,18,15,0.83,,,
,,2016 - 2017,,,,14,10,0.71,,,
,,2017 - 2018,,,,19,14,0.74,,,
,,2021 - 2022,,,,7,5,0.71,,,
,,2022 - 2023,,,,5,4,0.8,,,
,56. Pratapgarh,2004 - 2005,,,,,,,28,24,0.86
,,2005 - 2006,,,,,,,1,1,1
,,2006 - 2007,,,,,,,4,3,0.75
,,2007 - 2008,,,,34,29,0.85,,,
,,2008 - 2009,,,,13,11,0.85,,,
,,2009 - 2010,,,,16,13,0.81,,,
,,2010 - 2011,,,,14,12,0.86,,,
,,2011 - 2012,,,,16,13,0.81,,,
,,2012 - 2013,,,,19,15,0.79,,,
,,2014 - 2015,,,,13,10,0.77,,,
,,2015 - 2016,,,,6,5,0.83,,,
,,2016 - 2017,,,,11,8,0.73,,,
,,2017 - 2018,,,,10,7,0.7,,,
,,2018 - 2019,,,,49,35,0.71,,,
,,2019 - 2020,,,,18,13,0.72,,,
,,2020 - 2021,,,,19,14,0.74,,,
,,2021 - 2022,,,,21,15,0.71,,,
,,2022 - 2023,,,,23,17,0.74,,,
,57. Rae bareli,2004 - 2005,,,,,,,25,21,0.84
,,2005 - 2006,,,,,,,43,35,0.81
,,2006 - 2007,,,,,,,38,32,0.84
,,2007 - 2008,,,,33,28,0.85,,,
,,2008 - 2009,,,,97,81,0.84,,,
,,2009 - 2010,,,,66,55,0.83,,,
,,2010 - 2011,,,,55,46,0.84,,,
,,2011 - 2012,,,,58,47,0.81,,,
,,2012 - 2013,,,,62,51,0.82,,,
,,2013 - 2014,,,,68,56,0.82,,,
,,2014 - 2015,,,,62,51,0.82,,,
,,2015 - 2016,,,,13,11,0.85,,,
,,2016 - 2017,,,,53,38,0.72,,,
,,2017 - 2018,,,,52,37,0.71,,,
,,2018 - 2019,,,,50,36,0.72,,,
,,2019 - 2020,,,,46,33,0.72,,,
,,2020 - 2021,,,,43,31,0.72,,,
,,2021 - 2022,,,,49,35,0.71,,,
,,2022 - 2023,,,,48,34,0.71,,,
,58. Rampur,2004 - 2005,,,,,,,10,9,0.9
,,2005 - 2006,,,,,,,9,7,0.78
,,2006 - 2007,,,,,,,6,5,0.83
,,2008 - 2009,,,,7,6,0.86,,,
,,2009 - 2010,,,,11,9,0.82,,,
,,2011 - 2012,,,,5,4,0.8,,,
,,2012 - 2013,,,,5,4,0.8,,,
,,2013 - 2014,,,,6,5,0.83,,,
,,2014 - 2015,,,,5,4,0.8,,,
,,2016 - 2017,,,,4,3,0.75,,,
,,2017 - 2018,,,,4,3,0.75,,,
,,2020 - 2021,,,,2,1,0.5,,,
,,2021 - 2022,,,,2,1,0.5,,,
,,2022 - 2023,,,,2,2,1,,,
,59. Saharanpur,2004 - 2005,,,,,,,209,177,0.85
,,2005 - 2006,,,,,,,160,130,0.81
,,2006 - 2007,,,,,,,159,134,0.84
,,2007 - 2008,,,,234,197,0.84,,,
,,2008 - 2009,,,,173,145,0.84,,,
,,2009 - 2010,,,,189,158,0.84,,,
,,2010 - 2011,,,,185,154,0.83,,,
,,2011 - 2012,,,,188,154,0.82,,,
,,2012 - 2013,,,,31,25,0.81,,,
,,2013 - 2014,,,,88,72,0.82,,,
,,2017 - 2018,,,,24,17,0.71,,,
,,2018 - 2019,,,,75,54,0.72,,,
,,2019 - 2020,,,,20,14,0.7,,,
,,2020 - 2021,,,,24,17,0.71,,,
,,2021 - 2022,,,,29,21,0.72,,,
,,2022 - 2023,,,,34,25,0.74,,,
,60. Sambhal,2012 - 2013,,,,25,20,0.8,,,
,,2013 - 2014,,,,3,3,1,,,
,,2014 - 2015,,,,6,5,0.83,,,
,,2016 - 2017,,,,7,5,0.71,,,
,,2017 - 2018,,,,8,6,0.75,,,
,,2020 - 2021,,,,3,2,0.67,,,
,,2021 - 2022,,,,4,3,0.75,,,
,,2022 - 2023,,,,3,2,0.67,,,
,61. Sant kabeer nagar,2004 - 2005,,,,,,,9,7,0.78
,,2005 - 2006,,,,,,,12,10,0.83
,,2006 - 2007,,,,,,,3,2,0.67
,,2008 - 2009,,,,12,10,0.83,,,
,,2009 - 2010,,,,7,6,0.86,,,
,,2010 - 2011,,,,34,28,0.82,,,
,,2011 - 2012,,,,30,25,0.83,,,
,,2012 - 2013,,,,18,14,0.78,,,
,,2014 - 2015,,,,14,12,0.86,,,
,,2015 - 2016,,,,1,1,1,,,
,,2016 - 2017,,,,9,6,0.67,,,
,,2017 - 2018,,,,8,6,0.75,,,
,,2018 - 2019,,,,1,1,1,,,
,,2019 - 2020,,,,7,5,0.71,,,
,,2020 - 2021,,,,5,4,0.8,,,
,,2021 - 2022,,,,6,4,0.67,,,
,,2022 - 2023,,,,8,6,0.75,,,
,62. Sant ravidas nagar,2004 - 2005,,,,,,,57,49,0.86
,,2005 - 2006,,,,,,,61,49,0.8
,,2006 - 2007,,,,,,,67,56,0.84
,,2007 - 2008,,,,16,13,0.81,,,
,,2008 - 2009,,,,41,34,0.83,,,
,,2009 - 2010,,,,48,40,0.83,,,
,,2010 - 2011,,,,47,39,0.83,,,
,,2011 - 2012,,,,44,36,0.82,,,
,,2012 - 2013,,,,27,22,0.81,,,
,,2013 - 2014,,,,7,6,0.86,,,
,,2014 - 2015,,,,35,29,0.83,,,
,,2015 - 2016,,,,49,41,0.84,,,
,,2016 - 2017,,,,32,22,0.69,,,
,,2017 - 2018,,,,30,22,0.73,,,
,,2019 - 2020,,,,29,21,0.72,,,
,,2020 - 2021,,,,28,20,0.71,,,
,,2021 - 2022,,,,24,17,0.71,,,
,,2022 - 2023,,,,22,16,0.73,,,
,63. Shahjahanpur,2004 - 2005,,,,,,,7,6,0.86
,,2005 - 2006,,,,,,,48,39,0.81
,,2006 - 2007,,,,,,,44,37,0.84
,,2007 - 2008,,,,46,39,0.85,,,
,,2008 - 2009,,,,63,53,0.84,,,
,,2009 - 2010,,,,42,35,0.83,,,
,,2010 - 2011,,,,49,41,0.84,,,
,,2011 - 2012,,,,49,40,0.82,,,
,,2012 - 2013,,,,50,41,0.82,,,
,,2013 - 2014,,,,15,13,0.87,,,
,,2014 - 2015,,,,2,2,1,,,
,,2016 - 2017,,,,23,16,0.7,,,
,,2017 - 2018,,,,18,13,0.72,,,
,,2018 - 2019,,,,10,7,0.7,,,
,,2019 - 2020,,,,11,8,0.73,,,
,,2020 - 2021,,,,12,9,0.75,,,
,,2021 - 2022,,,,15,11,0.73,,,
,,2022 - 2023,,,,13,9,0.69,,,
,64. Shravasti,2004 - 2005,,,,,,,43,36,0.84
,,2005 - 2006,,,,,,,52,42,0.81
,,2006 - 2007,,,,,,,62,52,0.84
,,2007 - 2008,,,,69,58,0.84,,,
,,2008 - 2009,,,,25,21,0.84,,,
,,2009 - 2010,,,,2,2,1,,,
,,2010 - 2011,,,,38,32,0.84,,,
,,2011 - 2012,,,,36,29,0.81,,,
,,2012 - 2013,,,,12,10,0.83,,,
,,2013 - 2014,,,,40,33,0.83,,,
,,2014 - 2015,,,,26,22,0.85,,,
,,2015 - 2016,,,,30,24,0.8,,,
,,2016 - 2017,,,,29,21,0.72,,,
,,2017 - 2018,,,,27,19,0.7,,,
,,2018 - 2019,,,,47,34,0.72,,,
,,2019 - 2020,,,,68,49,0.72,,,
,,2020 - 2021,,,,28,20,0.71,,,
,,2021 - 2022,,,,40,29,0.73,,,
,,2022 - 2023,,,,30,22,0.73,,,
,65. Siddharth nagar,2004 - 2005,,,,,,,48,41,0.85
,,2005 - 2006,,,,,,,55,44,0.8
,,2006 - 2007,,,,,,,12,10,0.83
,,2007 - 2008,,,,35,29,0.83,,,
,,2008 - 2009,,,,32,27,0.84,,,
,,2009 - 2010,,,,36,30,0.83,,,
,,2010 - 2011,,,,34,28,0.82,,,
,,2011 - 2012,,,,12,10,0.83,,,
,,2012 - 2013,,,,29,24,0.83,,,
,,2013 - 2014,,,,26,21,0.81,,,
,,2014 - 2015,,,,22,18,0.82,,,
,,2015 - 2016,,,,15,12,0.8,,,
,,2016 - 2017,,,,24,17,0.71,,,
,,2017 - 2018,,,,23,16,0.7,,,
,,2018 - 2019,,,,2,1,0.5,,,
,,2019 - 2020,,,,17,12,0.71,,,
,,2020 - 2021,,,,16,11,0.69,,,
,,2021 - 2022,,,,6,4,0.67,,,
,,2022 - 2023,,,,13,9,0.69,,,
,66. Sitapur,2004 - 2005,,,,,,,96,81,0.84
,,2005 - 2006,,,,,,,62,50,0.81
,,2006 - 2007,,,,,,,55,46,0.84
,,2007 - 2008,,,,61,51,0.84,,,
,,2008 - 2009,,,,13,11,0.85,,,
,,2009 - 2010,,,,57,48,0.84,,,
,,2010 - 2011,,,,55,46,0.84,,,
,,2011 - 2012,,,,33,27,0.82,,,
,,2012 - 2013,,,,44,36,0.82,,,
,,2013 - 2014,,,,40,33,0.83,,,
,,2014 - 2015,,,,47,38,0.81,,,
,,2015 - 2016,,,,53,44,0.83,,,
,,2016 - 2017,,,,8,6,0.75,,,
,,2017 - 2018,,,,38,27,0.71,,,
,,2019 - 2020,,,,29,21,0.72,,,
,,2020 - 2021,,,,26,19,0.73,,,
,,2021 - 2022,,,,20,14,0.7,,,
,,2022 - 2023,,,,23,16,0.7,,,
,67. Sonbhadra,2005 - 2006,,,,,,,15,12,0.8
,,2008 - 2009,,,,3,3,1,,,
,,2009 - 2010,,,,4,3,0.75,,,
,,2010 - 2011,,,,4,3,0.75,,,
,,2011 - 2012,,,,2,2,1,,,
,,2012 - 2013,,,,3,2,0.67,,,
,,2016 - 2017,,,,1,1,1,,,
,,2017 - 2018,,,,1,1,1,,,
,68. Sultanpur,2004 - 2005,,,,,,,72,61,0.85
,,2005 - 2006,,,,,,,67,54,0.81
,,2006 - 2007,,,,,,,63,53,0.84
,,2007 - 2008,,,,52,44,0.85,,,
,,2008 - 2009,,,,55,46,0.84,,,
,,2009 - 2010,,,,62,52,0.84,,,
,,2010 - 2011,,,,60,50,0.83,,,
,,2011 - 2012,,,,58,47,0.81,,,
,,2012 - 2013,,,,57,46,0.81,,,
,,2013 - 2014,,,,58,48,0.83,,,
,,2014 - 2015,,,,59,48,0.81,,,
,,2015 - 2016,,,,45,37,0.82,,,
,,2016 - 2017,,,,55,39,0.71,,,
,,2017 - 2018,,,,55,39,0.71,,,
,,2018 - 2019,,,,58,42,0.72,,,
,,2019 - 2020,,,,54,39,0.72,,,
,,2020 - 2021,,,,53,38,0.72,,,
,,2021 - 2022,,,,55,39,0.71,,,
,,2022 - 2023,,,,57,41,0.72,,,
,69. Unnao,2005 - 2006,,,,,,,51,41,0.8
,,2006 - 2007,,,,,,,55,46,0.84
,,2007 - 2008,,,,61,51,0.84,,,
,,2008 - 2009,,,,59,50,0.85,,,
,,2009 - 2010,,,,10,8,0.8,,,
,,2010 - 2011,,,,30,25,0.83,,,
,,2011 - 2012,,,,66,54,0.82,,,
,,2012 - 2013,,,,44,36,0.82,,,
,,2013 - 2014,,,,17,14,0.82,,,
,,2014 - 2015,,,,33,27,0.82,,,
,,2015 - 2016,,,,47,39,0.83,,,
,,2016 - 2017,,,,41,29,0.71,,,
,,2017 - 2018,,,,36,26,0.72,,,
,,2018 - 2019,,,,30,22,0.73,,,
,,2019 - 2020,,,,37,27,0.73,,,
,,2020 - 2021,,,,28,20,0.71,,,
,,2021 - 2022,,,,34,24,0.71,,,
,,2022 - 2023,,,,33,24,0.73,,,
,70. Varanasi,2004 - 2005,,,,,,,54,46,0.85
,,2005 - 2006,,,,,,,52,42,0.81
,,2006 - 2007,,,,,,,52,44,0.85
,,2007 - 2008,,,,53,44,0.83,,,
,,2008 - 2009,,,,56,47,0.84,,,
,,2009 - 2010,,,,53,45,0.85,,,
,,2010 - 2011,,,,53,44,0.83,,,
,,2011 - 2012,,,,53,43,0.81,,,
,,2012 - 2013,,,,53,43,0.81,,,
,,2013 - 2014,,,,54,44,0.81,,,
,,2014 - 2015,,,,14,12,0.86,,,
,,2015 - 2016,,,,103,85,0.83,,,
,,2016 - 2017,,,,55,40,0.73,,,
,,2017 - 2018,,,,56,40,0.71,,,
,,2018 - 2019,,,,56,40,0.71,,,
,,2019 - 2020,,,,57,41,0.72,,,
,,2020 - 2021,,,,61,44,0.72,,,
,,2021 - 2022,,,,57,41,0.72,,,
,,2022 - 2023,,,,57,41,0.72,,,
