State,District,Year,Mesta,,,,,,,,
,,,Kharif,,,Rabi,,,Whole Year,,
,,,Area (Hectare),Production (Bales),Yield (Bales/Hectare),Area (Hectare),Production (Bales),Yield (Bales/Hectare),Area (Hectare),Production (Bales),Yield (Bales/Hectare)
1. Andhra Pradesh,1. Anantapur,2010 - 2011,32,286,8.94,,,,,,
,,2011 - 2012,15,117,7.8,,,,,,
,,2014 - 2015,15,106,7.07,,,,,,
,2. Chittoor,2000 - 2001,6,53,8.83,,,,,,
,,2001 - 2002,5,43,8.6,,,,,,
,,2002 - 2003,4,30,7.5,,,,,,
,,2003 - 2004,2,16,8,,,,,,
,,2004 - 2005,2,17,8.5,,,,,,
,,2005 - 2006,2,18,9,,,,,,
,,2006 - 2007,2,18,9,,,,,,
,,2010 - 2011,2,18,9,,,,,,
,3. East godavari,2000 - 2001,4,35,8.75,,,,,,
,,2001 - 2002,4,34,8.5,,,,,,
,,2002 - 2003,2,15,7.5,,,,,,
,,2003 - 2004,2,16,8,,,,,,
,,2004 - 2005,2,17,8.5,,,,,,
,,2005 - 2006,6,55,9.17,,,,,,
,,2006 - 2007,2,18,9,,,,,,
,,2008 - 2009,33,262,7.94,,,,,,
,,2011 - 2012,32,,0,,,,,,
,,2013 - 2014,,,,52,472,9.08,,,
,,2014 - 2015,,,,52,355,6.83,,,
,,2015 - 2016,,,,15,140,9.33,,,
,4. Guntur,2004 - 2005,6,51,8.5,,,,,,
,,2008 - 2009,12,95,7.92,,,,,,
,,2010 - 2011,52,465,8.94,,,,,,
,,2020 - 2021,8,84,10.5,,,,,,
,5. Kadapa,2000 - 2001,3,26,8.67,,,,,,
,6. Kurnool,2001 - 2002,120,"1,021.00",8.51,,,,,,
,,2002 - 2003,86,650,7.56,,,,,,
,,2006 - 2007,160,"1,405.00",8.78,,,,,,
,,2008 - 2009,2,16,8,,,,,,
,,2010 - 2011,447,"4,001.00",8.95,,,,,,
,,2011 - 2012,"1,005.00","7,806.00",7.77,,,,,,
,,2013 - 2014,36,330,9.17,,,,,,
,,2015 - 2016,12,99,8.25,,,,,,
,,2016 - 2017,20,189,9.45,,,,,,
,,2018 - 2019,3,30,10,,,,,,
,,2022 - 2023,42,476,11.33,,,,,,
,7. Palnadu,2022 - 2023,16,181,11.31,,,,,,
,8. Parvathipuram manyam,2022 - 2023,285,"2,918.00",10.24,,,,,,
,9. Prakasam,2000 - 2001,1,9,9,,,,,,
,,2002 - 2003,1,8,8,,,,,,
,,2006 - 2007,22,193,8.77,,,,,,
,10. Spsr nellore,2000 - 2001,6,53,8.83,,,,,,
,11. Srikakulam,2000 - 2001,"19,049.00","1,41,915.00",7.45,,,,,,
,,2001 - 2002,"18,836.00","1,24,945.00",6.63,,,,,,
,,2002 - 2003,"19,221.00","1,07,958.00",5.62,,,,,,
,,2003 - 2004,"12,828.00","80,674.00",6.29,,,,,,
,,2004 - 2005,"11,492.00","80,955.00",7.04,,,,,,
,,2005 - 2006,"10,503.00","70,137.00",6.68,,,,,,
,,2006 - 2007,"14,498.00","1,01,486.00",7,,,,,,
,,2007 - 2008,"14,000.00","97,000.00",6.93,,,,,,
,,2008 - 2009,"9,162.00","67,290.00",7.34,,,,,,
,,2009 - 2010,"6,272.00","59,236.00",9.44,,,,,,
,,2010 - 2011,"5,579.00","45,314.00",8.12,,,,,,
,,2011 - 2012,"5,465.00","39,014.00",7.14,,,,,,
,,2012 - 2013,"3,000.00","15,000.00",5,,,,,,
,,2013 - 2014,"2,892.00","27,056.00",9.36,,,,,,
,,2014 - 2015,"2,487.00","18,722.00",7.53,,,,,,
,,2015 - 2016,"2,519.00","17,941.00",7.12,,,,,,
,,2016 - 2017,"2,870.00","22,099.00",7.7,,,,,,
,,2017 - 2018,"1,702.00","10,770.00",6.33,,,,,,
,,2018 - 2019,953,"8,577.00",9,,,,,,
,,2019 - 2020,482,"4,309.00",8.94,,,,,,
,,2020 - 2021,146,"1,367.00",9.36,,,,,,
,,2021 - 2022,164,"1,759.00",10.73,,,,,,
,,2022 - 2023,52,589,11.33,,,,,,
,12. Visakhapatanam,2000 - 2001,365,"3,222.00",8.83,,,,,,
,,2001 - 2002,307,"2,611.00",8.5,,,,,,
,,2002 - 2003,194,"1,467.00",7.56,,,,,,
,,2003 - 2004,22,175,7.95,,,,,,
,,2004 - 2005,115,983,8.55,,,,,,
,,2005 - 2006,69,631,9.14,,,,,,
,,2006 - 2007,88,773,8.78,,,,,,
,,2008 - 2009,36,286,7.94,,,,,,
,,2009 - 2010,34,282,8.29,,,,,,
,,2010 - 2011,27,242,8.96,,,,,,
,,2011 - 2012,10,78,7.8,,,,,,
,13. Vizianagaram,2000 - 2001,"58,199.00","5,39,957.00",9.28,,,,,,
,,2001 - 2002,"59,501.00","5,41,459.00",9.1,,,,,,
,,2002 - 2003,"61,520.00","5,02,413.00",8.17,,,,,,
,,2003 - 2004,"46,206.00","3,88,387.00",8.41,,,,,,
,,2004 - 2005,"41,747.00","3,74,100.00",8.96,,,,,,
,,2005 - 2006,"38,958.00","3,82,005.00",9.81,,,,,,
,,2006 - 2007,"46,897.00","4,37,705.00",9.33,,,,,,
,,2007 - 2008,"43,000.00","4,04,000.00",9.4,,,,,,
,,2008 - 2009,"27,918.00","2,27,532.00",8.15,,,,,,
,,2009 - 2010,"16,496.00","1,29,860.00",7.87,,,,,,
,,2010 - 2011,"19,001.00","1,74,704.00",9.19,,,,,,
,,2011 - 2012,"19,164.00","1,52,247.00",7.94,,,,,,
,,2012 - 2013,"12,000.00","1,11,000.00",9.25,,,,,,
,,2013 - 2014,"6,184.00","56,171.00",9.08,,,,,,
,,2014 - 2015,"4,135.00","28,233.00",6.83,,,,,,
,,2015 - 2016,"2,824.00","26,326.00",9.32,,,,,,
,,2016 - 2017,"3,812.00","41,106.00",10.78,,,,,,
,,2017 - 2018,"3,148.00","35,030.00",11.13,,,,,,
,,2018 - 2019,"1,978.00","21,055.00",10.64,,,,,,
,,2019 - 2020,"1,232.00","13,956.00",11.33,,,,,,
,,2020 - 2021,571,"6,122.00",10.72,,,,,,
,,2021 - 2022,530,"5,865.00",11.07,,,,,,
,,2022 - 2023,473,"5,668.00",11.98,,,,,,
2. Assam,1. Baksa,2005 - 2006,98,381,3.89,,,,,,
,,2006 - 2007,150,583,3.89,,,,,,
,,2007 - 2008,231,898,3.89,,,,,,
,,2008 - 2009,98,381,3.89,,,,,,
,,2009 - 2010,94,366,3.89,,,,,,
,,2010 - 2011,126,490,3.89,,,,,,
,,2011 - 2012,103,"1,065.00",10.34,,,,,,
,,2012 - 2013,171,695,4.06,,,,,,
,,2013 - 2014,103,544,5.28,,,,,,
,,2014 - 2015,160,673,4.21,,,,,,
,,2015 - 2016,125,"1,469.00",11.75,,,,,,
,,2016 - 2017,165,"1,168.00",7.08,,,,,,
,,2017 - 2018,165,"1,173.00",7.11,,,,,,
,,2018 - 2019,135,975,7.22,,,,,,
,,2019 - 2020,165,"1,238.00",7.5,,,,,,
,,2020 - 2021,155,580,3.74,,,,,,
,,2021 - 2022,147,543,3.69,,,,,,
,,2022 - 2023,135,507,3.76,,,,,,
,2. Barpeta,2000 - 2001,103,526,5.11,,,,,,
,,2001 - 2002,108,552,5.11,,,,,,
,,2002 - 2003,247,"1,262.00",5.11,,,,,,
,,2003 - 2004,550,"2,812.00",5.11,,,,,,
,,2004 - 2005,500,"2,556.00",5.11,,,,,,
,,2005 - 2006,479,"2,448.00",5.11,,,,,,
,,2006 - 2007,416,"2,126.00",5.11,,,,,,
,,2007 - 2008,566,"2,893.00",5.11,,,,,,
,,2008 - 2009,418,"2,136.00",5.11,,,,,,
,,2009 - 2010,402,"2,055.00",5.11,,,,,,
,,2010 - 2011,231,"1,181.00",5.11,,,,,,
,,2011 - 2012,242,"1,945.00",8.04,,,,,,
,,2012 - 2013,70,382,5.46,,,,,,
,,2013 - 2014,169,"1,356.00",8.02,,,,,,
,,2014 - 2015,174,984,5.66,,,,,,
,,2015 - 2016,164,"1,635.00",9.97,,,,,,
,,2016 - 2017,156,"1,231.00",7.89,,,,,,
,,2017 - 2018,136,"1,143.00",8.4,,,,,,
,,2018 - 2019,146,"1,217.00",8.34,,,,,,
,,2019 - 2020,145,"1,195.00",8.24,,,,,,
,,2020 - 2021,135,"1,110.00",8.22,,,,,,
,,2021 - 2022,132,"1,114.00",8.44,,,,,,
,,2022 - 2023,122,"1,036.00",8.49,,,,,,
,3. Biswanath,2020 - 2021,4,23,5.75,,,,,,
,,2021 - 2022,6,35,5.83,,,,,,
,4. Bongaigaon,2000 - 2001,665,"3,739.00",5.62,,,,,,
,,2001 - 2002,635,"3,631.00",5.72,,,,,,
,,2002 - 2003,584,"3,428.00",5.87,,,,,,
,,2003 - 2004,607,"3,523.00",5.8,,,,,,
,,2004 - 2005,589,"3,453.00",5.86,,,,,,
,,2005 - 2006,540,"3,195.00",5.92,,,,,,
,,2006 - 2007,419,"2,626.00",6.27,,,,,,
,,2007 - 2008,409,"2,590.00",6.33,,,,,,
,,2008 - 2009,393,"2,537.00",6.46,,,,,,
,,2009 - 2010,399,"2,583.00",6.47,,,,,,
,,2010 - 2011,387,"2,499.00",6.46,,,,,,
,,2011 - 2012,427,"3,262.00",7.64,,,,,,
,,2012 - 2013,366,"2,422.00",6.62,,,,,,
,,2013 - 2014,363,"2,402.00",6.62,,,,,,
,,2014 - 2015,359,"2,393.00",6.67,,,,,,
,,2015 - 2016,350,"2,421.00",6.92,,,,,,
,,2016 - 2017,355,"2,554.00",7.19,,,,,,
,,2017 - 2018,360,"2,356.00",6.54,,,,,,
,,2018 - 2019,363,"2,274.00",6.26,,,,,,
,,2019 - 2020,361,"2,270.00",6.29,,,,,,
,,2020 - 2021,323,"3,785.00",11.72,,,,,,
,,2021 - 2022,307,"3,167.00",10.32,,,,,,
,,2022 - 2023,308,"1,994.00",6.47,,,,,,
,5. Cachar,2000 - 2001,5,23,4.6,,,,,,
,,2001 - 2002,6,27,4.5,,,,,,
,,2002 - 2003,6,27,4.5,,,,,,
,,2003 - 2004,6,27,4.5,,,,,,
,,2004 - 2005,8,36,4.5,,,,,,
,,2005 - 2006,6,27,4.5,,,,,,
,,2006 - 2007,2,9,4.5,,,,,,
,,2007 - 2008,10,45,4.5,,,,,,
,,2008 - 2009,5,23,4.6,,,,,,
,,2009 - 2010,7,31,4.43,,,,,,
,,2010 - 2011,4,18,4.5,,,,,,
,,2011 - 2012,4,37,9.25,,,,,,
,,2012 - 2013,4,18,4.5,,,,,,
,,2013 - 2014,3,14,4.67,,,,,,
,,2014 - 2015,3,15,5,,,,,,
,,2015 - 2016,3,14,4.67,,,,,,
,,2016 - 2017,3,14,4.67,,,,,,
,,2017 - 2018,3,14,4.67,,,,,,
,,2018 - 2019,2,10,5,,,,,,
,,2019 - 2020,3,16,5.33,,,,,,
,,2020 - 2021,3,16,5.33,,,,,,
,,2021 - 2022,4,22,5.5,,,,,,
,,2022 - 2023,4,24,6,,,,,,
,6. Charaideo,2022 - 2023,3,20,6.67,,,,,,
,7. Chirang,2005 - 2006,144,852,5.92,,,,,,
,,2006 - 2007,215,"1,347.00",6.27,,,,,,
,,2007 - 2008,209,"1,324.00",6.33,,,,,,
,,2008 - 2009,280,"1,600.00",5.71,,,,,,
,,2009 - 2010,176,"1,075.00",6.11,,,,,,
,,2010 - 2011,204,"1,376.00",6.75,,,,,,
,,2011 - 2012,228,"1,119.00",4.91,,,,,,
,,2012 - 2013,253,"1,773.00",7.01,,,,,,
,,2013 - 2014,246,"2,660.00",10.81,,,,,,
,,2014 - 2015,152,"1,105.00",7.27,,,,,,
,,2015 - 2016,209,"2,258.00",10.8,,,,,,
,,2016 - 2017,111,"1,068.00",9.62,,,,,,
,,2017 - 2018,119,"1,146.00",9.63,,,,,,
,,2018 - 2019,187,"1,766.00",9.44,,,,,,
,,2019 - 2020,140,"1,390.00",9.93,,,,,,
,,2020 - 2021,91,905,9.95,,,,,,
,,2021 - 2022,110,899,8.17,,,,,,
,,2022 - 2023,112,823,7.35,,,,,,
,8. Darrang,2000 - 2001,"1,121.00","4,870.00",4.34,,,,,,
,,2001 - 2002,899,"3,952.00",4.4,,,,,,
,,2002 - 2003,712,"3,098.00",4.35,,,,,,
,,2003 - 2004,796,"3,454.00",4.34,,,,,,
,,2004 - 2005,740,"3,210.00",4.34,,,,,,
,,2005 - 2006,205,958,4.67,,,,,,
,,2006 - 2007,154,720,4.68,,,,,,
,,2007 - 2008,171,799,4.67,,,,,,
,,2008 - 2009,283,"1,322.00",4.67,,,,,,
,,2009 - 2010,433,"2,023.00",4.67,,,,,,
,,2010 - 2011,434,"2,028.00",4.67,,,,,,
,,2011 - 2012,343,"1,105.00",3.22,,,,,,
,,2012 - 2013,335,"1,636.00",4.88,,,,,,
,,2013 - 2014,289,"3,613.00",12.5,,,,,,
,,2014 - 2015,250,"1,263.00",5.05,,,,,,
,,2015 - 2016,247,"1,247.00",5.05,,,,,,
,,2016 - 2017,154,"1,035.00",6.72,,,,,,
,,2017 - 2018,111,639,5.76,,,,,,
,,2018 - 2019,111,640,5.77,,,,,,
,,2019 - 2020,110,799,7.26,,,,,,
,,2020 - 2021,110,565,5.14,,,,,,
,,2021 - 2022,110,590,5.36,,,,,,
,,2022 - 2023,109,745,6.83,,,,,,
,9. Dhemaji,2000 - 2001,8,25,3.13,,,,,,
,,2001 - 2002,12,38,3.17,,,,,,
,,2002 - 2003,12,39,3.25,,,,,,
,,2003 - 2004,12,39,3.25,,,,,,
,,2004 - 2005,13,42,3.23,,,,,,
,,2005 - 2006,6,19,3.17,,,,,,
,,2006 - 2007,5,16,3.2,,,,,,
,,2007 - 2008,7,22,3.14,,,,,,
,,2008 - 2009,7,22,3.14,,,,,,
,,2009 - 2010,7,22,3.14,,,,,,
,,2010 - 2011,7,22,3.14,,,,,,
,,2011 - 2012,7,34,4.86,,,,,,
,,2012 - 2013,7,24,3.43,,,,,,
,,2013 - 2014,7,24,3.43,,,,,,
,,2014 - 2015,9,31,3.44,,,,,,
,,2015 - 2016,6,24,4,,,,,,
,,2016 - 2017,6,22,3.67,,,,,,
,,2017 - 2018,3,11,3.67,,,,,,
,,2018 - 2019,2,10,5,,,,,,
,,2019 - 2020,2,12,6,,,,,,
,,2020 - 2021,2,12,6,,,,,,
,,2021 - 2022,2,12,6,,,,,,
,,2022 - 2023,16,116,7.25,,,,,,
,10. Dhubri,2000 - 2001,"1,043.00","4,812.00",4.61,,,,,,
,,2001 - 2002,975,"4,482.00",4.6,,,,,,
,,2002 - 2003,"1,215.00","5,679.00",4.67,,,,,,
,,2003 - 2004,"1,165.00","5,429.00",4.66,,,,,,
,,2004 - 2005,"1,050.00","4,873.00",4.64,,,,,,
,,2005 - 2006,865,"3,991.00",4.61,,,,,,
,,2006 - 2007,792,"3,661.00",4.62,,,,,,
,,2007 - 2008,855,"3,962.00",4.63,,,,,,
,,2008 - 2009,874,"4,041.00",4.62,,,,,,
,,2009 - 2010,817,"3,749.00",4.59,,,,,,
,,2010 - 2011,703,"3,217.00",4.58,,,,,,
,,2011 - 2012,670,"3,595.00",5.37,,,,,,
,,2012 - 2013,685,"1,415.00",2.07,,,,,,
,,2013 - 2014,600,"2,899.00",4.83,,,,,,
,,2014 - 2015,600,"2,975.00",4.96,,,,,,
,,2015 - 2016,593,"2,769.00",4.67,,,,,,
,,2016 - 2017,595,"2,868.00",4.82,,,,,,
,,2017 - 2018,595,"2,928.00",4.92,,,,,,
,,2018 - 2019,632,"3,153.00",4.99,,,,,,
,,2019 - 2020,642,"3,213.00",5,,,,,,
,,2020 - 2021,460,"2,287.00",4.97,,,,,,
,,2021 - 2022,474,"2,357.00",4.97,,,,,,
,,2022 - 2023,403,"3,163.00",7.85,,,,,,
,11. Dibrugarh,2000 - 2001,4,20,5,,,,,,
,,2001 - 2002,3,15,5,,,,,,
,,2002 - 2003,3,15,5,,,,,,
,,2003 - 2004,2,10,5,,,,,,
,,2004 - 2005,2,10,5,,,,,,
,,2006 - 2007,2,10,5,,,,,,
,,2011 - 2012,2,13,6.5,,,,,,
,,2012 - 2013,4,20,5,,,,,,
,,2013 - 2014,10,52,5.2,,,,,,
,,2014 - 2015,8,40,5,,,,,,
,,2015 - 2016,8,44,5.5,,,,,,
,,2016 - 2017,8,42,5.25,,,,,,
,,2017 - 2018,8,42,5.25,,,,,,
,,2018 - 2019,8,42,5.25,,,,,,
,,2019 - 2020,10,62,6.2,,,,,,
,,2020 - 2021,10,39,3.9,,,,,,
,,2021 - 2022,12,47,3.92,,,,,,
,,2022 - 2023,19,125,6.58,,,,,,
,12. Dima hasao,2000 - 2001,2,9,4.5,,,,,,
,,2001 - 2002,2,9,4.5,,,,,,
,,2002 - 2003,2,9,4.5,,,,,,
,,2003 - 2004,2,9,4.5,,,,,,
,,2004 - 2005,2,9,4.5,,,,,,
,,2005 - 2006,2,9,4.5,,,,,,
,,2006 - 2007,2,9,4.5,,,,,,
,,2007 - 2008,2,9,4.5,,,,,,
,,2008 - 2009,2,9,4.5,,,,,,
,,2009 - 2010,2,9,4.5,,,,,,
,,2010 - 2011,2,9,4.5,,,,,,
,,2011 - 2012,2,11,5.5,,,,,,
,,2012 - 2013,2,9,4.5,,,,,,
,,2013 - 2014,8,37,4.63,,,,,,
,,2014 - 2015,4,19,4.75,,,,,,
,,2015 - 2016,7,68,9.71,,,,,,
,,2016 - 2017,7,38,5.43,,,,,,
,,2017 - 2018,8,35,4.38,,,,,,
,,2018 - 2019,11,49,4.45,,,,,,
,,2019 - 2020,9,40,4.44,,,,,,
,,2020 - 2021,9,40,4.44,,,,,,
,,2021 - 2022,7,31,4.43,,,,,,
,,2022 - 2023,7,68,9.71,,,,,,
,13. Goalpara,2001 - 2002,271,"1,310.00",4.83,,,,,,
,,2002 - 2003,250,"1,207.00",4.83,,,,,,
,,2003 - 2004,210,0,0,,,,,,
,,2004 - 2005,240,"1,159.00",4.83,,,,,,
,,2005 - 2006,215,"1,038.00",4.83,,,,,,
,,2006 - 2007,208,"1,003.00",4.82,,,,,,
,,2007 - 2008,185,893,4.83,,,,,,
,,2008 - 2009,250,"1,206.00",4.82,,,,,,
,,2009 - 2010,210,"1,014.00",4.83,,,,,,
,,2010 - 2011,215,"1,038.00",4.83,,,,,,
,,2011 - 2012,138,606,4.39,,,,,,
,,2012 - 2013,54,273,5.06,,,,,,
,,2013 - 2014,228,"2,508.00",11,,,,,,
,,2014 - 2015,343,"1,791.00",5.22,,,,,,
,,2015 - 2016,297,"1,568.00",5.28,,,,,,
,,2016 - 2017,152,760,5,,,,,,
,,2017 - 2018,186,930,5,,,,,,
,,2018 - 2019,203,"1,184.00",5.83,,,,,,
,,2019 - 2020,192,"1,280.00",6.67,,,,,,
,,2020 - 2021,142,947,6.67,,,,,,
,,2021 - 2022,130,93,0.72,,,,,,
,,2022 - 2023,120,880,7.33,,,,,,
,14. Golaghat,2000 - 2001,6,22,3.67,,,,,,
,,2001 - 2002,7,24,3.43,,,,,,
,,2002 - 2003,6,25,4.17,,,,,,
,,2003 - 2004,6,22,3.67,,,,,,
,,2004 - 2005,6,24,4,,,,,,
,,2005 - 2006,6,24,4,,,,,,
,,2006 - 2007,5,18,3.6,,,,,,
,,2007 - 2008,5,18,3.6,,,,,,
,,2008 - 2009,5,18,3.6,,,,,,
,,2009 - 2010,1,4,4,,,,,,
,,2012 - 2013,1,5,5,,,,,,
,,2013 - 2014,1,6,6,,,,,,
,,2014 - 2015,1,6,6,,,,,,
,,2015 - 2016,2,10,5,,,,,,
,,2016 - 2017,2,11,5.5,,,,,,
,,2017 - 2018,2,11,5.5,,,,,,
,,2018 - 2019,2,10,5,,,,,,
,,2019 - 2020,1,5,5,,,,,,
,,2020 - 2021,2,10,5,,,,,,
,,2021 - 2022,2,10,5,,,,,,
,,2022 - 2023,75,408,5.44,,,,,,
,15. Hailakandi,2013 - 2014,5,25,5,,,,,,
,16. Hojai,2020 - 2021,1,13,13,,,,,,
,,2021 - 2022,1,8,8,,,,,,
,,2022 - 2023,1,8,8,,,,,,
,17. Jorhat,2002 - 2003,6,30,5,,,,,,
,,2003 - 2004,2,10,5,,,,,,
,,2006 - 2007,1,5,5,,,,,,
,,2007 - 2008,1,5,5,,,,,,
,,2008 - 2009,4,20,5,,,,,,
,,2009 - 2010,4,20,5,,,,,,
,,2010 - 2011,3,15,5,,,,,,
,,2011 - 2012,5,27,5.4,,,,,,
,,2012 - 2013,2,10,5,,,,,,
,,2013 - 2014,3,15,5,,,,,,
,,2014 - 2015,6,33,5.5,,,,,,
,,2015 - 2016,4,21,5.25,,,,,,
,,2016 - 2017,4,21,5.25,,,,,,
,,2017 - 2018,6,34,5.67,,,,,,
,,2018 - 2019,8,43,5.38,,,,,,
,,2019 - 2020,9,50,5.56,,,,,,
,,2020 - 2021,6,33,5.5,,,,,,
,,2021 - 2022,6,33,5.5,,,,,,
,,2022 - 2023,7,38,5.43,,,,,,
,18. Kamrup,2000 - 2001,227,"1,094.00",4.82,,,,,,
,,2001 - 2002,218,"1,050.00",4.82,,,,,,
,,2002 - 2003,212,"1,020.00",4.81,,,,,,
,,2003 - 2004,196,943,4.81,,,,,,
,,2004 - 2005,173,833,4.82,,,,,,
,,2005 - 2006,199,957,4.81,,,,,,
,,2006 - 2007,109,524,4.81,,,,,,
,,2007 - 2008,171,822,4.81,,,,,,
,,2008 - 2009,154,740,4.81,,,,,,
,,2009 - 2010,45,216,4.8,,,,,,
,,2010 - 2011,61,293,4.8,,,,,,
,,2011 - 2012,76,453,5.96,,,,,,
,,2012 - 2013,75,377,5.03,,,,,,
,,2013 - 2014,64,324,5.06,,,,,,
,,2014 - 2015,80,416,5.2,,,,,,
,,2015 - 2016,69,365,5.29,,,,,,
,,2016 - 2017,72,381,5.29,,,,,,
,,2017 - 2018,66,349,5.29,,,,,,
,,2018 - 2019,65,344,5.29,,,,,,
,,2019 - 2020,61,323,5.3,,,,,,
,,2020 - 2021,61,324,5.31,,,,,,
,,2021 - 2022,56,299,5.34,,,,,,
,,2022 - 2023,68,793,11.66,,,,,,
,19. Kamrup metro,2005 - 2006,12,58,4.83,,,,,,
,,2006 - 2007,30,144,4.8,,,,,,
,,2007 - 2008,13,62,4.77,,,,,,
,,2008 - 2009,11,52,4.73,,,,,,
,,2009 - 2010,10,48,4.8,,,,,,
,,2010 - 2011,15,72,4.8,,,,,,
,,2011 - 2012,14,95,6.79,,,,,,
,,2012 - 2013,12,60,5,,,,,,
,,2013 - 2014,13,69,5.31,,,,,,
,,2014 - 2015,10,52,5.2,,,,,,
,,2015 - 2016,12,64,5.33,,,,,,
,,2016 - 2017,13,69,5.31,,,,,,
,,2017 - 2018,12,64,5.33,,,,,,
,,2018 - 2019,10,53,5.3,,,,,,
,,2019 - 2020,10,53,5.3,,,,,,
,,2020 - 2021,10,53,5.3,,,,,,
,,2021 - 2022,11,59,5.36,,,,,,
,,2022 - 2023,8,93,11.63,,,,,,
,20. Karbi anglong,2000 - 2001,74,386,5.22,,,,,,
,,2001 - 2002,81,425,5.25,,,,,,
,,2002 - 2003,83,438,5.28,,,,,,
,,2003 - 2004,95,504,5.31,,,,,,
,,2004 - 2005,104,554,5.33,,,,,,
,,2005 - 2006,127,682,5.37,,,,,,
,,2006 - 2007,130,699,5.38,,,,,,
,,2007 - 2008,142,766,5.39,,,,,,
,,2008 - 2009,142,766,5.39,,,,,,
,,2009 - 2010,175,949,5.42,,,,,,
,,2010 - 2011,179,"1,375.00",7.68,,,,,,
,,2011 - 2012,175,461,2.63,,,,,,
,,2012 - 2013,181,"1,455.00",8.04,,,,,,
,,2013 - 2014,176,929,5.28,,,,,,
,,2014 - 2015,179,"1,483.00",8.28,,,,,,
,,2015 - 2016,187,976,5.22,,,,,,
,,2016 - 2017,195,"1,033.00",5.3,,,,,,
,,2017 - 2018,186,986,5.3,,,,,,
,,2018 - 2019,188,998,5.31,,,,,,
,,2019 - 2020,178,952,5.35,,,,,,
,,2020 - 2021,177,949,5.36,,,,,,
,,2021 - 2022,197,"1,056.00",5.36,,,,,,
,,2022 - 2023,143,771,5.39,,,,,,
,21. Karimganj,2004 - 2005,10,50,5,,,,,,
,,2010 - 2011,3,15,5,,,,,,
,,2011 - 2012,1,7,7,,,,,,
,,2012 - 2013,1,5,5,,,,,,
,,2013 - 2014,2,10,5,,,,,,
,,2014 - 2015,2,11,5.5,,,,,,
,,2015 - 2016,1,5,5,,,,,,
,,2016 - 2017,1,5,5,,,,,,
,,2017 - 2018,1,4,4,,,,,,
,,2018 - 2019,1,4,4,,,,,,
,,2019 - 2020,1,5,5,,,,,,
,,2020 - 2021,1,4,4,,,,,,
,22. Kokrajhar,2000 - 2001,744,"4,038.00",5.43,,,,,,
,,2001 - 2002,897,"4,912.00",5.48,,,,,,
,,2002 - 2003,978,"5,373.00",5.49,,,,,,
,,2003 - 2004,995,"5,467.00",5.49,,,,,,
,,2004 - 2005,990,"5,439.00",5.49,,,,,,
,,2005 - 2006,952,"5,238.00",5.5,,,,,,
,,2006 - 2007,"1,116.00","6,102.00",5.47,,,,,,
,,2007 - 2008,"1,211.00","6,621.00",5.47,,,,,,
,,2008 - 2009,"1,246.00","6,825.00",5.48,,,,,,
,,2009 - 2010,"1,285.00","7,035.00",5.47,,,,,,
,,2010 - 2011,"1,343.00","7,318.00",5.45,,,,,,
,,2011 - 2012,"1,270.00","7,943.00",6.25,,,,,,
,,2012 - 2013,"1,298.00","9,707.00",7.48,,,,,,
,,2013 - 2014,"1,250.00","7,192.00",5.75,,,,,,
,,2014 - 2015,"1,244.00","7,293.00",5.86,,,,,,
,,2015 - 2016,"1,096.00","8,643.00",7.89,,,,,,
,,2016 - 2017,990,"5,605.00",5.66,,,,,,
,,2017 - 2018,901,"5,085.00",5.64,,,,,,
,,2018 - 2019,785,"4,451.00",5.67,,,,,,
,,2019 - 2020,717,"4,066.00",5.67,,,,,,
,,2020 - 2021,799,"4,547.00",5.69,,,,,,
,,2021 - 2022,682,"3,876.00",5.68,,,,,,
,,2022 - 2023,800,"5,460.00",6.83,,,,,,
,23. Lakhimpur,2000 - 2001,230,"1,087.00",4.73,,,,,,
,,2001 - 2002,19,75,3.95,,,,,,
,,2002 - 2003,18,71,3.94,,,,,,
,,2003 - 2004,15,59,3.93,,,,,,
,,2004 - 2005,20,79,3.95,,,,,,
,,2005 - 2006,20,79,3.95,,,,,,
,,2006 - 2007,16,63,3.94,,,,,,
,,2007 - 2008,16,63,3.94,,,,,,
,,2008 - 2009,14,55,3.93,,,,,,
,,2009 - 2010,11,43,3.91,,,,,,
,,2010 - 2011,8,32,4,,,,,,
,,2011 - 2012,25,142,5.68,,,,,,
,,2012 - 2013,21,87,4.14,,,,,,
,,2013 - 2014,10,41,4.1,,,,,,
,,2014 - 2015,4,18,4.5,,,,,,
,,2015 - 2016,7,28,4,,,,,,
,,2016 - 2017,4,16,4,,,,,,
,,2017 - 2018,6,22,3.67,,,,,,
,,2018 - 2019,6,33,5.5,,,,,,
,,2019 - 2020,12,75,6.25,,,,,,
,,2020 - 2021,22,154,7,,,,,,
,,2021 - 2022,16,110,6.88,,,,,,
,,2022 - 2023,6,43,7.17,,,,,,
,24. Majuli,2020 - 2021,2,11,5.5,,,,,,
,,2021 - 2022,17,93,5.47,,,,,,
,,2022 - 2023,18,98,5.44,,,,,,
,25. Marigaon,2000 - 2001,200,719,3.6,,,,,,
,,2001 - 2002,200,707,3.54,,,,,,
,,2002 - 2003,210,748,3.56,,,,,,
,,2003 - 2004,200,712,3.56,,,,,,
,,2004 - 2005,150,533,3.55,,,,,,
,,2005 - 2006,180,640,3.56,,,,,,
,,2006 - 2007,131,466,3.56,,,,,,
,,2007 - 2008,110,391,3.55,,,,,,
,,2008 - 2009,120,427,3.56,,,,,,
,,2009 - 2010,113,402,3.56,,,,,,
,,2010 - 2011,97,345,3.56,,,,,,
,,2011 - 2012,214,801,3.74,,,,,,
,,2012 - 2013,150,558,3.72,,,,,,
,,2013 - 2014,100,374,3.74,,,,,,
,,2014 - 2015,178,684,3.84,,,,,,
,,2015 - 2016,168,438,2.61,,,,,,
,,2016 - 2017,160,415,2.59,,,,,,
,,2017 - 2018,150,397,2.65,,,,,,
,,2018 - 2019,65,169,2.6,,,,,,
,,2019 - 2020,51,156,3.06,,,,,,
,,2020 - 2021,45,138,3.07,,,,,,
,,2021 - 2022,18,141,7.83,,,,,,
,,2022 - 2023,14,101,7.21,,,,,,
,26. Nagaon,2000 - 2001,142,491,3.46,,,,,,
,,2001 - 2002,158,546,3.46,,,,,,
,,2002 - 2003,158,547,3.46,,,,,,
,,2003 - 2004,134,463,3.46,,,,,,
,,2004 - 2005,91,315,3.46,,,,,,
,,2005 - 2006,70,241,3.44,,,,,,
,,2006 - 2007,70,242,3.46,,,,,,
,,2007 - 2008,84,290,3.45,,,,,,
,,2008 - 2009,90,311,3.46,,,,,,
,,2009 - 2010,84,290,3.45,,,,,,
,,2010 - 2011,78,269,3.45,,,,,,
,,2011 - 2012,98,347,3.54,,,,,,
,,2012 - 2013,91,358,3.93,,,,,,
,,2013 - 2014,132,499,3.78,,,,,,
,,2014 - 2015,141,589,4.18,,,,,,
,,2015 - 2016,48,559,11.65,,,,,,
,,2016 - 2017,44,592,13.45,,,,,,
,,2017 - 2018,40,476,11.9,,,,,,
,,2018 - 2019,40,423,10.58,,,,,,
,,2019 - 2020,39,446,11.44,,,,,,
,,2020 - 2021,33,395,11.97,,,,,,
,,2021 - 2022,33,395,11.97,,,,,,
,,2022 - 2023,33,357,10.82,,,,,,
,27. Nalbari,2000 - 2001,150,583,3.89,,,,,,
,,2001 - 2002,145,564,3.89,,,,,,
,,2002 - 2003,145,564,3.89,,,,,,
,,2003 - 2004,145,564,3.89,,,,,,
,,2004 - 2005,140,544,3.89,,,,,,
,,2005 - 2006,40,156,3.9,,,,,,
,,2006 - 2007,60,233,3.88,,,,,,
,,2007 - 2008,70,272,3.89,,,,,,
,,2008 - 2009,60,234,3.9,,,,,,
,,2009 - 2010,45,175,3.89,,,,,,
,,2010 - 2011,35,136,3.89,,,,,,
,,2011 - 2012,45,234,5.2,,,,,,
,,2012 - 2013,41,167,4.07,,,,,,
,,2013 - 2014,40,164,4.1,,,,,,
,,2014 - 2015,36,151,4.19,,,,,,
,,2015 - 2016,45,175,3.89,,,,,,
,,2016 - 2017,25,102,4.08,,,,,,
,,2017 - 2018,15,61,4.07,,,,,,
,,2018 - 2019,15,63,4.2,,,,,,
,,2019 - 2020,14,60,4.29,,,,,,
,,2020 - 2021,13,112,8.62,,,,,,
,,2021 - 2022,10,90,9,,,,,,
,,2022 - 2023,11,99,9,,,,,,
,28. Sivasagar,2000 - 2001,9,47,5.22,,,,,,
,,2001 - 2002,9,44,4.89,,,,,,
,,2002 - 2003,9,45,5,,,,,,
,,2003 - 2004,10,50,5,,,,,,
,,2004 - 2005,6,29,4.83,,,,,,
,,2005 - 2006,4,20,5,,,,,,
,,2006 - 2007,3,15,5,,,,,,
,,2007 - 2008,1,5,5,,,,,,
,,2011 - 2012,2,13,6.5,,,,,,
,,2012 - 2013,4,21,5.25,,,,,,
,,2013 - 2014,9,48,5.33,,,,,,
,,2014 - 2015,6,32,5.33,,,,,,
,,2015 - 2016,6,33,5.5,,,,,,
,,2016 - 2017,4,22,5.5,,,,,,
,,2017 - 2018,6,33,5.5,,,,,,
,,2018 - 2019,4,21,5.25,,,,,,
,,2019 - 2020,4,24,6,,,,,,
,,2020 - 2021,4,26,6.5,,,,,,
,,2021 - 2022,4,26,6.5,,,,,,
,,2022 - 2023,5,33,6.6,,,,,,
,29. Sonitpur,2000 - 2001,315,"2,061.00",6.54,,,,,,
,,2001 - 2002,323,"2,116.00",6.55,,,,,,
,,2002 - 2003,275,"1,795.00",6.53,,,,,,
,,2003 - 2004,270,"1,760.00",6.52,,,,,,
,,2004 - 2005,259,"1,696.00",6.55,,,,,,
,,2005 - 2006,263,"1,660.00",6.31,,,,,,
,,2006 - 2007,258,"1,688.00",6.54,,,,,,
,,2007 - 2008,211,"1,758.00",8.33,,,,,,
,,2008 - 2009,205,"1,481.00",7.22,,,,,,
,,2009 - 2010,152,"1,126.00",7.41,,,,,,
,,2010 - 2011,205,"1,575.00",7.68,,,,,,
,,2011 - 2012,199,"1,680.00",8.44,,,,,,
,,2012 - 2013,212,"1,702.00",8.03,,,,,,
,,2013 - 2014,202,"1,684.00",8.34,,,,,,
,,2014 - 2015,193,"1,602.00",8.3,,,,,,
,,2015 - 2016,185,"1,385.00",7.49,,,,,,
,,2016 - 2017,165,"1,245.00",7.55,,,,,,
,,2017 - 2018,165,"1,100.00",6.67,,,,,,
,,2018 - 2019,134,689,5.14,,,,,,
,,2019 - 2020,182,"1,057.00",5.81,,,,,,
,,2020 - 2021,134,778,5.81,,,,,,
,,2021 - 2022,121,958,7.92,,,,,,
,,2022 - 2023,117,926,7.91,,,,,,
,30. South salmara mancachar,2020 - 2021,150,765,5.1,,,,,,
,,2021 - 2022,154,785,5.1,,,,,,
,,2022 - 2023,128,626,4.89,,,,,,
,31. Tinsukia,2000 - 2001,1,5,5,,,,,,
,,2001 - 2002,1,5,5,,,,,,
,,2002 - 2003,2,9,4.5,,,,,,
,,2003 - 2004,2,10,5,,,,,,
,,2004 - 2005,2,10,5,,,,,,
,,2005 - 2006,1,5,5,,,,,,
,,2006 - 2007,1,5,5,,,,,,
,,2007 - 2008,2,10,5,,,,,,
,,2008 - 2009,4,18,4.5,,,,,,
,,2009 - 2010,5,23,4.6,,,,,,
,,2010 - 2011,2,10,5,,,,,,
,,2011 - 2012,1,5,5,,,,,,
,,2012 - 2013,1,9,9,,,,,,
,,2013 - 2014,1,5,5,,,,,,
,,2014 - 2015,1,5,5,,,,,,
,,2015 - 2016,1,5,5,,,,,,
,,2016 - 2017,1,5,5,,,,,,
,,2017 - 2018,1,5,5,,,,,,
,,2018 - 2019,1,5,5,,,,,,
,,2020 - 2021,1,4,4,,,,,,
,,2021 - 2022,1,4,4,,,,,,
,32. Udalguri,2005 - 2006,480,"2,000.00",4.17,,,,,,
,,2006 - 2007,565,"2,354.00",4.17,,,,,,
,,2007 - 2008,571,"2,379.00",4.17,,,,,,
,,2008 - 2009,620,"2,583.00",4.17,,,,,,
,,2009 - 2010,523,"2,179.00",4.17,,,,,,
,,2010 - 2011,628,"2,617.00",4.17,,,,,,
,,2011 - 2012,586,"2,718.00",4.64,,,,,,
,,2012 - 2013,438,"1,908.00",4.36,,,,,,
,,2013 - 2014,410,"1,799.00",4.39,,,,,,
,,2014 - 2015,456,"2,052.00",4.5,,,,,,
,,2015 - 2016,464,"2,036.00",4.39,,,,,,
,,2016 - 2017,152,"1,022.00",6.72,,,,,,
,,2017 - 2018,167,"1,123.00",6.72,,,,,,
,,2018 - 2019,163,"1,096.00",6.72,,,,,,
,,2019 - 2020,163,"1,223.00",7.5,,,,,,
,,2020 - 2021,165,"1,577.00",9.56,,,,,,
,,2021 - 2022,113,"1,011.00",8.95,,,,,,
,,2022 - 2023,108,993,9.19,,,,,,
,33. West karbi anglong,2020 - 2021,48,257,5.35,,,,,,
,,2021 - 2022,45,241,5.36,,,,,,
,,2022 - 2023,43,231,5.37,,,,,,
3. Bihar,1. Araria,2000 - 2001,"4,437.00","56,301.00",12.69,,,,,,
,,2001 - 2002,"2,533.00","18,069.00",7.13,,,,,,
,,2002 - 2003,"3,354.00","15,298.00",4.56,,,,,,
,,2003 - 2004,"2,321.00","15,628.00",6.73,,,,,,
,,2004 - 2005,"2,241.00","17,886.00",7.98,,,,,,
,,2005 - 2006,"3,392.00","42,720.00",12.59,,,,,,
,,2006 - 2007,"3,042.00","22,190.00",7.29,,,,,,
,,2007 - 2008,"2,441.00","19,447.00",7.97,,,,,,
,,2008 - 2009,"2,609.00","19,140.00",7.34,,,,,,
,,2009 - 2010,"2,761.00","12,501.00",4.53,,,,,,
,,2010 - 2011,"2,850.00","16,087.00",5.64,,,,,,
,,2011 - 2012,"2,746.00","14,783.00",5.38,,,,,,
,,2012 - 2013,"2,746.00","1,895.00",0.69,,,,,,
,,2013 - 2014,854,"13,560.00",15.88,,,,,,
,,2014 - 2015,640,"5,479.00",8.56,,,,,,
,,2015 - 2016,637,"6,108.00",9.59,,,,,,
,,2016 - 2017,710,"1,163.00",1.64,,,,,,
,2. Arwal,2004 - 2005,4,32,8,,,,,,
,,2005 - 2006,4,39,9.75,,,,,,
,,2007 - 2008,6,56,9.33,,,,,,
,,2008 - 2009,6,52,8.67,,,,,,
,,2009 - 2010,3,22,7.33,,,,,,
,,2010 - 2011,4,34,8.5,,,,,,
,,2011 - 2012,7,87,12.43,,,,,,
,,2012 - 2013,7,16,2.29,,,,,,
,,2013 - 2014,4,61,15.25,,,,,,
,3. Aurangabad,2000 - 2001,2,15,7.5,,,,,,
,,2005 - 2006,1,10,10,,,,,,
,4. Banka,2002 - 2003,102,613,6.01,,,,,,
,,2005 - 2006,189,"2,452.00",12.97,,,,,,
,,2006 - 2007,186,"1,587.00",8.53,,,,,,
,,2009 - 2010,92,661,7.18,,,,,,
,5. Begusarai,2001 - 2002,13,85,6.54,,,,,,
,,2002 - 2003,16,96,6,,,,,,
,,2004 - 2005,125,997,7.98,,,,,,
,,2006 - 2007,97,828,8.54,,,,,,
,,2007 - 2008,86,796,9.26,,,,,,
,,2009 - 2010,11,79,7.18,,,,,,
,,2010 - 2011,21,177,8.43,,,,,,
,,2011 - 2012,21,260,12.38,,,,,,
,,2012 - 2013,11,26,2.36,,,,,,
,,2013 - 2014,21,320,15.24,,,,,,
,,2014 - 2015,9,120,13.33,,,,,,
,,2016 - 2017,13,31,2.38,,,,,,
,,2021 - 2022,3,33.33,11.11,,,,,,
,6. Bhagalpur,2000 - 2001,66,509,7.71,,,,,,
,,2001 - 2002,199,"1,294.00",6.5,,,,,,
,,2003 - 2004,32,222,6.94,,,,,,
,,2004 - 2005,29,231,7.97,,,,,,
,,2006 - 2007,19,162,8.53,,,,,,
,,2007 - 2008,29,269,9.28,,,,,,
,,2008 - 2009,825,"7,173.00",8.69,,,,,,
,,2009 - 2010,402,"2,888.00",7.18,,,,,,
,,2011 - 2012,316,"3,908.00",12.37,,,,,,
,,2012 - 2013,262,776,2.96,,,,,,
,,2013 - 2014,141,"3,518.00",24.95,,,,,,
,,2014 - 2015,107,"1,593.00",14.89,,,,,,
,,2015 - 2016,42,820,19.52,,,,,,
,,2016 - 2017,42,99,2.36,,,,,,
,,2017 - 2018,44,65,1.48,,,,,,
,,2018 - 2019,42,81,1.93,,,,,,
,,2019 - 2020,42,86,2.05,,,,,,
,,2020 - 2021,36,472.22,13.12,,,,,,
,,2021 - 2022,36,394.44,10.96,,,,,,
,,2022 - 2023,35,416.67,11.9,,,,,,
,7. Bhojpur,2004 - 2005,5,40,8,,,,,,
,,2005 - 2006,11,108,9.82,,,,,,
,,2006 - 2007,10,85,8.5,,,,,,
,,2007 - 2008,16,148,9.25,,,,,,
,,2008 - 2009,16,139,8.69,,,,,,
,,2009 - 2010,17,122,7.18,,,,,,
,,2010 - 2011,17,143,8.41,,,,,,
,,2011 - 2012,17,210,12.35,,,,,,
,8. Darbhanga,2000 - 2001,18,78,4.33,,,,,,
,,2001 - 2002,16,104,6.5,,,,,,
,,2005 - 2006,51,256,5.02,,,,,,
,9. Gaya,2003 - 2004,12,83,6.92,,,,,,
,,2004 - 2005,1,8,8,,,,,,
,,2005 - 2006,9,89,9.89,,,,,,
,,2007 - 2008,7,65,9.29,,,,,,
,,2008 - 2009,6,52,8.67,,,,,,
,,2009 - 2010,3,22,7.33,,,,,,
,,2011 - 2012,1,12,12,,,,,,
,,2012 - 2013,1,2,2,,,,,,
,10. Gopalganj,2000 - 2001,144,"1,111.00",7.72,,,,,,
,,2001 - 2002,25,162,6.48,,,,,,
,,2002 - 2003,139,835,6.01,,,,,,
,,2003 - 2004,9,62,6.89,,,,,,
,,2004 - 2005,19,152,8,,,,,,
,,2005 - 2006,12,118,9.83,,,,,,
,,2006 - 2007,13,111,8.54,,,,,,
,,2007 - 2008,11,102,9.27,,,,,,
,,2008 - 2009,11,96,8.73,,,,,,
,,2009 - 2010,12,86,7.17,,,,,,
,,2010 - 2011,12,101,8.42,,,,,,
,11. Jamui,2002 - 2003,30,180,6,,,,,,
,,2003 - 2004,76,527,6.93,,,,,,
,,2004 - 2005,67,535,7.99,,,,,,
,12. Jehanabad,2006 - 2007,4,34,8.5,,,,,,
,,2007 - 2008,2,19,9.5,,,,,,
,,2010 - 2011,1,8,8,,,,,,
,,2014 - 2015,2,27,13.5,,,,,,
,,2015 - 2016,15,293,19.53,,,,,,
,13. Katihar,2000 - 2001,"1,602.00","8,633.00",5.39,,,,,,
,,2001 - 2002,"1,400.00","9,504.00",6.79,,,,,,
,,2002 - 2003,"1,466.00","6,149.00",4.19,,,,,,
,,2003 - 2004,"3,457.00","20,915.00",6.05,,,,,,
,,2004 - 2005,"1,704.00","12,269.00",7.2,,,,,,
,,2006 - 2007,"2,834.00","26,592.00",9.38,,,,,,
,,2007 - 2008,"2,884.00","22,159.00",7.68,,,,,,
,,2008 - 2009,"2,910.00","25,592.00",8.79,,,,,,
,,2009 - 2010,"2,889.00","26,563.00",9.19,,,,,,
,,2010 - 2011,"2,912.00","24,752.00",8.5,,,,,,
,,2011 - 2012,"2,102.00","35,816.00",17.04,,,,,,
,,2012 - 2013,"2,087.00","5,664.00",2.71,,,,,,
,,2013 - 2014,"2,069.00","31,035.00",15,,,,,,
,,2014 - 2015,"2,059.00","23,804.00",11.56,,,,,,
,,2015 - 2016,"2,141.00","35,065.00",16.38,,,,,,
,,2016 - 2017,"2,097.00","4,211.00",2.01,,,,,,
,,2017 - 2018,"1,636.00","1,842.00",1.13,,,,,,
,,2018 - 2019,994,"2,444.00",2.46,,,,,,
,,2019 - 2020,764,"3,350.00",4.38,,,,,,
,,2020 - 2021,596,"11,988.89",20.12,,,,,,
,,2021 - 2022,687,"8,955.56",13.04,,,,,,
,,2022 - 2023,584,"6,555.56",11.23,,,,,,
,14. Khagaria,2000 - 2001,49,378,7.71,,,,,,
,,2005 - 2006,21,207,9.86,,,,,,
,,2010 - 2011,370,"3,122.00",8.44,,,,,,
,,2012 - 2013,3,7,2.33,,,,,,
,,2013 - 2014,3,46,15.33,,,,,,
,,2014 - 2015,3,40,13.33,,,,,,
,,2015 - 2016,4,78,19.5,,,,,,
,,2019 - 2020,5,10,2,,,,,,
,,2020 - 2021,5,66.67,13.33,,,,,,
,,2021 - 2022,12,133.33,11.11,,,,,,
,,2022 - 2023,12,144.44,12.04,,,,,,
,15. Kishanganj,2000 - 2001,"1,204.00","8,603.00",7.15,,,,,,
,,2001 - 2002,"1,566.00","9,587.00",6.12,,,,,,
,,2002 - 2003,"1,601.00","9,161.00",5.72,,,,,,
,,2003 - 2004,"2,362.00","14,526.00",6.15,,,,,,
,,2004 - 2005,"2,265.00","15,352.00",6.78,,,,,,
,,2005 - 2006,"2,663.00","20,683.00",7.77,,,,,,
,,2006 - 2007,"2,037.00","13,569.00",6.66,,,,,,
,,2007 - 2008,"1,930.00","12,577.00",6.52,,,,,,
,,2008 - 2009,"1,927.00","12,504.00",6.49,,,,,,
,,2009 - 2010,"1,808.00","10,798.00",5.97,,,,,,
,,2010 - 2011,"1,761.00","8,815.00",5.01,,,,,,
,,2011 - 2012,"1,637.00","14,169.00",8.66,,,,,,
,,2012 - 2013,"1,534.00","3,019.00",1.97,,,,,,
,,2013 - 2014,"1,398.00","22,197.00",15.88,,,,,,
,,2014 - 2015,"1,386.00","13,560.00",9.78,,,,,,
,,2015 - 2016,"1,452.00","21,328.00",14.69,,,,,,
,,2016 - 2017,"1,462.00","3,770.00",2.58,,,,,,
,,2017 - 2018,"1,471.00","3,132.00",2.13,,,,,,
,,2018 - 2019,"1,483.00","3,185.00",2.15,,,,,,
,,2019 - 2020,"1,603.00","4,697.00",2.93,,,,,,
,,2020 - 2021,"1,692.00","18,961.11",11.21,,,,,,
,,2021 - 2022,"1,528.00","16,400.00",10.73,,,,,,
,,2022 - 2023,"1,381.00","15,305.56",11.08,,,,,,
,16. Lakhisarai,2005 - 2006,39,384,9.85,,,,,,
,17. Madhepura,2000 - 2001,"1,110.00","10,237.00",9.22,,,,,,
,,2001 - 2002,"1,591.00","10,342.00",6.5,,,,,,
,,2002 - 2003,"2,885.00","23,577.00",8.17,,,,,,
,,2003 - 2004,"2,427.00","25,403.00",10.47,,,,,,
,,2004 - 2005,"2,063.00","16,458.00",7.98,,,,,,
,,2005 - 2006,695,"4,622.00",6.65,,,,,,
,,2006 - 2007,"2,049.00","18,976.00",9.26,,,,,,
,,2007 - 2008,"2,312.00","31,713.00",13.72,,,,,,
,,2008 - 2009,"2,152.00","24,509.00",11.39,,,,,,
,,2009 - 2010,"1,809.00","9,115.00",5.04,,,,,,
,,2010 - 2011,"2,105.00","10,619.00",5.04,,,,,,
,,2011 - 2012,"1,920.00","13,867.00",7.22,,,,,,
,,2012 - 2013,"2,131.00","3,094.00",1.45,,,,,,
,,2013 - 2014,"4,153.00","61,626.00",14.84,,,,,,
,,2014 - 2015,"5,707.00","78,661.00",13.78,,,,,,
,,2015 - 2016,"5,382.00","1,22,470.00",22.76,,,,,,
,,2016 - 2017,"5,800.00","13,038.00",2.25,,,,,,
,,2017 - 2018,"5,384.00","12,674.00",2.35,,,,,,
,,2018 - 2019,"2,125.00","7,948.00",3.74,,,,,,
,,2019 - 2020,"2,128.00","4,460.00",2.1,,,,,,
,,2020 - 2021,"2,488.00","41,050.00",16.5,,,,,,
,,2021 - 2022,"2,312.00","25,755.56",11.14,,,,,,
,,2022 - 2023,"2,917.00","32,572.22",11.17,,,,,,
,18. Madhubani,2000 - 2001,50,216,4.32,,,,,,
,,2001 - 2002,32,208,6.5,,,,,,
,,2002 - 2003,114,750,6.58,,,,,,
,,2003 - 2004,55,293,5.33,,,,,,
,,2004 - 2005,48,383,7.98,,,,,,
,,2005 - 2006,695,"3,494.00",5.03,,,,,,
,,2006 - 2007,26,111,4.27,,,,,,
,,2007 - 2008,27,74,2.74,,,,,,
,,2008 - 2009,25,145,5.8,,,,,,
,,2009 - 2010,22,172,7.82,,,,,,
,,2010 - 2011,11,93,8.45,,,,,,
,,2011 - 2012,5,62,12.4,,,,,,
,,2014 - 2015,32,427,13.34,,,,,,
,,2016 - 2017,10,24,2.4,,,,,,
,,2017 - 2018,10,15,1.5,,,,,,
,,2018 - 2019,10,19,1.9,,,,,,
,,2019 - 2020,9,30,3.33,,,,,,
,,2021 - 2022,12,133.33,11.11,,,,,,
,19. Muzaffarpur,2000 - 2001,220,"1,165.00",5.3,,,,,,
,,2001 - 2002,178,581,3.26,,,,,,
,,2002 - 2003,153,717,4.69,,,,,,
,,2003 - 2004,153,683,4.46,,,,,,
,,2004 - 2005,136,"1,085.00",7.98,,,,,,
,,2005 - 2006,125,738,5.9,,,,,,
,,2006 - 2007,113,706,6.25,,,,,,
,,2007 - 2008,128,822,6.42,,,,,,
,,2008 - 2009,314,"2,079.00",6.62,,,,,,
,,2009 - 2010,168,"1,188.00",7.07,,,,,,
,,2010 - 2011,124,"2,131.00",17.19,,,,,,
,,2011 - 2012,124,"1,533.00",12.36,,,,,,
,,2012 - 2013,119,402,3.38,,,,,,
,,2013 - 2014,44,290,6.59,,,,,,
,,2014 - 2015,16,207,12.94,,,,,,
,,2015 - 2016,272,"3,806.00",13.99,,,,,,
,20. Nalanda,2007 - 2008,1,9,9,,,,,,
,21. Nawada,2003 - 2004,6,42,7,,,,,,
,,2013 - 2014,2,31,15.5,,,,,,
,,2014 - 2015,7,93,13.29,,,,,,
,,2015 - 2016,13,182,14,,,,,,
,,2016 - 2017,9,21,2.33,,,,,,
,,2017 - 2018,2,3,1.5,,,,,,
,,2018 - 2019,2,4,2,,,,,,
,22. Pashchim champaran,2002 - 2003,94,440,4.68,,,,,,
,,2009 - 2010,7,50,7.14,,,,,,
,,2010 - 2011,7,120,17.14,,,,,,
,,2013 - 2014,14,92,6.57,,,,,,
,,2014 - 2015,12,155,12.92,,,,,,
,,2015 - 2016,32,625,19.53,,,,,,
,,2016 - 2017,9,21,2.33,,,,,,
,23. Patna,2019 - 2020,19,39,2.05,,,,,,
,24. Purbi champaran,2001 - 2002,6,20,3.33,,,,,,
,,2002 - 2003,12,56,4.67,,,,,,
,,2003 - 2004,10,45,4.5,,,,,,
,,2004 - 2005,9,72,8,,,,,,
,,2005 - 2006,9,53,5.89,,,,,,
,,2006 - 2007,9,56,6.22,,,,,,
,,2007 - 2008,9,58,6.44,,,,,,
,,2008 - 2009,9,60,6.67,,,,,,
,,2009 - 2010,4,28,7,,,,,,
,,2010 - 2011,7,120,17.14,,,,,,
,,2011 - 2012,2,25,12.5,,,,,,
,,2012 - 2013,1,3,3,,,,,,
,25. Purnia,2000 - 2001,"14,794.00","98,216.00",6.64,,,,,,
,,2001 - 2002,"3,724.00","25,468.00",6.84,,,,,,
,,2002 - 2003,"4,942.00","29,460.00",5.96,,,,,,
,,2003 - 2004,"4,254.00","29,164.00",6.86,,,,,,
,,2004 - 2005,"3,348.00","30,746.00",9.18,,,,,,
,,2005 - 2006,"2,114.00","14,281.00",6.76,,,,,,
,,2006 - 2007,"3,314.00","21,872.00",6.6,,,,,,
,,2007 - 2008,"2,564.00","18,959.00",7.39,,,,,,
,,2008 - 2009,"2,275.00","17,480.00",7.68,,,,,,
,,2009 - 2010,"3,001.00","22,041.00",7.34,,,,,,
,,2010 - 2011,"3,053.00","21,490.00",7.04,,,,,,
,,2011 - 2012,"3,011.00","45,165.00",15,,,,,,
,,2012 - 2013,841,"2,355.00",2.8,,,,,,
,,2013 - 2014,"2,881.00","47,569.00",16.51,,,,,,
,,2014 - 2015,"1,501.00","27,226.00",18.14,,,,,,
,,2015 - 2016,"1,852.00","27,368.00",14.78,,,,,,
,,2016 - 2017,"1,716.00","6,293.00",3.67,,,,,,
,,2017 - 2018,"1,503.00","2,406.00",1.6,,,,,,
,,2018 - 2019,193,439,2.27,,,,,,
,,2019 - 2020,2,6,3,,,,,,
,26. Rohtas,2001 - 2002,6,39,6.5,,,,,,
,,2002 - 2003,2,12,6,,,,,,
,,2003 - 2004,5,35,7,,,,,,
,,2010 - 2011,2,17,8.5,,,,,,
,,2012 - 2013,3,7,2.33,,,,,,
,27. Saharsa,2000 - 2001,100,831,8.31,,,,,,
,,2001 - 2002,117,761,6.5,,,,,,
,,2002 - 2003,160,"1,182.00",7.39,,,,,,
,,2003 - 2004,233,"1,951.00",8.37,,,,,,
,,2004 - 2005,210,"1,675.00",7.98,,,,,,
,,2005 - 2006,"1,709.00","29,926.00",17.51,,,,,,
,,2006 - 2007,131,"1,507.00",11.5,,,,,,
,,2007 - 2008,98,"1,120.00",11.43,,,,,,
,,2008 - 2009,33,352,10.67,,,,,,
,,2009 - 2010,186,"1,452.00",7.81,,,,,,
,,2010 - 2011,365,"3,934.00",10.78,,,,,,
,,2011 - 2012,80,"1,053.00",13.16,,,,,,
,,2014 - 2015,82,"1,133.00",13.82,,,,,,
,,2015 - 2016,33,751,22.76,,,,,,
,,2016 - 2017,30,67,2.23,,,,,,
,,2017 - 2018,18,26,1.44,,,,,,
,,2018 - 2019,17,31,1.82,,,,,,
,,2019 - 2020,16,27,1.69,,,,,,
,,2020 - 2021,16,211.11,13.19,,,,,,
,,2021 - 2022,17,188.89,11.11,,,,,,
,,2022 - 2023,19,227.78,11.99,,,,,,
,28. Samastipur,2000 - 2001,"1,028.00","4,432.00",4.31,,,,,,
,,2001 - 2002,872,"5,668.00",6.5,,,,,,
,,2002 - 2003,846,"5,565.00",6.58,,,,,,
,,2003 - 2004,788,"4,203.00",5.33,,,,,,
,,2004 - 2005,742,"5,920.00",7.98,,,,,,
,,2005 - 2006,112,"1,103.00",9.85,,,,,,
,,2006 - 2007,628,"2,676.00",4.26,,,,,,
,,2007 - 2008,575,"1,134.00",1.97,,,,,,
,,2008 - 2009,559,"3,242.00",5.8,,,,,,
,,2009 - 2010,519,"4,066.00",7.83,,,,,,
,,2010 - 2011,238,"2,008.00",8.44,,,,,,
,,2013 - 2014,265,"4,043.00",15.26,,,,,,
,,2014 - 2015,"1,070.00","14,279.00",13.34,,,,,,
,,2016 - 2017,305,723,2.37,,,,,,
,,2017 - 2018,595,880,1.48,,,,,,
,,2018 - 2019,238,461,1.94,,,,,,
,,2019 - 2020,190,635,3.34,,,,,,
,,2020 - 2021,179,"2,355.56",13.16,,,,,,
,,2021 - 2022,182,"2,005.56",11.02,,,,,,
,,2022 - 2023,176,"2,088.89",11.87,,,,,,
,29. Saran,2000 - 2001,21,162,7.71,,,,,,
,,2001 - 2002,17,110,6.47,,,,,,
,,2002 - 2003,38,228,6,,,,,,
,,2003 - 2004,142,985,6.94,,,,,,
,,2004 - 2005,32,255,7.97,,,,,,
,,2005 - 2006,67,660,9.85,,,,,,
,,2007 - 2008,38,352,9.26,,,,,,
,,2008 - 2009,41,356,8.68,,,,,,
,,2009 - 2010,24,172,7.17,,,,,,
,,2010 - 2011,35,295,8.43,,,,,,
,,2012 - 2013,8,19,2.38,,,,,,
,,2014 - 2015,24,320,13.33,,,,,,
,,2015 - 2016,10,140,14,,,,,,
,,2016 - 2017,1,2,2,,,,,,
,,2017 - 2018,1,1,1,,,,,,
,,2018 - 2019,1,2,2,,,,,,
,30. Sheohar,2005 - 2006,439,"2,590.00",5.9,,,,,,
,,2006 - 2007,3,19,6.33,,,,,,
,,2015 - 2016,13,254,19.54,,,,,,
,31. Sitamarhi,2000 - 2001,168,889,5.29,,,,,,
,,2001 - 2002,64,209,3.27,,,,,,
,,2002 - 2003,80,375,4.69,,,,,,
,,2003 - 2004,80,357,4.46,,,,,,
,,2004 - 2005,74,590,7.97,,,,,,
,,2005 - 2006,76,448,5.89,,,,,,
,,2006 - 2007,68,425,6.25,,,,,,
,,2007 - 2008,97,623,6.42,,,,,,
,,2008 - 2009,116,768,6.62,,,,,,
,,2009 - 2010,98,693,7.07,,,,,,
,,2010 - 2011,119,"2,045.00",17.18,,,,,,
,,2011 - 2012,33,408,12.36,,,,,,
,,2015 - 2016,537,"10,486.00",19.53,,,,,,
,32. Siwan,2000 - 2001,48,370,7.71,,,,,,
,,2001 - 2002,25,162,6.48,,,,,,
,,2002 - 2003,23,138,6,,,,,,
,,2003 - 2004,22,153,6.95,,,,,,
,,2004 - 2005,10,80,8,,,,,,
,,2005 - 2006,453,"4,460.00",9.85,,,,,,
,,2006 - 2007,16,134,8.38,,,,,,
,,2007 - 2008,18,167,9.28,,,,,,
,,2008 - 2009,15,130,8.67,,,,,,
,,2009 - 2010,15,108,7.2,,,,,,
,,2010 - 2011,18,152,8.44,,,,,,
,,2012 - 2013,18,42,2.33,,,,,,
,,2013 - 2014,17,259,15.24,,,,,,
,,2014 - 2015,16,214,13.38,,,,,,
,,2016 - 2017,15,36,2.4,,,,,,
,,2017 - 2018,14,21,1.5,,,,,,
,,2018 - 2019,14,27,1.93,,,,,,
,,2019 - 2020,14,29,2.07,,,,,,
,,2020 - 2021,14,183.33,13.1,,,,,,
,,2021 - 2022,14,155.56,11.11,,,,,,
,,2022 - 2023,14,166.67,11.91,,,,,,
,33. Supaul,2000 - 2001,"6,255.00","50,978.00",8.15,,,,,,
,,2001 - 2002,"2,401.00","15,607.00",6.5,,,,,,
,,2002 - 2003,"3,374.00","22,662.00",6.72,,,,,,
,,2003 - 2004,"3,276.00","22,331.00",6.82,,,,,,
,,2004 - 2005,"1,989.00","15,868.00",7.98,,,,,,
,,2005 - 2006,"1,646.00","13,598.00",8.26,,,,,,
,,2006 - 2007,"3,142.00","40,706.00",12.96,,,,,,
,,2007 - 2008,"8,811.00","95,453.00",10.83,,,,,,
,,2008 - 2009,"4,663.00","48,133.00",10.32,,,,,,
,,2009 - 2010,"2,846.00","27,211.00",9.56,,,,,,
,,2010 - 2011,"2,707.00","41,237.00",15.23,,,,,,
,,2011 - 2012,"7,491.00","1,09,993.00",14.68,,,,,,
,,2012 - 2013,"7,491.00","22,443.00",3,,,,,,
,,2013 - 2014,"4,103.00","60,884.00",14.84,,,,,,
,,2014 - 2015,"3,434.00","47,675.00",13.88,,,,,,
,,2015 - 2016,"4,041.00","91,955.00",22.76,,,,,,
,,2016 - 2017,"3,860.00","8,589.00",2.23,,,,,,
,,2017 - 2018,"9,379.00","8,591.00",0.92,,,,,,
,,2018 - 2019,"8,702.00","12,096.00",1.39,,,,,,
,,2019 - 2020,"8,302.00","13,159.00",1.59,,,,,,
,,2020 - 2021,"7,390.00","88,311.11",11.95,,,,,,
,,2021 - 2022,"7,515.00","81,955.56",10.91,,,,,,
,,2022 - 2023,"6,914.00","85,772.22",12.41,,,,,,
,34. Vaishali,2000 - 2001,590,"3,124.00",5.29,,,,,,
,,2001 - 2002,589,"1,924.00",3.27,,,,,,
,,2002 - 2003,595,"2,787.00",4.68,,,,,,
,,2003 - 2004,291,"1,300.00",4.47,,,,,,
,,2004 - 2005,428,"3,414.00",7.98,,,,,,
,,2006 - 2007,437,"2,729.00",6.24,,,,,,
,,2007 - 2008,536,"3,442.00",6.42,,,,,,
,,2008 - 2009,507,"3,357.00",6.62,,,,,,
,,2009 - 2010,518,"3,663.00",7.07,,,,,,
,,2010 - 2011,426,"7,322.00",17.19,,,,,,
,,2011 - 2012,547,"6,765.00",12.37,,,,,,
,,2012 - 2013,349,"1,178.00",3.38,,,,,,
,,2013 - 2014,222,"1,465.00",6.6,,,,,,
,,2014 - 2015,263,"3,396.00",12.91,,,,,,
,,2016 - 2017,244,578,2.37,,,,,,
,,2017 - 2018,670,991,1.48,,,,,,
,,2018 - 2019,662,"1,281.00",1.94,,,,,,
,,2019 - 2020,603,"1,428.00",2.37,,,,,,
,,2020 - 2021,442,"5,522.22",12.49,,,,,,
,,2021 - 2022,283,"2,666.67",9.42,,,,,,
4. Chhattisgarh,1. Balod,2011 - 2012,8,15,1.88,,,,,,
,,2012 - 2013,14,28,2,,,,,,
,,2013 - 2014,16,35,2.19,,,,,,
,,2014 - 2015,13,22,1.69,,,,,,
,,2016 - 2017,27,54,2,,,,,,
,,2017 - 2018,1,2,2,,,,,,
,,2018 - 2019,6,10,1.67,,,,,,
,2. Baloda bazar,2011 - 2012,17,,0,,,,,,
,,2012 - 2013,29,72,2.48,,,,,,
,,2013 - 2014,28,70,2.5,,,,,,
,,2014 - 2015,17,40,2.35,,,,,,
,,2015 - 2016,12,31,2.58,,,,,,
,3. Balrampur,2011 - 2012,120,227,1.89,,,,,,
,,2012 - 2013,152,253,1.66,,,,,,
,,2013 - 2014,66,110,1.67,,,,,,
,,2014 - 2015,59,101,1.71,,,,,,
,,2015 - 2016,154,266,1.73,,,,,,
,,2016 - 2017,88,158,1.8,,,,,,
,,2017 - 2018,145,265,1.83,,,,,,
,,2018 - 2019,88,149,1.69,,,,,,
,,2019 - 2020,43,77,1.79,,,,,,
,,2020 - 2021,58,111,1.91,,,,,,
,,2021 - 2022,37,328,8.86,,,,,,
,,2022 - 2023,4,8,2,,,,,,
,4. Bastar,2000 - 2001,116,234,2.02,,,,,,
,,2001 - 2002,109,264,2.42,,,,,,
,,2002 - 2003,118,256,2.17,,,,,,
,,2003 - 2004,110,247,2.25,,,,,,
,,2004 - 2005,171,384,2.25,,,,,,
,,2005 - 2006,119,267,2.24,,,,,,
,,2006 - 2007,99,225,2.27,,,,,,
,,2007 - 2008,80,197,2.46,,,,,,
,,2008 - 2009,80,130,1.63,,,,,,
,,2009 - 2010,63,141,2.24,,,,,,
,,2010 - 2011,83,211,2.54,,,,,,
,,2011 - 2012,58,139,2.4,,,,,,
,,2012 - 2013,57,142,2.49,,,,,,
,,2013 - 2014,59,111,1.88,,,,,,
,,2014 - 2015,75,185,2.47,,,,,,
,,2015 - 2016,30,71,2.37,,,,,,
,,2016 - 2017,35,84,2.4,,,,,,
,,2017 - 2018,31,69,2.23,,,,,,
,,2018 - 2019,21,45,2.14,,,,,,
,,2019 - 2020,8,16,2,,,,,,
,,2020 - 2021,8,15,1.88,,,,,,
,,2021 - 2022,5,9,1.8,,,,,,
,,2022 - 2023,4,8,2,,,,,,
,5. Bijapur,2006 - 2007,6,,0,,,,,,
,,2007 - 2008,5,13,2.6,,,,,,
,,2008 - 2009,5,9,1.8,,,,,,
,,2009 - 2010,42,64,1.52,,,,,,
,,2010 - 2011,20,43,2.15,,,,,,
,,2011 - 2012,9,21,2.33,,,,,,
,,2012 - 2013,8,17,2.13,,,,,,
,,2013 - 2014,3,7,2.33,,,,,,
,,2014 - 2015,3,1,0.33,,,,,,
,,2015 - 2016,25,58,2.32,,,,,,
,,2016 - 2017,4,9,2.25,,,,,,
,,2017 - 2018,3,4,1.33,,,,,,
,,2018 - 2019,1,2,2,,,,,,
,,2019 - 2020,1,2,2,,,,,,
,,2020 - 2021,1,1,1,,,,,,
,6. Bilaspur,2000 - 2001,51,94,1.84,,,,,,
,,2001 - 2002,22,45,2.05,,,,,,
,,2002 - 2003,1,2,2,,,,,,
,,2003 - 2004,23,49,2.13,,,,,,
,,2004 - 2005,170,302,1.78,,,,,,
,,2005 - 2006,22,47,2.14,,,,,,
,,2007 - 2008,8,16,2,,,,,,
,,2008 - 2009,8,16,2,,,,,,
,,2009 - 2010,8,20,2.5,,,,,,
,,2010 - 2011,7,17,2.43,,,,,,
,,2019 - 2020,1,4,4,,,,,,
,,2020 - 2021,1,1,1,,,,,,
,7. Dantewada,2000 - 2001,70,146,2.09,,,,,,
,,2001 - 2002,64,137,2.14,,,,,,
,,2002 - 2003,70,115,1.64,,,,,,
,,2003 - 2004,64,127,1.98,,,,,,
,,2004 - 2005,53,78,1.47,,,,,,
,,2005 - 2006,52,98,1.88,,,,,,
,,2006 - 2007,34,77,2.26,,,,,,
,,2007 - 2008,37,88,2.38,,,,,,
,,2008 - 2009,37,69,1.86,,,,,,
,,2009 - 2010,37,56,1.51,,,,,,
,,2010 - 2011,32,81,2.53,,,,,,
,,2011 - 2012,20,48,2.4,,,,,,
,,2012 - 2013,30,64,2.13,,,,,,
,,2013 - 2014,32,70,2.19,,,,,,
,,2014 - 2015,27,62,2.3,,,,,,
,,2015 - 2016,32,54,1.69,,,,,,
,,2016 - 2017,32,78,2.44,,,,,,
,,2017 - 2018,18,23,1.28,,,,,,
,,2018 - 2019,19,45,2.37,,,,,,
,,2019 - 2020,8,16,2,,,,,,
,,2020 - 2021,4,8,2,,,,,,
,,2021 - 2022,7,19,2.71,,,,,,
,,2022 - 2023,4,2,0.5,,,,,,
,8. Dhamtari,2000 - 2001,71,221,3.11,,,,,,
,,2001 - 2002,58,157,2.71,,,,,,
,,2002 - 2003,57,118,2.07,,,,,,
,,2003 - 2004,56,140,2.5,,,,,,
,,2004 - 2005,43,107,2.49,,,,,,
,,2005 - 2006,46,115,2.5,,,,,,
,,2006 - 2007,41,102,2.49,,,,,,
,,2007 - 2008,44,110,2.5,,,,,,
,,2008 - 2009,45,112,2.49,,,,,,
,,2009 - 2010,48,120,2.5,,,,,,
,,2010 - 2011,39,98,2.51,,,,,,
,,2011 - 2012,140,348,2.49,,,,,,
,,2012 - 2013,133,331,2.49,,,,,,
,,2013 - 2014,32,80,2.5,,,,,,
,,2014 - 2015,40,99,2.48,,,,,,
,,2015 - 2016,45,112,2.49,,,,,,
,,2016 - 2017,24,60,2.5,,,,,,
,,2017 - 2018,23,57,2.48,,,,,,
,,2018 - 2019,9,22,2.44,,,,,,
,,2019 - 2020,5,13,2.6,,,,,,
,,2020 - 2021,5,14,2.8,,,,,,
,9. Durg,2000 - 2001,8,16,2,,,,,,
,,2001 - 2002,7,14,2,,,,,,
,,2002 - 2003,29,55,1.9,,,,,,
,,2003 - 2004,17,36,2.12,,,,,,
,,2004 - 2005,19,34,1.79,,,,,,
,,2005 - 2006,68,148,2.18,,,,,,
,,2006 - 2007,82,156,1.9,,,,,,
,,2007 - 2008,57,115,2.02,,,,,,
,,2008 - 2009,45,90,2,,,,,,
,,2009 - 2010,18,36,2,,,,,,
,,2010 - 2011,33,77,2.33,,,,,,
,10. Gariyaband,2011 - 2012,1,,0,,,,,,
,,2012 - 2013,1,3,3,,,,,,
,,2013 - 2014,10,25,2.5,,,,,,
,,2014 - 2015,16,38,2.38,,,,,,
,,2015 - 2016,4,8,2,,,,,,
,,2016 - 2017,2,6,3,,,,,,
,11. Janjgir-champa,2000 - 2001,17,31,1.82,,,,,,
,,2001 - 2002,7,12,1.71,,,,,,
,,2002 - 2003,10,17,1.7,,,,,,
,,2003 - 2004,12,30,2.5,,,,,,
,,2004 - 2005,23,40,1.74,,,,,,
,,2005 - 2006,24,50,2.08,,,,,,
,,2006 - 2007,28,60,2.14,,,,,,
,,2007 - 2008,21,45,2.14,,,,,,
,,2009 - 2010,9,24,2.67,,,,,,
,12. Jashpur,2000 - 2001,22,35,1.59,,,,,,
,,2001 - 2002,31,59,1.9,,,,,,
,,2004 - 2005,40,73,1.83,,,,,,
,,2005 - 2006,38,69,1.82,,,,,,
,,2006 - 2007,33,58,1.76,,,,,,
,,2007 - 2008,34,56,1.65,,,,,,
,,2008 - 2009,22,39,1.77,,,,,,
,,2009 - 2010,10,16,1.6,,,,,,
,,2010 - 2011,15,25,1.67,,,,,,
,,2011 - 2012,11,22,2,,,,,,
,,2012 - 2013,10,18,1.8,,,,,,
,,2013 - 2014,10,19,1.9,,,,,,
,,2014 - 2015,9,17,1.89,,,,,,
,,2015 - 2016,11,21,1.91,,,,,,
,,2016 - 2017,22,41,1.86,,,,,,
,,2017 - 2018,17,33,1.94,,,,,,
,,2018 - 2019,14,25,1.79,,,,,,
,,2019 - 2020,8,14,1.75,,,,,,
,,2020 - 2021,11,22,2,,,,,,
,,2021 - 2022,11,5,0.45,,,,,,
,,2022 - 2023,10,21,2.1,,,,,,
,13. Kabirdham,2000 - 2001,7,7,1,,,,,,
,,2001 - 2002,2,4,2,,,,,,
,,2012 - 2013,1,2,2,,,,,,
,14. Kanker,2000 - 2001,294,679,2.31,,,,,,
,,2001 - 2002,77,209,2.71,,,,,,
,,2002 - 2003,44,64,1.45,,,,,,
,,2003 - 2004,84,228,2.71,,,,,,
,,2004 - 2005,68,138,2.03,,,,,,
,,2007 - 2008,13,33,2.54,,,,,,
,,2008 - 2009,14,33,2.36,,,,,,
,,2009 - 2010,13,28,2.15,,,,,,
,,2010 - 2011,1,3,3,,,,,,
,,2011 - 2012,17,40,2.35,,,,,,
,,2017 - 2018,1,1,1,,,,,,
,15. Kondagaon,2011 - 2012,11,26,2.36,,,,,,
,,2012 - 2013,10,20,2,,,,,,
,,2014 - 2015,6,3,0.5,,,,,,
,,2015 - 2016,4,9,2.25,,,,,,
,,2016 - 2017,4,9,2.25,,,,,,
,,2017 - 2018,3,6,2,,,,,,
,,2018 - 2019,1,2,2,,,,,,
,,2019 - 2020,2,5,2.5,,,,,,
,,2020 - 2021,3,7,2.33,,,,,,
,,2021 - 2022,2,5,2.5,,,,,,
,,2022 - 2023,2,5,2.5,,,,,,
,16. Korba,2000 - 2001,23,49,2.13,,,,,,
,,2001 - 2002,23,50,2.17,,,,,,
,,2002 - 2003,17,30,1.76,,,,,,
,,2003 - 2004,26,46,1.77,,,,,,
,,2004 - 2005,39,61,1.56,,,,,,
,,2005 - 2006,36,71,1.97,,,,,,
,,2006 - 2007,36,63,1.75,,,,,,
,,2007 - 2008,36,66,1.83,,,,,,
,,2008 - 2009,37,79,2.14,,,,,,
,,2009 - 2010,34,65,1.91,,,,,,
,,2010 - 2011,43,99,2.3,,,,,,
,,2011 - 2012,34,86,2.53,,,,,,
,,2012 - 2013,43,91,2.12,,,,,,
,,2013 - 2014,43,91,2.12,,,,,,
,,2014 - 2015,38,96,2.53,,,,,,
,,2015 - 2016,44,93,2.11,,,,,,
,,2016 - 2017,50,126,2.52,,,,,,
,,2017 - 2018,50,127,2.54,,,,,,
,,2018 - 2019,11,26,2.36,,,,,,
,,2019 - 2020,3,7,2.33,,,,,,
,,2020 - 2021,1,2,2,,,,,,
,17. Korea,2000 - 2001,131,242,1.85,,,,,,
,,2001 - 2002,95,183,1.93,,,,,,
,,2002 - 2003,95,167,1.76,,,,,,
,,2003 - 2004,143,252,1.76,,,,,,
,,2004 - 2005,141,222,1.57,,,,,,
,,2005 - 2006,146,248,1.7,,,,,,
,,2006 - 2007,132,212,1.61,,,,,,
,,2007 - 2008,158,239,1.51,,,,,,
,,2008 - 2009,174,328,1.89,,,,,,
,,2009 - 2010,231,356,1.54,,,,,,
,,2010 - 2011,192,320,1.67,,,,,,
,,2011 - 2012,167,331,1.98,,,,,,
,,2012 - 2013,175,303,1.73,,,,,,
,,2013 - 2014,198,361,1.82,,,,,,
,,2014 - 2015,229,375,1.64,,,,,,
,,2015 - 2016,199,282,1.42,,,,,,
,,2016 - 2017,214,249,1.16,,,,,,
,,2017 - 2018,223,421,1.89,,,,,,
,,2018 - 2019,219,406,1.85,,,,,,
,,2019 - 2020,115,192,1.67,,,,,,
,,2020 - 2021,64,87,1.36,,,,,,
,,2021 - 2022,44,33,0.75,,,,,,
,,2022 - 2023,24,38,1.58,,,,,,
,18. Mahasamund,2000 - 2001,17,35,2.06,,,,,,
,,2001 - 2002,83,210,2.53,,,,,,
,,2002 - 2003,35,73,2.09,,,,,,
,,2003 - 2004,73,153,2.1,,,,,,
,,2004 - 2005,2,4,2,,,,,,
,,2005 - 2006,31,64,2.06,,,,,,
,,2007 - 2008,112,276,2.46,,,,,,
,,2008 - 2009,108,270,2.5,,,,,,
,,2009 - 2010,58,145,2.5,,,,,,
,,2010 - 2011,33,82,2.48,,,,,,
,,2011 - 2012,4,9,2.25,,,,,,
,,2012 - 2013,7,18,2.57,,,,,,
,,2013 - 2014,35,88,2.51,,,,,,
,,2014 - 2015,7,18,2.57,,,,,,
,,2015 - 2016,33,83,2.52,,,,,,
,,2016 - 2017,1,3,3,,,,,,
,,2017 - 2018,1,2,2,,,,,,
,,2021 - 2022,2,1,0.5,,,,,,
,,2022 - 2023,1,1,1,,,,,,
,19. Manendragarh chirimiri bharatpur,2022 - 2023,7,11,1.57,,,,,,
,20. Narayanpur,2005 - 2006,18,52,2.89,,,,,,
,21. Raigarh,2000 - 2001,167,278,1.66,,,,,,
,,2001 - 2002,270,502,1.86,,,,,,
,,2002 - 2003,114,190,1.67,,,,,,
,,2003 - 2004,120,218,1.82,,,,,,
,,2004 - 2005,87,148,1.7,,,,,,
,,2005 - 2006,95,173,1.82,,,,,,
,,2006 - 2007,176,305,1.73,,,,,,
,,2007 - 2008,164,314,1.91,,,,,,
,,2008 - 2009,147,277,1.88,,,,,,
,,2009 - 2010,46,87,1.89,,,,,,
,,2010 - 2011,71,134,1.89,,,,,,
,,2011 - 2012,43,85,1.98,,,,,,
,,2012 - 2013,43,84,1.95,,,,,,
,,2013 - 2014,39,74,1.9,,,,,,
,,2014 - 2015,43,88,2.05,,,,,,
,,2015 - 2016,34,69,2.03,,,,,,
,,2016 - 2017,20,41,2.05,,,,,,
,,2017 - 2018,38,75,1.97,,,,,,
,,2018 - 2019,20,39,1.95,,,,,,
,,2019 - 2020,12,24,2,,,,,,
,,2020 - 2021,5,10,2,,,,,,
,22. Raipur,2001 - 2002,12,30,2.5,,,,,,
,,2002 - 2003,16,35,2.19,,,,,,
,,2003 - 2004,16,34,2.13,,,,,,
,,2004 - 2005,1,2,2,,,,,,
,,2005 - 2006,3,6,2,,,,,,
,,2006 - 2007,2,4,2,,,,,,
,,2007 - 2008,6,13,2.17,,,,,,
,,2008 - 2009,8,17,2.13,,,,,,
,,2009 - 2010,2,4,2,,,,,,
,,2010 - 2011,18,45,2.5,,,,,,
,,2013 - 2014,2,5,2.5,,,,,,
,,2014 - 2015,1,3,3,,,,,,
,,2017 - 2018,4,,0,,,,,,
,,2018 - 2019,3,,0,,,,,,
,,2019 - 2020,1,3,3,,,,,,
,23. Rajnandgaon,2000 - 2001,42,75,1.79,,,,,,
,,2001 - 2002,58,108,1.86,,,,,,
,,2002 - 2003,47,93,1.98,,,,,,
,,2003 - 2004,53,101,1.91,,,,,,
,,2004 - 2005,50,94,1.88,,,,,,
,,2005 - 2006,52,101,1.94,,,,,,
,,2006 - 2007,52,102,1.96,,,,,,
,,2007 - 2008,52,96,1.85,,,,,,
,,2008 - 2009,66,130,1.97,,,,,,
,,2009 - 2010,51,100,1.96,,,,,,
,,2010 - 2011,57,122,2.14,,,,,,
,,2011 - 2012,49,88,1.8,,,,,,
,,2012 - 2013,43,70,1.63,,,,,,
,,2013 - 2014,45,81,1.8,,,,,,
,,2014 - 2015,41,81,1.98,,,,,,
,,2015 - 2016,36,74,2.06,,,,,,
,,2016 - 2017,33,76,2.3,,,,,,
,,2017 - 2018,3,7,2.33,,,,,,
,,2018 - 2019,587,"1,117.00",1.9,,,,,,
,,2022 - 2023,4,2,0.5,,,,,,
,24. Sukma,2011 - 2012,12,28,2.33,,,,,,
,,2012 - 2013,14,29,2.07,,,,,,
,,2013 - 2014,23,49,2.13,,,,,,
,,2014 - 2015,22,52,2.36,,,,,,
,,2015 - 2016,11,26,2.36,,,,,,
,,2016 - 2017,21,40,1.9,,,,,,
,,2017 - 2018,13,28,2.15,,,,,,
,,2018 - 2019,8,18,2.25,,,,,,
,,2020 - 2021,3,7,2.33,,,,,,
,,2021 - 2022,1,1,1,,,,,,
,,2022 - 2023,1,2,2,,,,,,
,25. Surajpur,2011 - 2012,311,587,1.89,,,,,,
,,2012 - 2013,272,428,1.57,,,,,,
,,2013 - 2014,292,459,1.57,,,,,,
,,2014 - 2015,301,474,1.57,,,,,,
,,2015 - 2016,296,512,1.73,,,,,,
,,2016 - 2017,292,340,1.16,,,,,,
,,2017 - 2018,292,532,1.82,,,,,,
,,2018 - 2019,277,566,2.04,,,,,,
,,2019 - 2020,184,405,2.2,,,,,,
,,2020 - 2021,137,308,2.25,,,,,,
,,2021 - 2022,104,55,0.53,,,,,,
,,2022 - 2023,95,165,1.74,,,,,,
,26. Surguja,2000 - 2001,357,661,1.85,,,,,,
,,2001 - 2002,407,794,1.95,,,,,,
,,2002 - 2003,399,703,1.76,,,,,,
,,2003 - 2004,422,771,1.83,,,,,,
,,2004 - 2005,453,769,1.7,,,,,,
,,2005 - 2006,464,876,1.89,,,,,,
,,2006 - 2007,535,"1,060.00",1.98,,,,,,
,,2007 - 2008,545,"1,046.00",1.92,,,,,,
,,2008 - 2009,594,"1,121.00",1.89,,,,,,
,,2009 - 2010,590,910,1.54,,,,,,
,,2010 - 2011,574,957,1.67,,,,,,
,,2011 - 2012,183,345,1.89,,,,,,
,,2012 - 2013,180,300,1.67,,,,,,
,,2013 - 2014,165,270,1.64,,,,,,
,,2014 - 2015,186,304,1.63,,,,,,
,,2015 - 2016,193,346,1.79,,,,,,
,,2016 - 2017,188,343,1.82,,,,,,
,,2017 - 2018,197,372,1.89,,,,,,
,,2018 - 2019,189,393,2.08,,,,,,
,,2019 - 2020,165,338,2.05,,,,,,
,,2020 - 2021,92,196,2.13,,,,,,
,,2021 - 2022,89,87,0.98,,,,,,
,,2022 - 2023,78,151,1.94,,,,,,
5. Karnataka,1. Bagalkot,2000 - 2001,9,17,1.89,,,,,,
,,2001 - 2002,5,10,2,,,,,,
,,2002 - 2003,7,13,1.86,,,,,,
,,2003 - 2004,150,286,1.91,,,,,,
,,2004 - 2005,120,229,1.91,,,,,,
,,2005 - 2006,,,,,,,82,156,1.9
,,2006 - 2007,,,,,,,35,67,1.91
,,2007 - 2008,,,,,,,9,17,1.89
,,2008 - 2009,,,,,,,3,6,2
,,2009 - 2010,,,,,,,4,6,1.5
,,2010 - 2011,,,,,,,4,5,1.25
,,2011 - 2012,,,,,,,4,5,1.25
,2. Bangalore rural,2018 - 2019,,,,,,,1,1,1
,,2019 - 2020,,,,,,,1,,0
,3. Belgaum,2000 - 2001,21,45,2.14,,,,,,
,,2001 - 2002,22,47,2.14,,,,,,
,,2002 - 2003,6,13,2.17,,,,,,
,,2003 - 2004,7,15,2.14,,,,,,
,,2004 - 2005,9,19,2.11,,,,,,
,,2005 - 2006,,,,,,,9,19,2.11
,,2006 - 2007,,,,,,,12,25,2.08
,,2007 - 2008,,,,,,,2,4,2
,,2008 - 2009,,,,,,,2,4,2
,,2009 - 2010,,,,,,,36,52,1.44
,,2010 - 2011,,,,,,,4,5,1.25
,,2011 - 2012,,,,,,,1,1,1
,,2012 - 2013,,,,,,,163,199,1.22
,,2013 - 2014,,,,,,,21,28,1.33
,,2014 - 2015,,,,,,,171,192,1.12
,,2018 - 2019,,,,,,,20,29,1.45
,,2019 - 2020,,,,,,,5,,0
,,2020 - 2021,,,,,,,7,0,0
,4. Bellary,2008 - 2009,,,,,,,3,4,1.33
,,2010 - 2011,,,,,,,58,73,1.26
,,2011 - 2012,,,,,,,102,127,1.25
,,2012 - 2013,,,,,,,55,67,1.22
,,2013 - 2014,,,,,,,42,56,1.33
,,2018 - 2019,,,,,,,1,1,1
,,2019 - 2020,,,,,,,1,,0
,,2020 - 2021,,,,,,,2,0,0
,,2022 - 2023,,,,,,,1,0,0
,5. Bidar,2000 - 2001,"1,151.00",838,0.73,,,,,,
,,2001 - 2002,"1,427.00","1,039.00",0.73,,,,,,
,,2002 - 2003,"1,386.00",999,0.72,,,,,,
,,2003 - 2004,"1,255.00",904,0.72,,,,,,
,,2004 - 2005,"1,058.00",762,0.72,,,,,,
,,2005 - 2006,,,,,,,"1,048.00",755,0.72
,,2006 - 2007,,,,,,,869,626,0.72
,,2007 - 2008,,,,,,,897,646,0.72
,,2008 - 2009,,,,,,,596,610,1.02
,,2009 - 2010,,,,,,,973,"1,504.00",1.55
,,2010 - 2011,,,,,,,"1,464.00","1,916.00",1.31
,,2011 - 2012,,,,,,,396,449,1.13
,,2012 - 2013,,,,,,,323,366,1.13
,,2013 - 2014,,,,,,,146,226,1.55
,,2014 - 2015,,,,,,,42,47,1.12
,,2015 - 2016,,,,,,,45,60,1.33
,,2016 - 2017,,,,,,,2,2,1
,,2018 - 2019,,,,,,,6,9,1.5
,,2019 - 2020,,,,,,,10,,0
,,2020 - 2021,,,,,,,19,0,0
,,2022 - 2023,,,,,,,105,0,0
,6. Bijapur,2016 - 2017,,,,,,,32,37,1.16
,,2018 - 2019,,,,,,,5,7,1.4
,,2019 - 2020,,,,,,,3,,0
,7. Chikmagalur,2020 - 2021,,,,,,,1,0,0
,8. Chitradurga,2020 - 2021,,,,,,,1,0,0
,9. Davangere,2001 - 2002,1,1,1,,,,,,
,,2018 - 2019,,,,,,,13,19,1.46
,10. Dharwad,2000 - 2001,21,57,2.71,,,,,,
,,2001 - 2002,2,5,2.5,,,,,,
,,2002 - 2003,6,16,2.67,,,,,,
,,2006 - 2007,,,,,,,59,79,1.34
,,2007 - 2008,,,,,,,51,68,1.33
,,2009 - 2010,,,,,,,1,1,1
,,2010 - 2011,,,,,,,1,1,1
,,2011 - 2012,,,,,,,5,6,1.2
,,2020 - 2021,,,,,,,1,0,0
,11. Gadag,2018 - 2019,,,,,,,2,3,1.5
,,2020 - 2021,,,,,,,1,0,0
,12. Gulbarga,2000 - 2001,"3,081.00","5,700.00",1.85,,,,,,
,,2001 - 2002,"2,207.00","4,083.00",1.85,,,,,,
,,2002 - 2003,"1,712.00","3,136.00",1.83,,,,,,
,,2003 - 2004,"2,647.00","4,848.00",1.83,,,,,,
,,2004 - 2005,"1,622.00","2,971.00",1.83,,,,,,
,,2005 - 2006,,,,,,,918,"1,681.00",1.83
,,2006 - 2007,,,,,,,"1,015.00","1,859.00",1.83
,,2007 - 2008,,,,,,,902,"1,652.00",1.83
,,2008 - 2009,,,,,,,542,993,1.83
,,2009 - 2010,,,,,,,286,322,1.13
,,2010 - 2011,,,,,,,370,397,1.07
,,2011 - 2012,,,,,,,312,434,1.39
,,2012 - 2013,,,,,,,168,234,1.39
,,2013 - 2014,,,,,,,140,156,1.11
,,2015 - 2016,,,,,,,721,964,1.34
,,2016 - 2017,,,,,,,71,68,0.96
,,2017 - 2018,,,,,,,9,,0
,,2018 - 2019,,,,,,,21,30,1.43
,,2019 - 2020,,,,,,,12,,0
,,2020 - 2021,,,,,,,14,0,0
,,2022 - 2023,,,,,,,20,0,0
,13. Hassan,2019 - 2020,,,,,,,2,,0
,,2022 - 2023,,,,,,,1,0,0
,14. Haveri,2001 - 2002,1,3,3,,,,,,
,,2002 - 2003,1,3,3,,,,,,
,,2006 - 2007,,,,,,,8,11,1.38
,15. Koppal,2005 - 2006,,,,,,,40,51,1.28
,,2018 - 2019,,,,,,,9,13,1.44
,,2019 - 2020,,,,,,,3,,0
,,2020 - 2021,,,,,,,10,0,0
,,2022 - 2023,,,,,,,7,0,0
,16. Mandya,2018 - 2019,,,,,,,2,3,1.5
,,2019 - 2020,,,,,,,15,,0
,,2020 - 2021,,,,,,,8,0,0
,17. Mysore,2014 - 2015,,,,,,,48,54,1.13
,18. Raichur,2018 - 2019,,,,,,,1,1,1
,,2019 - 2020,,,,,,,3,,0
,,2020 - 2021,,,,,,,2,0,0
,19. Shimoga,2000 - 2001,2,2,1,,,,,,
,20. Uttar kannad,2000 - 2001,3,7,2.33,,,,,,
,,2001 - 2002,3,7,2.33,,,,,,
,,2002 - 2003,1,2,2,,,,,,
,,2003 - 2004,1,2,2,,,,,,
,,2004 - 2005,1,2,2,,,,,,
,21. Yadgir,2010 - 2011,,,,,,,6,8,1.33
,,2011 - 2012,,,,,,,5,6,1.2
,,2012 - 2013,,,,,,,4,5,1.25
,,2022 - 2023,,,,,,,2,0,0
6. Madhya Pradesh,1. Alirajpur,2009 - 2010,,,,,,,38,13,0.34
,,2010 - 2011,,,,,,,19,37,1.95
,,2011 - 2012,27,33,1.22,,,,,,
,,2012 - 2013,25,6,0.24,,,,,,
,,2013 - 2014,21,32,1.52,,,,,,
,,2018 - 2019,1,0.18,0.18,,,,,,
,,2019 - 2020,6,2,0.33,,,,,,
,2. Anuppur,2006 - 2007,3,7,2.33,,,,,,
,,2019 - 2020,5,2,0.4,,,,,,
,3. Ashoknagar,2019 - 2020,4,1,0.25,,,,,,
,4. Balaghat,2006 - 2007,118,391,3.31,,,,,,
,,2009 - 2010,,,,,,,89,49,0.55
,,2010 - 2011,,,,,,,88,272,3.09
,,2011 - 2012,94,260,2.77,,,,,,
,,2012 - 2013,81,43,0.53,,,,,,
,,2013 - 2014,75,229,3.05,,,,,,
,,2016 - 2017,70,53,0.76,,,,,,
,5. Barwani,2006 - 2007,35,48,1.37,,,,,,
,,2009 - 2010,,,,,,,51,11,0.22
,,2010 - 2011,,,,,,,15,21,1.4
,,2011 - 2012,35,40,1.14,,,,,,
,,2012 - 2013,38,14,0.37,,,,,,
,,2013 - 2014,17,29,1.71,,,,,,
,,2019 - 2020,4,1,0.25,,,,,,
,6. Betul,2016 - 2017,120,80,0.67,,,,,,
,,2019 - 2020,4,1,0.25,,,,,,
,7. Bhind,2019 - 2020,249,53,0.21,,,,,,
,8. Burhanpur,2018 - 2019,5,1.26,0.25,,,,,,
,,2019 - 2020,48,23,0.48,,,,,,
,9. Chhatarpur,2006 - 2007,2,3,1.5,,,,,,
,,2016 - 2017,10,,0,,,,,,
,,2018 - 2019,2,0.9,0.45,,,,,,
,,2019 - 2020,2,1,0.5,,,,,,
,10. Chhindwara,2006 - 2007,12,34,2.83,,,,,,
,,2016 - 2017,90,60,0.67,,,,,,
,,2017 - 2018,"1,010.00","1,210.00",1.2,,,,,,
,,2019 - 2020,39,20,0.51,,,,,,
,11. Damoh,2016 - 2017,350,260,0.74,,,,,,
,12. Datia,2006 - 2007,2,3,1.5,,,,,,
,,2009 - 2010,,,,,,,273,63,0.23
,,2012 - 2013,15,5,0.33,,,,,,
,,2019 - 2020,2,1,0.5,,,,,,
,13. Dewas,2006 - 2007,2,3,1.5,,,,,,
,,2009 - 2010,,,,,,,27,11,0.41
,,2010 - 2011,,,,,,,24,56,2.33
,,2011 - 2012,27,46,1.7,,,,,,
,,2012 - 2013,27,9,0.33,,,,,,
,,2013 - 2014,27,46,1.7,,,,,,
,14. Dhar,2018 - 2019,2,1.08,0.54,,,,,,
,,2019 - 2020,6,3,0.5,,,,,,
,15. Dindori,2019 - 2020,3,1,0.33,,,,,,
,16. Gwalior,2019 - 2020,1,,0,,,,,,
,17. Harda,2016 - 2017,150,120,0.8,,,,,,
,,2019 - 2020,4,1,0.25,,,,,,
,18. Hoshangabad,2017 - 2018,590,530,0.9,,,,,,
,,2019 - 2020,14,4,0.29,,,,,,
,19. Indore,2018 - 2019,17,5.93,0.35,,,,,,
,,2019 - 2020,2,1,0.5,,,,,,
,20. Jabalpur,2003 - 2004,"4,100.00","9,500.00",2.32,,,,,,
,,2016 - 2017,100,71,0.71,,,,,,
,,2019 - 2020,10,5,0.5,,,,,,
,21. Jhabua,2006 - 2007,6,10,1.67,,,,,,
,,2019 - 2020,2,1,0.5,,,,,,
,22. Katni,2003 - 2004,600,"1,100.00",1.83,,,,,,
,,2006 - 2007,1,1,1,,,,,,
,,2016 - 2017,60,40,0.67,,,,,,
,23. Khandwa,2006 - 2007,8,18,2.25,,,,,,
,,2009 - 2010,,,,,,,1,,0
,,2012 - 2013,3,1,0.33,,,,,,
,,2013 - 2014,4,6,1.5,,,,,,
,,2019 - 2020,66,16,0.24,,,,,,
,24. Khargone,2006 - 2007,54,121,2.24,,,,,,
,,2009 - 2010,,,,,,,66,24,0.36
,,2010 - 2011,,,,,,,66,170,2.58
,,2011 - 2012,45,81,1.8,,,,,,
,,2012 - 2013,14,5,0.36,,,,,,
,,2013 - 2014,42,81,1.93,,,,,,
,,2018 - 2019,1,0.36,0.36,,,,,,
,25. Mandla,2016 - 2017,20,15,0.75,,,,,,
,,2019 - 2020,91,42,0.46,,,,,,
,26. Mandsaur,2019 - 2020,1,1,1,,,,,,
,27. Morena,2019 - 2020,6,1,0.17,,,,,,
,28. Narsinghpur,2016 - 2017,260,190,0.73,,,,,,
,,2019 - 2020,6,5,0.83,,,,,,
,29. Neemuch,2019 - 2020,2,1,0.5,,,,,,
,30. Panna,2006 - 2007,28,31,1.11,,,,,,
,,2009 - 2010,,,,,,,14,4,0.29
,,2010 - 2011,,,,,,,9,13,1.44
,,2011 - 2012,30,23,0.77,,,,,,
,,2012 - 2013,23,5,0.22,,,,,,
,,2013 - 2014,48,57,1.19,,,,,,
,,2016 - 2017,120,90,0.75,,,,,,
,,2019 - 2020,1,1,1,,,,,,
,31. Raisen,2006 - 2007,24,43,1.79,,,,,,
,,2009 - 2010,,,,,,,1,,0
,,2019 - 2020,1,,0,,,,,,
,32. Rajgarh,2016 - 2017,150,110,0.73,,,,,,
,,2019 - 2020,1,,0,,,,,,
,33. Rewa,2006 - 2007,129,280,2.17,,,,,,
,,2009 - 2010,,,,,,,107,36,0.34
,,2010 - 2011,,,,,,,60,132,2.2
,,2011 - 2012,68,101,1.49,,,,,,
,,2012 - 2013,56,16,0.29,,,,,,
,,2013 - 2014,42,115,2.74,,,,,,
,,2016 - 2017,20,10,0.5,,,,,,
,,2017 - 2018,400,460,1.15,,,,,,
,,2019 - 2020,7,3,0.43,,,,,,
,34. Sagar,2016 - 2017,20,10,0.5,,,,,,
,,2019 - 2020,7,4,0.57,,,,,,
,35. Satna,2006 - 2007,16,25,1.56,,,,,,
,,2012 - 2013,1,,0,,,,,,
,,2013 - 2014,4,6,1.5,,,,,,
,,2019 - 2020,3,1,0.33,,,,,,
,36. Sehore,2016 - 2017,110,80,0.73,,,,,,
,37. Seoni,2006 - 2007,13,35,2.69,,,,,,
,,2009 - 2010,,,,,,,10,5,0.5
,,2010 - 2011,,,,,,,9,24,2.67
,,2011 - 2012,8,18,2.25,,,,,,
,,2012 - 2013,8,5,0.63,,,,,,
,,2013 - 2014,7,27,3.86,,,,,,
,,2019 - 2020,9,4,0.44,,,,,,
,38. Shahdol,2006 - 2007,14,33,2.36,,,,,,
,,2009 - 2010,,,,,,,42,18,0.43
,,2010 - 2011,,,,,,,41,97,2.37
,,2011 - 2012,55,80,1.45,,,,,,
,,2012 - 2013,12,4,0.33,,,,,,
,,2013 - 2014,11,25,2.27,,,,,,
,39. Sheopur,2019 - 2020,3,1,0.33,,,,,,
,40. Shivpuri,2019 - 2020,1,,0,,,,,,
,41. Sidhi,2006 - 2007,29,57,1.97,,,,,,
,,2009 - 2010,,,,,,,3,1,0.33
,,2010 - 2011,,,,,,,1,2,2
,,2011 - 2012,3,3,1,,,,,,
,,2012 - 2013,4,2,0.5,,,,,,
,,2013 - 2014,1,3,3,,,,,,
,,2019 - 2020,1,1,1,,,,,,
,42. Singrauli,2009 - 2010,,,,,,,1,,0
,,2018 - 2019,1,0.36,0.36,,,,,,
,,2019 - 2020,193,114,0.59,,,,,,
,43. Tikamgarh,2006 - 2007,27,43,1.59,,,,,,
,,2009 - 2010,,,,,,,8,2,0.25
,,2010 - 2011,,,,,,,2,3,1.5
,,2011 - 2012,2,2,1,,,,,,
,44. Ujjain,2010 - 2011,,,,,,,36,87,2.42
,45. Vidisha,2016 - 2017,350,250,0.71,,,,,,
,,2019 - 2020,2,1,0.5,,,,,,
7. Meghalaya,1. East garo hills,2000 - 2001,260,"1,194.00",4.59,,,,,,
,,2001 - 2002,256,"1,178.00",4.6,,,,,,
,,2002 - 2003,224,"1,121.00",5,,,,,,
,,2003 - 2004,200,919,4.6,,,,,,
,,2004 - 2005,163,745,4.57,,,,,,
,,2005 - 2006,144,658,4.57,,,,,,
,,2006 - 2007,140,642,4.59,,,,,,
,,2007 - 2008,135,630,4.67,,,,,,
,,2008 - 2009,70,320,4.57,,,,,,
,,2009 - 2010,67,306,4.57,,,,,,
,,2010 - 2011,62,283,4.56,,,,,,
,,2011 - 2012,63,289,4.59,,,,,,
,,2012 - 2013,69,433,6.28,,,,,,
,,2013 - 2014,19,117,6.16,,,,,,
,,2014 - 2015,19,118,6.21,,,,,,
,,2015 - 2016,16,98,6.13,,,,,,
,,2016 - 2017,15,102,6.8,,,,,,
,,2017 - 2018,15,102,6.8,,,,,,
,,2018 - 2019,16,109,6.81,,,,,,
,,2019 - 2020,17,116,6.82,,,,,,
,,2020 - 2021,18,123,6.83,,,,,,
,,2021 - 2022,18,123,6.83,,,,,,
,,2022 - 2023,17,102,6,,,,,,
,2. North garo hills,2013 - 2014,51,324,6.35,,,,,,
,,2014 - 2015,52,334,6.42,,,,,,
,,2015 - 2016,47,312,6.64,,,,,,
,,2016 - 2017,46,318,6.91,,,,,,
,,2017 - 2018,48,332,6.92,,,,,,
,,2018 - 2019,49,339,6.92,,,,,,
,,2019 - 2020,50,347,6.94,,,,,,
,,2020 - 2021,51,355,6.96,,,,,,
,,2021 - 2022,51,355,6.96,,,,,,
,,2022 - 2023,38,170,4.47,,,,,,
,3. South garo hills,2000 - 2001,"1,013.00","4,680.00",4.62,,,,,,
,,2001 - 2002,998,"4,581.00",4.59,,,,,,
,,2002 - 2003,993,"4,556.00",4.59,,,,,,
,,2003 - 2004,"1,003.00","4,608.00",4.59,,,,,,
,,2004 - 2005,732,"3,318.00",4.53,,,,,,
,,2005 - 2006,989,"4,505.00",4.56,,,,,,
,,2006 - 2007,982,"4,473.00",4.55,,,,,,
,,2007 - 2008,972,"4,428.00",4.56,,,,,,
,,2008 - 2009,818,"3,726.00",4.56,,,,,,
,,2009 - 2010,816,"3,722.00",4.56,,,,,,
,,2010 - 2011,812,"3,695.00",4.55,,,,,,
,,2011 - 2012,813,"3,740.00",4.6,,,,,,
,,2012 - 2013,875,"5,216.00",5.96,,,,,,
,,2013 - 2014,883,"5,287.00",5.99,,,,,,
,,2014 - 2015,887,"5,308.00",5.98,,,,,,
,,2015 - 2016,884,"5,282.00",5.98,,,,,,
,,2016 - 2017,883,"5,286.00",5.99,,,,,,
,,2017 - 2018,885,"5,301.00",5.99,,,,,,
,,2018 - 2019,886,"5,311.00",5.99,,,,,,
,,2019 - 2020,887,"5,326.00",6,,,,,,
,,2020 - 2021,887,"5,326.00",6,,,,,,
,,2021 - 2022,887,"5,326.00",6,,,,,,
,,2022 - 2023,820,"4,726.00",5.76,,,,,,
,4. South west garo hills,2013 - 2014,"1,299.00","7,785.00",5.99,,,,,,
,,2014 - 2015,"1,311.00","7,905.00",6.03,,,,,,
,,2015 - 2016,"1,306.00","7,883.00",6.04,,,,,,
,,2016 - 2017,"1,305.00","7,885.00",6.04,,,,,,
,,2017 - 2018,"1,305.00","7,890.00",6.05,,,,,,
,,2018 - 2019,"1,306.00","7,901.00",6.05,,,,,,
,,2019 - 2020,"1,307.00","7,911.00",6.05,,,,,,
,,2020 - 2021,"1,307.00","7,911.00",6.05,,,,,,
,,2021 - 2022,"1,307.00","7,911.00",6.05,,,,,,
,,2022 - 2023,"1,307.00","7,911.00",6.05,,,,,,
,5. West garo hills,2000 - 2001,"3,362.00","15,484.00",4.61,,,,,,
,,2001 - 2002,"3,296.00","18,767.00",5.69,,,,,,
,,2002 - 2003,"3,296.00","14,922.00",4.53,,,,,,
,,2003 - 2004,"3,299.00","14,932.00",4.53,,,,,,
,,2004 - 2005,"3,300.00","14,955.00",4.53,,,,,,
,,2005 - 2006,"3,303.00","15,049.00",4.56,,,,,,
,,2006 - 2007,"3,303.00","15,063.00",4.56,,,,,,
,,2007 - 2008,"3,288.00","14,979.00",4.56,,,,,,
,,2008 - 2009,"3,288.00","15,000.00",4.56,,,,,,
,,2009 - 2010,"3,271.00","14,363.00",4.39,,,,,,
,,2010 - 2011,"3,248.00","14,253.00",4.39,,,,,,
,,2011 - 2012,"3,249.00","14,404.00",4.43,,,,,,
,,2012 - 2013,"3,491.00","20,222.00",5.79,,,,,,
,,2013 - 2014,"2,223.00","12,715.00",5.72,,,,,,
,,2014 - 2015,"2,227.00","12,719.00",5.71,,,,,,
,,2015 - 2016,"2,216.00","12,688.00",5.73,,,,,,
,,2016 - 2017,"2,215.00","12,710.00",5.74,,,,,,
,,2017 - 2018,"2,217.00","12,728.00",5.74,,,,,,
,,2018 - 2019,"2,218.00","12,741.00",5.74,,,,,,
,,2019 - 2020,"2,219.00","12,755.00",5.75,,,,,,
,,2020 - 2021,"2,219.00","12,755.00",5.75,,,,,,
,,2021 - 2022,"2,219.00","12,755.00",5.75,,,,,,
,,2022 - 2023,"2,219.00","12,755.00",5.75,,,,,,
8. Nagaland,1. Chumoukedima,2022 - 2023,85,104,1.22,,,,,,
,2. Dimapur,2009 - 2010,290,300,1.03,,,,,,
,,2010 - 2011,250,470,1.88,,,,,,
,,2011 - 2012,260,520,2,,,,,,
,,2012 - 2013,270,300,1.11,,,,,,
,,2013 - 2014,270,310,1.15,,,,,,
,,2014 - 2015,270,310,1.15,,,,,,
,,2015 - 2016,270,310,1.15,,,,,,
,,2016 - 2017,270,300,1.11,,,,,,
,,2017 - 2018,270,300,1.11,,,,,,
,,2018 - 2019,270,300,1.11,,,,,,
,,2019 - 2020,274,304,1.11,,,,,,
,,2020 - 2021,274,305,1.11,,,,,,
,,2021 - 2022,2,2,1,,,,,,
,,2022 - 2023,35,43,1.23,,,,,,
,3. Kiphire,2009 - 2010,80,70,0.88,,,,,,
,,2010 - 2011,40,80,2,,,,,,
,,2011 - 2012,40,70,1.75,,,,,,
,,2012 - 2013,60,70,1.17,,,,,,
,,2013 - 2014,60,70,1.17,,,,,,
,,2014 - 2015,60,70,1.17,,,,,,
,,2015 - 2016,60,70,1.17,,,,,,
,,2016 - 2017,60,60,1,,,,,,
,,2017 - 2018,60,60,1,,,,,,
,,2018 - 2019,70,70,1,,,,,,
,,2019 - 2020,71,73,1.03,,,,,,
,,2020 - 2021,71,75,1.06,,,,,,
,,2022 - 2023,50,62,1.24,,,,,,
,4. Kohima,2009 - 2010,110,100,0.91,,,,,,
,,2010 - 2011,70,130,1.86,,,,,,
,,2011 - 2012,70,130,1.86,,,,,,
,,2012 - 2013,110,120,1.09,,,,,,
,,2013 - 2014,110,120,1.09,,,,,,
,,2014 - 2015,110,120,1.09,,,,,,
,,2015 - 2016,110,120,1.09,,,,,,
,,2016 - 2017,110,120,1.09,,,,,,
,,2017 - 2018,110,120,1.09,,,,,,
,,2018 - 2019,120,130,1.08,,,,,,
,,2019 - 2020,122,135,1.11,,,,,,
,,2020 - 2021,122,136,1.11,,,,,,
,,2021 - 2022,1,1,1,,,,,,
,,2022 - 2023,36,44,1.22,,,,,,
,5. Longleng,2009 - 2010,100,80,0.8,,,,,,
,,2010 - 2011,60,110,1.83,,,,,,
,,2011 - 2012,60,100,1.67,,,,,,
,,2012 - 2013,80,80,1,,,,,,
,,2013 - 2014,80,80,1,,,,,,
,,2014 - 2015,80,80,1,,,,,,
,,2015 - 2016,80,80,1,,,,,,
,,2016 - 2017,80,80,1,,,,,,
,,2017 - 2018,80,80,1,,,,,,
,,2018 - 2019,80,80,1,,,,,,
,,2019 - 2020,81,83,1.02,,,,,,
,,2020 - 2021,81,84,1.04,,,,,,
,,2022 - 2023,55,67,1.22,,,,,,
,6. Mokokchung,2009 - 2010,100,100,1,,,,,,
,,2010 - 2011,60,120,2,,,,,,
,,2011 - 2012,60,110,1.83,,,,,,
,,2012 - 2013,100,110,1.1,,,,,,
,,2013 - 2014,110,120,1.09,,,,,,
,,2014 - 2015,120,130,1.08,,,,,,
,,2015 - 2016,120,130,1.08,,,,,,
,,2016 - 2017,130,150,1.15,,,,,,
,,2017 - 2018,140,150,1.07,,,,,,
,,2018 - 2019,140,150,1.07,,,,,,
,,2019 - 2020,142,155,1.09,,,,,,
,,2020 - 2021,142,156,1.1,,,,,,
,,2021 - 2022,1,1,1,,,,,,
,,2022 - 2023,106,129,1.22,,,,,,
,7. Mon,2009 - 2010,210,220,1.05,,,,,,
,,2010 - 2011,170,320,1.88,,,,,,
,,2011 - 2012,170,320,1.88,,,,,,
,,2012 - 2013,190,210,1.11,,,,,,
,,2013 - 2014,190,210,1.11,,,,,,
,,2014 - 2015,190,210,1.11,,,,,,
,,2015 - 2016,190,210,1.11,,,,,,
,,2016 - 2017,200,220,1.1,,,,,,
,,2017 - 2018,200,220,1.1,,,,,,
,,2018 - 2019,200,220,1.1,,,,,,
,,2019 - 2020,203,225,1.11,,,,,,
,,2020 - 2021,203,226,1.11,,,,,,
,,2022 - 2023,151,187,1.24,,,,,,
,8. Noklak,2021 - 2022,1,1,1,,,,,,
,,2022 - 2023,57,68,1.19,,,,,,
,9. Nuiland,2022 - 2023,64,79,1.23,,,,,,
,10. Peren,2009 - 2010,200,210,1.05,,,,,,
,,2010 - 2011,160,300,1.88,,,,,,
,,2011 - 2012,170,330,1.94,,,,,,
,,2012 - 2013,210,240,1.14,,,,,,
,,2013 - 2014,220,250,1.14,,,,,,
,,2014 - 2015,220,250,1.14,,,,,,
,,2015 - 2016,220,250,1.14,,,,,,
,,2016 - 2017,220,250,1.14,,,,,,
,,2017 - 2018,220,250,1.14,,,,,,
,,2018 - 2019,220,250,1.14,,,,,,
,,2019 - 2020,224,250,1.12,,,,,,
,,2020 - 2021,224,250,1.12,,,,,,
,,2022 - 2023,167,207,1.24,,,,,,
,11. Phek,2009 - 2010,280,290,1.04,,,,,,
,,2010 - 2011,230,430,1.87,,,,,,
,,2011 - 2012,240,460,1.92,,,,,,
,,2012 - 2013,220,250,1.14,,,,,,
,,2013 - 2014,220,250,1.14,,,,,,
,,2014 - 2015,220,250,1.14,,,,,,
,,2015 - 2016,220,250,1.14,,,,,,
,,2016 - 2017,230,270,1.17,,,,,,
,,2017 - 2018,240,270,1.13,,,,,,
,,2018 - 2019,240,270,1.13,,,,,,
,,2019 - 2020,244,270,1.11,,,,,,
,,2020 - 2021,244,271,1.11,,,,,,
,,2021 - 2022,2,3,1.5,,,,,,
,,2022 - 2023,152,184,1.21,,,,,,
,12. Shamator,2022 - 2023,48,58,1.21,,,,,,
,13. Tseminyu,2022 - 2023,55,68,1.24,,,,,,
,14. Tuensang,2009 - 2010,180,180,1,,,,,,
,,2010 - 2011,140,270,1.93,,,,,,
,,2011 - 2012,140,270,1.93,,,,,,
,,2012 - 2013,160,180,1.13,,,,,,
,,2013 - 2014,160,180,1.13,,,,,,
,,2014 - 2015,160,180,1.13,,,,,,
,,2015 - 2016,160,180,1.13,,,,,,
,,2016 - 2017,160,180,1.13,,,,,,
,,2017 - 2018,160,180,1.13,,,,,,
,,2018 - 2019,160,180,1.13,,,,,,
,,2019 - 2020,162,180,1.11,,,,,,
,,2020 - 2021,162,180,1.11,,,,,,
,,2021 - 2022,1,1,1,,,,,,
,,2022 - 2023,73,91,1.25,,,,,,
,15. Wokha,2009 - 2010,220,220,1,,,,,,
,,2010 - 2011,180,350,1.94,,,,,,
,,2011 - 2012,180,350,1.94,,,,,,
,,2012 - 2013,200,220,1.1,,,,,,
,,2013 - 2014,200,220,1.1,,,,,,
,,2014 - 2015,200,220,1.1,,,,,,
,,2015 - 2016,210,230,1.1,,,,,,
,,2016 - 2017,210,240,1.14,,,,,,
,,2017 - 2018,210,240,1.14,,,,,,
,,2018 - 2019,220,250,1.14,,,,,,
,,2019 - 2020,224,250,1.12,,,,,,
,,2020 - 2021,224,251,1.12,,,,,,
,,2021 - 2022,1,1,1,,,,,,
,,2022 - 2023,167,208,1.25,,,,,,
,16. Zunheboto,2009 - 2010,230,230,1,,,,,,
,,2010 - 2011,190,390,2.05,,,,,,
,,2011 - 2012,190,370,1.95,,,,,,
,,2012 - 2013,210,220,1.05,,,,,,
,,2013 - 2014,210,220,1.05,,,,,,
,,2014 - 2015,210,220,1.05,,,,,,
,,2015 - 2016,210,220,1.05,,,,,,
,,2016 - 2017,210,220,1.05,,,,,,
,,2017 - 2018,210,230,1.1,,,,,,
,,2018 - 2019,210,230,1.1,,,,,,
,,2019 - 2020,213,235,1.1,,,,,,
,,2020 - 2021,213,236,1.11,,,,,,
,,2021 - 2022,1,1,1,,,,,,
,,2022 - 2023,159,195,1.23,,,,,,
9. Odisha,1. Anugul,2000 - 2001,"1,250.00","7,570.00",6.06,,,,,,
,,2019 - 2020,20,100,5,,,,,,
,2. Balangir,2000 - 2001,"1,760.00","5,570.00",3.16,,,,,,
,,2019 - 2020,420,"1,930.00",4.6,,,,,,
,3. Baleshwar,2000 - 2001,140,490,3.5,,,,,,
,4. Bargarh,2000 - 2001,670,"2,180.00",3.25,,,,,,
,,2019 - 2020,60,280,4.67,,,,,,
,5. Boudh,2000 - 2001,380,880,2.32,,,,,,
,,2019 - 2020,50,250,5,,,,,,
,6. Cuttack,2000 - 2001,630,"3,780.00",6,,,,,,
,,2019 - 2020,60,290,4.83,,,,,,
,7. Deogarh,2000 - 2001,430,"1,430.00",3.33,,,,,,
,,2019 - 2020,50,230,4.6,,,,,,
,8. Dhenkanal,2000 - 2001,"1,320.00","7,850.00",5.95,,,,,,
,,2019 - 2020,80,420,5.25,,,,,,
,9. Gajapati,2000 - 2001,570,"2,530.00",4.44,,,,,,
,,2019 - 2020,40,190,4.75,,,,,,
,10. Ganjam,2000 - 2001,"1,530.00","4,920.00",3.22,,,,,,
,,2019 - 2020,270,"1,360.00",5.04,,,,,,
,11. Jajapur,2000 - 2001,400,"1,110.00",2.78,,,,,,
,12. Jharsuguda,2000 - 2001,480,"1,530.00",3.19,,,,,,
,,2019 - 2020,30,100,3.33,,,,,,
,13. Kalahandi,2000 - 2001,490,"2,120.00",4.33,,,,,,
,,2019 - 2020,140,770,5.5,,,,,,
,14. Kandhamal,2000 - 2001,180,370,2.06,,,,,,
,,2019 - 2020,20,110,5.5,,,,,,
,15. Kendujhar,2000 - 2001,"3,040.00","16,600.00",5.46,,,,,,
,,2019 - 2020,980,"5,280.00",5.39,,,,,,
,16. Khordha,2000 - 2001,560,"1,720.00",3.07,,,,,,
,17. Koraput,2000 - 2001,820,"2,910.00",3.55,,,,,,
,,2019 - 2020,130,670,5.15,,,,,,
,18. Malkangiri,2019 - 2020,140,680,4.86,,,,,,
,19. Mayurbhanj,2000 - 2001,"4,530.00","18,650.00",4.12,,,,,,
,,2019 - 2020,480,"2,320.00",4.83,,,,,,
,20. Nabarangpur,2000 - 2001,640,"3,030.00",4.73,,,,,,
,,2019 - 2020,80,390,4.88,,,,,,
,21. Nayagarh,2000 - 2001,460,"1,890.00",4.11,,,,,,
,,2019 - 2020,700,"3,450.00",4.93,,,,,,
,22. Nuapada,2000 - 2001,810,"1,800.00",2.22,,,,,,
,,2019 - 2020,280,"1,340.00",4.79,,,,,,
,23. Rayagada,2000 - 2001,90,360,4,,,,,,
,,2019 - 2020,120,630,5.25,,,,,,
,24. Sambalpur,2000 - 2001,"1,060.00","3,740.00",3.53,,,,,,
,,2019 - 2020,10,40,4,,,,,,
,25. Sonepur,2000 - 2001,380,920,2.42,,,,,,
,,2019 - 2020,100,440,4.4,,,,,,
,26. Sundargarh,2000 - 2001,"1,260.00","8,670.00",6.88,,,,,,
,,2019 - 2020,430,"2,150.00",5,,,,,,
10. Rajasthan,1. Chittorgarh,2001 - 2002,17,17,1,,,,,,
,2. Dholpur,2012 - 2013,"1,541.00",770,0.5,,,,,,
,3. Dungarpur,2000 - 2001,14,2,0.14,,,,,,
,,2001 - 2002,11,1,0.09,,,,,,
,,2002 - 2003,2,,0,,,,,,
,,2009 - 2010,4,,0,,,,,,
,,2011 - 2012,31,,0,,,,,,
,,2012 - 2013,5,3,0.6,,,,,,
,,2014 - 2015,3,,0,,,,,,
,4. Jalore,2007 - 2008,1,,0,,,,,,
,5. Sirohi,2000 - 2001,5,4,0.8,,,,,,
,,2002 - 2003,2,,0,,,,,,
11. Tamil Nadu,1. Erode,2000 - 2001,6,24,4,,,,,,
,2. Nagapattinam,2000 - 2001,6,28,4.67,,,,,,
,3. Namakkal,2000 - 2001,8,32,4,,,,,,
,4. Salem,2000 - 2001,5,,0,,,,,,
,,2005 - 2006,1,,0,,,,,,
,5. Tiruchirappalli,2000 - 2001,105,491,4.68,,,,,,
,6. Villupuram,2000 - 2001,4,19,4.75,,,,,,
12. Telangana,1. Adilabad,2005 - 2006,22,201,9.14,,,,,,
,,2009 - 2010,42,349,8.31,,,,,,
,2. Khammam,2000 - 2001,32,282,8.81,,,,,,
,,2009 - 2010,54,449,8.31,,,,,,
,,2010 - 2011,28,251,8.96,,,,,,
,,2011 - 2012,23,,0,,,,,,
,,2013 - 2014,7,64,9.14,85,780,9.18,,,
,,2014 - 2015,7,50,7.14,170,"1,205.00",7.09,,,
,3. Mahbubnagar,2000 - 2001,65,574,8.83,,,,,,
,,2001 - 2002,75,638,8.51,,,,,,
,,2002 - 2003,39,295,7.56,,,,,,
,,2003 - 2004,39,310,7.95,,,,,,
,,2004 - 2005,32,274,8.56,,,,,,
,,2005 - 2006,16,146,9.13,,,,,,
,4. Medak,2000 - 2001,34,300,8.82,,,,,,
,,2001 - 2002,33,281,8.52,,,,,,
,,2002 - 2003,13,98,7.54,,,,,,
,,2003 - 2004,78,620,7.95,,,,,,
,,2004 - 2005,21,180,8.57,,,,,,
,,2005 - 2006,24,219,9.13,,,,,,
,,2013 - 2014,18,165,9.17,,,,,,
,5. Nalgonda,2000 - 2001,4,35,8.75,,,,,,
,,2001 - 2002,4,34,8.5,,,,,,
,6. Nizamabad,2000 - 2001,55,486,8.84,,,,,,
,,2001 - 2002,29,238,8.21,,,,,,
,,2002 - 2003,88,665,7.56,,,,,,
,,2006 - 2007,19,167,8.79,,,,,,
,7. Rangareddi,2002 - 2003,1,8,8,,,,,,
,,2010 - 2011,76,680,8.95,,,,,,
,,2011 - 2012,46,357,7.76,,,,,,
,8. Warangal,2001 - 2002,28,238,8.5,,,,,,
,,2004 - 2005,212,"1,813.00",8.55,,,,,,
,,2005 - 2006,227,"2,075.00",9.14,,,,,,
,,2006 - 2007,206,"1,809.00",8.78,,,,,,
,,2009 - 2010,147,"1,221.00",8.31,,,,,,
13. Tripura,1. Dhalai,2004 - 2005,404,"3,304.00",8.18,,,,,,
,,2005 - 2006,442,"3,240.00",7.33,,,,,,
,,2006 - 2007,349,"2,478.00",7.1,,,,,,
,,2007 - 2008,329,"2,010.00",6.11,,,,,,
,,2008 - 2009,113,820,7.26,,,,,,
,,2009 - 2010,177,"1,091.00",6.16,,,,,,
,,2010 - 2011,329,"2,695.00",8.19,,,,,,
,,2011 - 2012,204,"1,664.00",8.16,,,,,,
,,2012 - 2013,191,"1,563.00",8.18,,,,,,
,,2013 - 2014,283,"2,349.00",8.3,,,,,,
,,2014 - 2015,185,"1,601.00",8.65,,,,,,
,,2015 - 2016,200,"1,790.00",8.95,,,,,,
,,2016 - 2017,136,"1,153.00",8.48,,,,,,
,,2017 - 2018,144,"1,424.00",9.89,,,,,,
,,2018 - 2019,134,"1,216.50",9.08,,,,,,
,,2019 - 2020,129,"1,290.00",10,,,,,,
,,2020 - 2021,66,647,9.8,,,,,,
,,2021 - 2022,93,879,9.45,,,,,,
,,2022 - 2023,63,615,9.76,,,,,,
,2. Gomati,2012 - 2013,113,860,7.61,,,,,,
,,2013 - 2014,197,"1,560.00",7.92,,,,,,
,,2014 - 2015,138,"1,003.00",7.27,,,,,,
,,2015 - 2016,78,632,8.1,,,,,,
,,2016 - 2017,117,973,8.32,,,,,,
,,2017 - 2018,88,919,10.44,,,,,,
,,2018 - 2019,71,616.6,8.68,,,,,,
,,2019 - 2020,80,720,9,,,,,,
,,2020 - 2021,41,369,9,,,,,,
,,2021 - 2022,50,447,8.94,,,,,,
,,2022 - 2023,27,239,8.85,,,,,,
,3. Khowai,2012 - 2013,41,320,7.8,,,,,,
,,2013 - 2014,53,424,8,,,,,,
,,2014 - 2015,50,420,8.4,,,,,,
,,2015 - 2016,52,450,8.65,,,,,,
,,2016 - 2017,52,446,8.58,,,,,,
,,2017 - 2018,55,482,8.76,,,,,,
,,2018 - 2019,51,412.95,8.1,,,,,,
,,2019 - 2020,47,429,9.13,,,,,,
,,2020 - 2021,58,505,8.71,,,,,,
,,2021 - 2022,46,404,8.78,,,,,,
,,2022 - 2023,36,322,8.94,,,,,,
,4. North tripura,2004 - 2005,157,"1,457.00",9.28,,,,,,
,,2005 - 2006,106,968,9.13,,,,,,
,,2006 - 2007,127,"1,173.00",9.24,,,,,,
,,2007 - 2008,113,992,8.78,,,,,,
,,2008 - 2009,158,"1,466.00",9.28,,,,,,
,,2009 - 2010,227,"1,986.00",8.75,,,,,,
,,2010 - 2011,104,882,8.48,,,,,,
,,2011 - 2012,119,965,8.11,,,,,,
,,2012 - 2013,97,781,8.05,,,,,,
,,2013 - 2014,63,519,8.24,,,,,,
,,2014 - 2015,78,638,8.18,,,,,,
,,2015 - 2016,108,999,9.25,,,,,,
,,2016 - 2017,78,691,8.86,,,,,,
,,2017 - 2018,82,717,8.74,,,,,,
,,2018 - 2019,63,492.5,7.82,,,,,,
,,2019 - 2020,55,465,8.45,,,,,,
,,2020 - 2021,10,90,9,,,,,,
,,2021 - 2022,9,83,9.22,,,,,,
,,2022 - 2023,3,29,9.67,,,,,,
,5. Sepahijala,2012 - 2013,12,101,8.42,,,,,,
,,2013 - 2014,8,63,7.88,,,,,,
,,2014 - 2015,3,25,8.33,,,,,,
,,2015 - 2016,3,27,9,,,,,,
,,2016 - 2017,24,199,8.29,,,,,,
,,2017 - 2018,21,173,8.24,,,,,,
,,2018 - 2019,8,56.45,7.06,,,,,,
,,2019 - 2020,10,64,6.4,,,,,,
,,2020 - 2021,6,45,7.5,,,,,,
,,2021 - 2022,6,48,8,,,,,,
,,2022 - 2023,10,68,6.8,,,,,,
,6. South tripura,2004 - 2005,406,"2,773.00",6.83,,,,,,
,,2005 - 2006,346,"2,323.00",6.71,,,,,,
,,2006 - 2007,290,"1,941.00",6.69,,,,,,
,,2007 - 2008,297,"1,996.00",6.72,,,,,,
,,2008 - 2009,224,"1,634.00",7.29,,,,,,
,,2009 - 2010,264,"1,686.00",6.39,,,,,,
,,2010 - 2011,277,"2,230.00",8.05,,,,,,
,,2011 - 2012,223,"1,901.00",8.52,,,,,,
,,2012 - 2013,85,649,7.64,,,,,,
,,2013 - 2014,148,"1,158.00",7.82,,,,,,
,,2014 - 2015,89,641,7.2,,,,,,
,,2015 - 2016,91,742,8.15,,,,,,
,,2016 - 2017,86,696,8.09,,,,,,
,,2017 - 2018,91,719,7.9,,,,,,
,,2018 - 2019,91,688.1,7.56,,,,,,
,,2019 - 2020,71,544,7.66,,,,,,
,,2020 - 2021,49,373,7.61,,,,,,
,,2021 - 2022,55,419,7.62,,,,,,
,,2022 - 2023,40,298,7.45,,,,,,
,7. Unakoti,2012 - 2013,83,650,7.83,,,,,,
,,2013 - 2014,87,811,9.32,,,,,,
,,2014 - 2015,69,635,9.2,,,,,,
,,2015 - 2016,85,806,9.48,,,,,,
,,2016 - 2017,58,548,9.45,,,,,,
,,2017 - 2018,29,267,9.21,,,,,,
,,2018 - 2019,42,360.65,8.59,,,,,,
,,2019 - 2020,4,36,9,,,,,,
,,2020 - 2021,15,135,9,,,,,,
,,2021 - 2022,15,131,8.73,,,,,,
,,2022 - 2023,6,53,8.83,,,,,,
,8. West tripura,2004 - 2005,283,"2,116.00",7.48,,,,,,
,,2005 - 2006,276,"1,991.00",7.21,,,,,,
,,2006 - 2007,298,"2,206.00",7.4,,,,,,
,,2007 - 2008,210,"1,812.00",8.63,,,,,,
,,2008 - 2009,142,"1,106.00",7.79,,,,,,
,,2009 - 2010,111,870,7.84,,,,,,
,,2010 - 2011,82,649,7.91,,,,,,
,,2011 - 2012,82,682,8.32,,,,,,
,,2012 - 2013,19,153,8.05,,,,,,
,,2013 - 2014,15,119,7.93,,,,,,
,,2014 - 2015,15,116,7.73,,,,,,
,,2015 - 2016,10,84,8.4,,,,,,
,,2016 - 2017,32,255,7.97,,,,,,
,,2017 - 2018,31,262,8.45,,,,,,
,,2018 - 2019,33,273.2,8.28,,,,,,
,,2019 - 2020,34,290,8.53,,,,,,
,,2020 - 2021,23,195,8.48,,,,,,
,,2021 - 2022,18,152,8.44,,,,,,
,,2022 - 2023,5,42,8.4,,,,,,
14. West Bengal,1. 24 paraganas north,2000 - 2001,971,"8,120.00",8.36,,,,,,
,,2001 - 2002,"1,059.00","11,169.00",10.55,,,,,,
,,2002 - 2003,"1,105.00","9,503.00",8.6,,,,,,
,,2003 - 2004,626,"5,290.00",8.45,,,,,,
,,2004 - 2005,542,"5,404.00",9.97,,,,,,
,,2005 - 2006,"1,750.00","26,495.00",15.14,,,,,,
,,2006 - 2007,863,"11,503.00",13.33,,,,,,
,,2007 - 2008,295,"4,215.00",14.29,,,,,,
,,2008 - 2009,827,"10,236.00",12.38,,,,,,
,,2009 - 2010,581,"8,256.00",14.21,,,,,,
,,2010 - 2011,360,"4,681.00",13,,,,,,
,,2011 - 2012,710,"12,274.00",17.29,,,,,,
,,2012 - 2013,645,"9,339.00",14.48,,,,,,
,,2014 - 2015,569,"6,202.00",10.9,,,,,,
,,2015 - 2016,"1,099.00","12,968.00",11.8,,,,,,
,,2016 - 2017,"1,936.00","27,259.00",14.08,,,,,,
,,2017 - 2018,"1,669.00","20,178.00",12.09,,,,,,
,,2018 - 2019,"1,262.00","15,371.00",12.18,,,,,,
,,2019 - 2020,"1,607.00","28,304.00",17.61,,,,,,
,,2020 - 2021,"1,750.00","21,089.00",12.05,,,,,,
,,2021 - 2022,"1,708.00","34,065.00",19.94,,,,,,
,,2022 - 2023,"1,526.00","29,257.00",19.17,,,,,,
,2. 24 paraganas south,2005 - 2006,1,15,15,,,,,,
,,2010 - 2011,46,446,9.7,,,,,,
,3. Alipurduar,2016 - 2017,174,"1,684.00",9.68,,,,,,
,,2017 - 2018,130,"1,167.00",8.98,,,,,,
,,2018 - 2019,225,"2,603.00",11.57,,,,,,
,,2019 - 2020,184,"2,410.00",13.1,,,,,,
,,2020 - 2021,138,"1,639.00",11.88,,,,,,
,,2021 - 2022,146,"1,485.00",10.17,,,,,,
,,2022 - 2023,123,"1,743.00",14.17,,,,,,
,4. Bankura,2000 - 2001,22,120,5.45,,,,,,
,,2001 - 2002,"1,110.00","3,155.00",2.84,,,,,,
,,2002 - 2003,1,12,12,,,,,,
,,2003 - 2004,62,908,14.65,,,,,,
,,2004 - 2005,3,2,0.67,,,,,,
,,2005 - 2006,1,10,10,,,,,,
,,2006 - 2007,1,10,10,,,,,,
,,2010 - 2011,49,13,0.27,,,,,,
,,2019 - 2020,49,200,4.08,,,,,,
,,2020 - 2021,27,114,4.22,,,,,,
,,2021 - 2022,18,54,3,,,,,,
,,2022 - 2023,13,56,4.31,,,,,,
,5. Birbhum,2007 - 2008,1,1,1,,,,,,
,,2013 - 2014,1,13,13,,,,,,
,,2016 - 2017,53,565,10.66,,,,,,
,,2019 - 2020,12,157,13.08,,,,,,
,,2020 - 2021,12,143,11.92,,,,,,
,,2021 - 2022,14,185,13.21,,,,,,
,,2022 - 2023,15,213,14.2,,,,,,
,6. Coochbehar,2000 - 2001,"2,222.00","18,070.00",8.13,,,,,,
,,2001 - 2002,"1,290.00","11,798.00",9.15,,,,,,
,,2002 - 2003,"1,136.00","7,861.00",6.92,,,,,,
,,2003 - 2004,857,"6,019.00",7.02,,,,,,
,,2004 - 2005,274,"2,431.00",8.87,,,,,,
,,2005 - 2006,353,"3,249.00",9.2,,,,,,
,,2006 - 2007,"1,005.00","7,757.00",7.72,,,,,,
,,2007 - 2008,272,"2,305.00",8.47,,,,,,
,,2008 - 2009,178,"1,597.00",8.97,,,,,,
,,2009 - 2010,225,"3,015.00",13.4,,,,,,
,,2010 - 2011,91,"1,041.00",11.44,,,,,,
,,2011 - 2012,42,403,9.6,,,,,,
,,2012 - 2013,128,"1,489.00",11.63,,,,,,
,,2013 - 2014,139,"1,392.00",10.01,,,,,,
,,2014 - 2015,123,"1,458.00",11.85,,,,,,
,,2015 - 2016,130,"1,511.00",11.62,,,,,,
,,2016 - 2017,140,"1,338.00",9.56,,,,,,
,,2017 - 2018,128,"1,473.00",11.51,,,,,,
,,2018 - 2019,123,"1,724.00",14.02,,,,,,
,,2019 - 2020,128,"1,677.00",13.1,,,,,,
,,2020 - 2021,123,"1,461.00",11.88,,,,,,
,,2021 - 2022,139,"1,650.00",11.87,,,,,,
,,2022 - 2023,141,"1,998.00",14.17,,,,,,
,7. Darjeeling,2001 - 2002,1,9,9,,,,,,
,,2015 - 2016,8,97,12.13,,,,,,
,,2016 - 2017,9,87,9.67,,,,,,
,,2017 - 2018,27,242,8.96,,,,,,
,,2018 - 2019,24,278,11.58,,,,,,
,,2019 - 2020,14,183,13.07,,,,,,
,,2020 - 2021,12,143,11.92,,,,,,
,,2021 - 2022,15,153,10.2,,,,,,
,,2022 - 2023,23,326,14.17,,,,,,
,8. Dinajpur dakshin,2000 - 2001,"1,481.00","14,990.00",10.12,,,,,,
,,2001 - 2002,"1,280.00","13,997.00",10.94,,,,,,
,,2002 - 2003,"1,258.00","16,496.00",13.11,,,,,,
,,2003 - 2004,"2,528.00","33,984.00",13.44,,,,,,
,,2004 - 2005,"2,337.00","27,635.00",11.82,,,,,,
,,2005 - 2006,"3,583.00","48,330.00",13.49,,,,,,
,,2006 - 2007,"3,654.00","43,044.00",11.78,,,,,,
,,2007 - 2008,"3,212.00","39,864.00",12.41,,,,,,
,,2008 - 2009,"3,223.00","48,293.00",14.98,,,,,,
,,2009 - 2010,"2,924.00","46,724.00",15.98,,,,,,
,,2010 - 2011,"3,891.00","53,700.00",13.8,,,,,,
,,2011 - 2012,"2,744.00","35,132.00",12.8,,,,,,
,,2012 - 2013,"3,022.00","41,970.00",13.89,,,,,,
,,2013 - 2014,"5,282.00","77,238.00",14.62,,,,,,
,,2014 - 2015,"5,230.00","71,760.00",13.72,,,,,,
,,2015 - 2016,"3,852.00","52,955.00",13.75,,,,,,
,,2016 - 2017,"3,505.00","49,188.00",14.03,,,,,,
,,2017 - 2018,"2,962.00","39,342.00",13.28,,,,,,
,,2018 - 2019,"3,918.00","52,385.00",13.37,,,,,,
,,2019 - 2020,"5,818.00","74,860.00",12.87,,,,,,
,,2020 - 2021,"5,681.00","69,646.00",12.26,,,,,,
,,2021 - 2022,"5,801.00","79,705.00",13.74,,,,,,
,,2022 - 2023,"6,623.00","86,848.00",13.11,,,,,,
,9. Dinajpur uttar,2000 - 2001,"2,473.00","16,210.00",6.55,,,,,,
,,2001 - 2002,"3,710.00","31,101.00",8.38,,,,,,
,,2002 - 2003,"2,794.00","21,556.00",7.72,,,,,,
,,2003 - 2004,"3,694.00","33,927.00",9.18,,,,,,
,,2004 - 2005,"4,072.00","34,440.00",8.46,,,,,,
,,2005 - 2006,"3,154.00","28,450.00",9.02,,,,,,
,,2006 - 2007,"2,409.00","17,683.00",7.34,,,,,,
,,2007 - 2008,"2,521.00","22,122.00",8.78,,,,,,
,,2008 - 2009,"2,515.00","23,855.00",9.49,,,,,,
,,2009 - 2010,789,"8,150.00",10.33,,,,,,
,,2010 - 2011,836,"7,618.00",9.11,,,,,,
,,2011 - 2012,912,"7,050.00",7.73,,,,,,
,,2012 - 2013,779,"6,795.00",8.72,,,,,,
,,2013 - 2014,936,"8,048.00",8.6,,,,,,
,,2014 - 2015,"1,029.00","12,157.00",11.81,,,,,,
,,2015 - 2016,"1,011.00","8,671.00",8.58,,,,,,
,,2016 - 2017,"1,339.00","12,425.00",9.28,,,,,,
,,2017 - 2018,950,"7,388.00",7.78,,,,,,
,,2018 - 2019,"1,216.00","10,864.00",8.93,,,,,,
,,2019 - 2020,"1,109.00","14,672.00",13.23,,,,,,
,,2020 - 2021,"1,181.00","14,526.00",12.3,,,,,,
,,2021 - 2022,"1,179.00","10,621.00",9.01,,,,,,
,,2022 - 2023,"1,010.00","9,355.00",9.26,,,,,,
,10. Hooghly,2002 - 2003,8,100,12.5,,,,,,
,,2003 - 2004,5,73,14.6,,,,,,
,,2012 - 2013,136,"1,699.00",12.49,,,,,,
,,2013 - 2014,131,"1,727.00",13.18,,,,,,
,,2014 - 2015,52,675,12.98,,,,,,
,,2015 - 2016,158,480,3.04,,,,,,
,,2016 - 2017,312,"3,326.00",10.66,,,,,,
,,2019 - 2020,105,"1,376.00",13.1,,,,,,
,,2020 - 2021,111,"1,319.00",11.88,,,,,,
,,2021 - 2022,96,"1,270.00",13.23,,,,,,
,,2022 - 2023,53,751,14.17,,,,,,
,11. Howrah,2006 - 2007,110,748,6.8,,,,,,
,12. Jalpaiguri,2000 - 2001,465,"3,420.00",7.35,,,,,,
,,2001 - 2002,417,"3,652.00",8.76,,,,,,
,,2002 - 2003,378,"3,281.00",8.68,,,,,,
,,2003 - 2004,325,"3,221.00",9.91,,,,,,
,,2004 - 2005,320,"2,640.00",8.25,,,,,,
,,2005 - 2006,237,"2,199.00",9.28,,,,,,
,,2006 - 2007,245,"2,519.00",10.28,,,,,,
,,2007 - 2008,241,"2,019.00",8.38,,,,,,
,,2008 - 2009,214,"2,329.00",10.88,,,,,,
,,2009 - 2010,229,"2,497.00",10.9,,,,,,
,,2010 - 2011,240,"2,892.00",12.05,,,,,,
,,2011 - 2012,279,"2,902.00",10.4,,,,,,
,,2012 - 2013,266,"2,728.00",10.26,,,,,,
,,2013 - 2014,162,"1,616.00",9.98,,,,,,
,,2014 - 2015,149,"2,001.00",13.43,,,,,,
,,2015 - 2016,220,"2,485.00",11.3,,,,,,
,,2016 - 2017,60,581,9.68,,,,,,
,,2018 - 2019,54,625,11.57,,,,,,
,,2019 - 2020,34,445,13.09,,,,,,
,,2020 - 2021,29,345,11.9,,,,,,
,,2021 - 2022,33,336,10.18,,,,,,
,,2022 - 2023,44,623,14.16,,,,,,
,13. Jhargram,2018 - 2019,70,276,3.94,,,,,,
,,2019 - 2020,14,57,4.07,,,,,,
,,2020 - 2021,15,64,4.27,,,,,,
,,2021 - 2022,18,54,3,,,,,,
,,2022 - 2023,11,48,4.36,,,,,,
,14. Maldah,2000 - 2001,539,"4,280.00",7.94,,,,,,
,,2001 - 2002,"1,114.00","10,143.00",9.11,,,,,,
,,2002 - 2003,824,"7,284.00",8.84,,,,,,
,,2003 - 2004,972,"9,010.00",9.27,,,,,,
,,2004 - 2005,629,"6,221.00",9.89,,,,,,
,,2005 - 2006,643,"7,028.00",10.93,,,,,,
,,2006 - 2007,567,"5,574.00",9.83,,,,,,
,,2007 - 2008,393,"3,191.00",8.12,,,,,,
,,2008 - 2009,273,"1,925.00",7.05,,,,,,
,,2009 - 2010,165,"2,185.00",13.24,,,,,,
,,2010 - 2011,426,"5,052.00",11.86,,,,,,
,,2011 - 2012,629,"4,802.00",7.63,,,,,,
,,2012 - 2013,568,"4,710.00",8.29,,,,,,
,,2013 - 2014,558,"4,368.00",7.83,,,,,,
,,2014 - 2015,102,739,7.25,,,,,,
,,2015 - 2016,580,"7,059.00",12.17,,,,,,
,,2016 - 2017,"1,149.00","12,294.00",10.7,,,,,,
,,2017 - 2018,849,"8,677.00",10.22,,,,,,
,,2018 - 2019,"1,044.00","13,060.00",12.51,,,,,,
,,2019 - 2020,745,"9,856.00",13.23,,,,,,
,,2020 - 2021,772,"9,496.00",12.3,,,,,,
,,2021 - 2022,762,"9,107.00",11.95,,,,,,
,,2022 - 2023,641,"8,948.00",13.96,,,,,,
,15. Medinipur east,2005 - 2006,27,275,10.19,,,,,,
,16. Medinipur west,2000 - 2001,350,"1,990.00",5.69,,,,,,
,,2001 - 2002,28,80,2.86,,,,,,
,,2003 - 2004,23,337,14.65,,,,,,
,,2004 - 2005,27,14,0.52,,,,,,
,,2005 - 2006,3,31,10.33,,,,,,
,,2012 - 2013,366,"4,571.00",12.49,,,,,,
,17. Murshidabad,2000 - 2001,"1,080.00","7,750.00",7.18,,,,,,
,,2001 - 2002,148,"1,561.00",10.55,,,,,,
,,2002 - 2003,105,903,8.6,,,,,,
,,2003 - 2004,94,794,8.45,,,,,,
,,2004 - 2005,173,"1,725.00",9.97,,,,,,
,,2005 - 2006,536,"8,115.00",15.14,,,,,,
,,2006 - 2007,603,"4,100.00",6.8,,,,,,
,,2007 - 2008,176,"1,459.00",8.29,,,,,,
,,2008 - 2009,119,844,7.09,,,,,,
,,2009 - 2010,226,"2,294.00",10.15,,,,,,
,,2010 - 2011,99,960,9.7,,,,,,
,,2012 - 2013,736,"8,773.00",11.92,,,,,,
,,2013 - 2014,717,"9,450.00",13.18,,,,,,
,,2014 - 2015,870,"8,708.00",10.01,,,,,,
,,2015 - 2016,"1,685.00","18,381.00",10.91,,,,,,
,,2016 - 2017,"3,725.00","39,007.00",10.47,,,,,,
,,2017 - 2018,"2,625.00","18,323.00",6.98,,,,,,
,,2018 - 2019,"1,952.00","24,420.00",12.51,,,,,,
,,2019 - 2020,"1,717.00","22,716.00",13.23,,,,,,
,,2020 - 2021,"1,821.00","22,398.00",12.3,,,,,,
,,2021 - 2022,"1,804.00","23,326.00",12.93,,,,,,
,,2022 - 2023,"1,646.00","22,978.00",13.96,,,,,,
,18. Nadia,2000 - 2001,"1,076.00","7,730.00",7.18,,,,,,
,,2001 - 2002,426,"4,493.00",10.55,,,,,,
,,2002 - 2003,515,"4,430.00",8.6,,,,,,
,,2003 - 2004,378,"3,032.00",8.02,,,,,,
,,2004 - 2005,122,"1,216.00",9.97,,,,,,
,,2005 - 2006,50,854,17.08,,,,,,
,,2006 - 2007,139,945,6.8,,,,,,
,,2007 - 2008,277,"2,296.00",8.29,,,,,,
,,2008 - 2009,529,"3,751.00",7.09,,,,,,
,,2009 - 2010,176,"1,786.00",10.15,,,,,,
,,2010 - 2011,25,243,9.72,,,,,,
,,2011 - 2012,109,"1,861.00",17.07,,,,,,
,,2012 - 2013,47,560,11.91,,,,,,
,,2013 - 2014,240,"3,163.00",13.18,,,,,,
,,2014 - 2015,499,"5,439.00",10.9,,,,,,
,,2015 - 2016,311,"4,078.00",13.11,,,,,,
,,2016 - 2017,617,"9,304.00",15.08,,,,,,
,,2017 - 2018,607,"9,627.00",15.86,,,,,,
,,2018 - 2019,419,"5,105.00",12.18,,,,,,
,,2019 - 2020,375,"5,314.00",14.17,,,,,,
,,2020 - 2021,387,"4,598.00",11.88,,,,,,
,,2021 - 2022,369,"5,598.00",15.17,,,,,,
,,2022 - 2023,328,"5,891.00",17.96,,,,,,
,19. Paschim bardhaman,2021 - 2022,5,66,13.2,,,,,,
,,2022 - 2023,16,227,14.19,,,,,,
,20. Purba bardhaman,2000 - 2001,126,720,5.71,,,,,,
,,2002 - 2003,33,411,12.45,,,,,,
,,2003 - 2004,9,132,14.67,,,,,,
,,2004 - 2005,88,46,0.52,,,,,,
,,2005 - 2006,1,10,10,,,,,,
,,2006 - 2007,5,51,10.2,,,,,,
,,2008 - 2009,6,55,9.17,,,,,,
,,2009 - 2010,5,58,11.6,,,,,,
,,2010 - 2011,162,44,0.27,,,,,,
,,2011 - 2012,2,2,1,,,,,,
,,2012 - 2013,3,37,12.33,,,,,,
,,2013 - 2014,277,"3,651.00",13.18,,,,,,
,,2014 - 2015,100,"1,299.00",12.99,,,,,,
,,2015 - 2016,175,532,3.04,,,,,,
,,2016 - 2017,346,"3,688.00",10.66,,,,,,
,,2017 - 2018,206,"2,089.00",10.14,,,,,,
,,2018 - 2019,314,"3,825.00",12.18,,,,,,
,,2019 - 2020,228,"2,987.00",13.1,,,,,,
,,2020 - 2021,103,"1,224.00",11.88,,,,,,
,,2021 - 2022,173,"2,289.00",13.23,,,,,,
,,2022 - 2023,95,"1,346.00",14.17,,,,,,
,21. Purulia,2000 - 2001,86,230,2.67,,,,,,
,,2001 - 2002,49,139,2.84,,,,,,
,,2002 - 2003,59,735,12.46,,,,,,
,,2003 - 2004,142,"2,080.00",14.65,,,,,,
,,2004 - 2005,45,69,1.53,,,,,,
,,2005 - 2006,19,193,10.16,,,,,,
,,2006 - 2007,59,596,10.1,,,,,,
,,2007 - 2008,44,27,0.61,,,,,,
,,2008 - 2009,24,16,0.67,,,,,,
,,2009 - 2010,38,104,2.74,,,,,,
,,2010 - 2011,31,62,2,,,,,,
,,2011 - 2012,3,3,1,,,,,,
,,2014 - 2015,159,"2,065.00",12.99,,,,,,
,,2015 - 2016,150,499,3.33,,,,,,
,,2016 - 2017,330,"1,185.00",3.59,,,,,,
,,2017 - 2018,207,537,2.59,,,,,,
,,2018 - 2019,130,427,3.28,,,,,,
,,2019 - 2020,295,997,3.38,,,,,,
,,2020 - 2021,307,"1,099.00",3.58,,,,,,
,,2021 - 2022,267,671,2.51,,,,,,
,,2022 - 2023,296,"1,061.00",3.58,,,,,,
