state,district,year,sannhamp_kharif_yield_tonne_per_hectare
Andhra Pradesh,East godavari,2013 - 2014,
,Guntur,2013 - 2014,
,,2019 - 2020,0.0
,Kurnool,2013 - 2014,
,Prakasam,2013 - 2014,
,,2019 - 2020,0.0
,Spsr nellore,2019 - 2020,
,Srikakulam,2019 - 2020,
,Visakhapatanam,2019 - 2020,0.0
,Vizianagaram,2013 - 2014,
,,2019 - 2020,0.0
Bihar,Araria,2002 - 2003,
,,2003 - 2004,
,,2004 - 2005,
,,2005 - 2006,
,,2006 - 2007,0.86
,,2007 - 2008,4.57
,,2008 - 2009,4.57
,,2009 - 2010,0.82
,Arwal,2003 - 2004,
,,2004 - 2005,
,,2005 - 2006,
,,2007 - 2008,4.17
,,2008 - 2009,4.17
,,2009 - 2010,0.83
,,2012 - 2013,0.86
,,2013 - 2014,0.83
,Aurangabad,2005 - 2006,
,,2006 - 2007,1.0
,Banka,2002 - 2003,
,,2003 - 2004,
,,2004 - 2005,
,,2005 - 2006,
,,2006 - 2007,0.82
,,2007 - 2008,4.43
,,2008 - 2009,4.44
,,2009 - 2010,0.82
,,2012 - 2013,0.8
,,2013 - 2014,0.81
,,2014 - 2015,0.8
,,2015 - 2016,0.81
,,2016 - 2017,0.81
,,2017 - 2018,0.81
,,2018 - 2019,0.81
,,2019 - 2020,0.81
,,2020 - 2021,0.81
,,2021 - 2022,0.81
,,2022 - 2023,0.81
,Begusarai,2002 - 2003,
,,2003 - 2004,
,,2004 - 2005,
,,2005 - 2006,
,,2006 - 2007,0.83
,,2007 - 2008,4.44
,,2009 - 2010,0.8
,,2012 - 2013,0.81
,,2013 - 2014,0.77
,,2014 - 2015,0.83
,,2015 - 2016,0.83
,,2016 - 2017,0.81
,,2019 - 2020,0.78
,,2020 - 2021,0.79
,,2021 - 2022,0.83
,Bhagalpur,2002 - 2003,
,,2003 - 2004,
,,2004 - 2005,
,,2005 - 2006,
,,2006 - 2007,0.82
,,2007 - 2008,4.44
,,2008 - 2009,4.45
,,2009 - 2010,0.81
,,2012 - 2013,0.8
,,2013 - 2014,0.81
,,2014 - 2015,0.81
,,2015 - 2016,0.81
,,2016 - 2017,0.81
,,2017 - 2018,0.81
,,2018 - 2019,0.81
,,2019 - 2020,0.81
,,2020 - 2021,0.81
,,2021 - 2022,0.8
,,2022 - 2023,0.81
,Bhojpur,2004 - 2005,
,,2005 - 2006,
,,2006 - 2007,0.5
,,2007 - 2008,4.17
,,2008 - 2009,4.17
,,2009 - 2010,0.81
,Buxar,2006 - 2007,0.5
,,2007 - 2008,3.33
,,2009 - 2010,0.75
,Darbhanga,2004 - 2005,
,Gaya,2002 - 2003,
,,2003 - 2004,
,,2004 - 2005,
,,2005 - 2006,
,,2006 - 2007,0.82
,,2007 - 2008,4.47
,,2008 - 2009,4.46
,,2009 - 2010,0.82
,,2012 - 2013,0.8
,,2013 - 2014,0.86
,,2014 - 2015,0.81
,,2015 - 2016,1.0
,,2016 - 2017,1.0
,,2017 - 2018,1.0
,Gopalganj,2002 - 2003,
,,2003 - 2004,
,,2004 - 2005,
,,2005 - 2006,
,,2006 - 2007,0.82
,,2007 - 2008,4.2
,,2008 - 2009,4.26
,,2009 - 2010,0.82
,,2012 - 2013,0.86
,Jehanabad,2003 - 2004,
,,2004 - 2005,
,,2005 - 2006,
,,2006 - 2007,0.83
,,2007 - 2008,4.44
,,2008 - 2009,5.56
,,2009 - 2010,1.0
,,2012 - 2013,0.81
,,2013 - 2014,0.8
,,2014 - 2015,0.8
,,2015 - 2016,0.8
,,2016 - 2017,0.8
,,2019 - 2020,0.83
,Kaimur (bhabua),2002 - 2003,
,,2005 - 2006,
,Katihar,2004 - 2005,
,,2005 - 2006,
,,2006 - 2007,0.87
,,2007 - 2008,4.57
,,2008 - 2009,4.59
,,2009 - 2010,0.82
,,2018 - 2019,0.75
,,2019 - 2020,0.82
,,2020 - 2021,0.8
,Khagaria,2002 - 2003,
,,2003 - 2004,
,,2004 - 2005,
,,2005 - 2006,
,,2006 - 2007,0.82
,,2007 - 2008,4.38
,,2008 - 2009,4.41
,,2009 - 2010,0.81
,,2012 - 2013,0.8
,,2013 - 2014,0.81
,,2014 - 2015,0.81
,,2015 - 2016,0.8
,,2016 - 2017,0.8
,,2017 - 2018,0.81
,,2018 - 2019,0.81
,,2019 - 2020,0.8
,,2020 - 2021,0.8
,,2021 - 2022,0.81
,,2022 - 2023,0.8
,Lakhisarai,2002 - 2003,
,,2003 - 2004,
,,2006 - 2007,0.67
,Madhepura,2002 - 2003,
,,2003 - 2004,
,,2004 - 2005,
,,2005 - 2006,
,,2006 - 2007,0.81
,,2007 - 2008,4.43
,,2008 - 2009,4.43
,,2009 - 2010,0.8
,,2013 - 2014,0.81
,,2014 - 2015,0.8
,,2015 - 2016,0.81
,,2016 - 2017,0.81
,,2017 - 2018,0.8
,,2018 - 2019,0.81
,,2019 - 2020,0.81
,,2020 - 2021,0.78
,Madhubani,2002 - 2003,
,,2003 - 2004,
,,2004 - 2005,
,,2005 - 2006,
,,2006 - 2007,0.79
,,2007 - 2008,4.39
,,2008 - 2009,4.48
,,2009 - 2010,0.82
,,2012 - 2013,0.67
,,2013 - 2014,0.67
,,2014 - 2015,0.83
,,2015 - 2016,0.86
,,2016 - 2017,0.8
,,2017 - 2018,0.8
,,2018 - 2019,0.75
,,2019 - 2020,0.67
,,2022 - 2023,1.0
,Munger,2002 - 2003,
,,2003 - 2004,
,,2004 - 2005,
,,2005 - 2006,
,,2006 - 2007,0.82
,,2007 - 2008,4.35
,,2009 - 2010,0.81
,,2012 - 2013,1.0
,,2013 - 2014,1.0
,,2014 - 2015,0.8
,,2015 - 2016,0.8
,,2017 - 2018,1.0
,,2018 - 2019,1.0
,,2019 - 2020,1.0
,,2020 - 2021,1.0
,Muzaffarpur,2002 - 2003,
,,2003 - 2004,
,,2004 - 2005,
,,2005 - 2006,
,,2006 - 2007,0.67
,,2007 - 2008,3.7
,,2008 - 2009,4.76
,Nalanda,2002 - 2003,
,,2003 - 2004,
,,2004 - 2005,
,,2005 - 2006,
,,2006 - 2007,0.57
,,2007 - 2008,3.85
,,2008 - 2009,3.85
,,2016 - 2017,1.0
,,2019 - 2020,1.0
,,2021 - 2022,1.0
,,2022 - 2023,1.0
,Nawada,2002 - 2003,
,,2003 - 2004,
,,2004 - 2005,
,,2005 - 2006,
,,2006 - 2007,0.83
,,2007 - 2008,4.46
,,2008 - 2009,4.43
,,2009 - 2010,0.82
,,2012 - 2013,0.8
,,2013 - 2014,0.81
,,2014 - 2015,0.8
,,2015 - 2016,0.81
,,2016 - 2017,0.79
,,2017 - 2018,0.8
,,2018 - 2019,0.81
,,2019 - 2020,0.82
,,2020 - 2021,0.79
,,2021 - 2022,0.79
,,2022 - 2023,0.85
,Pashchim champaran,2013 - 2014,1.0
,,2014 - 2015,1.0
,,2015 - 2016,1.0
,,2017 - 2018,1.0
,,2018 - 2019,1.0
,,2019 - 2020,1.0
,,2020 - 2021,1.0
,,2021 - 2022,1.0
,Patna,2002 - 2003,
,,2003 - 2004,
,,2004 - 2005,
,,2005 - 2006,
,,2006 - 2007,0.5
,,2008 - 2009,2.78
,,2012 - 2013,0.75
,Purbi champaran,2002 - 2003,
,,2003 - 2004,
,,2004 - 2005,
,,2005 - 2006,
,,2006 - 2007,1.0
,,2007 - 2008,5.55
,,2008 - 2009,55.55
,,2009 - 2010,1.0
,Rohtas,2002 - 2003,
,,2003 - 2004,
,,2005 - 2006,
,,2006 - 2007,0.57
,Saharsa,2002 - 2003,
,,2003 - 2004,
,,2004 - 2005,
,,2005 - 2006,
,,2006 - 2007,0.83
,,2007 - 2008,4.42
,,2008 - 2009,4.44
,,2009 - 2010,0.81
,,2012 - 2013,0.79
,,2013 - 2014,0.8
,,2014 - 2015,0.86
,,2015 - 2016,0.81
,,2016 - 2017,0.82
,,2017 - 2018,0.81
,,2018 - 2019,0.82
,,2019 - 2020,0.81
,,2020 - 2021,0.79
,,2021 - 2022,0.81
,,2022 - 2023,0.83
,Samastipur,2002 - 2003,
,,2003 - 2004,
,,2004 - 2005,
,,2005 - 2006,
,,2008 - 2009,4.63
,,2009 - 2010,0.82
,,2013 - 2014,0.8
,,2014 - 2015,0.8
,,2015 - 2016,0.79
,,2016 - 2017,0.79
,,2017 - 2018,0.8
,,2018 - 2019,0.8
,,2019 - 2020,0.81
,,2020 - 2021,0.81
,,2021 - 2022,0.81
,,2022 - 2023,0.8
,Saran,2002 - 2003,
,,2003 - 2004,
,,2004 - 2005,
,,2005 - 2006,
,,2006 - 2007,0.86
,,2007 - 2008,4.21
,,2008 - 2009,5.56
,,2013 - 2014,0.81
,,2014 - 2015,0.81
,,2015 - 2016,0.8
,,2016 - 2017,0.82
,,2017 - 2018,0.79
,,2018 - 2019,0.8
,,2019 - 2020,0.79
,,2020 - 2021,0.78
,,2021 - 2022,0.78
,,2022 - 2023,0.82
,Sheikhpura,2003 - 2004,
,,2004 - 2005,
,,2005 - 2006,
,,2012 - 2013,0.75
,,2017 - 2018,1.0
,Sheohar,2005 - 2006,
,,2006 - 2007,0.75
,Sitamarhi,2002 - 2003,
,,2003 - 2004,
,,2004 - 2005,
,,2005 - 2006,
,,2006 - 2007,0.83
,,2007 - 2008,4.44
,,2008 - 2009,4.44
,,2009 - 2010,0.82
,Siwan,2002 - 2003,
,,2003 - 2004,
,,2004 - 2005,
,,2005 - 2006,
,,2006 - 2007,0.82
,,2007 - 2008,4.2
,,2008 - 2009,4.19
,,2009 - 2010,0.81
,,2012 - 2013,0.8
,,2013 - 2014,0.8
,,2014 - 2015,0.8
,,2015 - 2016,0.81
,,2016 - 2017,0.81
,,2017 - 2018,0.81
,,2018 - 2019,0.81
,,2019 - 2020,0.81
,,2020 - 2021,0.81
,,2021 - 2022,0.81
,,2022 - 2023,0.81
,Supaul,2002 - 2003,
,,2003 - 2004,
,,2004 - 2005,
,,2005 - 2006,
,,2007 - 2008,5.55
,,2009 - 2010,0.8
,,2012 - 2013,0.81
,,2013 - 2014,0.8
,,2014 - 2015,0.8
,,2015 - 2016,0.8
,,2016 - 2017,0.81
,Vaishali,2005 - 2006,
,,2007 - 2008,3.7
,,2008 - 2009,3.7
,,2014 - 2015,0.8
Chhattisgarh,Balod,2011 - 2012,
,,2016 - 2017,0.4
,,2020 - 2021,0.0
,Baloda bazar,2011 - 2012,
,,2012 - 2013,
,,2013 - 2014,0.44
,,2014 - 2015,0.42
,,2015 - 2016,0.58
,,2016 - 2017,0.44
,,2017 - 2018,0.45
,Balrampur,2011 - 2012,
,,2012 - 2013,
,,2013 - 2014,0.19
,,2014 - 2015,0.3
,,2015 - 2016,0.61
,,2016 - 2017,0.63
,,2017 - 2018,0.61
,,2018 - 2019,0.61
,,2019 - 2020,0.66
,,2020 - 2021,0.6
,,2021 - 2022,0.77
,,2022 - 2023,0.66
,Bastar,2000 - 2001,
,,2001 - 2002,
,,2002 - 2003,
,,2003 - 2004,
,,2004 - 2005,
,,2005 - 2006,
,,2006 - 2007,
,,2007 - 2008,
,,2008 - 2009,
,,2009 - 2010,
,,2010 - 2011,
,,2011 - 2012,
,,2012 - 2013,
,,2013 - 2014,0.45
,,2014 - 2015,0.43
,,2015 - 2016,0.33
,,2016 - 2017,0.4
,,2017 - 2018,0.41
,,2018 - 2019,0.39
,,2019 - 2020,0.5
,,2020 - 2021,0.06
,Bemetara,2012 - 2013,
,,2021 - 2022,0.33
,Bijapur,2006 - 2007,
,,2007 - 2008,
,,2008 - 2009,
,,2009 - 2010,
,,2010 - 2011,
,,2011 - 2012,
,,2012 - 2013,
,,2013 - 2014,0.43
,,2014 - 2015,0.25
,,2015 - 2016,0.25
,,2016 - 2017,0.0
,,2017 - 2018,0.0
,,2018 - 2019,0.0
,,2022 - 2023,0.6
,Bilaspur,2000 - 2001,
,,2001 - 2002,
,,2002 - 2003,
,,2003 - 2004,
,,2004 - 2005,
,,2005 - 2006,
,,2006 - 2007,
,,2007 - 2008,
,,2008 - 2009,
,,2009 - 2010,
,,2010 - 2011,
,,2011 - 2012,
,,2012 - 2013,
,,2013 - 2014,0.38
,,2014 - 2015,0.38
,,2015 - 2016,0.49
,,2016 - 2017,0.45
,,2017 - 2018,0.38
,,2018 - 2019,0.49
,Dantewada,2000 - 2001,
,,2001 - 2002,
,,2002 - 2003,
,,2003 - 2004,
,,2004 - 2005,
,,2005 - 2006,
,,2006 - 2007,
,,2007 - 2008,
,,2008 - 2009,
,,2009 - 2010,
,,2010 - 2011,
,,2011 - 2012,
,,2012 - 2013,
,,2013 - 2014,0.33
,,2014 - 2015,0.42
,,2015 - 2016,0.29
,,2016 - 2017,0.43
,,2017 - 2018,0.25
,,2018 - 2019,0.5
,,2019 - 2020,0.2
,,2020 - 2021,0.0
,Dhamtari,2000 - 2001,
,,2001 - 2002,
,,2002 - 2003,
,,2003 - 2004,
,,2004 - 2005,
,,2005 - 2006,
,,2006 - 2007,
,,2007 - 2008,
,,2008 - 2009,
,,2009 - 2010,
,,2010 - 2011,
,,2011 - 2012,
,,2012 - 2013,
,,2013 - 2014,0.0
,,2015 - 2016,0.5
,,2016 - 2017,0.5
,,2018 - 2019,1.0
,,2020 - 2021,6.0
,Durg,2000 - 2001,
,,2001 - 2002,
,,2002 - 2003,
,,2003 - 2004,
,,2004 - 2005,
,,2005 - 2006,
,,2006 - 2007,
,,2007 - 2008,
,,2008 - 2009,
,,2009 - 2010,
,,2010 - 2011,
,,2012 - 2013,
,,2013 - 2014,0.29
,,2015 - 2016,0.36
,,2016 - 2017,0.35
,,2020 - 2021,0.06
,,2022 - 2023,0.5
,Gariyaband,2011 - 2012,
,,2012 - 2013,
,,2013 - 2014,0.3
,,2014 - 2015,0.33
,,2015 - 2016,0.6
,,2016 - 2017,0.67
,,2020 - 2021,1.0
,Gaurella-pendra-marwahi,2021 - 2022,1.0
,,2022 - 2023,1.0
,Janjgir-champa,2000 - 2001,
,,2001 - 2002,
,,2002 - 2003,
,,2003 - 2004,
,,2004 - 2005,
,,2005 - 2006,
,,2006 - 2007,
,,2007 - 2008,
,,2008 - 2009,
,,2009 - 2010,
,,2010 - 2011,
,,2011 - 2012,
,,2012 - 2013,
,,2013 - 2014,0.37
,,2014 - 2015,0.37
,,2015 - 2016,0.44
,,2016 - 2017,0.5
,,2017 - 2018,0.41
,,2018 - 2019,0.47
,,2019 - 2020,0.44
,Jashpur,2000 - 2001,
,,2001 - 2002,
,,2002 - 2003,
,,2003 - 2004,
,,2004 - 2005,
,,2005 - 2006,
,,2006 - 2007,
,,2007 - 2008,
,,2008 - 2009,
,,2009 - 2010,
,,2010 - 2011,
,,2011 - 2012,
,,2012 - 2013,
,,2013 - 2014,0.36
,,2014 - 2015,0.35
,,2015 - 2016,0.38
,,2016 - 2017,0.38
,,2017 - 2018,0.47
,,2018 - 2019,0.44
,,2019 - 2020,0.44
,,2020 - 2021,0.45
,,2021 - 2022,0.63
,,2022 - 2023,0.45
,Kabirdham,2000 - 2001,
,,2001 - 2002,
,,2002 - 2003,
,,2003 - 2004,
,,2004 - 2005,
,,2006 - 2007,
,,2007 - 2008,
,,2008 - 2009,
,,2009 - 2010,
,,2010 - 2011,
,Kanker,2000 - 2001,
,,2001 - 2002,
,,2002 - 2003,
,,2003 - 2004,
,,2004 - 2005,
,,2005 - 2006,
,,2006 - 2007,
,,2007 - 2008,
,,2008 - 2009,
,,2009 - 2010,
,,2010 - 2011,
,,2011 - 2012,
,,2012 - 2013,
,,2013 - 2014,0.39
,,2014 - 2015,0.32
,,2015 - 2016,0.32
,,2016 - 2017,0.44
,,2017 - 2018,0.38
,,2018 - 2019,0.2
,,2019 - 2020,0.5
,,2020 - 2021,0.25
,,2021 - 2022,1.0
,Khairgarh chhuikhadan gandai,2022 - 2023,0.56
,Kondagaon,2011 - 2012,
,,2012 - 2013,
,,2013 - 2014,0.41
,,2014 - 2015,0.29
,,2015 - 2016,0.57
,,2016 - 2017,0.68
,,2017 - 2018,0.64
,,2018 - 2019,0.67
,,2019 - 2020,0.8
,,2020 - 2021,0.0
,,2021 - 2022,0.8
,,2022 - 2023,0.75
,Korba,2000 - 2001,
,,2001 - 2002,
,,2002 - 2003,
,,2003 - 2004,
,,2004 - 2005,
,,2005 - 2006,
,,2006 - 2007,
,,2007 - 2008,
,,2008 - 2009,
,,2009 - 2010,
,,2010 - 2011,
,,2011 - 2012,
,,2012 - 2013,
,,2013 - 2014,0.31
,,2014 - 2015,0.38
,,2015 - 2016,0.4
,,2017 - 2018,0.44
,,2018 - 2019,0.43
,,2019 - 2020,0.0
,Korea,2000 - 2001,
,,2001 - 2002,
,,2002 - 2003,
,,2003 - 2004,
,,2004 - 2005,
,,2005 - 2006,
,,2006 - 2007,
,,2007 - 2008,
,,2008 - 2009,
,,2009 - 2010,
,,2010 - 2011,
,,2011 - 2012,
,,2012 - 2013,
,,2013 - 2014,0.28
,,2014 - 2015,0.31
,,2015 - 2016,0.34
,,2016 - 2017,0.34
,,2017 - 2018,0.34
,,2018 - 2019,0.26
,,2019 - 2020,0.32
,,2020 - 2021,0.25
,,2021 - 2022,0.5
,,2022 - 2023,0.5
,Mahasamund,2000 - 2001,
,,2001 - 2002,
,,2002 - 2003,
,,2003 - 2004,
,,2004 - 2005,
,,2005 - 2006,
,,2006 - 2007,
,,2007 - 2008,
,,2008 - 2009,
,,2009 - 2010,
,,2010 - 2011,
,,2011 - 2012,
,,2012 - 2013,
,,2013 - 2014,0.35
,,2014 - 2015,0.35
,,2015 - 2016,0.38
,,2016 - 2017,0.38
,,2017 - 2018,0.39
,,2018 - 2019,0.31
,,2019 - 2020,0.33
,,2020 - 2021,0.33
,,2021 - 2022,0.5
,,2022 - 2023,0.5
,Manendragarh chirimiri bharatpur,2022 - 2023,0.5
,Mungeli,2022 - 2023,0.47
,Narayanpur,2010 - 2011,
,,2011 - 2012,
,Raigarh,2000 - 2001,
,,2001 - 2002,
,,2002 - 2003,
,,2003 - 2004,
,,2004 - 2005,
,,2005 - 2006,
,,2006 - 2007,
,,2007 - 2008,
,,2008 - 2009,
,,2009 - 2010,
,,2010 - 2011,
,,2011 - 2012,
,,2012 - 2013,
,,2013 - 2014,0.3
,,2014 - 2015,0.39
,,2015 - 2016,0.52
,,2016 - 2017,0.52
,,2017 - 2018,0.5
,,2018 - 2019,0.66
,,2019 - 2020,0.5
,,2020 - 2021,0.52
,,2021 - 2022,0.47
,,2022 - 2023,0.47
,Raipur,2000 - 2001,
,,2001 - 2002,
,,2002 - 2003,
,,2003 - 2004,
,,2004 - 2005,
,,2005 - 2006,
,,2006 - 2007,
,,2007 - 2008,
,,2008 - 2009,
,,2009 - 2010,
,,2010 - 2011,
,,2011 - 2012,
,,2012 - 2013,
,,2013 - 2014,0.43
,,2014 - 2015,0.0
,,2015 - 2016,0.33
,,2016 - 2017,1.0
,,2017 - 2018,0.5
,,2018 - 2019,1.0
,,2019 - 2020,0.0
,,2020 - 2021,1.0
,,2022 - 2023,1.0
,Rajnandgaon,2000 - 2001,
,,2001 - 2002,
,,2002 - 2003,
,,2003 - 2004,
,,2004 - 2005,
,,2005 - 2006,
,,2006 - 2007,
,,2007 - 2008,
,,2008 - 2009,
,,2009 - 2010,
,,2010 - 2011,
,,2011 - 2012,
,,2012 - 2013,
,,2013 - 2014,0.28
,,2014 - 2015,0.44
,,2015 - 2016,0.0
,,2016 - 2017,0.0
,,2020 - 2021,0.0
,,2021 - 2022,0.5
,Sakti,2022 - 2023,0.58
,Sarangarh bilaigarh,2022 - 2023,1.0
,Sukma,2011 - 2012,
,,2012 - 2013,
,,2013 - 2014,0.0
,,2014 - 2015,0.0
,,2017 - 2018,0.0
,,2018 - 2019,0.5
,Surajpur,2011 - 2012,
,,2012 - 2013,
,,2013 - 2014,0.29
,,2014 - 2015,0.28
,,2015 - 2016,0.52
,,2016 - 2017,0.57
,,2017 - 2018,0.68
,,2018 - 2019,0.68
,,2019 - 2020,0.68
,,2020 - 2021,0.69
,,2021 - 2022,0.67
,,2022 - 2023,0.83
,Surguja,2000 - 2001,
,,2001 - 2002,
,,2002 - 2003,
,,2003 - 2004,
,,2004 - 2005,
,,2005 - 2006,
,,2006 - 2007,
,,2007 - 2008,
,,2008 - 2009,
,,2009 - 2010,
,,2010 - 2011,
,,2011 - 2012,
,,2012 - 2013,
,,2013 - 2014,0.29
,,2014 - 2015,0.28
,,2015 - 2016,0.3
,,2016 - 2017,0.29
,,2017 - 2018,0.27
,,2018 - 2019,0.35
,,2019 - 2020,0.31
,,2020 - 2021,0.36
,,2021 - 2022,0.32
,,2022 - 2023,0.38
Dadra and Nagar Haveli,Dadra and Nagar Haveli,2000 - 2001,0.59
,,2001 - 2002,0.6
,,2002 - 2003,0.58
,,2003 - 2004,0.58
,,2004 - 2005,0.6
,,2005 - 2006,0.6
,,2006 - 2007,0.6
,,2010 - 2011,0.6
,,2011 - 2012,
,,2012 - 2013,
Haryana,Ambala,2006 - 2007,
,Bhiwani,2000 - 2001,
,,2001 - 2002,
,,2002 - 2003,
,,2003 - 2004,
,,2005 - 2006,
,,2006 - 2007,
,,2007 - 2008,
,,2008 - 2009,
,,2010 - 2011,
,,2011 - 2012,0.0
,,2012 - 2013,0.47
,,2013 - 2014,0.0
,Faridabad,2000 - 2001,
,,2001 - 2002,
,Fatehabad,2000 - 2001,
,,2005 - 2006,
,Gurgaon,2000 - 2001,
,,2001 - 2002,
,,2002 - 2003,
,,2004 - 2005,
,,2005 - 2006,
,,2010 - 2011,
,Hisar,2000 - 2001,
,,2001 - 2002,
,,2002 - 2003,
,,2003 - 2004,
,,2004 - 2005,
,,2005 - 2006,
,,2006 - 2007,
,,2007 - 2008,
,,2008 - 2009,
,Jhajjar,2000 - 2001,
,,2001 - 2002,
,,2002 - 2003,
,,2003 - 2004,
,,2004 - 2005,
,,2005 - 2006,
,,2006 - 2007,
,,2007 - 2008,
,,2008 - 2009,
,,2010 - 2011,
,,2011 - 2012,0.0
,,2012 - 2013,0.35
,,2013 - 2014,0.0
,Jind,2000 - 2001,
,,2001 - 2002,
,,2002 - 2003,
,,2003 - 2004,
,,2004 - 2005,
,,2005 - 2006,
,,2006 - 2007,
,,2007 - 2008,
,,2008 - 2009,
,,2010 - 2011,
,,2011 - 2012,0.0
,,2012 - 2013,0.25
,Kaithal,2006 - 2007,
,,2007 - 2008,
,,2010 - 2011,
,Karnal,2000 - 2001,
,,2008 - 2009,
,Kurukshetra,2007 - 2008,
,,2011 - 2012,0.0
,Mahendragarh,2001 - 2002,
,,2003 - 2004,
,,2007 - 2008,
,,2008 - 2009,
,,2010 - 2011,
,Panchkula,2004 - 2005,
,Panipat,2002 - 2003,
,,2003 - 2004,
,,2005 - 2006,
,,2006 - 2007,
,,2007 - 2008,
,,2008 - 2009,
,,2013 - 2014,0.0
,Rewari,2000 - 2001,
,,2001 - 2002,
,,2002 - 2003,
,,2003 - 2004,
,,2004 - 2005,
,,2005 - 2006,
,,2006 - 2007,
,,2007 - 2008,
,,2008 - 2009,
,,2011 - 2012,0.0
,,2013 - 2014,0.0
,Rohtak,2000 - 2001,
,,2001 - 2002,
,,2002 - 2003,
,,2003 - 2004,
,,2004 - 2005,
,,2005 - 2006,
,,2006 - 2007,
,,2007 - 2008,
,,2008 - 2009,
,,2010 - 2011,
,,2011 - 2012,0.0
,,2012 - 2013,0.34
,,2013 - 2014,0.0
,Sirsa,2000 - 2001,
,,2003 - 2004,
,,2005 - 2006,
,,2006 - 2007,
,,2007 - 2008,
,,2008 - 2009,
,,2010 - 2011,
,,2011 - 2012,0.0
,Sonipat,2000 - 2001,
,,2001 - 2002,
,,2002 - 2003,
,,2003 - 2004,
,,2004 - 2005,
,,2005 - 2006,
,,2006 - 2007,
,,2007 - 2008,
,,2008 - 2009,
,,2010 - 2011,
,,2011 - 2012,0.0
Himachal Pradesh,Bilaspur,2001 - 2002,
,,2005 - 2006,1.0
,Hamirpur,2008 - 2009,0.0
,,2016 - 2017,0.0
,Kangra,2001 - 2002,
,,2005 - 2006,0.42
,,2006 - 2007,0.18
,,2007 - 2008,0.18
,Sirmaur,2005 - 2006,0.5
,,2008 - 2009,0.2
,,2016 - 2017,0.25
,Solan,2018 - 2019,0.25
,Una,2001 - 2002,
,,2005 - 2006,0.53
,,2006 - 2007,0.19
,,2007 - 2008,0.19
,,2018 - 2019,0.25
Jammu and Kashmir,Anantnag,2014 - 2015,0.35
,Jammu,2000 - 2001,
,,2001 - 2002,
,,2003 - 2004,
,,2005 - 2006,0.5
,,2006 - 2007,0.5
,,2007 - 2008,0.5
,,2009 - 2010,0.5
,,2010 - 2011,0.5
,,2011 - 2012,0.5
,,2012 - 2013,0.5
,,2014 - 2015,0.5
,,2016 - 2017,0.87
,,2017 - 2018,0.88
,Kathua,2000 - 2001,
,,2001 - 2002,
,,2003 - 2004,
,,2005 - 2006,0.5
,,2007 - 2008,0.5
,,2009 - 2010,0.55
,,2010 - 2011,0.53
,,2011 - 2012,0.6
,,2012 - 2013,0.6
,,2014 - 2015,0.5
,Poonch,2000 - 2001,
,,2001 - 2002,
,,2003 - 2004,
,Rajauri,2000 - 2001,
,,2001 - 2002,
,,2003 - 2004,
,,2005 - 2006,0.5
,,2011 - 2012,1.05
,Reasi,2007 - 2008,1.05
,,2012 - 2013,1.07
,Samba,2007 - 2008,0.5
,,2009 - 2010,0.5
,,2010 - 2011,0.5
,,2011 - 2012,0.5
,,2012 - 2013,0.5
,,2015 - 2016,0.5
,,2016 - 2017,0.5
,,2017 - 2018,0.5
,Udhampur,2000 - 2001,
,,2001 - 2002,
,,2003 - 2004,
,,2005 - 2006,1.05
,,2007 - 2008,1.05
,,2009 - 2010,1.05
,,2010 - 2011,1.05
,,2011 - 2012,1.06
,,2012 - 2013,1.05
,,2014 - 2015,1.05
,,2015 - 2016,1.05
,,2016 - 2017,1.05
,,2017 - 2018,1.08
Karnataka,Bagalkot,2000 - 2001,
,,2001 - 2002,
,,2002 - 2003,
,,2003 - 2004,
,,2013 - 2014,
,,2018 - 2019,
,,2019 - 2020,
,,2020 - 2021,0.25
,,2021 - 2022,0.37
,,2022 - 2023,0.41
,Bangalore rural,2019 - 2020,
,,2020 - 2021,0.5
,,2021 - 2022,0.35
,Belgaum,2000 - 2001,
,,2001 - 2002,
,,2013 - 2014,
,,2014 - 2015,
,,2015 - 2016,
,,2016 - 2017,
,,2018 - 2019,
,,2019 - 2020,
,,2020 - 2021,0.25
,,2021 - 2022,0.37
,,2022 - 2023,0.41
,Bellary,2000 - 2001,
,,2001 - 2002,
,,2002 - 2003,
,,2004 - 2005,
,,2007 - 2008,
,,2014 - 2015,
,,2018 - 2019,
,,2019 - 2020,
,,2020 - 2021,0.26
,,2021 - 2022,0.36
,,2022 - 2023,0.42
,Bengaluru urban,2019 - 2020,
,,2020 - 2021,0.25
,,2021 - 2022,0.36
,,2022 - 2023,0.4
,Bidar,2000 - 2001,
,,2001 - 2002,
,,2002 - 2003,
,,2003 - 2004,
,,2007 - 2008,
,,2008 - 2009,
,,2009 - 2010,
,,2010 - 2011,
,,2011 - 2012,
,,2012 - 2013,
,,2013 - 2014,
,,2014 - 2015,
,,2015 - 2016,
,,2016 - 2017,
,,2017 - 2018,
,,2018 - 2019,
,,2019 - 2020,
,,2020 - 2021,0.25
,,2021 - 2022,0.37
,,2022 - 2023,0.4
,Bijapur,2018 - 2019,
,,2019 - 2020,
,,2020 - 2021,0.25
,,2021 - 2022,0.33
,,2022 - 2023,0.4
,Chamarajanagar,2012 - 2013,
,,2018 - 2019,
,,2019 - 2020,
,,2020 - 2021,0.25
,,2021 - 2022,0.37
,,2022 - 2023,0.41
,Chikballapur,2019 - 2020,
,,2020 - 2021,0.5
,,2021 - 2022,0.33
,,2022 - 2023,0.42
,Chikmagalur,2019 - 2020,
,,2020 - 2021,0.25
,,2021 - 2022,0.33
,,2022 - 2023,0.33
,Chitradurga,2018 - 2019,
,,2019 - 2020,
,,2020 - 2021,0.24
,,2021 - 2022,0.36
,,2022 - 2023,0.43
,Davangere,2001 - 2002,
,,2002 - 2003,
,,2004 - 2005,
,,2005 - 2006,
,,2019 - 2020,
,,2020 - 2021,0.26
,,2021 - 2022,0.35
,,2022 - 2023,0.43
,Dharwad,2003 - 2004,
,,2009 - 2010,
,,2016 - 2017,
,,2017 - 2018,
,,2019 - 2020,
,,2020 - 2021,0.25
,,2021 - 2022,0.33
,Gadag,2005 - 2006,
,,2006 - 2007,
,,2016 - 2017,
,,2018 - 2019,
,,2019 - 2020,
,,2020 - 2021,0.5
,,2021 - 2022,0.38
,,2022 - 2023,0.4
,Gulbarga,2000 - 2001,
,,2001 - 2002,
,,2002 - 2003,
,,2003 - 2004,
,,2004 - 2005,
,,2008 - 2009,
,,2018 - 2019,
,,2019 - 2020,
,,2020 - 2021,0.25
,,2021 - 2022,0.36
,,2022 - 2023,0.41
,Hassan,2006 - 2007,
,,2018 - 2019,
,,2019 - 2020,
,,2020 - 2021,0.25
,,2021 - 2022,0.36
,,2022 - 2023,0.41
,Haveri,2000 - 2001,
,,2002 - 2003,
,,2003 - 2004,
,,2004 - 2005,
,,2013 - 2014,
,,2014 - 2015,
,,2018 - 2019,
,,2019 - 2020,
,,2020 - 2021,0.27
,,2021 - 2022,0.38
,,2022 - 2023,0.4
,Kolar,2018 - 2019,
,,2019 - 2020,
,,2020 - 2021,0.5
,,2021 - 2022,0.5
,,2022 - 2023,0.4
,Koppal,2005 - 2006,
,,2018 - 2019,
,,2019 - 2020,
,,2020 - 2021,0.26
,,2021 - 2022,0.38
,,2022 - 2023,0.4
,Mandya,2018 - 2019,
,,2019 - 2020,
,,2020 - 2021,0.29
,,2021 - 2022,0.35
,,2022 - 2023,0.38
,Mysore,2018 - 2019,
,,2019 - 2020,
,,2020 - 2021,0.25
,,2021 - 2022,0.37
,,2022 - 2023,0.41
,Raichur,2005 - 2006,
,,2007 - 2008,
,,2008 - 2009,
,,2018 - 2019,
,,2019 - 2020,
,,2020 - 2021,0.2
,,2021 - 2022,0.4
,,2022 - 2023,0.38
,Ramanagara,2018 - 2019,
,,2019 - 2020,
,,2020 - 2021,0.27
,,2021 - 2022,0.25
,,2022 - 2023,0.4
,Shimoga,2019 - 2020,
,,2020 - 2021,0.25
,,2021 - 2022,0.33
,,2022 - 2023,0.4
,Tumkur,2003 - 2004,
,,2006 - 2007,
,,2011 - 2012,
,,2012 - 2013,
,,2016 - 2017,
,,2017 - 2018,
,,2018 - 2019,
,,2019 - 2020,
,,2020 - 2021,0.24
,,2021 - 2022,0.38
,,2022 - 2023,0.43
,Udupi,2020 - 2021,0.25
,Uttar kannad,2003 - 2004,
,,2009 - 2010,
,,2010 - 2011,
,,2012 - 2013,
,,2014 - 2015,
,,2015 - 2016,
,,2016 - 2017,
,,2017 - 2018,
,,2018 - 2019,
,,2019 - 2020,
,,2020 - 2021,0.33
,Vijayanagar,2022 - 2023,0.38
,Yadgir,2018 - 2019,
,,2021 - 2022,0.5
Madhya Pradesh,Agar malwa,2013 - 2014,2.38
,Alirajpur,2008 - 2009,0.46
,,2009 - 2010,
,,2010 - 2011,
,,2011 - 2012,1.66
,,2012 - 2013,1.75
,,2013 - 2014,2.03
,Anuppur,2003 - 2004,
,,2007 - 2008,0.3
,,2008 - 2009,0.29
,,2009 - 2010,
,,2010 - 2011,
,,2011 - 2012,1.34
,,2012 - 2013,1.93
,,2013 - 2014,2.02
,Balaghat,2000 - 2001,
,,2001 - 2002,
,,2002 - 2003,
,,2003 - 2004,
,,2007 - 2008,0.42
,,2008 - 2009,0.42
,,2009 - 2010,
,,2010 - 2011,
,,2011 - 2012,2.09
,,2012 - 2013,2.17
,,2013 - 2014,2.32
,Barwani,2000 - 2001,
,,2001 - 2002,
,,2002 - 2003,
,,2003 - 2004,
,,2007 - 2008,0.86
,,2008 - 2009,0.18
,,2009 - 2010,
,,2010 - 2011,
,,2011 - 2012,0.71
,,2012 - 2013,1.3
,,2013 - 2014,1.34
,Betul,2000 - 2001,
,,2001 - 2002,
,,2002 - 2003,
,,2003 - 2004,
,,2007 - 2008,0.39
,,2008 - 2009,0.38
,,2009 - 2010,
,,2010 - 2011,
,,2011 - 2012,1.66
,,2012 - 2013,2.11
,,2013 - 2014,1.8
,Bhind,2000 - 2001,
,,2001 - 2002,
,,2002 - 2003,
,,2003 - 2004,
,,2007 - 2008,0.25
,,2008 - 2009,0.33
,,2009 - 2010,
,,2010 - 2011,
,,2011 - 2012,1.5
,,2012 - 2013,1.32
,,2013 - 2014,1.29
,Bhopal,2000 - 2001,
,,2001 - 2002,
,,2002 - 2003,
,,2003 - 2004,
,,2007 - 2008,0.37
,,2008 - 2009,0.33
,,2009 - 2010,
,,2010 - 2011,
,,2011 - 2012,1.83
,,2012 - 2013,2.75
,,2013 - 2014,1.0
,Burhanpur,2003 - 2004,
,,2007 - 2008,2.21
,,2008 - 2009,0.36
,,2009 - 2010,
,,2010 - 2011,
,,2011 - 2012,1.69
,,2012 - 2013,1.89
,,2013 - 2014,1.57
,Chhatarpur,2000 - 2001,
,,2001 - 2002,
,,2002 - 2003,
,,2003 - 2004,
,,2007 - 2008,0.23
,,2008 - 2009,0.26
,,2009 - 2010,
,,2010 - 2011,
,,2011 - 2012,0.82
,,2012 - 2013,1.54
,,2013 - 2014,3.2
,Chhindwara,2000 - 2001,
,,2001 - 2002,
,,2002 - 2003,
,,2003 - 2004,
,,2007 - 2008,0.5
,,2008 - 2009,0.43
,,2009 - 2010,
,,2010 - 2011,
,,2011 - 2012,1.88
,,2012 - 2013,2.79
,,2013 - 2014,1.48
,Damoh,2000 - 2001,
,,2001 - 2002,
,,2002 - 2003,
,,2003 - 2004,
,,2008 - 2009,0.5
,Datia,2000 - 2001,
,,2001 - 2002,
,,2002 - 2003,
,,2003 - 2004,
,,2007 - 2008,0.3
,,2008 - 2009,0.33
,,2009 - 2010,
,,2011 - 2012,1.57
,,2012 - 2013,2.33
,,2013 - 2014,0.0
,Dewas,2000 - 2001,
,,2001 - 2002,
,,2002 - 2003,
,,2003 - 2004,
,,2007 - 2008,0.48
,,2008 - 2009,0.51
,,2009 - 2010,
,,2010 - 2011,
,,2011 - 2012,2.08
,,2012 - 2013,2.44
,,2013 - 2014,3.25
,Dhar,2000 - 2001,
,,2001 - 2002,
,,2002 - 2003,
,,2003 - 2004,
,,2007 - 2008,2.21
,,2008 - 2009,0.41
,,2009 - 2010,
,,2010 - 2011,
,,2011 - 2012,1.74
,,2012 - 2013,2.32
,,2013 - 2014,3.06
,Dindori,2000 - 2001,
,,2001 - 2002,
,,2002 - 2003,
,,2003 - 2004,
,,2007 - 2008,0.17
,,2008 - 2009,0.2
,,2009 - 2010,
,,2010 - 2011,
,,2011 - 2012,0.6
,,2012 - 2013,0.86
,,2013 - 2014,1.47
,Guna,2000 - 2001,
,,2001 - 2002,
,,2002 - 2003,
,,2003 - 2004,
,,2007 - 2008,0.4
,,2008 - 2009,0.39
,Gwalior,2000 - 2001,
,,2003 - 2004,
,,2008 - 2009,0.5
,,2013 - 2014,1.0
,Harda,2000 - 2001,
,,2001 - 2002,
,,2002 - 2003,
,Hoshangabad,2000 - 2001,
,,2001 - 2002,
,,2002 - 2003,
,,2003 - 2004,
,,2009 - 2010,
,Indore,2000 - 2001,
,,2002 - 2003,
,,2011 - 2012,1.2
,,2012 - 2013,0.0
,Jabalpur,2000 - 2001,
,,2001 - 2002,
,,2002 - 2003,
,,2003 - 2004,
,,2007 - 2008,0.28
,,2008 - 2009,0.5
,,2009 - 2010,
,,2010 - 2011,
,,2011 - 2012,2.2
,,2012 - 2013,2.6
,,2013 - 2014,2.13
,Jhabua,2000 - 2001,
,,2001 - 2002,
,,2002 - 2003,
,,2003 - 2004,
,,2007 - 2008,1.78
,,2008 - 2009,0.47
,,2009 - 2010,
,,2010 - 2011,
,,2011 - 2012,1.59
,,2012 - 2013,1.84
,,2013 - 2014,1.86
,Katni,2000 - 2001,
,,2001 - 2002,
,,2002 - 2003,
,,2003 - 2004,
,,2007 - 2008,0.0
,,2008 - 2009,0.0
,,2013 - 2014,1.0
,Khandwa,2000 - 2001,
,,2001 - 2002,
,,2002 - 2003,
,,2003 - 2004,
,,2007 - 2008,2.82
,,2008 - 2009,0.42
,,2009 - 2010,
,,2010 - 2011,
,,2011 - 2012,1.87
,,2012 - 2013,1.56
,,2013 - 2014,1.61
,Khargone,2000 - 2001,
,,2001 - 2002,
,,2002 - 2003,
,,2003 - 2004,
,,2007 - 2008,2.27
,,2008 - 2009,0.32
,,2009 - 2010,
,,2010 - 2011,
,,2011 - 2012,1.06
,,2012 - 2013,1.39
,,2013 - 2014,1.64
,Mandla,2000 - 2001,
,,2001 - 2002,
,,2002 - 2003,
,,2003 - 2004,
,,2007 - 2008,0.29
,,2008 - 2009,0.29
,,2009 - 2010,
,,2010 - 2011,
,,2011 - 2012,1.08
,,2012 - 2013,1.8
,,2013 - 2014,2.16
,Mandsaur,2000 - 2001,
,,2001 - 2002,
,,2002 - 2003,
,,2003 - 2004,
,,2012 - 2013,3.4
,Morena,2000 - 2001,
,,2001 - 2002,
,,2002 - 2003,
,,2003 - 2004,
,,2007 - 2008,0.25
,Narsinghpur,2000 - 2001,
,,2001 - 2002,
,,2002 - 2003,
,,2003 - 2004,
,,2007 - 2008,0.55
,,2008 - 2009,0.5
,,2009 - 2010,
,,2010 - 2011,
,,2011 - 2012,2.0
,,2012 - 2013,3.0
,,2013 - 2014,3.67
,Neemuch,2000 - 2001,
,,2001 - 2002,
,,2002 - 2003,
,,2003 - 2004,
,,2007 - 2008,0.43
,,2008 - 2009,0.43
,,2009 - 2010,
,,2010 - 2011,
,,2011 - 2012,1.57
,,2012 - 2013,2.5
,,2013 - 2014,3.0
,Panna,2000 - 2001,
,,2001 - 2002,
,,2002 - 2003,
,,2003 - 2004,
,,2007 - 2008,0.23
,,2008 - 2009,0.33
,,2009 - 2010,
,,2010 - 2011,
,,2011 - 2012,1.41
,,2012 - 2013,1.42
,,2013 - 2014,3.99
,Raisen,2000 - 2001,
,,2001 - 2002,
,,2002 - 2003,
,,2003 - 2004,
,,2007 - 2008,0.33
,,2008 - 2009,0.33
,,2009 - 2010,
,,2010 - 2011,
,,2011 - 2012,1.25
,,2012 - 2013,1.2
,Rajgarh,2000 - 2001,
,,2001 - 2002,
,,2002 - 2003,
,,2003 - 2004,
,,2007 - 2008,0.45
,,2008 - 2009,0.42
,,2009 - 2010,
,,2010 - 2011,
,,2011 - 2012,1.77
,,2012 - 2013,2.81
,,2013 - 2014,0.38
,Ratlam,2000 - 2001,
,,2001 - 2002,
,,2002 - 2003,
,,2003 - 2004,
,,2007 - 2008,0.33
,,2008 - 2009,0.43
,,2010 - 2011,
,,2011 - 2012,2.2
,,2012 - 2013,3.0
,,2013 - 2014,3.67
,Rewa,2000 - 2001,
,,2001 - 2002,
,,2002 - 2003,
,,2003 - 2004,
,,2007 - 2008,0.35
,,2008 - 2009,0.38
,,2009 - 2010,
,,2010 - 2011,
,,2011 - 2012,1.37
,,2012 - 2013,1.6
,,2013 - 2014,2.04
,Sagar,2000 - 2001,
,,2001 - 2002,
,,2002 - 2003,
,,2003 - 2004,
,,2007 - 2008,0.37
,,2008 - 2009,0.39
,,2009 - 2010,
,,2010 - 2011,
,,2011 - 2012,1.52
,,2012 - 2013,2.4
,,2013 - 2014,3.53
,Satna,2000 - 2001,
,,2001 - 2002,
,,2002 - 2003,
,,2003 - 2004,
,,2007 - 2008,0.27
,,2008 - 2009,0.29
,,2009 - 2010,
,,2010 - 2011,
,,2011 - 2012,1.16
,,2012 - 2013,1.87
,,2013 - 2014,1.0
,Sehore,2000 - 2001,
,,2001 - 2002,
,,2002 - 2003,
,,2003 - 2004,
,,2007 - 2008,0.21
,,2008 - 2009,0.5
,,2009 - 2010,
,,2010 - 2011,
,,2011 - 2012,3.16
,,2012 - 2013,3.07
,,2013 - 2014,2.15
,Seoni,2000 - 2001,
,,2001 - 2002,
,,2002 - 2003,
,,2003 - 2004,
,,2007 - 2008,0.35
,,2008 - 2009,0.32
,,2009 - 2010,
,,2010 - 2011,
,,2011 - 2012,1.4
,,2012 - 2013,1.8
,,2013 - 2014,1.77
,Shahdol,2000 - 2001,
,,2001 - 2002,
,,2002 - 2003,
,,2003 - 2004,
,,2007 - 2008,0.3
,,2008 - 2009,0.3
,,2009 - 2010,
,,2010 - 2011,
,,2011 - 2012,1.14
,,2012 - 2013,2.44
,,2013 - 2014,3.26
,Shajapur,2000 - 2001,
,,2001 - 2002,
,,2002 - 2003,
,,2003 - 2004,
,,2007 - 2008,0.29
,,2008 - 2009,0.26
,,2009 - 2010,
,,2010 - 2011,
,,2011 - 2012,1.33
,,2012 - 2013,1.44
,Sheopur,2000 - 2001,
,,2002 - 2003,
,,2003 - 2004,
,,2007 - 2008,0.0
,,2008 - 2009,0.33
,,2009 - 2010,
,Shivpuri,2000 - 2001,
,,2001 - 2002,
,,2002 - 2003,
,,2003 - 2004,
,,2007 - 2008,0.21
,,2008 - 2009,0.32
,,2009 - 2010,
,,2010 - 2011,
,,2011 - 2012,1.25
,,2012 - 2013,1.33
,,2013 - 2014,1.21
,Sidhi,2000 - 2001,
,,2001 - 2002,
,,2002 - 2003,
,,2003 - 2004,
,,2007 - 2008,0.39
,,2008 - 2009,0.45
,,2009 - 2010,
,,2010 - 2011,
,,2011 - 2012,1.47
,,2012 - 2013,2.94
,,2013 - 2014,3.9
,Singrauli,2008 - 2009,0.46
,,2009 - 2010,
,,2010 - 2011,
,,2011 - 2012,1.97
,,2012 - 2013,2.28
,,2013 - 2014,2.78
,Tikamgarh,2000 - 2001,
,,2001 - 2002,
,,2002 - 2003,
,,2003 - 2004,
,,2007 - 2008,0.29
,,2008 - 2009,0.39
,,2009 - 2010,
,,2010 - 2011,
,,2011 - 2012,1.0
,,2012 - 2013,1.2
,,2013 - 2014,0.71
,Ujjain,2000 - 2001,
,,2001 - 2002,
,,2003 - 2004,
,,2007 - 2008,0.5
,,2008 - 2009,0.5
,,2010 - 2011,
,Umaria,2000 - 2001,
,,2001 - 2002,
,,2002 - 2003,
,,2003 - 2004,
,,2007 - 2008,0.35
,,2008 - 2009,0.31
,,2009 - 2010,
,,2010 - 2011,
,,2011 - 2012,0.92
,,2012 - 2013,1.83
,,2013 - 2014,1.83
,Vidisha,2000 - 2001,
,,2001 - 2002,
,,2002 - 2003,
,,2003 - 2004,
,,2007 - 2008,0.32
,,2008 - 2009,0.38
,,2009 - 2010,
,,2010 - 2011,
,,2011 - 2012,1.57
,,2012 - 2013,1.38
,,2013 - 2014,14.0
Odisha,Anugul,2000 - 2001,
,Balangir,2000 - 2001,
,,2019 - 2020,5.45
,Baleshwar,2000 - 2001,
,Bargarh,2000 - 2001,
,,2019 - 2020,5.0
,Bhadrak,2000 - 2001,
,Deogarh,2000 - 2001,
,,2019 - 2020,4.2
,Dhenkanal,2000 - 2001,
,Gajapati,2000 - 2001,
,,2019 - 2020,4.0
,Ganjam,2000 - 2001,
,,2019 - 2020,5.25
,Kalahandi,2000 - 2001,
,,2019 - 2020,5.32
,Kandhamal,2000 - 2001,
,,2019 - 2020,5.0
,Kendujhar,2019 - 2020,4.0
,Koraput,2000 - 2001,
,,2019 - 2020,5.1
,Mayurbhanj,2000 - 2001,
,,2019 - 2020,4.95
,Nabarangpur,2000 - 2001,
,,2019 - 2020,5.0
,Nayagarh,2000 - 2001,
,,2019 - 2020,5.05
,Nuapada,2000 - 2001,
,,2019 - 2020,5.2
,Rayagada,2000 - 2001,
,,2019 - 2020,5.35
,Sambalpur,2000 - 2001,
,Sonepur,2000 - 2001,
,Sundargarh,2000 - 2001,
,,2019 - 2020,5.44
Rajasthan,Ajmer,2002 - 2003,
,,2003 - 2004,
,,2011 - 2012,
,,2016 - 2017,1.0
,,2020 - 2021,2.0
,,2021 - 2022,0.0
,Alwar,2000 - 2001,
,,2001 - 2002,
,,2002 - 2003,
,,2003 - 2004,
,,2004 - 2005,
,,2005 - 2006,
,,2006 - 2007,
,,2007 - 2008,
,,2008 - 2009,
,,2009 - 2010,
,,2010 - 2011,
,,2011 - 2012,
,,2012 - 2013,
,,2013 - 2014,
,,2015 - 2016,0.75
,,2016 - 2017,0.52
,,2018 - 2019,1.0
,,2019 - 2020,1.0
,Banswara,2000 - 2001,
,,2001 - 2002,
,,2002 - 2003,
,,2003 - 2004,
,,2004 - 2005,
,,2005 - 2006,
,,2006 - 2007,
,,2007 - 2008,
,,2008 - 2009,
,,2009 - 2010,
,,2010 - 2011,
,,2011 - 2012,
,,2012 - 2013,
,,2013 - 2014,
,,2015 - 2016,0.12
,,2016 - 2017,0.43
,,2017 - 2018,0.27
,,2018 - 2019,0.3
,,2019 - 2020,0.21
,,2020 - 2021,0.48
,,2021 - 2022,0.5
,,2022 - 2023,1.0
,Baran,2000 - 2001,
,,2001 - 2002,
,,2002 - 2003,
,,2003 - 2004,
,,2004 - 2005,
,,2005 - 2006,
,,2006 - 2007,
,,2007 - 2008,
,,2008 - 2009,
,,2009 - 2010,
,,2010 - 2011,
,,2012 - 2013,
,,2013 - 2014,
,Bharatpur,2000 - 2001,
,,2001 - 2002,
,,2002 - 2003,
,,2003 - 2004,
,,2004 - 2005,
,,2005 - 2006,
,,2006 - 2007,
,,2007 - 2008,
,,2008 - 2009,
,,2009 - 2010,
,,2010 - 2011,
,,2012 - 2013,
,,2013 - 2014,
,,2015 - 2016,1.0
,,2017 - 2018,1.0
,,2018 - 2019,1.0
,,2019 - 2020,1.0
,,2021 - 2022,0.57
,,2022 - 2023,0.36
,Bhilwara,2000 - 2001,
,,2001 - 2002,
,,2002 - 2003,
,,2003 - 2004,
,,2004 - 2005,
,,2005 - 2006,
,,2006 - 2007,
,,2007 - 2008,
,,2008 - 2009,
,,2009 - 2010,
,,2010 - 2011,
,,2011 - 2012,
,,2012 - 2013,
,,2013 - 2014,
,,2015 - 2016,0.14
,,2016 - 2017,0.9
,,2017 - 2018,0.64
,,2018 - 2019,1.08
,,2019 - 2020,2.45
,,2020 - 2021,0.43
,,2021 - 2022,0.61
,,2022 - 2023,0.22
,Bikaner,2011 - 2012,
,Bundi,2000 - 2001,
,,2001 - 2002,
,,2002 - 2003,
,,2003 - 2004,
,,2004 - 2005,
,,2005 - 2006,
,,2006 - 2007,
,,2007 - 2008,
,,2008 - 2009,
,,2009 - 2010,
,,2012 - 2013,
,,2013 - 2014,
,,2018 - 2019,2.0
,Chittorgarh,2000 - 2001,
,,2001 - 2002,
,,2002 - 2003,
,,2003 - 2004,
,,2004 - 2005,
,,2005 - 2006,
,,2006 - 2007,
,,2007 - 2008,
,,2008 - 2009,
,,2009 - 2010,
,,2010 - 2011,
,,2011 - 2012,
,,2012 - 2013,
,,2013 - 2014,
,,2015 - 2016,1.23
,,2016 - 2017,0.94
,,2017 - 2018,
,,2018 - 2019,0.9
,,2019 - 2020,2.0
,,2020 - 2021,2.29
,,2021 - 2022,1.87
,,2022 - 2023,1.0
,Churu,2000 - 2001,
,,2011 - 2012,
,Dausa,2000 - 2001,
,,2001 - 2002,
,,2002 - 2003,
,,2003 - 2004,
,,2004 - 2005,
,,2005 - 2006,
,,2006 - 2007,
,,2007 - 2008,
,,2008 - 2009,
,,2009 - 2010,
,,2010 - 2011,
,,2011 - 2012,
,,2012 - 2013,
,,2013 - 2014,
,Dholpur,2000 - 2001,
,,2001 - 2002,
,,2003 - 2004,
,,2004 - 2005,
,,2005 - 2006,
,,2006 - 2007,
,,2007 - 2008,
,,2008 - 2009,
,,2009 - 2010,
,,2010 - 2011,
,,2011 - 2012,
,,2012 - 2013,
,,2013 - 2014,
,,2015 - 2016,1.0
,,2016 - 2017,1.0
,,2017 - 2018,1.0
,,2018 - 2019,0.0
,,2019 - 2020,0.0
,,2020 - 2021,1.29
,,2021 - 2022,2.0
,,2022 - 2023,2.0
,Dungarpur,2000 - 2001,
,,2001 - 2002,
,,2002 - 2003,
,,2003 - 2004,
,,2004 - 2005,
,,2005 - 2006,
,,2006 - 2007,
,,2007 - 2008,
,,2008 - 2009,
,,2009 - 2010,
,,2010 - 2011,
,,2011 - 2012,
,,2012 - 2013,
,,2013 - 2014,
,,2015 - 2016,0.61
,,2016 - 2017,1.19
,,2017 - 2018,0.4
,,2018 - 2019,1.33
,Ganganagar,2000 - 2001,
,,2001 - 2002,
,,2002 - 2003,
,,2003 - 2004,
,,2004 - 2005,
,,2005 - 2006,
,,2006 - 2007,
,,2008 - 2009,
,,2009 - 2010,
,,2010 - 2011,
,,2011 - 2012,
,,2012 - 2013,
,,2017 - 2018,0.0
,Hanumangarh,2000 - 2001,
,,2001 - 2002,
,,2002 - 2003,
,,2003 - 2004,
,,2004 - 2005,
,,2005 - 2006,
,,2006 - 2007,
,,2008 - 2009,
,,2009 - 2010,
,,2016 - 2017,0.5
,,2020 - 2021,0.0
,Jaipur,2000 - 2001,
,,2001 - 2002,
,,2002 - 2003,
,,2003 - 2004,
,,2004 - 2005,
,,2005 - 2006,
,,2007 - 2008,
,,2008 - 2009,
,,2009 - 2010,
,,2010 - 2011,
,,2012 - 2013,
,,2013 - 2014,
,,2015 - 2016,0.0
,Jalore,2000 - 2001,
,,2001 - 2002,
,,2002 - 2003,
,,2004 - 2005,
,,2005 - 2006,
,,2006 - 2007,
,,2007 - 2008,
,,2008 - 2009,
,,2009 - 2010,
,,2010 - 2011,
,,2012 - 2013,
,,2015 - 2016,0.0
,,2021 - 2022,0.78
,Jhalawar,2000 - 2001,
,,2001 - 2002,
,,2002 - 2003,
,,2003 - 2004,
,,2004 - 2005,
,,2005 - 2006,
,,2006 - 2007,
,,2009 - 2010,
,,2010 - 2011,
,,2011 - 2012,
,,2012 - 2013,
,,2017 - 2018,0.0
,,2019 - 2020,0.5
,,2021 - 2022,0.5
,Jhunjhunu,2000 - 2001,
,,2001 - 2002,
,,2002 - 2003,
,,2003 - 2004,
,,2004 - 2005,
,,2005 - 2006,
,,2006 - 2007,
,,2007 - 2008,
,,2008 - 2009,
,,2009 - 2010,
,,2011 - 2012,
,,2013 - 2014,
,Karauli,2000 - 2001,
,,2001 - 2002,
,,2002 - 2003,
,,2003 - 2004,
,,2004 - 2005,
,,2006 - 2007,
,,2007 - 2008,
,,2008 - 2009,
,,2009 - 2010,
,,2010 - 2011,
,,2011 - 2012,
,,2012 - 2013,
,,2013 - 2014,
,,2015 - 2016,1.0
,,2019 - 2020,0.5
,,2020 - 2021,1.0
,Kota,2000 - 2001,
,,2001 - 2002,
,,2002 - 2003,
,,2003 - 2004,
,,2004 - 2005,
,,2005 - 2006,
,,2006 - 2007,
,,2007 - 2008,
,,2009 - 2010,
,,2010 - 2011,
,,2011 - 2012,
,,2012 - 2013,
,,2013 - 2014,
,,2016 - 2017,0.0
,,2017 - 2018,0.0
,,2022 - 2023,0.25
,Pali,2000 - 2001,
,,2001 - 2002,
,,2002 - 2003,
,,2003 - 2004,
,,2004 - 2005,
,,2005 - 2006,
,,2006 - 2007,
,,2007 - 2008,
,,2008 - 2009,
,,2009 - 2010,
,,2010 - 2011,
,,2011 - 2012,
,,2012 - 2013,
,,2013 - 2014,
,,2015 - 2016,0.88
,,2016 - 2017,1.0
,,2017 - 2018,0.5
,,2018 - 2019,1.0
,,2019 - 2020,1.0
,,2020 - 2021,0.36
,,2021 - 2022,0.75
,,2022 - 2023,1.0
,Pratapgarh,2008 - 2009,
,,2009 - 2010,
,,2010 - 2011,
,,2011 - 2012,
,,2012 - 2013,
,,2013 - 2014,
,,2015 - 2016,0.0
,,2018 - 2019,0.81
,Rajsamand,2000 - 2001,
,,2001 - 2002,
,,2002 - 2003,
,,2003 - 2004,
,,2004 - 2005,
,,2005 - 2006,
,,2006 - 2007,
,,2007 - 2008,
,,2008 - 2009,
,,2009 - 2010,
,,2010 - 2011,
,,2011 - 2012,
,,2012 - 2013,
,,2013 - 2014,
,,2015 - 2016,0.25
,,2016 - 2017,2.0
,,2017 - 2018,2.0
,,2018 - 2019,2.0
,,2019 - 2020,2.0
,,2020 - 2021,2.0
,,2021 - 2022,2.0
,,2022 - 2023,2.0
,Sawai madhopur,2000 - 2001,
,,2001 - 2002,
,,2002 - 2003,
,,2003 - 2004,
,,2004 - 2005,
,,2005 - 2006,
,,2006 - 2007,
,,2007 - 2008,
,,2008 - 2009,
,,2009 - 2010,
,,2010 - 2011,
,,2011 - 2012,
,,2012 - 2013,
,,2013 - 2014,
,,2015 - 2016,0.6
,,2016 - 2017,0.6
,,2017 - 2018,0.6
,,2018 - 2019,0.64
,,2019 - 2020,0.59
,,2020 - 2021,0.6
,,2021 - 2022,0.5
,,2022 - 2023,1.0
,Sikar,2000 - 2001,
,,2001 - 2002,
,,2002 - 2003,
,,2003 - 2004,
,,2004 - 2005,
,,2005 - 2006,
,,2006 - 2007,
,,2007 - 2008,
,,2008 - 2009,
,,2009 - 2010,
,,2010 - 2011,
,,2012 - 2013,
,,2013 - 2014,
,,2015 - 2016,0.0
,Sirohi,2000 - 2001,
,,2001 - 2002,
,,2002 - 2003,
,,2003 - 2004,
,,2004 - 2005,
,,2005 - 2006,
,,2006 - 2007,
,,2007 - 2008,
,,2008 - 2009,
,,2009 - 2010,
,,2010 - 2011,
,,2013 - 2014,
,,2020 - 2021,0.0
,,2021 - 2022,0.0
,Tonk,2000 - 2001,
,,2001 - 2002,
,,2002 - 2003,
,,2003 - 2004,
,,2004 - 2005,
,,2005 - 2006,
,,2006 - 2007,
,,2007 - 2008,
,,2009 - 2010,
,,2010 - 2011,
,Udaipur,2000 - 2001,
,,2001 - 2002,
,,2002 - 2003,
,,2003 - 2004,
,,2004 - 2005,
,,2005 - 2006,
,,2006 - 2007,
,,2007 - 2008,
,,2008 - 2009,
,,2009 - 2010,
,,2010 - 2011,
,,2011 - 2012,
,,2012 - 2013,
,,2013 - 2014,
,,2015 - 2016,0.1
,,2016 - 2017,0.52
,,2017 - 2018,4.74
,,2018 - 2019,1.69
,,2019 - 2020,1.17
,,2020 - 2021,2.0
,,2021 - 2022,2.0
,,2022 - 2023,1.57
Tamil Nadu,Coimbatore,2000 - 2001,
,Cuddalore,2000 - 2001,
,Dharmapuri,2000 - 2001,
,Dindigul,2000 - 2001,
,,2005 - 2006,0.0
,Erode,2000 - 2001,
,Kanchipuram,2000 - 2001,
,Karur,2000 - 2001,
,Namakkal,2000 - 2001,
,Pudukkottai,2000 - 2001,
,Salem,2000 - 2001,
,,2005 - 2006,0.0
,Thanjavur,2000 - 2001,
,Thiruvallur,2000 - 2001,
,Thiruvarur,2005 - 2006,0.0
,Tiruchirappalli,2000 - 2001,
,Tirunelveli,2000 - 2001,
,Vellore,2005 - 2006,0.0
,Villupuram,2000 - 2001,
,Virudhunagar,2000 - 2001,
Uttar Pradesh,Agra,2002 - 2003,
,,2004 - 2005,0.28
,,2008 - 2009,0.32
,,2009 - 2010,0.19
,,2013 - 2014,0.33
,,2014 - 2015,0.4
,,2015 - 2016,0.29
,,2016 - 2017,0.17
,,2017 - 2018,0.0
,,2018 - 2019,0.17
,,2019 - 2020,0.33
,,2020 - 2021,0.33
,,2021 - 2022,0.6
,,2022 - 2023,0.67
,Aligarh,2004 - 2005,0.25
,,2006 - 2007,0.25
,Allahabad,2003 - 2004,
,,2004 - 2005,0.28
,,2005 - 2006,0.35
,,2006 - 2007,0.28
,,2007 - 2008,0.2
,,2008 - 2009,0.32
,,2009 - 2010,0.17
,,2010 - 2011,0.32
,,2011 - 2012,0.29
,,2012 - 2013,0.36
,,2013 - 2014,0.28
,,2014 - 2015,0.38
,,2015 - 2016,0.28
,,2017 - 2018,0.19
,,2018 - 2019,0.2
,,2019 - 2020,0.3
,,2020 - 2021,0.28
,,2021 - 2022,0.59
,,2022 - 2023,0.6
,Amroha,2003 - 2004,
,Auraiya,2007 - 2008,0.2
,,2008 - 2009,0.4
,,2009 - 2010,0.0
,,2010 - 2011,0.0
,,2011 - 2012,0.2
,Azamgarh,2002 - 2003,
,,2003 - 2004,
,,2004 - 2005,0.27
,,2005 - 2006,0.34
,,2006 - 2007,0.28
,,2007 - 2008,0.19
,,2008 - 2009,0.32
,,2009 - 2010,0.21
,,2010 - 2011,0.33
,,2011 - 2012,0.28
,,2012 - 2013,0.36
,,2013 - 2014,0.28
,,2014 - 2015,0.38
,,2015 - 2016,0.3
,,2016 - 2017,0.24
,,2017 - 2018,0.18
,,2018 - 2019,0.19
,,2019 - 2020,0.29
,,2020 - 2021,0.26
,,2021 - 2022,0.58
,,2022 - 2023,0.59
,Baghpat,2002 - 2003,
,Bahraich,2002 - 2003,
,,2006 - 2007,0.33
,,2007 - 2008,0.2
,,2008 - 2009,0.29
,,2009 - 2010,0.15
,,2010 - 2011,0.5
,,2011 - 2012,0.0
,,2014 - 2015,0.33
,Banda,2002 - 2003,
,,2003 - 2004,
,,2004 - 2005,0.28
,,2005 - 2006,0.35
,,2006 - 2007,0.28
,,2007 - 2008,0.19
,,2008 - 2009,0.32
,,2009 - 2010,0.19
,,2010 - 2011,0.33
,,2011 - 2012,0.28
,,2012 - 2013,0.37
,,2013 - 2014,0.28
,,2014 - 2015,0.38
,,2015 - 2016,0.29
,,2016 - 2017,0.23
,,2017 - 2018,0.19
,,2018 - 2019,0.19
,,2019 - 2020,0.28
,,2020 - 2021,0.27
,,2021 - 2022,0.59
,,2022 - 2023,0.58
,Barabanki,2002 - 2003,
,,2003 - 2004,
,Bareilly,2003 - 2004,
,,2004 - 2005,0.0
,,2005 - 2006,0.5
,,2007 - 2008,0.25
,,2009 - 2010,0.22
,Bijnor,2002 - 2003,
,,2003 - 2004,
,,2004 - 2005,0.25
,,2005 - 2006,0.5
,,2008 - 2009,1.0
,Budaun,2003 - 2004,
,,2004 - 2005,0.5
,,2006 - 2007,0.33
,,2007 - 2008,0.25
,,2010 - 2011,0.5
,,2012 - 2013,0.33
,,2014 - 2015,1.0
,Bulandshahr,2002 - 2003,
,,2003 - 2004,
,,2008 - 2009,0.33
,,2013 - 2014,0.25
,,2016 - 2017,0.5
,,2017 - 2018,0.25
,,2018 - 2019,0.25
,,2019 - 2020,0.2
,,2020 - 2021,0.0
,,2021 - 2022,0.5
,,2022 - 2023,0.6
,Chandauli,2002 - 2003,
,,2003 - 2004,
,,2004 - 2005,0.27
,,2005 - 2006,0.33
,,2007 - 2008,0.17
,,2009 - 2010,0.2
,,2011 - 2012,0.25
,,2012 - 2013,0.33
,,2013 - 2014,0.33
,,2016 - 2017,0.33
,,2017 - 2018,0.33
,,2018 - 2019,0.0
,,2019 - 2020,0.33
,,2020 - 2021,0.5
,,2022 - 2023,0.67
,Chitrakoot,2002 - 2003,
,,2003 - 2004,
,,2004 - 2005,0.28
,,2005 - 2006,0.34
,,2006 - 2007,0.28
,,2007 - 2008,0.19
,,2008 - 2009,0.31
,,2009 - 2010,0.19
,,2010 - 2011,0.33
,,2011 - 2012,0.28
,,2012 - 2013,0.37
,,2013 - 2014,0.29
,,2014 - 2015,0.4
,,2015 - 2016,0.29
,,2016 - 2017,0.18
,,2017 - 2018,0.19
,,2018 - 2019,0.19
,,2019 - 2020,0.28
,,2021 - 2022,0.58
,,2022 - 2023,0.59
,Deoria,2002 - 2003,
,,2003 - 2004,
,Etah,2002 - 2003,
,,2003 - 2004,
,,2004 - 2005,0.33
,,2005 - 2006,0.33
,,2006 - 2007,0.4
,,2007 - 2008,0.19
,,2008 - 2009,1.0
,,2009 - 2010,0.0
,,2010 - 2011,0.5
,,2011 - 2012,0.25
,,2012 - 2013,0.38
,,2013 - 2014,0.31
,,2015 - 2016,0.0
,,2016 - 2017,0.22
,,2017 - 2018,0.2
,,2018 - 2019,0.2
,,2019 - 2020,0.25
,,2020 - 2021,0.28
,,2021 - 2022,0.59
,,2022 - 2023,0.59
,Etawah,2002 - 2003,
,,2004 - 2005,0.33
,,2007 - 2008,0.33
,,2009 - 2010,0.25
,,2010 - 2011,0.0
,,2012 - 2013,0.0
,Farrukhabad,2002 - 2003,
,,2003 - 2004,
,,2004 - 2005,0.31
,,2005 - 2006,0.4
,,2006 - 2007,0.27
,,2007 - 2008,0.0
,,2009 - 2010,0.0
,,2011 - 2012,0.33
,,2013 - 2014,0.33
,,2014 - 2015,0.5
,,2015 - 2016,0.33
,,2016 - 2017,0.18
,,2017 - 2018,0.25
,,2018 - 2019,0.25
,,2019 - 2020,0.25
,,2021 - 2022,0.5
,,2022 - 2023,0.5
,Fatehpur,2002 - 2003,
,,2003 - 2004,
,,2004 - 2005,0.28
,,2005 - 2006,0.34
,,2006 - 2007,0.27
,,2007 - 2008,0.19
,,2008 - 2009,0.31
,,2009 - 2010,0.19
,,2010 - 2011,0.33
,,2011 - 2012,0.28
,,2012 - 2013,0.36
,,2013 - 2014,0.29
,,2014 - 2015,0.4
,,2015 - 2016,0.33
,,2016 - 2017,0.25
,,2017 - 2018,0.19
,,2019 - 2020,0.27
,,2020 - 2021,0.27
,,2022 - 2023,0.59
,Firozabad,2002 - 2003,
,,2003 - 2004,
,,2004 - 2005,0.2
,,2005 - 2006,0.29
,,2006 - 2007,0.2
,,2007 - 2008,0.0
,,2008 - 2009,0.25
,,2009 - 2010,0.2
,Ghaziabad,2002 - 2003,
,Ghazipur,2002 - 2003,
,,2003 - 2004,
,,2004 - 2005,0.2
,,2005 - 2006,0.38
,,2006 - 2007,0.33
,,2007 - 2008,0.22
,,2008 - 2009,0.25
,,2009 - 2010,0.19
,,2010 - 2011,0.4
,,2011 - 2012,0.33
,,2012 - 2013,0.38
,,2013 - 2014,0.27
,,2014 - 2015,0.25
,,2016 - 2017,0.24
,,2017 - 2018,0.17
,,2018 - 2019,0.2
,,2019 - 2020,0.2
,,2020 - 2021,0.33
,,2022 - 2023,0.67
,Gonda,2002 - 2003,
,,2007 - 2008,0.0
,,2009 - 2010,0.5
,Gorakhpur,2004 - 2005,0.0
,,2006 - 2007,0.5
,Hamirpur,2002 - 2003,
,,2003 - 2004,
,,2004 - 2005,0.28
,,2005 - 2006,0.35
,,2006 - 2007,0.28
,,2007 - 2008,0.19
,,2008 - 2009,0.32
,,2009 - 2010,0.17
,,2010 - 2011,0.33
,,2011 - 2012,0.27
,,2012 - 2013,0.37
,,2013 - 2014,0.28
,,2014 - 2015,0.38
,,2015 - 2016,0.28
,,2016 - 2017,0.23
,,2017 - 2018,0.19
,,2018 - 2019,0.19
,,2019 - 2020,0.29
,,2020 - 2021,0.27
,,2021 - 2022,0.59
,,2022 - 2023,0.59
,Hardoi,2003 - 2004,
,,2004 - 2005,0.25
,,2005 - 2006,0.25
,,2008 - 2009,0.29
,Hathras,2003 - 2004,
,,2005 - 2006,0.33
,,2015 - 2016,0.5
,Jalaun,2002 - 2003,
,,2003 - 2004,
,,2004 - 2005,0.28
,,2005 - 2006,0.35
,,2006 - 2007,0.28
,,2007 - 2008,0.19
,,2008 - 2009,0.38
,,2009 - 2010,0.19
,,2010 - 2011,0.33
,,2011 - 2012,0.27
,,2012 - 2013,0.38
,,2013 - 2014,0.29
,,2014 - 2015,0.38
,,2015 - 2016,0.28
,,2016 - 2017,0.23
,,2019 - 2020,0.27
,,2020 - 2021,0.27
,,2021 - 2022,1.0
,,2022 - 2023,0.58
,Jaunpur,2002 - 2003,
,,2003 - 2004,
,,2004 - 2005,0.28
,,2005 - 2006,0.35
,,2006 - 2007,0.29
,,2007 - 2008,0.19
,,2008 - 2009,0.32
,,2009 - 2010,0.18
,,2010 - 2011,0.33
,,2011 - 2012,0.27
,,2012 - 2013,0.37
,,2013 - 2014,0.28
,,2014 - 2015,0.39
,,2015 - 2016,0.28
,,2016 - 2017,0.23
,,2017 - 2018,0.19
,,2018 - 2019,0.19
,,2019 - 2020,0.29
,,2020 - 2021,0.27
,,2021 - 2022,0.58
,,2022 - 2023,0.58
,Jhansi,2002 - 2003,
,,2003 - 2004,
,,2004 - 2005,0.29
,,2005 - 2006,0.33
,,2006 - 2007,0.24
,,2007 - 2008,0.33
,,2010 - 2011,0.5
,,2011 - 2012,0.25
,,2012 - 2013,0.0
,,2013 - 2014,0.25
,,2014 - 2015,1.0
,,2015 - 2016,0.33
,,2016 - 2017,0.5
,,2017 - 2018,0.21
,,2018 - 2019,0.0
,,2019 - 2020,0.5
,,2021 - 2022,0.5
,,2022 - 2023,0.5
,Kannauj,2002 - 2003,
,,2003 - 2004,
,,2004 - 2005,0.27
,,2005 - 2006,0.34
,,2006 - 2007,0.27
,,2008 - 2009,0.32
,,2009 - 2010,0.18
,,2010 - 2011,0.33
,,2011 - 2012,0.29
,,2012 - 2013,0.38
,,2013 - 2014,0.28
,,2014 - 2015,0.37
,,2015 - 2016,0.25
,,2016 - 2017,0.24
,,2017 - 2018,0.19
,,2018 - 2019,0.18
,,2019 - 2020,0.29
,,2020 - 2021,0.29
,,2021 - 2022,0.58
,,2022 - 2023,0.59
,Kanpur dehat,2003 - 2004,
,,2004 - 2005,0.28
,,2005 - 2006,0.34
,,2006 - 2007,0.26
,,2007 - 2008,0.2
,,2008 - 2009,0.3
,,2009 - 2010,0.18
,,2010 - 2011,0.33
,,2011 - 2012,0.25
,,2012 - 2013,0.35
,,2013 - 2014,0.3
,,2014 - 2015,0.5
,,2015 - 2016,0.29
,,2016 - 2017,0.24
,,2018 - 2019,0.21
,,2019 - 2020,0.26
,,2020 - 2021,0.22
,,2022 - 2023,0.58
,Kanpur nagar,2002 - 2003,
,,2003 - 2004,
,,2004 - 2005,0.28
,,2005 - 2006,0.34
,,2006 - 2007,0.5
,,2007 - 2008,0.19
,,2008 - 2009,0.31
,,2009 - 2010,0.19
,,2010 - 2011,0.36
,,2011 - 2012,0.33
,,2012 - 2013,0.35
,,2013 - 2014,0.26
,,2014 - 2015,0.33
,,2015 - 2016,0.3
,,2016 - 2017,0.25
,,2017 - 2018,0.17
,,2018 - 2019,0.19
,,2019 - 2020,0.31
,,2020 - 2021,0.29
,,2021 - 2022,0.55
,,2022 - 2023,0.56
,Kasganj,2010 - 2011,0.17
,Kaushambi,2002 - 2003,
,,2003 - 2004,
,,2004 - 2005,0.27
,,2006 - 2007,0.33
,,2007 - 2008,0.14
,,2009 - 2010,0.19
,,2010 - 2011,0.31
,,2011 - 2012,0.27
,,2012 - 2013,0.4
,,2013 - 2014,0.26
,,2014 - 2015,0.39
,,2016 - 2017,0.2
,,2017 - 2018,0.2
,,2018 - 2019,0.2
,,2019 - 2020,0.3
,,2020 - 2021,0.3
,,2021 - 2022,0.63
,,2022 - 2023,0.6
,Kheri,2002 - 2003,
,,2003 - 2004,
,,2004 - 2005,0.29
,,2006 - 2007,0.29
,,2007 - 2008,0.2
,,2014 - 2015,1.0
,Kushi nagar,2002 - 2003,
,,2003 - 2004,
,,2004 - 2005,0.28
,,2005 - 2006,0.35
,,2006 - 2007,0.28
,,2007 - 2008,0.19
,,2008 - 2009,0.32
,,2009 - 2010,0.18
,,2010 - 2011,0.32
,,2011 - 2012,0.28
,,2012 - 2013,0.37
,,2013 - 2014,0.28
,,2014 - 2015,0.39
,,2015 - 2016,0.28
,,2016 - 2017,0.23
,,2017 - 2018,0.19
,,2018 - 2019,0.19
,,2019 - 2020,0.29
,,2020 - 2021,0.27
,,2022 - 2023,0.58
,Lalitpur,2003 - 2004,
,,2004 - 2005,0.27
,,2005 - 2006,0.29
,,2006 - 2007,0.3
,,2007 - 2008,0.18
,,2010 - 2011,0.33
,,2013 - 2014,0.29
,,2016 - 2017,0.21
,,2018 - 2019,0.21
,,2021 - 2022,0.57
,,2022 - 2023,0.57
,Lucknow,2003 - 2004,
,Maharajganj,2003 - 2004,
,,2004 - 2005,0.27
,,2005 - 2006,0.33
,,2006 - 2007,0.27
,,2007 - 2008,0.2
,Mahoba,2002 - 2003,
,,2003 - 2004,
,,2004 - 2005,0.28
,,2005 - 2006,0.34
,,2006 - 2007,0.28
,,2007 - 2008,0.2
,,2008 - 2009,0.32
,,2009 - 2010,0.18
,,2010 - 2011,0.33
,,2011 - 2012,0.27
,,2012 - 2013,0.37
,,2013 - 2014,0.28
,,2014 - 2015,0.38
,,2015 - 2016,0.29
,,2016 - 2017,0.23
,,2017 - 2018,0.19
,,2018 - 2019,0.19
,,2019 - 2020,0.29
,,2020 - 2021,0.26
,,2021 - 2022,0.58
,,2022 - 2023,0.59
,Mainpuri,2012 - 2013,0.39
,,2013 - 2014,0.29
,,2016 - 2017,0.25
,,2017 - 2018,0.21
,,2018 - 2019,0.18
,,2019 - 2020,0.25
,,2020 - 2021,0.2
,,2021 - 2022,0.59
,,2022 - 2023,0.6
,Mathura,2002 - 2003,
,,2003 - 2004,
,,2004 - 2005,0.25
,,2005 - 2006,0.4
,,2006 - 2007,0.25
,,2010 - 2011,0.5
,Mau,2002 - 2003,
,,2003 - 2004,
,,2005 - 2006,0.5
,Meerut,2002 - 2003,
,,2004 - 2005,0.25
,,2007 - 2008,0.17
,Mirzapur,2002 - 2003,
,,2003 - 2004,
,,2004 - 2005,0.28
,,2005 - 2006,0.35
,,2006 - 2007,0.28
,,2007 - 2008,0.19
,,2008 - 2009,0.32
,,2009 - 2010,0.18
,,2010 - 2011,0.33
,,2011 - 2012,0.28
,,2012 - 2013,0.37
,,2013 - 2014,0.29
,,2014 - 2015,0.38
,,2015 - 2016,0.29
,,2016 - 2017,0.24
,,2017 - 2018,0.21
,,2018 - 2019,0.19
,,2019 - 2020,0.29
,,2020 - 2021,0.27
,,2022 - 2023,0.58
,Moradabad,2003 - 2004,
,,2004 - 2005,0.29
,,2006 - 2007,0.28
,,2007 - 2008,0.0
,Muzaffarnagar,2003 - 2004,
,,2004 - 2005,0.0
,,2008 - 2009,0.5
,,2010 - 2011,0.0
,,2014 - 2015,1.0
,,2016 - 2017,0.33
,,2017 - 2018,0.25
,,2018 - 2019,0.17
,,2019 - 2020,0.33
,,2020 - 2021,0.33
,,2021 - 2022,0.67
,,2022 - 2023,0.67
,Pilibhit,2004 - 2005,0.28
,,2006 - 2007,0.28
,,2007 - 2008,0.0
,Pratapgarh,2002 - 2003,
,,2003 - 2004,
,,2004 - 2005,0.28
,,2005 - 2006,0.34
,,2006 - 2007,0.28
,,2008 - 2009,0.32
,,2009 - 2010,0.19
,,2010 - 2011,0.33
,,2011 - 2012,0.27
,,2012 - 2013,0.33
,,2013 - 2014,0.29
,,2014 - 2015,0.35
,,2015 - 2016,0.25
,,2016 - 2017,0.21
,,2017 - 2018,0.19
,,2018 - 2019,0.18
,,2019 - 2020,0.27
,,2020 - 2021,0.28
,,2021 - 2022,0.57
,,2022 - 2023,0.57
,Rae bareli,2002 - 2003,
,,2003 - 2004,
,,2004 - 2005,0.28
,,2005 - 2006,0.38
,,2006 - 2007,0.26
,,2007 - 2008,0.17
,,2008 - 2009,0.35
,,2009 - 2010,0.17
,,2010 - 2011,0.33
,,2011 - 2012,0.27
,,2012 - 2013,0.36
,,2013 - 2014,0.29
,,2014 - 2015,0.35
,,2015 - 2016,0.25
,,2016 - 2017,0.23
,,2017 - 2018,0.19
,,2018 - 2019,0.21
,,2019 - 2020,0.27
,,2020 - 2021,0.26
,,2021 - 2022,0.59
,,2022 - 2023,0.57
,Rampur,2004 - 2005,0.0
,,2006 - 2007,0.0
,Saharanpur,2002 - 2003,
,,2004 - 2005,0.29
,,2006 - 2007,0.29
,,2015 - 2016,0.25
,Sant kabeer nagar,2004 - 2005,0.33
,,2006 - 2007,0.33
,,2007 - 2008,0.5
,,2008 - 2009,1.0
,,2009 - 2010,0.15
,Sant ravidas nagar,2002 - 2003,
,,2003 - 2004,
,,2004 - 2005,0.27
,,2005 - 2006,0.35
,,2006 - 2007,0.29
,,2007 - 2008,0.2
,,2008 - 2009,0.31
,,2009 - 2010,0.18
,,2010 - 2011,0.32
,,2011 - 2012,0.26
,,2012 - 2013,0.37
,,2013 - 2014,0.26
,,2014 - 2015,0.38
,,2015 - 2016,0.27
,,2016 - 2017,0.24
,,2017 - 2018,0.19
,,2018 - 2019,0.19
,,2019 - 2020,0.29
,,2020 - 2021,0.27
,,2021 - 2022,0.58
,,2022 - 2023,0.59
,Shahjahanpur,2003 - 2004,
,,2004 - 2005,0.5
,,2005 - 2006,0.25
,,2006 - 2007,0.5
,,2007 - 2008,0.33
,,2008 - 2009,0.3
,Shamli,2016 - 2017,0.0
,,2018 - 2019,0.0
,,2019 - 2020,0.0
,,2020 - 2021,0.0
,,2022 - 2023,1.0
,Sitapur,2002 - 2003,
,,2003 - 2004,
,,2004 - 2005,0.26
,,2005 - 2006,0.0
,,2006 - 2007,0.33
,,2010 - 2011,0.33
,,2012 - 2013,0.4
,,2013 - 2014,0.0
,,2015 - 2016,0.28
,,2016 - 2017,0.0
,,2017 - 2018,0.0
,,2018 - 2019,0.0
,,2019 - 2020,1.0
,,2020 - 2021,0.0
,,2021 - 2022,1.0
,,2022 - 2023,1.0
,Sonbhadra,2002 - 2003,
,,2003 - 2004,
,,2004 - 2005,0.27
,,2005 - 2006,0.34
,,2006 - 2007,0.28
,,2007 - 2008,0.19
,,2009 - 2010,0.19
,,2010 - 2011,0.33
,,2011 - 2012,0.27
,,2012 - 2013,0.37
,,2013 - 2014,0.28
,,2014 - 2015,0.39
,,2015 - 2016,0.29
,,2016 - 2017,0.23
,,2017 - 2018,0.19
,,2018 - 2019,0.19
,,2019 - 2020,0.28
,,2020 - 2021,0.27
,,2021 - 2022,0.59
,,2022 - 2023,0.59
,Sultanpur,2002 - 2003,
,,2003 - 2004,
,,2004 - 2005,0.25
,,2005 - 2006,0.29
,,2006 - 2007,0.25
,,2007 - 2008,0.2
,,2008 - 2009,0.5
,,2010 - 2011,0.5
,,2011 - 2012,0.27
,,2012 - 2013,0.5
,,2013 - 2014,0.5
,,2015 - 2016,0.5
,,2016 - 2017,0.33
,,2017 - 2018,0.0
,,2018 - 2019,0.0
,,2019 - 2020,0.5
,,2022 - 2023,0.5
,Unnao,2002 - 2003,
,,2003 - 2004,
,,2004 - 2005,0.31
,,2005 - 2006,0.38
,,2006 - 2007,0.22
,,2007 - 2008,0.33
,,2008 - 2009,0.32
,,2010 - 2011,0.25
,,2011 - 2012,0.0
,,2012 - 2013,0.5
,,2015 - 2016,0.0
,Varanasi,2002 - 2003,
,,2003 - 2004,
,,2004 - 2005,0.28
,,2005 - 2006,0.34
,,2006 - 2007,0.28
,,2007 - 2008,0.19
,,2008 - 2009,0.32
,,2009 - 2010,0.18
,,2010 - 2011,0.33
,,2011 - 2012,0.28
,,2012 - 2013,0.37
,,2013 - 2014,0.28
,,2014 - 2015,0.38
,,2015 - 2016,0.29
,,2016 - 2017,0.23
,,2017 - 2018,0.19
,,2018 - 2019,0.19
,,2019 - 2020,0.28
,,2020 - 2021,0.27
,,2021 - 2022,0.59
,,2022 - 2023,0.59
Uttarakhand,Udam singh nagar,2002 - 2003,
West Bengal,Bankura,2000 - 2001,
,,2001 - 2002,
,,2002 - 2003,
,,2003 - 2004,
,,2004 - 2005,
,,2005 - 2006,
,,2006 - 2007,
,,2007 - 2008,5.07
,,2008 - 2009,5.36
,,2009 - 2010,5.16
,,2010 - 2011,2.92
,,2011 - 2012,3.0
,,2012 - 2013,4.36
,,2013 - 2014,3.75
,,2014 - 2015,4.18
,,2015 - 2016,4.11
,,2016 - 2017,4.29
,,2017 - 2018,4.32
,,2018 - 2019,4.2
,,2019 - 2020,5.0
,,2020 - 2021,4.69
,,2021 - 2022,4.8
,,2022 - 2023,4.71
,Birbhum,2000 - 2001,
,,2001 - 2002,
,,2002 - 2003,
,,2003 - 2004,
,,2004 - 2005,
,,2005 - 2006,
,,2006 - 2007,
,,2007 - 2008,4.7
,,2008 - 2009,4.8
,,2009 - 2010,5.5
,,2010 - 2011,3.5
,,2011 - 2012,3.4
,,2012 - 2013,4.7
,,2013 - 2014,4.04
,,2014 - 2015,4.4
,,2015 - 2016,4.38
,,2016 - 2017,4.5
,,2017 - 2018,7.0
,,2018 - 2019,2.0
,,2019 - 2020,3.0
,,2020 - 2021,3.0
,,2021 - 2022,3.21
,,2022 - 2023,3.5
,Coochbehar,2004 - 2005,
,,2005 - 2006,
,,2006 - 2007,
,,2007 - 2008,6.5
,,2008 - 2009,6.6
,,2009 - 2010,6.8
,,2010 - 2011,4.88
,,2011 - 2012,3.0
,,2012 - 2013,3.0
,,2013 - 2014,2.6
,,2014 - 2015,2.85
,,2015 - 2016,2.83
,,2016 - 2017,2.9
,,2017 - 2018,9.15
,,2018 - 2019,8.5
,,2019 - 2020,8.0
,,2020 - 2021,8.0
,,2021 - 2022,8.0
,,2022 - 2023,8.0
,Hooghly,2000 - 2001,
,,2001 - 2002,
,,2002 - 2003,
,,2003 - 2004,
,,2004 - 2005,
,,2005 - 2006,
,,2006 - 2007,
,,2007 - 2008,3.8
,,2008 - 2009,3.86
,,2009 - 2010,3.71
,,2010 - 2011,6.33
,,2011 - 2012,4.5
,,2012 - 2013,5.0
,,2014 - 2015,4.0
,,2015 - 2016,4.4
,,2016 - 2017,4.17
,Jhargram,2018 - 2019,2.9
,,2019 - 2020,2.7
,,2020 - 2021,2.0
,,2021 - 2022,2.25
,,2022 - 2023,1.91
,Medinipur east,2000 - 2001,
,,2001 - 2002,
,,2002 - 2003,
,,2003 - 2004,
,,2004 - 2005,
,,2005 - 2006,
,,2006 - 2007,
,,2007 - 2008,6.0
,,2008 - 2009,4.0
,,2009 - 2010,4.0
,,2010 - 2011,2.8
,,2011 - 2012,4.0
,,2012 - 2013,4.0
,,2013 - 2014,4.0
,,2014 - 2015,3.98
,,2015 - 2016,4.51
,,2016 - 2017,4.31
,Medinipur west,2000 - 2001,
,,2001 - 2002,
,,2002 - 2003,
,,2003 - 2004,
,,2004 - 2005,
,,2005 - 2006,
,,2006 - 2007,
,,2007 - 2008,5.7
,,2008 - 2009,5.65
,,2009 - 2010,5.7
,,2010 - 2011,4.04
,,2011 - 2012,4.0
,,2012 - 2013,5.05
,,2013 - 2014,4.88
,,2014 - 2015,4.6
,,2015 - 2016,4.5
,,2016 - 2017,4.39
,,2017 - 2018,4.59
,Purba bardhaman,2000 - 2001,
,,2001 - 2002,
,,2002 - 2003,
,,2003 - 2004,
,,2004 - 2005,
,,2005 - 2006,
,,2006 - 2007,
,,2007 - 2008,7.43
,,2008 - 2009,7.43
,,2009 - 2010,7.92
,,2010 - 2011,5.45
,,2011 - 2012,5.11
,,2012 - 2013,5.09
,,2013 - 2014,5.03
,,2014 - 2015,5.04
,,2015 - 2016,5.06
,,2016 - 2017,5.09
,Purulia,2000 - 2001,
,,2001 - 2002,
,,2002 - 2003,
,,2003 - 2004,
,,2004 - 2005,
,,2005 - 2006,
,,2006 - 2007,
,,2007 - 2008,4.3
,,2008 - 2009,5.4
,,2009 - 2010,4.28
,,2010 - 2011,4.0
,,2011 - 2012,4.0
,,2012 - 2013,4.25
,,2013 - 2014,6.03
,,2014 - 2015,4.25
,,2015 - 2016,4.97
,,2016 - 2017,4.59
,,2017 - 2018,4.08
,,2018 - 2019,4.08
,,2019 - 2020,4.5
,,2020 - 2021,4.6
,,2021 - 2022,4.65
,,2022 - 2023,4.72
