state,district,year,horse_gram_rabi_yield_tonne_per_hectare
Andhra Pradesh,Anakapalli,2022 - 2023,0.58
,Anantapur,2000 - 2001,0.21
,,2001 - 2002,0.54
,,2002 - 2003,0.37
,,2003 - 2004,0.54
,,2004 - 2005,0.13
,,2005 - 2006,0.38
,,2006 - 2007,0.5
,,2007 - 2008,0.0
,,2008 - 2009,0.66
,,2009 - 2010,0.69
,,2010 - 2011,0.56
,,2011 - 2012,0.59
,,2012 - 2013,0.5
,,2013 - 2014,0.56
,,2014 - 2015,0.46
,,2015 - 2016,0.32
,,2016 - 2017,0.09
,,2017 - 2018,0.28
,,2018 - 2019,0.56
,,2019 - 2020,0.22
,,2020 - 2021,0.14
,,2021 - 2022,0.07
,,2022 - 2023,0.22
,Annamayya,2022 - 2023,0.58
,Bapatla,2022 - 2023,1.0
,Chittoor,2000 - 2001,0.21
,,2001 - 2002,0.54
,,2002 - 2003,0.37
,,2003 - 2004,0.54
,,2004 - 2005,0.13
,,2005 - 2006,0.38
,,2006 - 2007,0.58
,,2007 - 2008,0.5
,,2008 - 2009,0.82
,,2009 - 2010,0.76
,,2010 - 2011,0.65
,,2011 - 2012,0.71
,,2012 - 2013,0.67
,,2013 - 2014,0.43
,,2014 - 2015,0.44
,,2015 - 2016,0.69
,,2016 - 2017,0.39
,,2017 - 2018,0.72
,,2018 - 2019,0.43
,,2019 - 2020,0.55
,,2020 - 2021,0.63
,,2021 - 2022,0.63
,,2022 - 2023,0.54
,East godavari,2000 - 2001,0.21
,,2001 - 2002,0.54
,,2002 - 2003,0.37
,,2003 - 2004,0.54
,,2004 - 2005,0.41
,,2005 - 2006,0.36
,,2006 - 2007,0.51
,,2007 - 2008,1.0
,,2008 - 2009,0.38
,,2009 - 2010,0.62
,,2010 - 2011,0.41
,,2011 - 2012,0.42
,,2013 - 2014,0.46
,,2014 - 2015,0.42
,,2015 - 2016,0.55
,,2016 - 2017,0.53
,,2017 - 2018,0.72
,,2018 - 2019,0.65
,,2019 - 2020,0.67
,,2020 - 2021,0.6
,,2021 - 2022,0.5
,,2022 - 2023,0.5
,Eluru,2022 - 2023,0.59
,Guntur,2000 - 2001,0.17
,,2002 - 2003,0.33
,,2009 - 2010,0.63
,,2018 - 2019,0.64
,,2019 - 2020,0.6
,,2020 - 2021,0.5
,Kadapa,2000 - 2001,0.21
,,2001 - 2002,0.54
,,2002 - 2003,0.37
,,2003 - 2004,0.54
,,2004 - 2005,0.13
,,2005 - 2006,0.38
,,2006 - 2007,0.19
,,2007 - 2008,0.0
,,2008 - 2009,0.33
,,2009 - 2010,0.49
,,2010 - 2011,0.31
,,2011 - 2012,0.38
,,2012 - 2013,0.67
,,2013 - 2014,0.66
,,2014 - 2015,0.47
,,2015 - 2016,0.53
,,2016 - 2017,0.13
,,2017 - 2018,0.7
,,2018 - 2019,0.23
,,2019 - 2020,0.55
,,2020 - 2021,0.41
,,2021 - 2022,0.16
,,2022 - 2023,0.53
,Krishna,2000 - 2001,0.21
,,2001 - 2002,0.54
,,2002 - 2003,0.37
,,2003 - 2004,0.54
,,2004 - 2005,0.41
,,2005 - 2006,0.36
,,2006 - 2007,0.51
,,2008 - 2009,0.38
,,2009 - 2010,0.62
,,2010 - 2011,0.41
,,2011 - 2012,0.42
,,2013 - 2014,0.46
,,2014 - 2015,0.41
,,2015 - 2016,0.55
,,2016 - 2017,0.56
,,2017 - 2018,0.71
,,2018 - 2019,0.65
,,2019 - 2020,0.92
,,2020 - 2021,0.86
,,2021 - 2022,0.72
,,2022 - 2023,0.59
,Kurnool,2000 - 2001,0.21
,,2001 - 2002,0.54
,,2002 - 2003,0.37
,,2003 - 2004,0.54
,,2004 - 2005,0.13
,,2005 - 2006,0.38
,,2006 - 2007,0.5
,,2007 - 2008,1.0
,,2008 - 2009,0.66
,,2009 - 2010,0.69
,,2010 - 2011,0.56
,,2011 - 2012,0.59
,,2012 - 2013,1.0
,,2013 - 2014,0.56
,,2014 - 2015,0.46
,,2015 - 2016,0.52
,,2016 - 2017,0.4
,,2017 - 2018,0.61
,,2018 - 2019,0.17
,,2019 - 2020,0.49
,,2020 - 2021,0.77
,,2021 - 2022,0.66
,,2022 - 2023,0.53
,Nandyal,2022 - 2023,0.54
,Palnadu,2022 - 2023,
,Parvathipuram manyam,2022 - 2023,0.58
,Prakasam,2000 - 2001,0.21
,,2001 - 2002,0.54
,,2002 - 2003,0.37
,,2003 - 2004,0.54
,,2004 - 2005,0.4
,,2005 - 2006,0.36
,,2006 - 2007,0.51
,,2008 - 2009,0.38
,,2009 - 2010,0.62
,,2010 - 2011,0.41
,,2011 - 2012,0.42
,,2013 - 2014,0.46
,,2014 - 2015,0.42
,,2015 - 2016,0.55
,,2016 - 2017,0.55
,,2017 - 2018,0.71
,,2018 - 2019,0.65
,,2019 - 2020,0.66
,,2020 - 2021,0.76
,,2021 - 2022,0.9
,,2022 - 2023,1.05
,Spsr nellore,2000 - 2001,0.21
,,2001 - 2002,0.54
,,2002 - 2003,0.37
,,2003 - 2004,0.54
,,2004 - 2005,0.41
,,2005 - 2006,0.36
,,2006 - 2007,0.51
,,2008 - 2009,0.37
,,2009 - 2010,0.62
,,2010 - 2011,0.41
,,2011 - 2012,0.42
,,2013 - 2014,0.46
,,2014 - 2015,0.42
,,2015 - 2016,0.55
,,2016 - 2017,0.56
,,2017 - 2018,0.71
,,2018 - 2019,0.65
,,2019 - 2020,0.66
,,2020 - 2021,0.32
,,2021 - 2022,0.4
,,2022 - 2023,0.59
,Sri sathya sai,2022 - 2023,0.68
,Srikakulam,2000 - 2001,0.36
,,2001 - 2002,0.55
,,2002 - 2003,0.43
,,2003 - 2004,0.59
,,2004 - 2005,0.4
,,2005 - 2006,0.42
,,2006 - 2007,0.51
,,2007 - 2008,0.55
,,2008 - 2009,0.5
,,2009 - 2010,0.62
,,2010 - 2011,0.46
,,2011 - 2012,0.55
,,2012 - 2013,0.83
,,2013 - 2014,0.52
,,2014 - 2015,0.48
,,2015 - 2016,0.66
,,2016 - 2017,0.8
,,2017 - 2018,0.82
,,2018 - 2019,0.77
,,2019 - 2020,0.53
,,2020 - 2021,0.75
,,2021 - 2022,0.54
,,2022 - 2023,0.64
,Tirupati,2022 - 2023,0.42
,Visakhapatanam,2000 - 2001,0.26
,,2001 - 2002,0.77
,,2002 - 2003,0.86
,,2003 - 2004,0.89
,,2004 - 2005,0.98
,,2005 - 2006,0.3
,,2006 - 2007,0.58
,,2007 - 2008,0.5
,,2008 - 2009,0.48
,,2009 - 2010,0.71
,,2010 - 2011,0.73
,,2011 - 2012,0.52
,,2012 - 2013,0.5
,,2013 - 2014,0.49
,,2014 - 2015,0.48
,,2015 - 2016,0.63
,,2016 - 2017,0.56
,,2017 - 2018,0.56
,,2018 - 2019,0.66
,,2019 - 2020,0.62
,,2020 - 2021,0.72
,,2021 - 2022,0.61
,,2022 - 2023,0.58
,Vizianagaram,2000 - 2001,0.11
,,2001 - 2002,0.48
,,2002 - 2003,0.23
,,2003 - 2004,0.43
,,2004 - 2005,0.28
,,2005 - 2006,0.34
,,2006 - 2007,0.49
,,2007 - 2008,0.47
,,2008 - 2009,0.3
,,2009 - 2010,0.61
,,2010 - 2011,0.33
,,2011 - 2012,0.32
,,2012 - 2013,0.43
,,2013 - 2014,0.39
,,2014 - 2015,0.35
,,2015 - 2016,0.46
,,2016 - 2017,0.41
,,2017 - 2018,0.65
,,2018 - 2019,0.52
,,2019 - 2020,0.75
,,2020 - 2021,0.64
,,2021 - 2022,0.58
,,2022 - 2023,0.45
,West godavari,2000 - 2001,0.21
,,2001 - 2002,0.54
,,2002 - 2003,0.37
,,2003 - 2004,0.54
,,2004 - 2005,0.41
,,2005 - 2006,0.36
,,2006 - 2007,0.51
,,2008 - 2009,0.38
,,2009 - 2010,0.62
,,2010 - 2011,0.41
,,2011 - 2012,0.42
,,2013 - 2014,0.46
,,2014 - 2015,0.4
,,2015 - 2016,0.56
,,2016 - 2017,0.56
,,2017 - 2018,0.71
,,2018 - 2019,0.64
,,2019 - 2020,0.67
,,2020 - 2021,0.7
,,2021 - 2022,0.56
,,2022 - 2023,1.0
Bihar,Araria,2000 - 2001,
,,2001 - 2002,
,,2002 - 2003,
,,2003 - 2004,
,,2004 - 2005,
,,2005 - 2006,
,,2009 - 2010,
,,2010 - 2011,
,,2011 - 2012,
,,2012 - 2013,
,,2013 - 2014,
,,2014 - 2015,
,,2015 - 2016,
,,2016 - 2017,
,Arwal,2003 - 2004,
,,2004 - 2005,
,,2005 - 2006,
,,2011 - 2012,
,,2012 - 2013,
,,2018 - 2019,
,,2019 - 2020,
,,2020 - 2021,
,,2021 - 2022,
,,2022 - 2023,
,Aurangabad,2000 - 2001,
,,2001 - 2002,
,,2002 - 2003,
,,2003 - 2004,
,,2005 - 2006,
,,2012 - 2013,
,,2013 - 2014,
,,2014 - 2015,
,Banka,2000 - 2001,
,,2001 - 2002,
,,2002 - 2003,
,,2003 - 2004,
,,2004 - 2005,
,,2005 - 2006,
,,2009 - 2010,
,,2010 - 2011,
,,2011 - 2012,
,,2012 - 2013,
,,2013 - 2014,
,,2014 - 2015,
,,2015 - 2016,
,,2016 - 2017,
,,2017 - 2018,
,,2018 - 2019,
,,2019 - 2020,
,,2020 - 2021,
,,2021 - 2022,
,,2022 - 2023,
,Begusarai,2000 - 2001,
,,2001 - 2002,
,,2002 - 2003,
,,2003 - 2004,
,,2005 - 2006,
,,2009 - 2010,
,,2010 - 2011,
,,2011 - 2012,
,,2012 - 2013,
,,2013 - 2014,
,,2014 - 2015,
,,2015 - 2016,
,,2016 - 2017,
,,2017 - 2018,
,,2018 - 2019,
,,2019 - 2020,
,,2020 - 2021,
,,2021 - 2022,
,,2022 - 2023,
,Bhagalpur,2000 - 2001,
,,2001 - 2002,
,,2002 - 2003,
,,2003 - 2004,
,,2004 - 2005,
,,2005 - 2006,
,,2009 - 2010,
,,2010 - 2011,
,,2011 - 2012,
,,2012 - 2013,
,,2013 - 2014,
,,2014 - 2015,
,,2015 - 2016,
,,2016 - 2017,
,,2017 - 2018,
,,2018 - 2019,
,,2019 - 2020,
,,2020 - 2021,
,,2021 - 2022,
,,2022 - 2023,
,Bhojpur,2004 - 2005,
,,2009 - 2010,
,,2010 - 2011,
,,2011 - 2012,
,,2012 - 2013,
,,2013 - 2014,
,,2014 - 2015,
,,2015 - 2016,
,Buxar,2016 - 2017,
,Darbhanga,2000 - 2001,
,,2001 - 2002,
,,2002 - 2003,
,,2003 - 2004,
,,2004 - 2005,
,,2005 - 2006,
,,2009 - 2010,
,Gaya,2000 - 2001,
,,2001 - 2002,
,,2002 - 2003,
,,2003 - 2004,
,,2004 - 2005,
,,2005 - 2006,
,,2009 - 2010,
,,2010 - 2011,
,,2011 - 2012,
,,2012 - 2013,
,,2013 - 2014,
,,2014 - 2015,
,,2015 - 2016,
,,2016 - 2017,
,,2017 - 2018,
,,2018 - 2019,
,,2019 - 2020,
,,2020 - 2021,
,,2021 - 2022,
,,2022 - 2023,
,Jamui,2000 - 2001,
,,2001 - 2002,
,,2003 - 2004,
,,2004 - 2005,
,,2005 - 2006,
,,2009 - 2010,
,,2010 - 2011,
,,2011 - 2012,
,,2012 - 2013,
,,2013 - 2014,
,,2014 - 2015,
,,2015 - 2016,
,,2016 - 2017,
,,2017 - 2018,
,,2018 - 2019,
,,2019 - 2020,
,,2020 - 2021,
,,2021 - 2022,
,,2022 - 2023,
,Jehanabad,2000 - 2001,
,,2001 - 2002,
,,2005 - 2006,
,,2011 - 2012,
,,2012 - 2013,
,,2013 - 2014,
,Kaimur (bhabua),2002 - 2003,
,,2005 - 2006,
,Katihar,2000 - 2001,
,,2001 - 2002,
,,2002 - 2003,
,,2003 - 2004,
,,2004 - 2005,
,,2005 - 2006,
,,2009 - 2010,
,,2010 - 2011,
,,2011 - 2012,
,,2012 - 2013,
,,2013 - 2014,
,,2014 - 2015,
,,2015 - 2016,
,,2016 - 2017,
,,2017 - 2018,
,,2018 - 2019,
,,2019 - 2020,
,,2020 - 2021,
,,2021 - 2022,
,,2022 - 2023,
,Khagaria,2000 - 2001,
,,2001 - 2002,
,,2002 - 2003,
,,2003 - 2004,
,,2004 - 2005,
,,2005 - 2006,
,,2009 - 2010,
,,2010 - 2011,
,,2011 - 2012,
,,2012 - 2013,
,,2013 - 2014,
,,2014 - 2015,
,,2015 - 2016,
,,2016 - 2017,
,,2017 - 2018,
,,2018 - 2019,
,,2019 - 2020,
,,2020 - 2021,
,,2021 - 2022,
,,2022 - 2023,
,Kishanganj,2000 - 2001,
,,2001 - 2002,
,,2002 - 2003,
,,2003 - 2004,
,,2004 - 2005,
,,2005 - 2006,
,,2009 - 2010,
,,2010 - 2011,
,,2011 - 2012,
,,2012 - 2013,
,,2013 - 2014,
,,2014 - 2015,
,,2015 - 2016,
,,2016 - 2017,
,,2017 - 2018,
,Lakhisarai,2000 - 2001,
,,2002 - 2003,
,,2003 - 2004,
,,2005 - 2006,
,,2022 - 2023,
,Madhepura,2000 - 2001,
,,2001 - 2002,
,,2002 - 2003,
,,2004 - 2005,
,,2005 - 2006,
,,2009 - 2010,
,,2010 - 2011,
,,2011 - 2012,
,,2012 - 2013,
,,2013 - 2014,
,,2014 - 2015,
,,2015 - 2016,
,,2016 - 2017,
,,2017 - 2018,
,,2018 - 2019,
,,2019 - 2020,
,,2020 - 2021,
,,2021 - 2022,
,,2022 - 2023,
,Madhubani,2000 - 2001,
,,2001 - 2002,
,,2002 - 2003,
,,2003 - 2004,
,,2004 - 2005,
,,2005 - 2006,
,,2009 - 2010,
,,2010 - 2011,
,,2011 - 2012,
,,2012 - 2013,
,,2013 - 2014,
,,2014 - 2015,
,,2015 - 2016,
,,2016 - 2017,
,,2017 - 2018,
,,2018 - 2019,
,,2019 - 2020,
,,2020 - 2021,
,,2021 - 2022,
,,2022 - 2023,
,Munger,2000 - 2001,
,,2001 - 2002,
,,2002 - 2003,
,,2003 - 2004,
,,2004 - 2005,
,,2005 - 2006,
,,2009 - 2010,
,,2010 - 2011,
,,2011 - 2012,
,,2012 - 2013,
,,2013 - 2014,
,,2014 - 2015,
,,2015 - 2016,
,,2016 - 2017,
,,2017 - 2018,
,,2018 - 2019,
,,2019 - 2020,
,,2020 - 2021,
,,2021 - 2022,
,,2022 - 2023,
,Nalanda,2003 - 2004,
,Nawada,2000 - 2001,
,,2001 - 2002,
,,2002 - 2003,
,,2003 - 2004,
,,2004 - 2005,
,,2005 - 2006,
,,2009 - 2010,
,,2010 - 2011,
,,2011 - 2012,
,,2012 - 2013,
,,2013 - 2014,
,,2014 - 2015,
,,2015 - 2016,
,,2016 - 2017,
,,2017 - 2018,
,,2018 - 2019,
,,2019 - 2020,
,,2020 - 2021,
,,2021 - 2022,
,,2022 - 2023,
,Pashchim champaran,2011 - 2012,
,,2012 - 2013,
,,2013 - 2014,
,,2014 - 2015,
,,2015 - 2016,
,,2016 - 2017,
,Purnia,2000 - 2001,
,,2001 - 2002,
,,2002 - 2003,
,,2003 - 2004,
,,2004 - 2005,
,,2005 - 2006,
,,2009 - 2010,
,,2010 - 2011,
,,2011 - 2012,
,,2012 - 2013,
,,2013 - 2014,
,,2014 - 2015,
,,2015 - 2016,
,,2016 - 2017,
,,2017 - 2018,
,,2018 - 2019,
,,2019 - 2020,
,,2020 - 2021,
,,2021 - 2022,
,,2022 - 2023,
,Rohtas,2000 - 2001,
,,2001 - 2002,
,,2002 - 2003,
,,2003 - 2004,
,,2004 - 2005,
,,2005 - 2006,
,,2009 - 2010,
,,2010 - 2011,
,,2011 - 2012,
,,2012 - 2013,
,,2013 - 2014,
,Saharsa,2000 - 2001,
,,2001 - 2002,
,,2002 - 2003,
,,2003 - 2004,
,,2004 - 2005,
,,2005 - 2006,
,,2009 - 2010,
,,2010 - 2011,
,,2011 - 2012,
,,2012 - 2013,
,,2013 - 2014,
,,2014 - 2015,
,,2015 - 2016,
,,2016 - 2017,
,,2017 - 2018,
,,2019 - 2020,
,,2020 - 2021,
,,2021 - 2022,
,,2022 - 2023,
,Samastipur,2000 - 2001,
,,2002 - 2003,
,,2003 - 2004,
,,2004 - 2005,
,,2005 - 2006,
,,2012 - 2013,
,,2018 - 2019,
,,2019 - 2020,
,,2020 - 2021,
,,2021 - 2022,
,,2022 - 2023,
,Sheikhpura,2012 - 2013,
,Sitamarhi,2000 - 2001,
,,2001 - 2002,
,,2002 - 2003,
,,2003 - 2004,
,Siwan,2009 - 2010,
,Supaul,2000 - 2001,
,,2001 - 2002,
,,2002 - 2003,
,,2003 - 2004,
,,2004 - 2005,
,,2005 - 2006,
,,2009 - 2010,
,,2010 - 2011,
,,2011 - 2012,
,,2012 - 2013,
,,2013 - 2014,
,,2014 - 2015,
,,2015 - 2016,
,,2016 - 2017,
,,2017 - 2018,
,,2018 - 2019,
,,2019 - 2020,
,,2020 - 2021,
,,2021 - 2022,
,,2022 - 2023,
Chhattisgarh,Balod,2011 - 2012,0.29
,,2012 - 2013,0.24
,,2013 - 2014,0.25
,,2014 - 2015,0.25
,,2015 - 2016,0.21
,,2016 - 2017,0.24
,,2017 - 2018,0.33
,,2018 - 2019,
,,2019 - 2020,
,,2020 - 2021,0.67
,,2021 - 2022,1.0
,,2022 - 2023,
,Baloda bazar,2011 - 2012,0.67
,,2012 - 2013,0.33
,,2013 - 2014,0.33
,,2014 - 2015,0.33
,,2015 - 2016,
,,2016 - 2017,0.4
,,2017 - 2018,0.29
,,2018 - 2019,
,,2019 - 2020,
,,2020 - 2021,
,,2021 - 2022,
,,2022 - 2023,
,Balrampur,2011 - 2012,
,,2012 - 2013,
,,2013 - 2014,
,,2014 - 2015,
,,2015 - 2016,
,,2016 - 2017,
,,2017 - 2018,
,,2018 - 2019,
,,2019 - 2020,
,,2020 - 2021,
,,2021 - 2022,
,,2022 - 2023,
,Bastar,2000 - 2001,
,,2001 - 2002,
,,2002 - 2003,0.31
,,2003 - 2004,0.38
,,2004 - 2005,
,,2005 - 2006,0.27
,,2006 - 2007,2.0
,,2007 - 2008,0.5
,,2008 - 2009,0.0
,,2009 - 2010,
,,2010 - 2011,
,,2011 - 2012,
,,2012 - 2013,
,,2013 - 2014,
,,2014 - 2015,
,,2015 - 2016,
,,2016 - 2017,
,,2017 - 2018,
,,2018 - 2019,
,,2019 - 2020,0.0
,,2020 - 2021,
,,2021 - 2022,
,,2022 - 2023,
,Bemetara,2012 - 2013,
,,2014 - 2015,0.0
,,2015 - 2016,0.2
,,2020 - 2021,0.25
,,2021 - 2022,1.0
,Bijapur,2006 - 2007,0.0
,,2007 - 2008,0.32
,,2008 - 2009,0.28
,,2009 - 2010,0.29
,,2010 - 2011,0.2
,,2011 - 2012,0.32
,,2012 - 2013,0.32
,,2013 - 2014,0.3
,,2014 - 2015,0.33
,,2015 - 2016,0.29
,,2016 - 2017,0.27
,,2017 - 2018,0.31
,,2018 - 2019,0.31
,,2019 - 2020,0.29
,,2020 - 2021,0.31
,,2021 - 2022,0.43
,,2022 - 2023,0.26
,Bilaspur,2000 - 2001,
,,2001 - 2002,
,,2002 - 2003,0.29
,,2003 - 2004,0.33
,,2004 - 2005,
,,2005 - 2006,0.28
,,2006 - 2007,0.29
,,2007 - 2008,0.33
,,2008 - 2009,
,,2009 - 2010,0.0
,,2010 - 2011,0.25
,,2011 - 2012,0.2
,,2012 - 2013,
,,2013 - 2014,
,,2014 - 2015,
,,2015 - 2016,
,,2016 - 2017,
,,2017 - 2018,
,,2018 - 2019,0.5
,,2019 - 2020,
,,2020 - 2021,
,,2021 - 2022,1.0
,,2022 - 2023,
,Dantewada,2000 - 2001,
,,2001 - 2002,
,,2002 - 2003,0.27
,,2003 - 2004,0.3
,,2004 - 2005,
,,2005 - 2006,0.28
,,2006 - 2007,1.05
,,2007 - 2008,0.27
,,2008 - 2009,0.27
,,2009 - 2010,0.0
,,2010 - 2011,0.0
,,2011 - 2012,
,,2012 - 2013,0.33
,,2013 - 2014,0.4
,,2014 - 2015,0.33
,,2015 - 2016,0.29
,,2016 - 2017,0.22
,,2017 - 2018,0.22
,,2018 - 2019,0.5
,,2019 - 2020,0.33
,,2020 - 2021,0.4
,,2021 - 2022,0.67
,,2022 - 2023,0.0
,Dhamtari,2000 - 2001,
,,2001 - 2002,
,,2002 - 2003,0.25
,,2003 - 2004,0.33
,,2004 - 2005,
,,2005 - 2006,0.37
,,2006 - 2007,0.36
,,2007 - 2008,0.33
,,2008 - 2009,0.4
,,2009 - 2010,0.34
,,2010 - 2011,0.34
,,2011 - 2012,0.32
,,2012 - 2013,0.33
,,2013 - 2014,0.33
,,2014 - 2015,0.34
,,2015 - 2016,0.37
,,2016 - 2017,0.36
,,2017 - 2018,0.43
,,2018 - 2019,
,,2019 - 2020,
,,2020 - 2021,
,,2021 - 2022,0.3
,,2022 - 2023,0.4
,Durg,2000 - 2001,
,,2001 - 2002,
,,2002 - 2003,0.22
,,2003 - 2004,0.3
,,2004 - 2005,
,,2005 - 2006,0.3
,,2006 - 2007,0.28
,,2007 - 2008,0.3
,,2008 - 2009,0.33
,,2009 - 2010,0.25
,,2010 - 2011,0.3
,,2011 - 2012,0.33
,,2012 - 2013,0.25
,,2013 - 2014,0.33
,,2014 - 2015,0.25
,,2015 - 2016,0.0
,,2016 - 2017,
,,2017 - 2018,
,,2018 - 2019,
,,2020 - 2021,
,Gariyaband,2011 - 2012,0.62
,,2012 - 2013,0.31
,,2013 - 2014,0.28
,,2014 - 2015,0.28
,,2015 - 2016,0.35
,,2016 - 2017,0.34
,,2017 - 2018,0.31
,,2018 - 2019,0.33
,,2019 - 2020,0.36
,,2020 - 2021,0.0
,,2021 - 2022,1.0
,,2022 - 2023,
,Gaurella-pendra-marwahi,2019 - 2020,0.0
,,2020 - 2021,0.44
,,2021 - 2022,0.31
,,2022 - 2023,
,Janjgir-champa,2000 - 2001,
,,2001 - 2002,
,,2002 - 2003,0.31
,,2003 - 2004,0.38
,,2004 - 2005,
,,2005 - 2006,0.32
,,2006 - 2007,0.33
,,2007 - 2008,0.32
,,2008 - 2009,0.31
,,2009 - 2010,0.32
,,2010 - 2011,0.31
,,2011 - 2012,0.33
,,2012 - 2013,0.34
,,2013 - 2014,0.38
,,2014 - 2015,0.36
,,2015 - 2016,0.4
,,2016 - 2017,0.35
,,2017 - 2018,0.38
,,2018 - 2019,0.42
,,2019 - 2020,0.38
,,2020 - 2021,
,,2021 - 2022,
,Jashpur,2000 - 2001,
,,2001 - 2002,
,,2002 - 2003,
,,2003 - 2004,
,,2004 - 2005,
,,2005 - 2006,
,,2006 - 2007,
,,2007 - 2008,
,,2008 - 2009,
,,2009 - 2010,
,,2010 - 2011,
,,2011 - 2012,
,,2012 - 2013,
,,2013 - 2014,
,,2014 - 2015,
,,2015 - 2016,
,,2016 - 2017,
,,2017 - 2018,
,,2018 - 2019,
,,2019 - 2020,
,,2020 - 2021,
,,2021 - 2022,
,,2022 - 2023,
,Kabirdham,2000 - 2001,
,,2001 - 2002,
,,2002 - 2003,0.25
,,2003 - 2004,0.33
,,2004 - 2005,
,,2005 - 2006,0.17
,,2006 - 2007,
,,2007 - 2008,
,,2008 - 2009,
,,2011 - 2012,0.0
,,2020 - 2021,
,,2021 - 2022,
,Kanker,2000 - 2001,
,,2001 - 2002,
,,2002 - 2003,0.13
,,2003 - 2004,0.4
,,2004 - 2005,
,,2005 - 2006,0.29
,,2006 - 2007,0.32
,,2007 - 2008,0.37
,,2008 - 2009,0.3
,,2009 - 2010,0.3
,,2010 - 2011,0.25
,,2011 - 2012,
,,2012 - 2013,
,,2013 - 2014,0.4
,,2014 - 2015,
,,2015 - 2016,
,,2016 - 2017,
,,2017 - 2018,
,,2018 - 2019,
,,2019 - 2020,0.5
,,2020 - 2021,
,,2021 - 2022,
,,2022 - 2023,0.33
,Kondagaon,2011 - 2012,
,,2012 - 2013,
,,2013 - 2014,
,,2014 - 2015,
,,2015 - 2016,
,,2016 - 2017,
,,2017 - 2018,
,,2018 - 2019,
,,2019 - 2020,
,,2020 - 2021,
,,2021 - 2022,
,,2022 - 2023,0.5
,Korba,2000 - 2001,
,,2001 - 2002,
,,2002 - 2003,
,,2003 - 2004,
,,2004 - 2005,
,,2005 - 2006,
,,2006 - 2007,
,,2007 - 2008,
,,2008 - 2009,
,,2009 - 2010,
,,2010 - 2011,
,,2011 - 2012,
,,2012 - 2013,
,,2013 - 2014,
,,2014 - 2015,
,,2015 - 2016,
,,2016 - 2017,
,,2017 - 2018,
,,2018 - 2019,
,,2019 - 2020,
,,2020 - 2021,
,,2021 - 2022,
,,2022 - 2023,
,Korea,2000 - 2001,
,,2001 - 2002,
,,2002 - 2003,
,,2003 - 2004,
,,2004 - 2005,
,,2005 - 2006,
,,2006 - 2007,
,,2007 - 2008,
,,2008 - 2009,
,,2009 - 2010,
,,2010 - 2011,
,,2011 - 2012,
,,2012 - 2013,
,,2013 - 2014,
,,2014 - 2015,
,,2015 - 2016,
,,2016 - 2017,
,,2017 - 2018,
,,2018 - 2019,
,,2019 - 2020,
,,2020 - 2021,
,,2021 - 2022,
,,2022 - 2023,
,Mahasamund,2000 - 2001,
,,2001 - 2002,
,,2002 - 2003,0.29
,,2003 - 2004,0.33
,,2004 - 2005,
,,2005 - 2006,0.26
,,2006 - 2007,0.3
,,2007 - 2008,0.31
,,2008 - 2009,0.27
,,2009 - 2010,0.41
,,2010 - 2011,0.33
,,2011 - 2012,0.33
,,2012 - 2013,0.25
,,2013 - 2014,0.33
,,2014 - 2015,0.5
,,2015 - 2016,0.5
,,2016 - 2017,0.33
,,2017 - 2018,0.0
,,2018 - 2019,0.5
,,2019 - 2020,0.0
,,2020 - 2021,
,,2021 - 2022,
,,2022 - 2023,
,Manendragarh chirimiri bharatpur,2022 - 2023,
,Mohla manpur ambagarh chouki,2022 - 2023,0.38
,Mungeli,2020 - 2021,0.4
,,2021 - 2022,0.64
,,2022 - 2023,0.33
,Narayanpur,2006 - 2007,0.0
,,2007 - 2008,
,,2008 - 2009,
,,2009 - 2010,
,,2010 - 2011,
,,2011 - 2012,
,,2012 - 2013,
,,2013 - 2014,0.29
,,2014 - 2015,
,,2015 - 2016,
,,2016 - 2017,
,,2017 - 2018,
,,2018 - 2019,
,,2019 - 2020,
,,2020 - 2021,0.44
,,2021 - 2022,1.0
,,2022 - 2023,1.0
,Raigarh,2000 - 2001,
,,2001 - 2002,
,,2002 - 2003,0.27
,,2003 - 2004,0.28
,,2004 - 2005,
,,2005 - 2006,0.26
,,2006 - 2007,0.3
,,2007 - 2008,0.28
,,2008 - 2009,0.29
,,2009 - 2010,0.28
,,2010 - 2011,0.25
,,2011 - 2012,0.33
,,2012 - 2013,0.33
,,2013 - 2014,0.33
,,2014 - 2015,
,,2015 - 2016,0.0
,,2016 - 2017,0.0
,,2017 - 2018,0.0
,,2018 - 2019,
,,2019 - 2020,0.5
,,2020 - 2021,
,,2021 - 2022,
,,2022 - 2023,
,Raipur,2000 - 2001,
,,2001 - 2002,
,,2002 - 2003,0.29
,,2003 - 2004,0.31
,,2004 - 2005,
,,2005 - 2006,0.28
,,2006 - 2007,0.28
,,2007 - 2008,0.29
,,2008 - 2009,0.29
,,2009 - 2010,0.3
,,2010 - 2011,0.34
,,2022 - 2023,1.0
,Rajnandgaon,2000 - 2001,
,,2001 - 2002,
,,2002 - 2003,0.22
,,2003 - 2004,0.26
,,2004 - 2005,
,,2005 - 2006,0.27
,,2006 - 2007,0.28
,,2007 - 2008,0.27
,,2008 - 2009,0.24
,,2009 - 2010,0.24
,,2010 - 2011,0.25
,,2011 - 2012,0.29
,,2012 - 2013,0.26
,,2013 - 2014,0.24
,,2014 - 2015,0.3
,,2015 - 2016,0.26
,,2016 - 2017,0.29
,,2017 - 2018,0.29
,,2018 - 2019,0.29
,,2019 - 2020,0.33
,,2020 - 2021,0.5
,,2021 - 2022,0.5
,,2022 - 2023,0.33
,Sakti,2022 - 2023,0.5
,Sarangarh bilaigarh,2022 - 2023,
,Sukma,2011 - 2012,0.32
,,2012 - 2013,0.32
,,2013 - 2014,0.31
,,2014 - 2015,0.26
,,2015 - 2016,0.29
,,2016 - 2017,0.21
,,2017 - 2018,0.26
,,2018 - 2019,0.33
,,2019 - 2020,0.2
,,2020 - 2021,0.43
,,2021 - 2022,0.5
,,2022 - 2023,2.0
,Surajpur,2011 - 2012,
,,2012 - 2013,
,,2013 - 2014,
,,2014 - 2015,
,,2015 - 2016,
,,2016 - 2017,
,,2017 - 2018,
,,2018 - 2019,
,,2019 - 2020,
,,2020 - 2021,
,,2021 - 2022,
,,2022 - 2023,
,Surguja,2000 - 2001,
,,2001 - 2002,
,,2002 - 2003,
,,2003 - 2004,
,,2004 - 2005,
,,2005 - 2006,
,,2006 - 2007,
,,2007 - 2008,
,,2008 - 2009,
,,2009 - 2010,
,,2010 - 2011,
,,2011 - 2012,
,,2012 - 2013,
,,2013 - 2014,
,,2014 - 2015,
,,2015 - 2016,
,,2016 - 2017,
,,2017 - 2018,
,,2018 - 2019,
,,2019 - 2020,
,,2020 - 2021,
,,2021 - 2022,
,,2022 - 2023,
Haryana,Ambala,2002 - 2003,
,,2004 - 2005,
,,2005 - 2006,
,,2006 - 2007,
,,2007 - 2008,
,,2008 - 2009,
,,2009 - 2010,
,,2010 - 2011,
,,2011 - 2012,
,,2012 - 2013,
,,2019 - 2020,
,Bhiwani,2003 - 2004,
,,2005 - 2006,
,,2007 - 2008,
,,2013 - 2014,
,,2014 - 2015,
,Faridabad,2003 - 2004,
,,2005 - 2006,
,,2006 - 2007,
,,2013 - 2014,
,Hisar,2006 - 2007,
,Karnal,2001 - 2002,
,,2002 - 2003,
,,2003 - 2004,
,,2008 - 2009,
,Mahendragarh,2002 - 2003,
,Mewat,2005 - 2006,
,,2006 - 2007,
,Palwal,2010 - 2011,
,Panchkula,2001 - 2002,
,,2002 - 2003,
,,2003 - 2004,
,,2004 - 2005,
,,2005 - 2006,
,,2006 - 2007,
,,2007 - 2008,
,,2008 - 2009,
,,2009 - 2010,
,,2010 - 2011,
,,2011 - 2012,
,,2012 - 2013,
,,2013 - 2014,
,,2014 - 2015,
,,2015 - 2016,
,,2016 - 2017,
,,2017 - 2018,
,,2018 - 2019,
,,2019 - 2020,
,,2020 - 2021,
,,2021 - 2022,
,Rohtak,2001 - 2002,
,Yamunanagar,2001 - 2002,
,,2002 - 2003,
,,2003 - 2004,
,,2004 - 2005,
,,2005 - 2006,
,,2006 - 2007,
,,2007 - 2008,
,,2008 - 2009,
,,2009 - 2010,
,,2010 - 2011,
,,2011 - 2012,
,,2012 - 2013,
,,2017 - 2018,
,,2018 - 2019,
,,2019 - 2020,
,,2020 - 2021,
,,2021 - 2022,
Himachal Pradesh,Bilaspur,2000 - 2001,
,,2001 - 2002,
,,2002 - 2003,
,,2005 - 2006,
,,2006 - 2007,
,,2007 - 2008,
,,2008 - 2009,
,,2009 - 2010,
,,2010 - 2011,
,,2011 - 2012,
,,2012 - 2013,
,,2013 - 2014,
,,2014 - 2015,
,,2015 - 2016,
,,2016 - 2017,
,,2017 - 2018,
,,2018 - 2019,
,,2019 - 2020,
,,2021 - 2022,
,,2022 - 2023,
,Chamba,2000 - 2001,
,,2001 - 2002,
,,2002 - 2003,
,,2005 - 2006,
,,2006 - 2007,
,,2007 - 2008,
,,2008 - 2009,
,,2009 - 2010,
,,2010 - 2011,
,,2011 - 2012,
,,2012 - 2013,
,,2013 - 2014,
,,2014 - 2015,
,,2015 - 2016,
,,2016 - 2017,
,,2017 - 2018,
,,2018 - 2019,
,,2019 - 2020,
,,2020 - 2021,
,,2021 - 2022,
,,2022 - 2023,
,Hamirpur,2000 - 2001,
,,2001 - 2002,
,,2002 - 2003,
,,2005 - 2006,
,,2006 - 2007,
,,2007 - 2008,
,,2008 - 2009,
,,2009 - 2010,
,,2010 - 2011,
,,2011 - 2012,
,,2012 - 2013,
,,2013 - 2014,
,,2014 - 2015,
,,2015 - 2016,
,,2016 - 2017,
,,2017 - 2018,
,,2018 - 2019,
,,2019 - 2020,
,Kangra,2000 - 2001,
,,2001 - 2002,
,,2002 - 2003,
,,2005 - 2006,
,,2006 - 2007,
,,2007 - 2008,
,,2008 - 2009,
,,2009 - 2010,
,,2010 - 2011,
,,2011 - 2012,
,,2012 - 2013,
,,2013 - 2014,
,,2014 - 2015,
,,2015 - 2016,
,,2016 - 2017,
,,2017 - 2018,
,,2018 - 2019,
,,2019 - 2020,
,,2020 - 2021,
,,2021 - 2022,
,,2022 - 2023,
,Kullu,2000 - 2001,
,,2001 - 2002,
,,2002 - 2003,
,,2005 - 2006,
,,2006 - 2007,
,,2007 - 2008,
,,2008 - 2009,
,,2009 - 2010,
,,2010 - 2011,
,,2011 - 2012,
,,2012 - 2013,
,,2013 - 2014,
,,2014 - 2015,
,,2015 - 2016,
,,2016 - 2017,
,,2017 - 2018,
,,2018 - 2019,
,,2019 - 2020,
,,2020 - 2021,
,,2021 - 2022,
,,2022 - 2023,
,Lahul and spiti,2000 - 2001,
,,2002 - 2003,
,Mandi,2000 - 2001,
,,2001 - 2002,
,,2002 - 2003,
,,2005 - 2006,
,,2006 - 2007,
,,2007 - 2008,
,,2008 - 2009,
,,2009 - 2010,
,,2010 - 2011,
,,2011 - 2012,
,,2012 - 2013,
,,2013 - 2014,
,,2014 - 2015,
,,2015 - 2016,
,,2016 - 2017,
,,2017 - 2018,
,,2018 - 2019,
,,2019 - 2020,
,,2020 - 2021,
,,2021 - 2022,
,,2022 - 2023,
,Shimla,2000 - 2001,
,,2001 - 2002,
,,2002 - 2003,
,,2005 - 2006,
,,2006 - 2007,
,,2007 - 2008,
,,2008 - 2009,
,,2009 - 2010,
,,2010 - 2011,
,,2011 - 2012,
,,2012 - 2013,
,,2013 - 2014,
,,2014 - 2015,
,,2015 - 2016,
,,2016 - 2017,
,,2017 - 2018,
,,2018 - 2019,
,,2019 - 2020,
,,2020 - 2021,
,,2021 - 2022,
,,2022 - 2023,
,Sirmaur,2000 - 2001,
,,2001 - 2002,
,,2002 - 2003,
,,2005 - 2006,
,,2006 - 2007,
,,2007 - 2008,
,,2008 - 2009,
,,2009 - 2010,
,,2010 - 2011,
,,2011 - 2012,
,,2012 - 2013,
,,2013 - 2014,
,,2014 - 2015,
,,2015 - 2016,
,,2016 - 2017,
,,2017 - 2018,
,,2018 - 2019,
,,2019 - 2020,
,,2020 - 2021,
,,2021 - 2022,
,,2022 - 2023,
,Solan,2000 - 2001,
,,2001 - 2002,
,,2002 - 2003,
,,2005 - 2006,
,,2006 - 2007,
,,2007 - 2008,
,,2008 - 2009,
,,2009 - 2010,
,,2010 - 2011,
,,2011 - 2012,
,,2012 - 2013,
,,2013 - 2014,
,,2014 - 2015,
,,2015 - 2016,
,,2016 - 2017,
,,2017 - 2018,
,,2018 - 2019,
,,2019 - 2020,
,,2020 - 2021,
,,2021 - 2022,
,Una,2000 - 2001,
,,2001 - 2002,
,,2002 - 2003,
,,2005 - 2006,
,,2006 - 2007,
,,2007 - 2008,
,,2008 - 2009,
,,2009 - 2010,
,,2010 - 2011,
,,2011 - 2012,
,,2012 - 2013,
,,2013 - 2014,
,,2014 - 2015,
,,2015 - 2016,
,,2016 - 2017,
,,2017 - 2018,
,,2018 - 2019,
,,2019 - 2020,
,,2021 - 2022,
Jammu and Kashmir,Doda,2001 - 2002,
,,2006 - 2007,
,,2009 - 2010,
,,2010 - 2011,
,,2011 - 2012,
,,2012 - 2013,
,,2016 - 2017,
,,2017 - 2018,0.4
,,2018 - 2019,
,,2019 - 2020,0.4
,,2020 - 2021,
,Jammu,2001 - 2002,
,,2006 - 2007,
,,2009 - 2010,
,,2010 - 2011,
,,2011 - 2012,
,,2012 - 2013,
,,2016 - 2017,0.4
,,2017 - 2018,
,,2018 - 2019,
,,2019 - 2020,
,,2020 - 2021,
,,2021 - 2022,0.3
,Kathua,2001 - 2002,
,,2006 - 2007,
,,2009 - 2010,
,,2010 - 2011,
,,2011 - 2012,
,,2012 - 2013,
,,2015 - 2016,0.4
,,2016 - 2017,
,,2017 - 2018,
,,2018 - 2019,
,,2019 - 2020,
,,2020 - 2021,
,Kishtwar,2009 - 2010,
,,2010 - 2011,
,,2012 - 2013,
,,2015 - 2016,
,,2016 - 2017,
,,2017 - 2018,
,,2018 - 2019,
,,2019 - 2020,
,,2020 - 2021,
,Leh ladakh,2010 - 2011,0.48
,,2018 - 2019,1.3
,Rajauri,2001 - 2002,
,,2015 - 2016,
,Reasi,2009 - 2010,
,,2010 - 2011,
,,2011 - 2012,
,,2012 - 2013,
,,2015 - 2016,
,,2016 - 2017,
,,2017 - 2018,
,,2018 - 2019,
,,2019 - 2020,
,,2020 - 2021,
,Samba,2009 - 2010,
,,2010 - 2011,
,,2011 - 2012,
,,2012 - 2013,
,,2015 - 2016,
,,2020 - 2021,
,Udhampur,2001 - 2002,
,,2006 - 2007,
,,2009 - 2010,
,,2010 - 2011,
,,2011 - 2012,
,,2012 - 2013,
,,2015 - 2016,
,,2016 - 2017,
,,2017 - 2018,
,,2018 - 2019,
,,2019 - 2020,
,,2020 - 2021,
Jharkhand,Bokaro,2017 - 2018,
,,2018 - 2019,
,,2019 - 2020,
,,2020 - 2021,
,,2021 - 2022,
,,2022 - 2023,
,Chatra,2017 - 2018,
,,2018 - 2019,
,,2019 - 2020,
,,2020 - 2021,
,,2021 - 2022,
,Deoghar,2017 - 2018,
,,2018 - 2019,
,,2019 - 2020,
,,2020 - 2021,
,,2021 - 2022,
,,2022 - 2023,
,Dhanbad,2017 - 2018,
,,2018 - 2019,
,,2019 - 2020,
,,2020 - 2021,
,,2021 - 2022,
,,2022 - 2023,
,Dumka,2017 - 2018,
,,2018 - 2019,
,,2019 - 2020,
,,2020 - 2021,
,,2021 - 2022,
,,2022 - 2023,
,East singhbum,2017 - 2018,
,,2018 - 2019,
,,2019 - 2020,
,,2020 - 2021,
,,2021 - 2022,
,,2022 - 2023,
,Garhwa,2017 - 2018,
,,2018 - 2019,
,,2020 - 2021,
,,2021 - 2022,
,Giridih,2017 - 2018,
,,2018 - 2019,
,,2019 - 2020,
,,2020 - 2021,
,,2021 - 2022,
,,2022 - 2023,
,Godda,2017 - 2018,
,,2018 - 2019,
,,2019 - 2020,
,,2020 - 2021,
,,2021 - 2022,
,,2022 - 2023,
,Gumla,2017 - 2018,
,,2018 - 2019,
,,2019 - 2020,
,,2020 - 2021,
,,2021 - 2022,
,,2022 - 2023,
,Hazaribagh,2017 - 2018,
,,2018 - 2019,
,,2019 - 2020,
,,2020 - 2021,
,,2021 - 2022,
,,2022 - 2023,
,Jamtara,2018 - 2019,
,,2019 - 2020,
,,2021 - 2022,
,,2022 - 2023,
,Khunti,2018 - 2019,
,,2020 - 2021,
,,2021 - 2022,
,,2022 - 2023,
,Koderma,2017 - 2018,
,,2018 - 2019,
,,2019 - 2020,
,,2020 - 2021,
,,2021 - 2022,
,,2022 - 2023,
,Latehar,2017 - 2018,
,,2018 - 2019,
,,2019 - 2020,
,,2020 - 2021,
,,2021 - 2022,
,,2022 - 2023,
,Lohardaga,2017 - 2018,
,,2019 - 2020,
,,2020 - 2021,
,,2021 - 2022,
,,2022 - 2023,
,Pakur,2017 - 2018,
,,2018 - 2019,
,,2019 - 2020,
,,2020 - 2021,
,,2021 - 2022,
,Palamu,2017 - 2018,
,,2018 - 2019,
,,2019 - 2020,
,,2020 - 2021,
,,2021 - 2022,
,Ramgarh,2017 - 2018,
,,2018 - 2019,
,,2019 - 2020,
,,2020 - 2021,
,,2021 - 2022,
,,2022 - 2023,
,Ranchi,2018 - 2019,
,,2019 - 2020,
,,2020 - 2021,
,,2021 - 2022,
,Sahebganj,2017 - 2018,
,Saraikela kharsawan,2019 - 2020,
,,2020 - 2021,
,,2021 - 2022,
,,2022 - 2023,
,Simdega,2017 - 2018,
,,2018 - 2019,
,,2019 - 2020,
,,2020 - 2021,
,,2021 - 2022,
,,2022 - 2023,
,West singhbhum,2017 - 2018,
,,2018 - 2019,
,,2019 - 2020,
,,2020 - 2021,
,,2021 - 2022,
,,2022 - 2023,
Karnataka,Bagalkot,2000 - 2001,0.32
,,2001 - 2002,0.59
,,2002 - 2003,0.4
,,2003 - 2004,0.08
,,2004 - 2005,0.31
,,2005 - 2006,0.51
,,2006 - 2007,0.12
,,2007 - 2008,0.58
,,2008 - 2009,0.57
,,2009 - 2010,0.38
,,2010 - 2011,0.61
,,2011 - 2012,0.28
,,2012 - 2013,0.19
,,2013 - 2014,0.2
,,2014 - 2015,0.36
,,2015 - 2016,0.3
,,2016 - 2017,0.07
,,2017 - 2018,0.35
,,2018 - 2019,0.21
,,2019 - 2020,0.39
,,2020 - 2021,0.49
,,2021 - 2022,0.46
,,2022 - 2023,0.46
,Bangalore rural,2000 - 2001,0.28
,,2001 - 2002,0.89
,,2002 - 2003,0.4
,,2003 - 2004,0.64
,,2004 - 2005,0.66
,,2005 - 2006,0.59
,,2006 - 2007,0.49
,,2007 - 2008,0.47
,,2008 - 2009,0.37
,,2009 - 2010,0.47
,,2010 - 2011,0.61
,,2011 - 2012,0.5
,,2012 - 2013,0.38
,,2013 - 2014,0.51
,,2014 - 2015,0.49
,,2015 - 2016,0.48
,,2016 - 2017,0.07
,,2017 - 2018,0.63
,,2018 - 2019,0.5
,,2019 - 2020,0.66
,,2020 - 2021,0.66
,,2021 - 2022,0.61
,,2022 - 2023,0.59
,Belgaum,2000 - 2001,0.32
,,2001 - 2002,0.2
,,2002 - 2003,0.4
,,2003 - 2004,0.06
,,2004 - 2005,0.36
,,2005 - 2006,0.49
,,2006 - 2007,0.27
,,2007 - 2008,0.26
,,2008 - 2009,0.58
,,2009 - 2010,0.21
,,2010 - 2011,0.36
,,2011 - 2012,0.44
,,2012 - 2013,0.16
,,2013 - 2014,0.3
,,2014 - 2015,0.27
,,2015 - 2016,0.13
,,2016 - 2017,0.34
,,2017 - 2018,0.5
,,2018 - 2019,0.42
,,2019 - 2020,0.76
,,2020 - 2021,0.6
,,2021 - 2022,0.48
,,2022 - 2023,0.35
,Bellary,2000 - 2001,0.41
,,2001 - 2002,0.23
,,2002 - 2003,0.82
,,2003 - 2004,0.06
,,2004 - 2005,0.34
,,2005 - 2006,0.51
,,2006 - 2007,0.38
,,2007 - 2008,0.45
,,2008 - 2009,0.32
,,2009 - 2010,0.25
,,2010 - 2011,0.72
,,2011 - 2012,0.5
,,2012 - 2013,0.22
,,2013 - 2014,0.42
,,2014 - 2015,0.48
,,2015 - 2016,0.63
,,2016 - 2017,0.12
,,2017 - 2018,0.77
,,2018 - 2019,0.53
,,2019 - 2020,0.65
,,2020 - 2021,0.66
,,2021 - 2022,0.61
,,2022 - 2023,0.51
,Bengaluru urban,2000 - 2001,0.59
,,2001 - 2002,0.89
,,2002 - 2003,0.84
,,2003 - 2004,0.49
,,2004 - 2005,0.6
,,2005 - 2006,0.59
,,2006 - 2007,0.31
,,2007 - 2008,0.7
,,2008 - 2009,0.38
,,2009 - 2010,0.48
,,2010 - 2011,0.48
,,2011 - 2012,0.55
,,2012 - 2013,0.62
,,2013 - 2014,0.55
,,2014 - 2015,0.68
,,2015 - 2016,0.39
,,2016 - 2017,0.39
,,2017 - 2018,0.63
,,2018 - 2019,0.5
,,2019 - 2020,0.67
,,2020 - 2021,0.6
,,2021 - 2022,0.62
,,2022 - 2023,0.62
,Bidar,2000 - 2001,
,,2001 - 2002,
,,2002 - 2003,
,,2003 - 2004,
,,2004 - 2005,
,,2005 - 2006,
,,2006 - 2007,
,,2007 - 2008,
,,2013 - 2014,
,,2016 - 2017,
,,2017 - 2018,
,,2018 - 2019,
,,2019 - 2020,1.0
,,2020 - 2021,0.71
,,2021 - 2022,0.63
,,2022 - 2023,0.57
,Bijapur,2000 - 2001,0.41
,,2001 - 2002,0.36
,,2002 - 2003,0.82
,,2003 - 2004,0.06
,,2004 - 2005,0.39
,,2005 - 2006,0.6
,,2006 - 2007,0.59
,,2007 - 2008,0.23
,,2008 - 2009,0.21
,,2009 - 2010,0.23
,,2010 - 2011,0.36
,,2011 - 2012,0.16
,,2012 - 2013,0.14
,,2013 - 2014,0.11
,,2014 - 2015,
,,2015 - 2016,
,,2016 - 2017,
,,2017 - 2018,
,,2018 - 2019,
,,2019 - 2020,0.7
,,2020 - 2021,0.67
,,2021 - 2022,0.6
,,2022 - 2023,0.62
,Chamarajanagar,2000 - 2001,0.32
,,2001 - 2002,0.19
,,2002 - 2003,0.2
,,2003 - 2004,0.15
,,2004 - 2005,0.37
,,2005 - 2006,0.37
,,2006 - 2007,0.33
,,2007 - 2008,0.57
,,2008 - 2009,0.38
,,2009 - 2010,0.59
,,2010 - 2011,0.62
,,2011 - 2012,0.67
,,2012 - 2013,0.47
,,2013 - 2014,0.58
,,2014 - 2015,0.44
,,2015 - 2016,0.53
,,2016 - 2017,0.02
,,2017 - 2018,0.69
,,2018 - 2019,0.55
,,2019 - 2020,0.77
,,2020 - 2021,0.78
,,2021 - 2022,0.73
,,2022 - 2023,0.79
,Chikballapur,2007 - 2008,0.26
,,2008 - 2009,0.39
,,2009 - 2010,0.44
,,2010 - 2011,0.54
,,2011 - 2012,0.29
,,2012 - 2013,0.26
,,2013 - 2014,0.43
,,2014 - 2015,0.34
,,2015 - 2016,0.25
,,2016 - 2017,0.03
,,2017 - 2018,1.0
,,2018 - 2019,0.32
,,2019 - 2020,0.76
,,2020 - 2021,0.98
,,2021 - 2022,0.58
,,2022 - 2023,0.78
,Chikmagalur,2000 - 2001,0.44
,,2001 - 2002,0.34
,,2002 - 2003,0.48
,,2003 - 2004,0.33
,,2004 - 2005,0.43
,,2005 - 2006,0.51
,,2006 - 2007,0.38
,,2007 - 2008,0.57
,,2008 - 2009,0.6
,,2009 - 2010,0.69
,,2010 - 2011,0.68
,,2011 - 2012,0.47
,,2012 - 2013,0.41
,,2013 - 2014,0.53
,,2014 - 2015,0.65
,,2015 - 2016,0.68
,,2016 - 2017,0.12
,,2017 - 2018,0.84
,,2018 - 2019,0.8
,,2019 - 2020,1.04
,,2020 - 2021,0.97
,,2021 - 2022,0.96
,,2022 - 2023,0.79
,Chitradurga,2000 - 2001,0.09
,,2001 - 2002,0.23
,,2002 - 2003,0.31
,,2003 - 2004,0.21
,,2004 - 2005,0.46
,,2005 - 2006,0.35
,,2006 - 2007,0.4
,,2007 - 2008,0.41
,,2008 - 2009,0.32
,,2009 - 2010,0.34
,,2010 - 2011,0.45
,,2011 - 2012,0.29
,,2012 - 2013,0.28
,,2013 - 2014,0.32
,,2014 - 2015,0.42
,,2015 - 2016,0.36
,,2016 - 2017,0.09
,,2017 - 2018,0.69
,,2018 - 2019,0.64
,,2019 - 2020,0.86
,,2020 - 2021,0.75
,,2021 - 2022,0.69
,,2022 - 2023,0.61
,Dakshin kannad,2001 - 2002,0.35
,,2003 - 2004,0.24
,,2004 - 2005,0.33
,,2005 - 2006,0.4
,,2006 - 2007,0.3
,,2007 - 2008,0.46
,,2008 - 2009,0.36
,,2009 - 2010,0.47
,,2010 - 2011,0.6
,,2011 - 2012,0.51
,,2012 - 2013,0.38
,,2013 - 2014,0.51
,,2014 - 2015,0.49
,,2015 - 2016,0.48
,,2016 - 2017,0.07
,,2017 - 2018,0.63
,,2018 - 2019,0.52
,Davangere,2000 - 2001,0.4
,,2001 - 2002,0.34
,,2002 - 2003,0.64
,,2003 - 2004,0.64
,,2004 - 2005,0.33
,,2005 - 2006,0.7
,,2006 - 2007,0.52
,,2007 - 2008,0.73
,,2008 - 2009,0.71
,,2009 - 2010,0.63
,,2010 - 2011,0.65
,,2011 - 2012,0.54
,,2012 - 2013,0.43
,,2013 - 2014,0.62
,,2014 - 2015,0.74
,,2015 - 2016,0.66
,,2016 - 2017,0.1
,,2017 - 2018,0.68
,,2018 - 2019,0.65
,,2019 - 2020,0.28
,,2020 - 2021,0.38
,,2021 - 2022,0.68
,,2022 - 2023,0.45
,Dharwad,2000 - 2001,0.4
,,2001 - 2002,0.15
,,2002 - 2003,0.14
,,2003 - 2004,0.23
,,2004 - 2005,0.17
,,2005 - 2006,0.47
,,2006 - 2007,0.64
,,2007 - 2008,0.58
,,2008 - 2009,0.43
,,2009 - 2010,0.53
,,2010 - 2011,0.44
,,2011 - 2012,0.29
,,2012 - 2013,0.27
,,2013 - 2014,0.33
,,2014 - 2015,0.39
,,2015 - 2016,0.25
,,2016 - 2017,0.07
,,2017 - 2018,0.37
,,2018 - 2019,0.51
,,2019 - 2020,0.46
,,2020 - 2021,0.43
,,2021 - 2022,0.65
,,2022 - 2023,0.61
,Gadag,2000 - 2001,0.32
,,2001 - 2002,0.2
,,2002 - 2003,0.64
,,2003 - 2004,0.24
,,2004 - 2005,0.36
,,2005 - 2006,0.41
,,2006 - 2007,0.26
,,2007 - 2008,0.53
,,2008 - 2009,0.34
,,2009 - 2010,0.57
,,2010 - 2011,0.39
,,2011 - 2012,0.22
,,2012 - 2013,0.42
,,2013 - 2014,0.39
,,2014 - 2015,0.51
,,2015 - 2016,0.21
,,2016 - 2017,0.03
,,2017 - 2018,0.45
,,2018 - 2019,0.37
,,2019 - 2020,0.5
,,2020 - 2021,0.43
,,2021 - 2022,0.45
,,2022 - 2023,0.44
,Gulbarga,2000 - 2001,0.32
,,2001 - 2002,0.34
,,2002 - 2003,0.21
,,2003 - 2004,0.23
,,2004 - 2005,0.27
,,2005 - 2006,0.29
,,2006 - 2007,0.24
,,2007 - 2008,0.49
,,2008 - 2009,0.36
,,2009 - 2010,0.44
,,2010 - 2011,0.61
,,2011 - 2012,0.51
,,2012 - 2013,
,,2013 - 2014,
,,2014 - 2015,
,,2015 - 2016,
,,2016 - 2017,
,,2017 - 2018,
,,2018 - 2019,
,,2019 - 2020,0.67
,,2020 - 2021,0.71
,,2021 - 2022,0.5
,,2022 - 2023,0.59
,Hassan,2000 - 2001,0.42
,,2001 - 2002,0.37
,,2002 - 2003,0.19
,,2003 - 2004,0.23
,,2004 - 2005,0.34
,,2005 - 2006,0.37
,,2006 - 2007,0.39
,,2007 - 2008,0.41
,,2008 - 2009,0.39
,,2009 - 2010,0.48
,,2010 - 2011,0.66
,,2011 - 2012,0.44
,,2012 - 2013,0.28
,,2013 - 2014,0.43
,,2014 - 2015,0.51
,,2015 - 2016,0.49
,,2016 - 2017,0.02
,,2017 - 2018,0.48
,,2018 - 2019,0.33
,,2019 - 2020,0.62
,,2020 - 2021,0.57
,,2021 - 2022,0.58
,,2022 - 2023,0.66
,Haveri,2000 - 2001,0.59
,,2001 - 2002,0.22
,,2002 - 2003,0.3
,,2003 - 2004,0.18
,,2004 - 2005,0.24
,,2005 - 2006,0.41
,,2006 - 2007,0.55
,,2007 - 2008,0.61
,,2008 - 2009,0.42
,,2009 - 2010,0.57
,,2010 - 2011,0.47
,,2011 - 2012,0.39
,,2012 - 2013,0.27
,,2013 - 2014,0.46
,,2014 - 2015,0.65
,,2015 - 2016,0.31
,,2016 - 2017,0.12
,,2017 - 2018,0.33
,,2018 - 2019,0.56
,,2019 - 2020,0.52
,,2020 - 2021,0.71
,,2021 - 2022,0.63
,,2022 - 2023,0.58
,Kodagu,2003 - 2004,0.23
,,2004 - 2005,
,,2005 - 2006,0.4
,,2006 - 2007,0.3
,,2007 - 2008,0.5
,,2008 - 2009,0.37
,,2009 - 2010,0.47
,,2010 - 2011,0.61
,,2018 - 2019,
,,2019 - 2020,
,,2021 - 2022,
,Kolar,2000 - 2001,0.39
,,2001 - 2002,0.38
,,2002 - 2003,0.22
,,2003 - 2004,0.29
,,2004 - 2005,0.27
,,2005 - 2006,0.47
,,2006 - 2007,0.26
,,2007 - 2008,0.38
,,2008 - 2009,0.24
,,2009 - 2010,0.3
,,2010 - 2011,0.59
,,2011 - 2012,0.69
,,2012 - 2013,0.48
,,2013 - 2014,0.83
,,2014 - 2015,0.64
,,2015 - 2016,0.76
,,2016 - 2017,0.12
,,2017 - 2018,0.69
,,2018 - 2019,0.36
,,2019 - 2020,0.69
,,2020 - 2021,0.76
,,2021 - 2022,0.65
,,2022 - 2023,0.81
,Koppal,2000 - 2001,0.48
,,2001 - 2002,0.16
,,2002 - 2003,0.21
,,2003 - 2004,0.09
,,2004 - 2005,0.19
,,2005 - 2006,0.29
,,2006 - 2007,0.19
,,2007 - 2008,0.27
,,2008 - 2009,0.22
,,2009 - 2010,0.18
,,2010 - 2011,0.52
,,2011 - 2012,0.07
,,2012 - 2013,0.21
,,2013 - 2014,0.29
,,2014 - 2015,0.5
,,2015 - 2016,0.21
,,2016 - 2017,0.1
,,2017 - 2018,0.45
,,2018 - 2019,0.4
,,2019 - 2020,0.38
,,2020 - 2021,0.49
,,2021 - 2022,0.42
,,2022 - 2023,0.42
,Mandya,2000 - 2001,0.71
,,2001 - 2002,0.49
,,2002 - 2003,0.26
,,2003 - 2004,0.23
,,2004 - 2005,0.46
,,2005 - 2006,0.42
,,2006 - 2007,0.14
,,2007 - 2008,0.51
,,2008 - 2009,0.34
,,2009 - 2010,0.43
,,2010 - 2011,0.58
,,2011 - 2012,0.49
,,2012 - 2013,0.28
,,2013 - 2014,0.42
,,2014 - 2015,0.48
,,2015 - 2016,0.48
,,2016 - 2017,0.07
,,2017 - 2018,0.65
,,2018 - 2019,0.42
,,2019 - 2020,0.71
,,2020 - 2021,0.77
,,2021 - 2022,0.81
,,2022 - 2023,0.7
,Mysore,2000 - 2001,0.7
,,2001 - 2002,0.44
,,2002 - 2003,0.23
,,2003 - 2004,0.17
,,2004 - 2005,0.25
,,2005 - 2006,0.34
,,2006 - 2007,0.36
,,2007 - 2008,0.39
,,2008 - 2009,0.32
,,2009 - 2010,0.55
,,2010 - 2011,0.63
,,2011 - 2012,0.54
,,2012 - 2013,0.37
,,2013 - 2014,0.46
,,2014 - 2015,0.44
,,2015 - 2016,0.44
,,2016 - 2017,0.01
,,2017 - 2018,0.61
,,2018 - 2019,0.55
,,2019 - 2020,0.58
,,2020 - 2021,0.57
,,2021 - 2022,0.53
,,2022 - 2023,0.5
,Raichur,2000 - 2001,0.48
,,2001 - 2002,0.16
,,2002 - 2003,0.26
,,2003 - 2004,0.1
,,2004 - 2005,0.19
,,2005 - 2006,0.28
,,2006 - 2007,0.37
,,2007 - 2008,0.37
,,2008 - 2009,0.26
,,2009 - 2010,0.25
,,2010 - 2011,0.36
,,2011 - 2012,0.22
,,2012 - 2013,0.22
,,2013 - 2014,0.47
,,2014 - 2015,0.43
,,2015 - 2016,0.16
,,2016 - 2017,0.32
,,2017 - 2018,0.49
,,2018 - 2019,0.42
,,2019 - 2020,0.55
,,2020 - 2021,0.31
,,2021 - 2022,0.61
,,2022 - 2023,0.59
,Ramanagara,2007 - 2008,0.57
,,2008 - 2009,0.46
,,2009 - 2010,0.51
,,2010 - 2011,0.93
,,2011 - 2012,0.72
,,2012 - 2013,0.57
,,2013 - 2014,0.65
,,2014 - 2015,0.7
,,2015 - 2016,0.82
,,2016 - 2017,0.09
,,2017 - 2018,0.42
,,2018 - 2019,0.53
,,2019 - 2020,0.67
,,2020 - 2021,0.85
,,2021 - 2022,0.77
,,2022 - 2023,0.96
,Shimoga,2000 - 2001,0.48
,,2001 - 2002,0.36
,,2002 - 2003,0.29
,,2003 - 2004,0.24
,,2004 - 2005,0.34
,,2005 - 2006,0.4
,,2006 - 2007,0.29
,,2007 - 2008,0.47
,,2008 - 2009,0.37
,,2009 - 2010,0.47
,,2010 - 2011,0.61
,,2011 - 2012,0.5
,,2012 - 2013,0.37
,,2013 - 2014,0.55
,,2014 - 2015,0.5
,,2015 - 2016,0.48
,,2016 - 2017,0.06
,,2017 - 2018,0.62
,,2018 - 2019,0.51
,,2019 - 2020,0.66
,,2020 - 2021,0.66
,,2021 - 2022,0.61
,,2022 - 2023,0.6
,Tumkur,2000 - 2001,0.28
,,2001 - 2002,0.26
,,2002 - 2003,0.21
,,2003 - 2004,0.25
,,2004 - 2005,0.39
,,2005 - 2006,0.47
,,2006 - 2007,0.31
,,2007 - 2008,0.43
,,2008 - 2009,0.34
,,2009 - 2010,0.35
,,2010 - 2011,0.57
,,2011 - 2012,0.59
,,2012 - 2013,0.35
,,2013 - 2014,0.58
,,2014 - 2015,0.19
,,2015 - 2016,0.35
,,2016 - 2017,0.02
,,2017 - 2018,0.48
,,2018 - 2019,0.43
,,2019 - 2020,0.81
,,2020 - 2021,0.41
,,2021 - 2022,0.48
,,2022 - 2023,0.44
,Udupi,2000 - 2001,0.88
,,2001 - 2002,0.59
,,2002 - 2003,1.04
,,2003 - 2004,0.75
,,2004 - 2005,0.5
,,2005 - 2006,0.75
,,2006 - 2007,0.88
,,2007 - 2008,1.07
,,2008 - 2009,1.24
,,2009 - 2010,1.01
,,2010 - 2011,0.89
,,2011 - 2012,1.22
,,2012 - 2013,1.09
,,2013 - 2014,1.36
,,2014 - 2015,1.34
,,2015 - 2016,1.58
,,2016 - 2017,0.06
,,2017 - 2018,0.63
,,2018 - 2019,0.52
,,2019 - 2020,0.68
,,2020 - 2021,0.66
,,2021 - 2022,0.59
,,2022 - 2023,0.6
,Uttar kannad,2000 - 2001,0.88
,,2001 - 2002,0.59
,,2002 - 2003,0.29
,,2003 - 2004,0.24
,,2004 - 2005,0.34
,,2005 - 2006,0.4
,,2006 - 2007,0.3
,,2007 - 2008,0.47
,,2008 - 2009,0.37
,,2009 - 2010,0.47
,,2010 - 2011,0.61
,,2011 - 2012,0.5
,,2012 - 2013,0.38
,,2013 - 2014,0.51
,,2014 - 2015,0.49
,,2015 - 2016,0.12
,,2016 - 2017,0.57
,,2017 - 2018,0.59
,,2018 - 2019,0.61
,,2019 - 2020,0.65
,,2020 - 2021,0.78
,,2021 - 2022,0.45
,,2022 - 2023,0.56
,Vijayanagar,2022 - 2023,0.58
,Yadgir,2010 - 2011,0.43
,,2011 - 2012,0.41
,,2012 - 2013,0.45
,,2013 - 2014,0.49
,,2014 - 2015,0.53
,,2015 - 2016,0.44
,,2016 - 2017,0.33
,,2017 - 2018,0.61
,,2018 - 2019,0.51
,,2019 - 2020,1.0
,,2020 - 2021,0.65
,,2021 - 2022,0.57
,,2022 - 2023,0.58
Kerala,Kannur,2012 - 2013,
,,2013 - 2014,
,,2014 - 2015,
,Kasaragod,2012 - 2013,
,,2013 - 2014,
,,2014 - 2015,
,Palakkad,2012 - 2013,
,,2013 - 2014,
,,2014 - 2015,
,Wayanad,2012 - 2013,
Madhya Pradesh,Alirajpur,2008 - 2009,
,,2009 - 2010,
,,2010 - 2011,
,,2011 - 2012,
,,2012 - 2013,
,,2013 - 2014,
,,2015 - 2016,
,,2016 - 2017,
,,2017 - 2018,
,,2018 - 2019,
,Anuppur,2003 - 2004,
,,2004 - 2005,
,,2005 - 2006,
,,2006 - 2007,
,,2007 - 2008,
,,2008 - 2009,
,,2009 - 2010,
,,2010 - 2011,
,,2011 - 2012,
,,2012 - 2013,0.0
,,2013 - 2014,
,,2017 - 2018,
,,2018 - 2019,
,Balaghat,2003 - 2004,0.28
,,2004 - 2005,0.28
,,2005 - 2006,0.29
,,2006 - 2007,0.28
,,2007 - 2008,0.28
,,2008 - 2009,0.28
,,2009 - 2010,0.33
,,2010 - 2011,0.25
,,2011 - 2012,0.24
,,2012 - 2013,0.37
,,2013 - 2014,0.37
,,2014 - 2015,
,,2017 - 2018,
,,2018 - 2019,
,Barwani,2003 - 2004,
,,2004 - 2005,
,,2005 - 2006,
,,2006 - 2007,
,,2007 - 2008,
,,2008 - 2009,
,,2009 - 2010,
,,2010 - 2011,
,,2011 - 2012,
,,2012 - 2013,
,,2013 - 2014,
,,2015 - 2016,
,,2016 - 2017,
,,2017 - 2018,
,,2018 - 2019,
,Betul,2003 - 2004,
,,2004 - 2005,
,,2005 - 2006,
,,2012 - 2013,
,Bhind,2003 - 2004,
,,2004 - 2005,
,Burhanpur,2003 - 2004,
,,2004 - 2005,
,,2005 - 2006,
,,2006 - 2007,
,,2007 - 2008,
,,2008 - 2009,
,,2009 - 2010,
,,2010 - 2011,
,,2014 - 2015,
,Chhatarpur,2003 - 2004,0.33
,,2004 - 2005,
,,2005 - 2006,
,,2006 - 2007,0.0
,,2009 - 2010,0.33
,Chhindwara,2003 - 2004,
,,2004 - 2005,
,,2005 - 2006,
,,2006 - 2007,
,,2007 - 2008,
,,2008 - 2009,
,,2009 - 2010,
,,2010 - 2011,
,,2011 - 2012,
,,2012 - 2013,
,,2013 - 2014,
,,2015 - 2016,
,,2016 - 2017,
,,2018 - 2019,
,Damoh,2003 - 2004,
,,2010 - 2011,
,,2011 - 2012,0.26
,Dhar,2003 - 2004,
,,2004 - 2005,
,,2005 - 2006,
,,2006 - 2007,
,,2007 - 2008,
,,2008 - 2009,
,,2009 - 2010,
,,2010 - 2011,
,,2011 - 2012,
,,2012 - 2013,
,,2013 - 2014,
,,2014 - 2015,
,,2015 - 2016,
,,2016 - 2017,
,,2017 - 2018,
,,2018 - 2019,
,Gwalior,2018 - 2019,
,Harda,2007 - 2008,0.0
,Hoshangabad,2004 - 2005,
,,2009 - 2010,0.17
,Jabalpur,2015 - 2016,
,,2016 - 2017,
,Jhabua,2003 - 2004,
,,2004 - 2005,
,,2005 - 2006,
,,2006 - 2007,
,,2007 - 2008,
,,2008 - 2009,
,,2009 - 2010,
,,2010 - 2011,
,,2011 - 2012,
,,2012 - 2013,
,,2013 - 2014,
,,2014 - 2015,
,,2018 - 2019,
,Katni,2005 - 2006,0.2
,Khandwa,2003 - 2004,
,,2004 - 2005,
,,2005 - 2006,
,,2006 - 2007,
,,2007 - 2008,
,,2008 - 2009,
,,2009 - 2010,0.5
,,2010 - 2011,
,,2011 - 2012,0.25
,,2012 - 2013,
,,2013 - 2014,
,,2017 - 2018,
,,2018 - 2019,
,Khargone,2003 - 2004,
,,2004 - 2005,
,,2005 - 2006,
,,2006 - 2007,
,,2007 - 2008,
,,2008 - 2009,
,,2009 - 2010,
,,2010 - 2011,
,,2011 - 2012,
,,2012 - 2013,
,,2013 - 2014,
,,2014 - 2015,
,,2017 - 2018,
,,2018 - 2019,
,Mandla,2003 - 2004,
,,2004 - 2005,
,,2005 - 2006,
,,2006 - 2007,
,,2018 - 2019,
,Narsinghpur,2011 - 2012,0.2
,Raisen,2003 - 2004,
,,2005 - 2006,0.0
,,2007 - 2008,0.28
,,2013 - 2014,
,,2017 - 2018,
,Rewa,2011 - 2012,
,Sagar,2003 - 2004,
,,2004 - 2005,
,,2006 - 2007,0.0
,,2012 - 2013,0.5
,Satna,2005 - 2006,
,Sehore,2018 - 2019,
,Seoni,2003 - 2004,
,,2004 - 2005,
,,2005 - 2006,
,,2006 - 2007,
,,2007 - 2008,
,,2008 - 2009,
,,2009 - 2010,
,,2010 - 2011,
,,2011 - 2012,
,,2013 - 2014,
,Shahdol,2003 - 2004,
,,2004 - 2005,
,,2005 - 2006,
,,2006 - 2007,
,,2007 - 2008,
,,2008 - 2009,
,,2009 - 2010,
,,2010 - 2011,
,,2011 - 2012,
,,2012 - 2013,
,,2013 - 2014,
,Shivpuri,2004 - 2005,0.33
,,2006 - 2007,
,,2007 - 2008,
,Ujjain,2008 - 2009,
Nagaland,Chumoukedima,2022 - 2023,
,Dimapur,2010 - 2011,
,,2011 - 2012,
,,2012 - 2013,
,,2014 - 2015,
,,2015 - 2016,
,,2016 - 2017,
,,2017 - 2018,
,,2018 - 2019,
,,2019 - 2020,
,,2022 - 2023,
,Kiphire,2010 - 2011,
,,2011 - 2012,
,,2012 - 2013,
,,2014 - 2015,
,,2015 - 2016,
,,2016 - 2017,
,,2017 - 2018,
,,2018 - 2019,
,,2019 - 2020,
,Kohima,2010 - 2011,
,,2011 - 2012,
,,2012 - 2013,
,,2014 - 2015,
,,2015 - 2016,
,,2016 - 2017,
,,2017 - 2018,
,,2018 - 2019,
,,2019 - 2020,
,Longleng,2010 - 2011,
,,2011 - 2012,
,,2012 - 2013,
,,2014 - 2015,
,,2015 - 2016,
,,2016 - 2017,
,,2017 - 2018,
,,2018 - 2019,
,,2019 - 2020,
,Mokokchung,2010 - 2011,
,,2011 - 2012,
,,2012 - 2013,
,,2014 - 2015,
,,2015 - 2016,
,,2016 - 2017,
,,2017 - 2018,
,,2018 - 2019,
,,2019 - 2020,
,Mon,2010 - 2011,
,,2011 - 2012,
,,2012 - 2013,
,,2014 - 2015,
,,2015 - 2016,
,,2016 - 2017,
,,2017 - 2018,
,,2018 - 2019,
,,2019 - 2020,
,Nuiland,2022 - 2023,
,Peren,2010 - 2011,
,,2011 - 2012,
,,2012 - 2013,
,,2014 - 2015,
,,2015 - 2016,
,,2016 - 2017,
,,2017 - 2018,
,,2018 - 2019,
,,2019 - 2020,
,,2021 - 2022,
,,2022 - 2023,
,Phek,2010 - 2011,
,,2011 - 2012,
,,2012 - 2013,
,,2014 - 2015,
,,2015 - 2016,
,,2016 - 2017,
,,2017 - 2018,
,,2018 - 2019,
,,2019 - 2020,
,Tuensang,2010 - 2011,
,,2011 - 2012,
,,2012 - 2013,
,,2014 - 2015,
,,2015 - 2016,
,,2016 - 2017,
,,2017 - 2018,
,,2018 - 2019,
,,2019 - 2020,
,Wokha,2010 - 2011,
,,2011 - 2012,
,,2012 - 2013,
,,2014 - 2015,
,,2015 - 2016,
,,2016 - 2017,
,,2017 - 2018,
,,2018 - 2019,
,,2019 - 2020,
,Zunheboto,2010 - 2011,
,,2011 - 2012,
,,2012 - 2013,
,,2014 - 2015,
,,2015 - 2016,
,,2016 - 2017,
,,2017 - 2018,
,,2018 - 2019,
,,2019 - 2020,
Odisha,Anugul,2000 - 2001,
,,2001 - 2002,
,,2002 - 2003,
,,2003 - 2004,
,,2004 - 2005,
,,2005 - 2006,
,,2006 - 2007,
,,2007 - 2008,
,,2008 - 2009,
,,2009 - 2010,
,,2010 - 2011,
,,2011 - 2012,
,,2012 - 2013,
,,2013 - 2014,
,,2014 - 2015,
,,2015 - 2016,
,,2016 - 2017,
,,2017 - 2018,
,,2018 - 2019,
,,2019 - 2020,
,,2020 - 2021,
,,2021 - 2022,
,,2022 - 2023,
,Balangir,2000 - 2001,
,,2001 - 2002,
,,2002 - 2003,
,,2003 - 2004,
,,2004 - 2005,
,,2005 - 2006,
,,2006 - 2007,
,,2007 - 2008,
,,2008 - 2009,
,,2009 - 2010,
,,2010 - 2011,
,,2011 - 2012,
,,2012 - 2013,
,,2013 - 2014,
,,2014 - 2015,
,,2015 - 2016,
,,2016 - 2017,
,,2017 - 2018,
,,2018 - 2019,
,,2019 - 2020,
,,2020 - 2021,
,,2021 - 2022,
,,2022 - 2023,
,Baleshwar,2002 - 2003,
,,2004 - 2005,
,,2005 - 2006,
,,2006 - 2007,
,,2007 - 2008,
,,2008 - 2009,
,,2009 - 2010,
,,2010 - 2011,
,,2012 - 2013,
,,2013 - 2014,
,,2014 - 2015,
,,2015 - 2016,
,Bargarh,2000 - 2001,
,,2001 - 2002,
,,2002 - 2003,
,,2003 - 2004,
,,2004 - 2005,
,,2005 - 2006,
,,2006 - 2007,
,,2007 - 2008,
,,2008 - 2009,
,,2009 - 2010,
,,2010 - 2011,
,,2011 - 2012,
,,2012 - 2013,
,,2013 - 2014,
,,2014 - 2015,
,,2015 - 2016,
,,2016 - 2017,
,,2017 - 2018,
,,2018 - 2019,
,,2019 - 2020,
,,2020 - 2021,
,,2021 - 2022,
,,2022 - 2023,
,Bhadrak,2000 - 2001,
,,2001 - 2002,
,,2002 - 2003,
,,2003 - 2004,
,,2004 - 2005,
,,2005 - 2006,
,,2006 - 2007,
,,2007 - 2008,
,,2008 - 2009,
,,2009 - 2010,
,,2010 - 2011,
,,2011 - 2012,
,,2013 - 2014,
,,2018 - 2019,
,,2019 - 2020,
,,2020 - 2021,
,,2021 - 2022,
,Boudh,2000 - 2001,
,,2001 - 2002,
,,2002 - 2003,
,,2003 - 2004,
,,2004 - 2005,
,,2005 - 2006,
,,2006 - 2007,
,,2007 - 2008,
,,2008 - 2009,
,,2009 - 2010,
,,2010 - 2011,
,,2011 - 2012,
,,2012 - 2013,
,,2013 - 2014,
,,2014 - 2015,
,,2015 - 2016,
,,2016 - 2017,
,,2017 - 2018,
,,2018 - 2019,
,,2019 - 2020,
,,2020 - 2021,
,,2021 - 2022,
,,2022 - 2023,
,Cuttack,2000 - 2001,
,,2001 - 2002,
,,2002 - 2003,
,,2003 - 2004,
,,2004 - 2005,
,,2005 - 2006,
,,2006 - 2007,
,,2007 - 2008,
,,2008 - 2009,
,,2009 - 2010,
,,2010 - 2011,
,,2011 - 2012,
,,2012 - 2013,
,,2013 - 2014,
,,2014 - 2015,
,,2015 - 2016,
,,2016 - 2017,
,,2017 - 2018,
,,2018 - 2019,
,,2019 - 2020,
,,2020 - 2021,
,,2021 - 2022,
,,2022 - 2023,
,Deogarh,2000 - 2001,
,,2001 - 2002,
,,2002 - 2003,
,,2003 - 2004,
,,2004 - 2005,
,,2005 - 2006,
,,2006 - 2007,
,,2007 - 2008,
,,2008 - 2009,
,,2009 - 2010,
,,2010 - 2011,
,,2011 - 2012,
,,2012 - 2013,
,,2013 - 2014,
,,2014 - 2015,
,,2015 - 2016,
,,2016 - 2017,
,,2017 - 2018,
,,2018 - 2019,
,,2019 - 2020,
,,2020 - 2021,
,,2021 - 2022,
,,2022 - 2023,
,Dhenkanal,2000 - 2001,
,,2001 - 2002,
,,2002 - 2003,
,,2003 - 2004,
,,2004 - 2005,
,,2005 - 2006,
,,2006 - 2007,
,,2007 - 2008,
,,2008 - 2009,
,,2009 - 2010,
,,2010 - 2011,
,,2011 - 2012,
,,2012 - 2013,
,,2013 - 2014,
,,2014 - 2015,
,,2015 - 2016,
,,2016 - 2017,
,,2017 - 2018,
,,2018 - 2019,
,,2019 - 2020,
,,2020 - 2021,
,,2021 - 2022,
,,2022 - 2023,
,Gajapati,2000 - 2001,
,,2001 - 2002,
,,2002 - 2003,
,,2003 - 2004,
,,2004 - 2005,
,,2005 - 2006,
,,2006 - 2007,
,,2007 - 2008,
,,2008 - 2009,
,,2009 - 2010,
,,2010 - 2011,
,,2011 - 2012,
,,2012 - 2013,
,,2013 - 2014,
,,2014 - 2015,
,,2015 - 2016,
,,2016 - 2017,
,,2017 - 2018,
,,2018 - 2019,
,,2019 - 2020,
,,2020 - 2021,
,,2021 - 2022,
,,2022 - 2023,
,Ganjam,2000 - 2001,
,,2001 - 2002,
,,2002 - 2003,
,,2003 - 2004,
,,2004 - 2005,
,,2005 - 2006,
,,2006 - 2007,
,,2007 - 2008,
,,2008 - 2009,
,,2009 - 2010,
,,2010 - 2011,
,,2011 - 2012,
,,2012 - 2013,
,,2013 - 2014,
,,2014 - 2015,
,,2015 - 2016,
,,2016 - 2017,
,,2017 - 2018,
,,2018 - 2019,
,,2019 - 2020,
,,2020 - 2021,
,,2021 - 2022,
,,2022 - 2023,
,Jagatsinghapur,2000 - 2001,
,,2001 - 2002,
,,2002 - 2003,
,,2003 - 2004,
,,2004 - 2005,
,,2005 - 2006,
,,2006 - 2007,
,,2007 - 2008,
,,2008 - 2009,
,,2009 - 2010,
,,2010 - 2011,
,,2011 - 2012,
,,2012 - 2013,
,,2013 - 2014,
,,2014 - 2015,
,,2015 - 2016,
,,2016 - 2017,
,,2017 - 2018,
,,2018 - 2019,
,,2019 - 2020,
,,2020 - 2021,
,,2021 - 2022,
,,2022 - 2023,
,Jajapur,2000 - 2001,
,,2001 - 2002,
,,2002 - 2003,
,,2003 - 2004,
,,2004 - 2005,
,,2005 - 2006,
,,2006 - 2007,
,,2007 - 2008,
,,2008 - 2009,
,,2009 - 2010,
,,2010 - 2011,
,,2011 - 2012,
,,2012 - 2013,
,,2013 - 2014,
,,2014 - 2015,
,,2015 - 2016,
,,2016 - 2017,
,,2017 - 2018,
,,2018 - 2019,
,,2019 - 2020,
,,2020 - 2021,
,,2021 - 2022,
,,2022 - 2023,
,Jharsuguda,2000 - 2001,
,,2001 - 2002,
,,2002 - 2003,
,,2003 - 2004,
,,2004 - 2005,
,,2005 - 2006,
,,2006 - 2007,
,,2007 - 2008,
,,2008 - 2009,
,,2009 - 2010,
,,2010 - 2011,
,,2011 - 2012,
,,2012 - 2013,
,,2013 - 2014,
,,2014 - 2015,
,,2015 - 2016,
,,2016 - 2017,
,,2017 - 2018,
,,2018 - 2019,
,,2019 - 2020,
,,2020 - 2021,
,,2021 - 2022,
,,2022 - 2023,
,Kalahandi,2000 - 2001,
,,2001 - 2002,
,,2002 - 2003,
,,2003 - 2004,
,,2004 - 2005,
,,2005 - 2006,
,,2006 - 2007,
,,2007 - 2008,
,,2008 - 2009,
,,2009 - 2010,
,,2010 - 2011,
,,2011 - 2012,
,,2012 - 2013,
,,2013 - 2014,
,,2014 - 2015,
,,2015 - 2016,
,,2016 - 2017,
,,2017 - 2018,
,,2018 - 2019,
,,2019 - 2020,
,,2020 - 2021,
,,2021 - 2022,
,,2022 - 2023,
,Kandhamal,2000 - 2001,
,,2001 - 2002,
,,2002 - 2003,
,,2003 - 2004,
,,2004 - 2005,
,,2005 - 2006,
,,2006 - 2007,
,,2007 - 2008,
,,2008 - 2009,
,,2009 - 2010,
,,2010 - 2011,
,,2011 - 2012,
,,2012 - 2013,
,,2013 - 2014,
,,2014 - 2015,
,,2015 - 2016,
,,2016 - 2017,
,,2017 - 2018,
,,2018 - 2019,
,,2019 - 2020,
,,2020 - 2021,
,,2021 - 2022,
,,2022 - 2023,
,Kendrapara,2000 - 2001,
,,2001 - 2002,
,,2002 - 2003,
,,2003 - 2004,
,,2004 - 2005,
,,2005 - 2006,
,,2006 - 2007,
,,2007 - 2008,
,,2008 - 2009,
,,2009 - 2010,
,,2010 - 2011,
,,2011 - 2012,
,,2012 - 2013,
,,2013 - 2014,
,,2014 - 2015,
,,2015 - 2016,
,,2016 - 2017,
,,2017 - 2018,
,,2018 - 2019,
,,2019 - 2020,
,,2020 - 2021,
,,2021 - 2022,
,,2022 - 2023,
,Kendujhar,2000 - 2001,
,,2001 - 2002,
,,2002 - 2003,
,,2003 - 2004,
,,2004 - 2005,
,,2005 - 2006,
,,2006 - 2007,
,,2007 - 2008,
,,2008 - 2009,
,,2009 - 2010,
,,2010 - 2011,
,,2011 - 2012,
,,2012 - 2013,
,,2013 - 2014,
,,2014 - 2015,
,,2015 - 2016,
,,2016 - 2017,
,,2017 - 2018,
,,2018 - 2019,
,,2019 - 2020,
,,2020 - 2021,
,,2021 - 2022,
,,2022 - 2023,
,Khordha,2000 - 2001,
,,2001 - 2002,
,,2002 - 2003,
,,2003 - 2004,
,,2004 - 2005,
,,2005 - 2006,
,,2006 - 2007,
,,2007 - 2008,
,,2008 - 2009,
,,2009 - 2010,
,,2010 - 2011,
,,2011 - 2012,
,,2012 - 2013,
,,2013 - 2014,
,,2014 - 2015,
,,2015 - 2016,
,,2016 - 2017,
,,2017 - 2018,
,,2018 - 2019,
,,2019 - 2020,
,,2020 - 2021,
,,2021 - 2022,
,,2022 - 2023,
,Koraput,2000 - 2001,
,,2001 - 2002,
,,2002 - 2003,
,,2003 - 2004,
,,2004 - 2005,
,,2005 - 2006,
,,2006 - 2007,
,,2007 - 2008,
,,2008 - 2009,
,,2009 - 2010,
,,2010 - 2011,
,,2011 - 2012,
,,2012 - 2013,
,,2013 - 2014,
,,2014 - 2015,
,,2015 - 2016,
,,2016 - 2017,
,,2017 - 2018,
,,2018 - 2019,
,,2019 - 2020,
,,2020 - 2021,
,,2021 - 2022,
,,2022 - 2023,
,Malkangiri,2000 - 2001,
,,2001 - 2002,
,,2002 - 2003,
,,2003 - 2004,
,,2004 - 2005,
,,2005 - 2006,
,,2006 - 2007,
,,2007 - 2008,
,,2008 - 2009,
,,2009 - 2010,
,,2010 - 2011,
,,2011 - 2012,
,,2012 - 2013,
,,2013 - 2014,
,,2014 - 2015,
,,2015 - 2016,
,,2016 - 2017,
,,2017 - 2018,
,,2018 - 2019,
,,2019 - 2020,
,,2020 - 2021,
,,2021 - 2022,
,,2022 - 2023,
,Mayurbhanj,2000 - 2001,
,,2001 - 2002,
,,2002 - 2003,
,,2003 - 2004,
,,2004 - 2005,
,,2005 - 2006,
,,2006 - 2007,
,,2007 - 2008,
,,2008 - 2009,
,,2009 - 2010,
,,2010 - 2011,
,,2011 - 2012,
,,2012 - 2013,
,,2013 - 2014,
,,2014 - 2015,
,,2015 - 2016,
,,2016 - 2017,
,,2017 - 2018,
,,2018 - 2019,
,,2019 - 2020,
,,2020 - 2021,
,,2021 - 2022,
,,2022 - 2023,
,Nabarangpur,2000 - 2001,
,,2001 - 2002,
,,2002 - 2003,
,,2003 - 2004,
,,2004 - 2005,
,,2005 - 2006,
,,2006 - 2007,
,,2007 - 2008,
,,2008 - 2009,
,,2009 - 2010,
,,2010 - 2011,
,,2011 - 2012,
,,2012 - 2013,
,,2013 - 2014,
,,2014 - 2015,
,,2015 - 2016,
,,2016 - 2017,
,,2017 - 2018,
,,2018 - 2019,
,,2019 - 2020,
,,2020 - 2021,
,,2021 - 2022,
,,2022 - 2023,
,Nayagarh,2000 - 2001,
,,2001 - 2002,
,,2002 - 2003,
,,2003 - 2004,
,,2004 - 2005,
,,2005 - 2006,
,,2006 - 2007,
,,2007 - 2008,
,,2008 - 2009,
,,2009 - 2010,
,,2010 - 2011,
,,2011 - 2012,
,,2012 - 2013,
,,2013 - 2014,
,,2014 - 2015,
,,2015 - 2016,
,,2016 - 2017,
,,2017 - 2018,
,,2018 - 2019,
,,2019 - 2020,
,,2020 - 2021,
,,2021 - 2022,
,,2022 - 2023,
,Nuapada,2000 - 2001,
,,2001 - 2002,
,,2002 - 2003,
,,2003 - 2004,
,,2004 - 2005,
,,2005 - 2006,
,,2006 - 2007,
,,2007 - 2008,
,,2008 - 2009,
,,2009 - 2010,
,,2010 - 2011,
,,2011 - 2012,
,,2012 - 2013,
,,2013 - 2014,
,,2014 - 2015,
,,2015 - 2016,
,,2016 - 2017,
,,2017 - 2018,
,,2018 - 2019,
,,2019 - 2020,
,,2020 - 2021,
,,2021 - 2022,
,,2022 - 2023,
,Puri,2000 - 2001,
,,2001 - 2002,
,,2002 - 2003,
,,2003 - 2004,
,,2004 - 2005,
,,2005 - 2006,
,,2006 - 2007,
,,2007 - 2008,
,,2008 - 2009,
,,2009 - 2010,
,,2010 - 2011,
,,2011 - 2012,
,,2012 - 2013,
,,2013 - 2014,
,,2014 - 2015,
,,2015 - 2016,
,,2016 - 2017,
,,2017 - 2018,
,,2018 - 2019,
,,2019 - 2020,
,,2020 - 2021,
,,2021 - 2022,
,,2022 - 2023,
,Rayagada,2000 - 2001,
,,2001 - 2002,
,,2002 - 2003,
,,2003 - 2004,
,,2004 - 2005,
,,2005 - 2006,
,,2006 - 2007,
,,2007 - 2008,
,,2008 - 2009,
,,2009 - 2010,
,,2010 - 2011,
,,2011 - 2012,
,,2012 - 2013,
,,2013 - 2014,
,,2014 - 2015,
,,2015 - 2016,
,,2016 - 2017,
,,2017 - 2018,
,,2018 - 2019,
,,2019 - 2020,
,,2020 - 2021,
,,2021 - 2022,
,,2022 - 2023,
,Sambalpur,2000 - 2001,
,,2001 - 2002,
,,2002 - 2003,
,,2003 - 2004,
,,2004 - 2005,
,,2005 - 2006,
,,2006 - 2007,
,,2007 - 2008,
,,2008 - 2009,
,,2009 - 2010,
,,2010 - 2011,
,,2011 - 2012,
,,2012 - 2013,
,,2013 - 2014,
,,2014 - 2015,
,,2015 - 2016,
,,2016 - 2017,
,,2017 - 2018,
,,2018 - 2019,
,,2019 - 2020,
,,2020 - 2021,
,,2021 - 2022,
,,2022 - 2023,
,Sonepur,2000 - 2001,
,,2001 - 2002,
,,2002 - 2003,
,,2003 - 2004,
,,2004 - 2005,
,,2005 - 2006,
,,2006 - 2007,
,,2007 - 2008,
,,2008 - 2009,
,,2009 - 2010,
,,2010 - 2011,
,,2011 - 2012,
,,2012 - 2013,
,,2013 - 2014,
,,2014 - 2015,
,,2015 - 2016,
,,2016 - 2017,
,,2017 - 2018,
,,2018 - 2019,
,,2019 - 2020,
,,2020 - 2021,
,,2021 - 2022,
,,2022 - 2023,
,Sundargarh,2000 - 2001,
,,2001 - 2002,
,,2002 - 2003,
,,2003 - 2004,
,,2004 - 2005,
,,2005 - 2006,
,,2006 - 2007,
,,2007 - 2008,
,,2008 - 2009,
,,2009 - 2010,
,,2010 - 2011,
,,2011 - 2012,
,,2012 - 2013,
,,2013 - 2014,
,,2014 - 2015,
,,2015 - 2016,
,,2016 - 2017,
,,2017 - 2018,
,,2018 - 2019,
,,2019 - 2020,
,,2020 - 2021,
,,2021 - 2022,
,,2022 - 2023,
Tamil Nadu,Ariyalur,2012 - 2013,
,,2013 - 2014,1.0
,,2014 - 2015,
,,2015 - 2016,0.5
,,2016 - 2017,0.33
,,2017 - 2018,0.75
,,2018 - 2019,0.67
,,2019 - 2020,0.77
,,2020 - 2021,0.75
,,2021 - 2022,1.0
,,2022 - 2023,0.83
,Coimbatore,2000 - 2001,
,,2002 - 2003,
,,2003 - 2004,
,,2004 - 2005,
,,2005 - 2006,
,,2006 - 2007,
,,2007 - 2008,
,,2008 - 2009,
,,2009 - 2010,
,,2010 - 2011,
,,2011 - 2012,
,,2012 - 2013,
,,2013 - 2014,0.95
,,2014 - 2015,0.96
,,2015 - 2016,0.59
,,2016 - 2017,0.32
,,2017 - 2018,0.82
,,2018 - 2019,0.73
,,2019 - 2020,0.7
,,2020 - 2021,0.81
,,2021 - 2022,0.56
,,2022 - 2023,0.67
,Cuddalore,2000 - 2001,
,,2002 - 2003,
,,2003 - 2004,
,,2004 - 2005,
,,2005 - 2006,
,,2006 - 2007,
,,2007 - 2008,
,,2008 - 2009,
,,2009 - 2010,
,,2010 - 2011,
,,2011 - 2012,
,,2012 - 2013,
,,2013 - 2014,0.67
,,2014 - 2015,0.75
,,2015 - 2016,
,,2016 - 2017,0.0
,,2017 - 2018,1.0
,,2018 - 2019,1.0
,,2019 - 2020,0.0
,,2020 - 2021,0.67
,,2021 - 2022,
,Dharmapuri,2000 - 2001,
,,2002 - 2003,
,,2003 - 2004,
,,2004 - 2005,
,,2005 - 2006,
,,2006 - 2007,
,,2007 - 2008,
,,2008 - 2009,
,,2009 - 2010,
,,2010 - 2011,
,,2011 - 2012,
,,2012 - 2013,
,,2013 - 2014,0.77
,,2014 - 2015,0.81
,,2015 - 2016,0.67
,,2016 - 2017,0.36
,,2017 - 2018,0.93
,,2018 - 2019,0.71
,,2019 - 2020,0.84
,,2020 - 2021,0.83
,,2021 - 2022,0.81
,,2022 - 2023,0.87
,Dindigul,2000 - 2001,
,,2002 - 2003,
,,2003 - 2004,
,,2004 - 2005,
,,2005 - 2006,
,,2006 - 2007,
,,2007 - 2008,
,,2008 - 2009,
,,2009 - 2010,
,,2010 - 2011,
,,2011 - 2012,
,,2012 - 2013,
,,2013 - 2014,0.11
,,2014 - 2015,0.74
,,2015 - 2016,0.52
,,2016 - 2017,0.28
,,2017 - 2018,0.65
,,2018 - 2019,0.94
,,2019 - 2020,0.5
,,2020 - 2021,0.56
,,2021 - 2022,0.65
,,2022 - 2023,0.84
,Erode,2000 - 2001,
,,2002 - 2003,
,,2003 - 2004,
,,2004 - 2005,
,,2005 - 2006,
,,2006 - 2007,
,,2007 - 2008,
,,2008 - 2009,
,,2009 - 2010,
,,2010 - 2011,
,,2011 - 2012,
,,2012 - 2013,
,,2013 - 2014,0.63
,,2014 - 2015,0.72
,,2015 - 2016,0.58
,,2016 - 2017,0.32
,,2017 - 2018,0.79
,,2018 - 2019,0.69
,,2019 - 2020,0.78
,,2020 - 2021,0.75
,,2021 - 2022,0.69
,,2022 - 2023,0.77
,Kallakurichi,2020 - 2021,0.79
,,2021 - 2022,0.68
,Kanchipuram,2002 - 2003,
,,2004 - 2005,
,,2005 - 2006,
,,2006 - 2007,
,,2007 - 2008,
,,2008 - 2009,
,,2009 - 2010,
,,2010 - 2011,
,,2011 - 2012,
,,2012 - 2013,
,,2013 - 2014,0.64
,,2014 - 2015,0.75
,,2016 - 2017,0.0
,,2019 - 2020,1.0
,,2020 - 2021,
,,2021 - 2022,
,,2022 - 2023,
,Kanniyakumari,2002 - 2003,
,,2003 - 2004,
,,2004 - 2005,
,,2005 - 2006,
,,2006 - 2007,
,,2007 - 2008,
,,2008 - 2009,
,Karur,2000 - 2001,
,,2002 - 2003,
,,2003 - 2004,
,,2004 - 2005,
,,2005 - 2006,
,,2006 - 2007,
,,2007 - 2008,
,,2008 - 2009,
,,2009 - 2010,
,,2010 - 2011,
,,2011 - 2012,
,,2012 - 2013,
,,2013 - 2014,0.64
,,2014 - 2015,0.74
,,2015 - 2016,0.59
,,2016 - 2017,0.32
,,2017 - 2018,0.79
,,2018 - 2019,0.69
,,2019 - 2020,0.35
,,2020 - 2021,0.4
,,2021 - 2022,0.5
,,2022 - 2023,0.69
,Krishnagiri,2004 - 2005,
,,2005 - 2006,
,,2006 - 2007,
,,2007 - 2008,
,,2008 - 2009,
,,2009 - 2010,
,,2010 - 2011,
,,2011 - 2012,
,,2012 - 2013,
,,2013 - 2014,0.58
,,2014 - 2015,0.66
,,2015 - 2016,0.53
,,2016 - 2017,0.34
,,2017 - 2018,0.76
,,2018 - 2019,0.73
,,2019 - 2020,0.89
,,2020 - 2021,0.99
,,2021 - 2022,0.85
,,2022 - 2023,0.98
,Madurai,2000 - 2001,
,,2002 - 2003,
,,2003 - 2004,
,,2004 - 2005,
,,2005 - 2006,
,,2006 - 2007,
,,2007 - 2008,
,,2008 - 2009,
,,2009 - 2010,
,,2010 - 2011,
,,2011 - 2012,
,,2012 - 2013,
,,2013 - 2014,0.64
,,2014 - 2015,
,,2015 - 2016,
,,2016 - 2017,0.33
,,2017 - 2018,
,,2018 - 2019,0.68
,,2019 - 2020,0.79
,,2020 - 2021,0.83
,,2021 - 2022,0.65
,,2022 - 2023,0.77
,Namakkal,2000 - 2001,
,,2002 - 2003,
,,2003 - 2004,
,,2004 - 2005,
,,2005 - 2006,
,,2006 - 2007,
,,2007 - 2008,
,,2008 - 2009,
,,2009 - 2010,
,,2010 - 2011,
,,2011 - 2012,
,,2012 - 2013,
,,2013 - 2014,0.64
,,2014 - 2015,0.74
,,2015 - 2016,0.59
,,2016 - 2017,0.32
,,2017 - 2018,0.79
,,2018 - 2019,0.69
,,2019 - 2020,0.78
,,2020 - 2021,0.75
,,2021 - 2022,0.68
,,2022 - 2023,0.77
,Perambalur,2000 - 2001,
,,2002 - 2003,
,,2003 - 2004,
,,2004 - 2005,
,,2005 - 2006,
,,2006 - 2007,
,,2007 - 2008,
,,2008 - 2009,
,,2009 - 2010,
,,2010 - 2011,
,,2011 - 2012,
,,2012 - 2013,
,,2013 - 2014,1.0
,,2014 - 2015,
,,2015 - 2016,
,,2016 - 2017,0.0
,,2017 - 2018,
,,2018 - 2019,
,,2019 - 2020,
,,2020 - 2021,
,,2021 - 2022,
,,2022 - 2023,
,Pudukkottai,2000 - 2001,
,,2002 - 2003,
,,2003 - 2004,
,,2004 - 2005,
,,2005 - 2006,
,,2006 - 2007,
,,2007 - 2008,
,,2008 - 2009,
,,2009 - 2010,
,,2010 - 2011,
,,2011 - 2012,
,,2012 - 2013,
,,2013 - 2014,1.0
,,2014 - 2015,0.75
,,2015 - 2016,
,,2016 - 2017,0.36
,,2017 - 2018,0.77
,,2018 - 2019,0.6
,,2019 - 2020,0.77
,,2020 - 2021,0.74
,,2021 - 2022,1.0
,,2022 - 2023,0.78
,Ramanathapuram,2000 - 2001,
,,2002 - 2003,
,,2003 - 2004,
,,2004 - 2005,
,,2005 - 2006,
,,2006 - 2007,
,,2007 - 2008,
,,2008 - 2009,
,,2009 - 2010,
,,2010 - 2011,
,,2011 - 2012,
,,2012 - 2013,
,,2013 - 2014,0.71
,,2014 - 2015,0.44
,,2015 - 2016,0.6
,,2016 - 2017,0.5
,,2017 - 2018,1.0
,,2018 - 2019,0.67
,,2021 - 2022,1.0
,Ranipet,2020 - 2021,0.71
,,2021 - 2022,0.69
,,2022 - 2023,1.0
,Salem,2000 - 2001,
,,2002 - 2003,
,,2003 - 2004,
,,2004 - 2005,
,,2005 - 2006,
,,2006 - 2007,
,,2007 - 2008,
,,2008 - 2009,
,,2009 - 2010,
,,2010 - 2011,
,,2011 - 2012,
,,2012 - 2013,
,,2013 - 2014,0.6
,,2014 - 2015,0.82
,,2015 - 2016,0.83
,,2016 - 2017,0.31
,,2017 - 2018,0.66
,,2018 - 2019,0.79
,,2019 - 2020,0.69
,,2020 - 2021,0.79
,,2021 - 2022,0.69
,,2022 - 2023,0.61
,Sivaganga,2000 - 2001,
,,2002 - 2003,
,,2003 - 2004,
,,2004 - 2005,
,,2005 - 2006,
,,2006 - 2007,
,,2007 - 2008,
,,2008 - 2009,
,,2009 - 2010,
,,2010 - 2011,
,,2011 - 2012,
,,2012 - 2013,
,,2013 - 2014,0.6
,,2014 - 2015,0.73
,,2015 - 2016,0.59
,,2016 - 2017,0.32
,,2017 - 2018,0.79
,,2018 - 2019,0.69
,,2019 - 2020,0.78
,,2020 - 2021,0.74
,,2021 - 2022,0.69
,,2022 - 2023,0.78
,Thanjavur,2010 - 2011,
,The nilgiris,2014 - 2015,0.71
,Theni,2000 - 2001,
,,2002 - 2003,
,,2003 - 2004,
,,2004 - 2005,
,,2005 - 2006,
,,2006 - 2007,
,,2007 - 2008,
,,2008 - 2009,
,,2009 - 2010,
,,2010 - 2011,
,,2011 - 2012,
,,2012 - 2013,
,,2013 - 2014,0.64
,,2014 - 2015,0.75
,,2015 - 2016,0.59
,,2016 - 2017,0.32
,,2017 - 2018,0.79
,,2018 - 2019,0.69
,,2019 - 2020,0.78
,,2020 - 2021,0.75
,,2021 - 2022,0.68
,,2022 - 2023,0.77
,Thenkasi,2021 - 2022,
,,2022 - 2023,1.0
,Thiruvallur,2000 - 2001,
,,2002 - 2003,
,,2003 - 2004,
,,2004 - 2005,
,,2005 - 2006,
,,2006 - 2007,
,,2007 - 2008,
,,2008 - 2009,
,,2009 - 2010,
,,2010 - 2011,
,,2011 - 2012,
,,2012 - 2013,
,,2013 - 2014,0.63
,,2014 - 2015,0.77
,,2015 - 2016,0.67
,,2016 - 2017,
,,2017 - 2018,0.75
,,2018 - 2019,0.7
,,2019 - 2020,0.75
,,2020 - 2021,0.73
,,2021 - 2022,0.67
,,2022 - 2023,1.0
,Thoothukudi,2000 - 2001,
,,2002 - 2003,
,,2003 - 2004,
,,2004 - 2005,
,,2005 - 2006,
,,2006 - 2007,
,,2007 - 2008,
,,2008 - 2009,
,,2009 - 2010,
,,2010 - 2011,
,,2011 - 2012,
,,2012 - 2013,
,,2013 - 2014,0.75
,,2014 - 2015,0.74
,,2015 - 2016,0.5
,,2016 - 2017,0.38
,,2017 - 2018,0.78
,,2018 - 2019,0.71
,,2019 - 2020,0.88
,,2020 - 2021,0.72
,,2022 - 2023,1.0
,Tiruchirappalli,2000 - 2001,
,,2002 - 2003,
,,2003 - 2004,
,,2004 - 2005,
,,2005 - 2006,
,,2006 - 2007,
,,2007 - 2008,
,,2008 - 2009,
,,2009 - 2010,
,,2010 - 2011,
,,2011 - 2012,
,,2012 - 2013,
,,2013 - 2014,0.64
,,2014 - 2015,0.74
,,2015 - 2016,0.58
,,2016 - 2017,0.32
,,2017 - 2018,0.79
,,2018 - 2019,0.69
,,2019 - 2020,0.78
,,2020 - 2021,0.75
,,2021 - 2022,0.68
,,2022 - 2023,0.77
,Tirunelveli,2000 - 2001,
,,2002 - 2003,
,,2003 - 2004,
,,2004 - 2005,
,,2005 - 2006,
,,2006 - 2007,
,,2007 - 2008,
,,2008 - 2009,
,,2009 - 2010,
,,2010 - 2011,
,,2011 - 2012,
,,2012 - 2013,
,,2013 - 2014,1.0
,,2014 - 2015,0.67
,,2015 - 2016,0.56
,,2016 - 2017,0.0
,,2017 - 2018,0.75
,,2019 - 2020,0.75
,,2020 - 2021,0.8
,,2021 - 2022,1.0
,,2022 - 2023,1.0
,Tirupathur,2020 - 2021,0.68
,,2021 - 2022,0.53
,,2022 - 2023,0.63
,Tiruppur,2008 - 2009,
,,2009 - 2010,
,,2010 - 2011,
,,2011 - 2012,
,,2012 - 2013,
,,2013 - 2014,0.16
,,2014 - 2015,0.32
,,2015 - 2016,0.2
,,2016 - 2017,0.01
,,2017 - 2018,0.55
,,2018 - 2019,0.24
,,2019 - 2020,0.37
,,2020 - 2021,0.31
,,2021 - 2022,0.39
,,2022 - 2023,0.33
,Tiruvannamalai,2000 - 2001,
,,2002 - 2003,
,,2003 - 2004,
,,2004 - 2005,
,,2005 - 2006,
,,2006 - 2007,
,,2007 - 2008,
,,2008 - 2009,
,,2009 - 2010,
,,2010 - 2011,
,,2011 - 2012,
,,2012 - 2013,
,,2013 - 2014,0.76
,,2014 - 2015,0.85
,,2015 - 2016,0.64
,,2016 - 2017,1.0
,,2017 - 2018,0.93
,,2018 - 2019,0.62
,,2019 - 2020,0.98
,,2020 - 2021,0.6
,,2021 - 2022,0.89
,,2022 - 2023,0.85
,Vellore,2000 - 2001,
,,2002 - 2003,
,,2003 - 2004,
,,2004 - 2005,
,,2005 - 2006,
,,2006 - 2007,
,,2007 - 2008,
,,2008 - 2009,
,,2009 - 2010,
,,2010 - 2011,
,,2011 - 2012,
,,2012 - 2013,
,,2013 - 2014,0.85
,,2014 - 2015,1.01
,,2015 - 2016,0.71
,,2016 - 2017,0.43
,,2017 - 2018,0.86
,,2018 - 2019,0.84
,,2019 - 2020,0.85
,,2020 - 2021,0.94
,,2021 - 2022,0.79
,,2022 - 2023,0.79
,Villupuram,2000 - 2001,
,,2002 - 2003,
,,2003 - 2004,
,,2004 - 2005,
,,2005 - 2006,
,,2006 - 2007,
,,2007 - 2008,
,,2008 - 2009,
,,2009 - 2010,
,,2010 - 2011,
,,2011 - 2012,
,,2012 - 2013,
,,2013 - 2014,0.64
,,2014 - 2015,0.74
,,2015 - 2016,0.57
,,2016 - 2017,0.25
,,2017 - 2018,0.79
,,2018 - 2019,1.0
,,2020 - 2021,1.0
,Virudhunagar,2000 - 2001,
,,2002 - 2003,
,,2003 - 2004,
,,2004 - 2005,
,,2005 - 2006,
,,2006 - 2007,
,,2007 - 2008,
,,2008 - 2009,
,,2009 - 2010,
,,2010 - 2011,
,,2011 - 2012,
,,2012 - 2013,
,,2013 - 2014,0.64
,,2014 - 2015,0.75
,,2015 - 2016,0.59
,,2016 - 2017,0.31
,,2017 - 2018,0.79
,,2018 - 2019,0.69
,,2019 - 2020,0.77
,,2020 - 2021,0.73
,,2021 - 2022,0.65
,,2022 - 2023,0.73
Telangana,Adilabad,2000 - 2001,0.2
,,2001 - 2002,0.33
,,2002 - 2003,0.13
,,2003 - 2004,0.33
,,2004 - 2005,0.32
,,2005 - 2006,0.26
,,2006 - 2007,0.29
,,2007 - 2008,1.0
,,2008 - 2009,0.42
,,2009 - 2010,0.3
,,2010 - 2011,0.4
,,2011 - 2012,0.14
,,2013 - 2014,0.48
,,2014 - 2015,0.38
,,2015 - 2016,0.46
,Bhadradri,2019 - 2020,0.75
,,2020 - 2021,3.0
,,2021 - 2022,0.82
,Jagitial,2021 - 2022,0.75
,,2022 - 2023,0.67
,Jangoan,2016 - 2017,0.38
,,2017 - 2018,0.0
,,2018 - 2019,0.63
,,2019 - 2020,0.91
,,2020 - 2021,1.78
,,2021 - 2022,0.81
,,2022 - 2023,0.63
,Jayashankar,2016 - 2017,0.5
,,2017 - 2018,0.0
,,2018 - 2019,0.67
,,2020 - 2021,1.0
,Jogulamba,2016 - 2017,0.33
,,2017 - 2018,
,,2018 - 2019,
,,2019 - 2020,0.89
,,2020 - 2021,1.67
,,2021 - 2022,0.83
,,2022 - 2023,
,Kamareddy,2019 - 2020,0.87
,,2020 - 2021,1.63
,,2021 - 2022,0.82
,,2022 - 2023,0.67
,Karimnagar,2000 - 2001,0.2
,,2001 - 2002,0.33
,,2002 - 2003,0.13
,,2003 - 2004,0.33
,,2004 - 2005,0.32
,,2005 - 2006,0.26
,,2006 - 2007,0.29
,,2008 - 2009,0.42
,,2009 - 2010,0.29
,,2010 - 2011,0.4
,,2011 - 2012,0.0
,,2014 - 2015,0.5
,,2015 - 2016,0.4
,,2020 - 2021,2.0
,,2021 - 2022,0.86
,,2022 - 2023,1.0
,Khammam,2000 - 2001,0.2
,,2001 - 2002,0.33
,,2002 - 2003,0.13
,,2003 - 2004,0.33
,,2004 - 2005,0.33
,,2005 - 2006,0.26
,,2006 - 2007,0.28
,,2008 - 2009,0.42
,,2009 - 2010,0.3
,,2010 - 2011,0.4
,,2011 - 2012,0.25
,,2013 - 2014,0.49
,,2014 - 2015,0.38
,,2015 - 2016,0.33
,,2016 - 2017,0.0
,,2017 - 2018,0.0
,,2020 - 2021,2.5
,,2021 - 2022,0.75
,Komaram bheem asifabad,2016 - 2017,0.36
,,2017 - 2018,0.0
,,2018 - 2019,0.67
,,2020 - 2021,
,,2021 - 2022,0.83
,,2022 - 2023,0.58
,Mahabubabad,2019 - 2020,1.0
,,2020 - 2021,1.71
,,2021 - 2022,0.83
,,2022 - 2023,0.6
,Mahbubnagar,2000 - 2001,0.2
,,2001 - 2002,0.33
,,2002 - 2003,0.13
,,2003 - 2004,0.33
,,2004 - 2005,0.32
,,2005 - 2006,0.26
,,2006 - 2007,0.29
,,2007 - 2008,
,,2008 - 2009,0.42
,,2009 - 2010,0.3
,,2010 - 2011,0.4
,,2011 - 2012,0.15
,,2012 - 2013,
,,2013 - 2014,0.48
,,2014 - 2015,0.38
,,2015 - 2016,0.45
,,2016 - 2017,0.39
,,2017 - 2018,0.0
,,2018 - 2019,0.75
,,2019 - 2020,0.8
,,2020 - 2021,1.71
,,2021 - 2022,0.8
,,2022 - 2023,0.63
,Mancherial,2016 - 2017,0.33
,,2017 - 2018,
,,2018 - 2019,1.0
,,2020 - 2021,1.0
,,2021 - 2022,1.0
,,2022 - 2023,1.0
,Medak,2000 - 2001,0.2
,,2001 - 2002,0.33
,,2002 - 2003,0.13
,,2003 - 2004,0.33
,,2004 - 2005,0.32
,,2005 - 2006,0.26
,,2006 - 2007,0.29
,,2008 - 2009,0.42
,,2009 - 2010,0.3
,,2010 - 2011,0.41
,,2011 - 2012,0.15
,,2013 - 2014,0.48
,,2014 - 2015,0.38
,,2015 - 2016,0.45
,,2016 - 2017,0.4
,,2017 - 2018,0.0
,,2018 - 2019,0.57
,,2019 - 2020,0.8
,,2020 - 2021,1.6
,,2021 - 2022,0.8
,,2022 - 2023,1.0
,Medchal,2019 - 2020,0.89
,,2020 - 2021,1.5
,,2021 - 2022,0.67
,,2022 - 2023,0.5
,Mulugu,2021 - 2022,0.85
,Nagarkurnool,2016 - 2017,0.37
,,2017 - 2018,0.0
,,2018 - 2019,0.64
,,2019 - 2020,0.87
,,2020 - 2021,1.61
,,2021 - 2022,0.81
,,2022 - 2023,0.48
,Nalgonda,2000 - 2001,0.2
,,2001 - 2002,0.33
,,2002 - 2003,0.13
,,2003 - 2004,0.33
,,2004 - 2005,0.32
,,2005 - 2006,0.26
,,2006 - 2007,0.29
,,2007 - 2008,0.33
,,2008 - 2009,0.42
,,2009 - 2010,0.3
,,2010 - 2011,0.4
,,2011 - 2012,0.15
,,2012 - 2013,0.5
,,2013 - 2014,0.48
,,2014 - 2015,0.38
,,2015 - 2016,0.45
,,2016 - 2017,0.38
,,2017 - 2018,0.0
,,2018 - 2019,0.63
,,2019 - 2020,0.88
,,2020 - 2021,1.63
,,2021 - 2022,0.96
,,2022 - 2023,0.69
,Narayanapet,2018 - 2019,0.64
,,2019 - 2020,0.87
,,2020 - 2021,1.67
,,2021 - 2022,0.82
,,2022 - 2023,0.7
,Nirmal,2019 - 2020,1.0
,,2020 - 2021,1.5
,,2021 - 2022,1.0
,,2022 - 2023,1.0
,Nizamabad,2000 - 2001,0.22
,,2001 - 2002,0.32
,,2002 - 2003,0.25
,,2003 - 2004,0.32
,,2004 - 2005,0.32
,,2005 - 2006,0.26
,,2008 - 2009,0.41
,,2009 - 2010,
,,2010 - 2011,0.39
,,2013 - 2014,
,,2015 - 2016,0.33
,,2020 - 2021,1.6
,,2021 - 2022,0.83
,,2022 - 2023,0.5
,Peddapalli,2020 - 2021,1.0
,,2021 - 2022,
,Rajanna,2019 - 2020,0.8
,,2020 - 2021,1.4
,,2021 - 2022,0.8
,,2022 - 2023,0.5
,Rangareddi,2000 - 2001,0.2
,,2001 - 2002,0.33
,,2002 - 2003,0.13
,,2003 - 2004,0.33
,,2004 - 2005,0.32
,,2005 - 2006,0.26
,,2006 - 2007,0.29
,,2008 - 2009,0.42
,,2009 - 2010,0.29
,,2010 - 2011,0.4
,,2011 - 2012,0.15
,,2013 - 2014,0.48
,,2014 - 2015,0.37
,,2015 - 2016,0.45
,,2016 - 2017,0.38
,,2017 - 2018,0.0
,,2018 - 2019,0.63
,,2019 - 2020,0.86
,,2020 - 2021,1.57
,,2021 - 2022,0.8
,,2022 - 2023,0.6
,Sangareddy,2016 - 2017,0.43
,,2017 - 2018,0.0
,,2019 - 2020,0.87
,,2020 - 2021,1.65
,,2021 - 2022,0.81
,,2022 - 2023,1.0
,Siddipet,2016 - 2017,0.38
,,2017 - 2018,0.0
,,2018 - 2019,0.64
,,2019 - 2020,0.86
,,2020 - 2021,1.7
,,2021 - 2022,0.83
,,2022 - 2023,0.6
,Suryapet,2016 - 2017,0.38
,,2017 - 2018,0.0
,,2018 - 2019,0.63
,,2019 - 2020,0.87
,,2020 - 2021,2.0
,,2021 - 2022,0.54
,,2022 - 2023,0.6
,Vikarabad,2016 - 2017,
,,2018 - 2019,
,,2019 - 2020,
,,2020 - 2021,1.58
,,2021 - 2022,0.8
,,2022 - 2023,0.6
,Wanaparthy,2016 - 2017,0.38
,,2017 - 2018,0.0
,,2018 - 2019,0.63
,,2019 - 2020,0.88
,,2020 - 2021,1.72
,,2021 - 2022,0.81
,,2022 - 2023,0.6
,Warangal,2000 - 2001,0.2
,,2001 - 2002,0.33
,,2002 - 2003,0.13
,,2003 - 2004,0.33
,,2004 - 2005,0.32
,,2005 - 2006,0.26
,,2006 - 2007,0.29
,,2007 - 2008,0.0
,,2008 - 2009,0.42
,,2009 - 2010,0.3
,,2010 - 2011,0.4
,,2011 - 2012,0.15
,,2012 - 2013,0.0
,,2013 - 2014,0.48
,,2014 - 2015,0.38
,,2015 - 2016,0.45
,,2020 - 2021,
,,2021 - 2022,1.0
,Warangal urban,2020 - 2021,1.6
,,2021 - 2022,0.67
,,2022 - 2023,0.5
,Yadadri,2016 - 2017,0.38
,,2017 - 2018,0.0
,,2018 - 2019,0.63
,,2019 - 2020,0.87
,,2020 - 2021,1.67
,,2021 - 2022,0.82
,,2022 - 2023,0.6
Uttarakhand,Almora,2000 - 2001,
,,2001 - 2002,
,,2002 - 2003,
,,2003 - 2004,
,,2004 - 2005,
,,2005 - 2006,
,,2006 - 2007,
,,2007 - 2008,
,,2008 - 2009,
,,2009 - 2010,
,,2010 - 2011,
,,2011 - 2012,
,,2012 - 2013,
,,2013 - 2014,
,,2014 - 2015,
,,2015 - 2016,
,,2016 - 2017,
,,2017 - 2018,
,,2018 - 2019,
,,2019 - 2020,
,,2020 - 2021,
,,2021 - 2022,
,,2022 - 2023,
,Bageshwar,2000 - 2001,
,,2001 - 2002,
,,2002 - 2003,
,,2003 - 2004,
,,2004 - 2005,
,,2005 - 2006,
,,2006 - 2007,
,,2007 - 2008,
,,2008 - 2009,
,,2009 - 2010,
,,2010 - 2011,
,,2011 - 2012,
,,2012 - 2013,
,,2013 - 2014,
,,2014 - 2015,
,,2015 - 2016,
,,2016 - 2017,
,,2017 - 2018,
,,2018 - 2019,
,,2019 - 2020,
,,2020 - 2021,
,,2021 - 2022,
,,2022 - 2023,
,Chamoli,2000 - 2001,
,,2001 - 2002,
,,2002 - 2003,
,,2003 - 2004,
,,2004 - 2005,
,,2005 - 2006,
,,2006 - 2007,
,,2007 - 2008,
,,2008 - 2009,
,,2009 - 2010,
,,2010 - 2011,
,,2011 - 2012,
,,2012 - 2013,
,,2013 - 2014,
,,2014 - 2015,
,,2015 - 2016,
,,2016 - 2017,
,,2017 - 2018,
,,2018 - 2019,
,,2019 - 2020,
,,2020 - 2021,
,,2021 - 2022,
,,2022 - 2023,
,Champawat,2000 - 2001,
,,2003 - 2004,
,,2004 - 2005,
,,2005 - 2006,
,,2006 - 2007,
,,2007 - 2008,
,,2008 - 2009,
,,2009 - 2010,
,,2010 - 2011,
,,2011 - 2012,
,,2012 - 2013,
,,2013 - 2014,
,,2014 - 2015,
,,2015 - 2016,
,,2016 - 2017,
,,2017 - 2018,
,,2018 - 2019,
,,2019 - 2020,
,,2020 - 2021,
,,2021 - 2022,
,,2022 - 2023,
,Dehradun,2000 - 2001,
,,2001 - 2002,
,,2002 - 2003,
,,2003 - 2004,
,,2004 - 2005,
,,2005 - 2006,
,,2006 - 2007,
,,2007 - 2008,
,,2008 - 2009,
,,2009 - 2010,
,,2010 - 2011,
,,2011 - 2012,
,,2012 - 2013,
,,2013 - 2014,
,,2014 - 2015,
,,2015 - 2016,
,,2016 - 2017,
,,2017 - 2018,
,,2018 - 2019,
,,2019 - 2020,
,,2020 - 2021,
,,2021 - 2022,
,,2022 - 2023,
,Nainital,2000 - 2001,
,,2001 - 2002,
,,2002 - 2003,
,,2003 - 2004,
,,2004 - 2005,
,,2005 - 2006,
,,2006 - 2007,
,,2007 - 2008,
,,2008 - 2009,
,,2009 - 2010,
,,2010 - 2011,
,,2011 - 2012,
,,2012 - 2013,
,,2013 - 2014,
,,2014 - 2015,
,,2015 - 2016,
,,2016 - 2017,
,,2017 - 2018,
,,2018 - 2019,
,,2019 - 2020,
,,2020 - 2021,
,,2021 - 2022,
,,2022 - 2023,
,Pauri garhwal,2000 - 2001,
,,2001 - 2002,
,,2002 - 2003,
,,2003 - 2004,
,,2004 - 2005,
,,2005 - 2006,
,,2006 - 2007,
,,2007 - 2008,
,,2008 - 2009,
,,2009 - 2010,
,,2010 - 2011,
,,2011 - 2012,
,,2012 - 2013,
,,2013 - 2014,
,,2014 - 2015,
,,2015 - 2016,
,,2016 - 2017,
,,2017 - 2018,
,,2018 - 2019,
,,2019 - 2020,
,,2020 - 2021,
,,2021 - 2022,
,,2022 - 2023,
,Pithoragarh,2000 - 2001,
,,2002 - 2003,
,,2003 - 2004,
,,2004 - 2005,
,,2005 - 2006,
,,2006 - 2007,
,,2007 - 2008,
,,2008 - 2009,
,,2009 - 2010,
,,2010 - 2011,
,,2011 - 2012,
,,2012 - 2013,
,,2013 - 2014,
,,2014 - 2015,
,,2015 - 2016,
,,2016 - 2017,
,,2017 - 2018,
,,2018 - 2019,
,,2019 - 2020,
,,2020 - 2021,
,,2021 - 2022,
,,2022 - 2023,
,Rudra prayag,2000 - 2001,
,,2001 - 2002,
,,2002 - 2003,
,,2003 - 2004,
,,2004 - 2005,
,,2005 - 2006,
,,2006 - 2007,
,,2007 - 2008,
,,2008 - 2009,
,,2009 - 2010,
,,2010 - 2011,
,,2011 - 2012,
,,2012 - 2013,
,,2013 - 2014,
,,2014 - 2015,
,,2015 - 2016,
,,2016 - 2017,
,,2017 - 2018,
,,2018 - 2019,
,,2019 - 2020,
,,2020 - 2021,
,,2021 - 2022,
,,2022 - 2023,
,Tehri garhwal,2000 - 2001,
,,2001 - 2002,
,,2002 - 2003,
,,2003 - 2004,
,,2004 - 2005,
,,2005 - 2006,
,,2006 - 2007,
,,2007 - 2008,
,,2008 - 2009,
,,2009 - 2010,
,,2010 - 2011,
,,2011 - 2012,
,,2012 - 2013,
,,2013 - 2014,
,,2014 - 2015,
,,2015 - 2016,
,,2016 - 2017,
,,2017 - 2018,
,,2018 - 2019,
,,2019 - 2020,
,,2020 - 2021,
,,2021 - 2022,
,,2022 - 2023,
,Uttar kashi,2000 - 2001,
,,2001 - 2002,
,,2002 - 2003,
,,2003 - 2004,
,,2004 - 2005,
,,2005 - 2006,
,,2006 - 2007,
,,2007 - 2008,
,,2008 - 2009,
,,2009 - 2010,
,,2010 - 2011,
,,2011 - 2012,
,,2012 - 2013,
,,2013 - 2014,
,,2014 - 2015,
,,2015 - 2016,
,,2016 - 2017,
,,2017 - 2018,
,,2018 - 2019,
,,2019 - 2020,
,,2020 - 2021,
,,2021 - 2022,
,,2022 - 2023,
West Bengal,Alipurduar,2016 - 2017,1.3
,,2017 - 2018,0.31
,,2018 - 2019,0.46
,,2019 - 2020,0.4
,,2020 - 2021,0.42
,,2021 - 2022,0.4
,,2022 - 2023,0.4
,Bankura,2000 - 2001,0.38
,,2001 - 2002,0.19
,,2002 - 2003,0.29
,,2003 - 2004,0.19
,,2004 - 2005,0.21
,,2005 - 2006,0.32
,,2006 - 2007,0.34
,,2007 - 2008,0.46
,,2008 - 2009,0.48
,,2009 - 2010,0.46
,,2010 - 2011,
,,2011 - 2012,
,,2012 - 2013,
,,2013 - 2014,
,,2014 - 2015,0.46
,,2015 - 2016,0.48
,,2016 - 2017,0.5
,,2017 - 2018,0.47
,,2018 - 2019,0.44
,,2019 - 2020,0.42
,,2020 - 2021,0.4
,Birbhum,2000 - 2001,0.51
,,2001 - 2002,0.51
,,2002 - 2003,0.51
,,2003 - 2004,0.31
,,2004 - 2005,0.23
,,2005 - 2006,0.31
,,2006 - 2007,0.41
,,2007 - 2008,0.4
,,2008 - 2009,0.41
,,2009 - 2010,0.4
,,2010 - 2011,
,,2011 - 2012,
,,2012 - 2013,
,,2013 - 2014,
,,2014 - 2015,0.4
,,2015 - 2016,0.4
,,2016 - 2017,0.4
,,2017 - 2018,0.45
,,2018 - 2019,0.71
,,2019 - 2020,0.69
,,2020 - 2021,0.68
,,2021 - 2022,0.59
,,2022 - 2023,0.6
,Coochbehar,2000 - 2001,0.4
,,2003 - 2004,0.6
,,2004 - 2005,0.62
,,2005 - 2006,0.66
,,2006 - 2007,0.62
,,2007 - 2008,0.64
,,2008 - 2009,0.64
,,2009 - 2010,0.65
,,2010 - 2011,
,,2011 - 2012,
,,2012 - 2013,
,,2013 - 2014,
,,2014 - 2015,0.66
,,2015 - 2016,0.66
,,2016 - 2017,0.67
,,2017 - 2018,0.6
,,2018 - 2019,0.56
,,2019 - 2020,0.55
,,2020 - 2021,0.53
,,2021 - 2022,0.55
,,2022 - 2023,0.6
,Darjeeling,2002 - 2003,0.67
,,2003 - 2004,0.67
,,2005 - 2006,0.5
,,2006 - 2007,0.5
,,2007 - 2008,0.5
,,2008 - 2009,0.5
,,2009 - 2010,0.5
,,2010 - 2011,
,,2011 - 2012,
,,2012 - 2013,
,,2015 - 2016,1.0
,,2016 - 2017,0.5
,,2017 - 2018,0.5
,Dinajpur dakshin,2000 - 2001,0.74
,,2001 - 2002,0.48
,,2002 - 2003,0.48
,,2003 - 2004,0.47
,Dinajpur uttar,2000 - 2001,0.42
,,2001 - 2002,2.12
,,2002 - 2003,0.41
,,2003 - 2004,0.41
,,2004 - 2005,0.43
,,2005 - 2006,0.42
,,2006 - 2007,0.42
,,2007 - 2008,0.42
,,2008 - 2009,0.4
,,2009 - 2010,0.52
,,2010 - 2011,
,,2011 - 2012,
,,2012 - 2013,
,,2014 - 2015,0.51
,,2015 - 2016,0.51
,,2016 - 2017,0.52
,Hooghly,2006 - 2007,1.0
,,2009 - 2010,1.0
,,2022 - 2023,0.5
,Jalpaiguri,2000 - 2001,0.5
,,2001 - 2002,0.53
,,2002 - 2003,0.48
,,2003 - 2004,0.4
,,2004 - 2005,0.4
,,2005 - 2006,0.52
,,2006 - 2007,0.57
,,2007 - 2008,0.57
,,2008 - 2009,0.56
,,2009 - 2010,0.56
,,2010 - 2011,
,,2011 - 2012,
,,2012 - 2013,
,,2013 - 2014,
,,2014 - 2015,1.28
,,2015 - 2016,1.28
,,2016 - 2017,1.29
,,2017 - 2018,0.83
,,2019 - 2020,0.62
,,2020 - 2021,0.6
,,2021 - 2022,0.63
,,2022 - 2023,0.63
,Jhargram,2019 - 2020,0.5
,,2020 - 2021,0.63
,,2021 - 2022,0.63
,,2022 - 2023,0.65
,Maldah,2000 - 2001,0.45
,,2001 - 2002,0.44
,,2002 - 2003,0.44
,,2003 - 2004,0.43
,,2004 - 2005,0.04
,,2005 - 2006,0.43
,,2006 - 2007,0.42
,,2007 - 2008,0.42
,,2008 - 2009,0.42
,,2009 - 2010,0.42
,,2010 - 2011,
,,2011 - 2012,
,,2012 - 2013,
,,2013 - 2014,
,,2014 - 2015,0.41
,,2015 - 2016,0.41
,,2016 - 2017,0.55
,,2017 - 2018,0.75
,,2018 - 2019,0.75
,,2019 - 2020,0.75
,,2020 - 2021,0.74
,,2021 - 2022,0.73
,,2022 - 2023,0.73
,Medinipur west,2000 - 2001,0.6
,,2001 - 2002,0.6
,,2002 - 2003,0.7
,,2003 - 2004,0.56
,,2004 - 2005,0.56
,,2005 - 2006,0.53
,,2006 - 2007,0.53
,,2007 - 2008,0.53
,,2008 - 2009,0.52
,,2009 - 2010,0.53
,,2010 - 2011,
,,2011 - 2012,
,,2012 - 2013,
,,2013 - 2014,
,,2014 - 2015,0.53
,,2015 - 2016,0.53
,,2016 - 2017,0.53
,,2017 - 2018,0.55
,,2019 - 2020,0.62
,,2020 - 2021,0.5
,,2022 - 2023,0.33
,Murshidabad,2004 - 2005,0.06
,,2005 - 2006,0.6
,,2008 - 2009,0.45
,,2013 - 2014,
,,2014 - 2015,0.97
,,2015 - 2016,0.94
,,2016 - 2017,0.94
,,2017 - 2018,0.97
,,2020 - 2021,0.27
,,2021 - 2022,0.24
,,2022 - 2023,0.98
,Paschim bardhaman,2017 - 2018,0.6
,,2018 - 2019,0.6
,,2019 - 2020,0.6
,Purba bardhaman,2000 - 2001,0.46
,,2001 - 2002,0.56
,,2002 - 2003,0.6
,,2003 - 2004,0.58
,,2004 - 2005,0.68
,,2005 - 2006,0.51
,,2006 - 2007,0.6
,,2007 - 2008,0.6
,,2010 - 2011,
,,2011 - 2012,
,,2012 - 2013,
,,2013 - 2014,
,,2014 - 2015,0.67
,,2015 - 2016,0.57
,,2016 - 2017,0.5
,Purulia,2000 - 2001,0.44
,,2001 - 2002,0.43
,,2002 - 2003,0.4
,,2003 - 2004,0.41
,,2004 - 2005,0.41
,,2005 - 2006,0.43
,,2006 - 2007,0.44
,,2007 - 2008,0.52
,,2008 - 2009,0.51
,,2009 - 2010,0.51
,,2010 - 2011,
,,2011 - 2012,
,,2012 - 2013,
,,2013 - 2014,
,,2014 - 2015,0.5
,,2015 - 2016,0.51
,,2016 - 2017,0.5
,,2017 - 2018,0.52
,,2018 - 2019,0.46
,,2019 - 2020,0.48
,,2020 - 2021,0.49
,,2021 - 2022,0.5
,,2022 - 2023,0.51
