state,district,year,mesta_kharif_yield_tonne_per_hectare
Andhra Pradesh,Anantapur,2010 - 2011,8.94
,,2011 - 2012,7.8
,,2014 - 2015,7.07
,Chittoor,2000 - 2001,8.83
,,2001 - 2002,8.6
,,2002 - 2003,7.5
,,2003 - 2004,8.0
,,2004 - 2005,8.5
,,2005 - 2006,9.0
,,2006 - 2007,9.0
,,2010 - 2011,9.0
,East godavari,2000 - 2001,8.75
,,2001 - 2002,8.5
,,2002 - 2003,7.5
,,2003 - 2004,8.0
,,2004 - 2005,8.5
,,2005 - 2006,9.17
,,2006 - 2007,9.0
,,2008 - 2009,7.94
,,2011 - 2012,0.0
,,2013 - 2014,
,,2014 - 2015,
,,2015 - 2016,
,Guntur,2004 - 2005,8.5
,,2008 - 2009,7.92
,,2010 - 2011,8.94
,,2020 - 2021,10.5
,Kadapa,2000 - 2001,8.67
,Kurnool,2001 - 2002,8.51
,,2002 - 2003,7.56
,,2006 - 2007,8.78
,,2008 - 2009,8.0
,,2010 - 2011,8.95
,,2011 - 2012,7.77
,,2013 - 2014,9.17
,,2015 - 2016,8.25
,,2016 - 2017,9.45
,,2018 - 2019,10.0
,,2022 - 2023,11.33
,Palnadu,2022 - 2023,11.31
,Parvathipuram manyam,2022 - 2023,10.24
,Prakasam,2000 - 2001,9.0
,,2002 - 2003,8.0
,,2006 - 2007,8.77
,Spsr nellore,2000 - 2001,8.83
,Srikakulam,2000 - 2001,7.45
,,2001 - 2002,6.63
,,2002 - 2003,5.62
,,2003 - 2004,6.29
,,2004 - 2005,7.04
,,2005 - 2006,6.68
,,2006 - 2007,7.0
,,2007 - 2008,6.93
,,2008 - 2009,7.34
,,2009 - 2010,9.44
,,2010 - 2011,8.12
,,2011 - 2012,7.14
,,2012 - 2013,5.0
,,2013 - 2014,9.36
,,2014 - 2015,7.53
,,2015 - 2016,7.12
,,2016 - 2017,7.7
,,2017 - 2018,6.33
,,2018 - 2019,9.0
,,2019 - 2020,8.94
,,2020 - 2021,9.36
,,2021 - 2022,10.73
,,2022 - 2023,11.33
,Visakhapatanam,2000 - 2001,8.83
,,2001 - 2002,8.5
,,2002 - 2003,7.56
,,2003 - 2004,7.95
,,2004 - 2005,8.55
,,2005 - 2006,9.14
,,2006 - 2007,8.78
,,2008 - 2009,7.94
,,2009 - 2010,8.29
,,2010 - 2011,8.96
,,2011 - 2012,7.8
,Vizianagaram,2000 - 2001,9.28
,,2001 - 2002,9.1
,,2002 - 2003,8.17
,,2003 - 2004,8.41
,,2004 - 2005,8.96
,,2005 - 2006,9.81
,,2006 - 2007,9.33
,,2007 - 2008,9.4
,,2008 - 2009,8.15
,,2009 - 2010,7.87
,,2010 - 2011,9.19
,,2011 - 2012,7.94
,,2012 - 2013,9.25
,,2013 - 2014,9.08
,,2014 - 2015,6.83
,,2015 - 2016,9.32
,,2016 - 2017,10.78
,,2017 - 2018,11.13
,,2018 - 2019,10.64
,,2019 - 2020,11.33
,,2020 - 2021,10.72
,,2021 - 2022,11.07
,,2022 - 2023,11.98
Assam,Baksa,2005 - 2006,3.89
,,2006 - 2007,3.89
,,2007 - 2008,3.89
,,2008 - 2009,3.89
,,2009 - 2010,3.89
,,2010 - 2011,3.89
,,2011 - 2012,10.34
,,2012 - 2013,4.06
,,2013 - 2014,5.28
,,2014 - 2015,4.21
,,2015 - 2016,11.75
,,2016 - 2017,7.08
,,2017 - 2018,7.11
,,2018 - 2019,7.22
,,2019 - 2020,7.5
,,2020 - 2021,3.74
,,2021 - 2022,3.69
,,2022 - 2023,3.76
,Barpeta,2000 - 2001,5.11
,,2001 - 2002,5.11
,,2002 - 2003,5.11
,,2003 - 2004,5.11
,,2004 - 2005,5.11
,,2005 - 2006,5.11
,,2006 - 2007,5.11
,,2007 - 2008,5.11
,,2008 - 2009,5.11
,,2009 - 2010,5.11
,,2010 - 2011,5.11
,,2011 - 2012,8.04
,,2012 - 2013,5.46
,,2013 - 2014,8.02
,,2014 - 2015,5.66
,,2015 - 2016,9.97
,,2016 - 2017,7.89
,,2017 - 2018,8.4
,,2018 - 2019,8.34
,,2019 - 2020,8.24
,,2020 - 2021,8.22
,,2021 - 2022,8.44
,,2022 - 2023,8.49
,Biswanath,2020 - 2021,5.75
,,2021 - 2022,5.83
,Bongaigaon,2000 - 2001,5.62
,,2001 - 2002,5.72
,,2002 - 2003,5.87
,,2003 - 2004,5.8
,,2004 - 2005,5.86
,,2005 - 2006,5.92
,,2006 - 2007,6.27
,,2007 - 2008,6.33
,,2008 - 2009,6.46
,,2009 - 2010,6.47
,,2010 - 2011,6.46
,,2011 - 2012,7.64
,,2012 - 2013,6.62
,,2013 - 2014,6.62
,,2014 - 2015,6.67
,,2015 - 2016,6.92
,,2016 - 2017,7.19
,,2017 - 2018,6.54
,,2018 - 2019,6.26
,,2019 - 2020,6.29
,,2020 - 2021,11.72
,,2021 - 2022,10.32
,,2022 - 2023,6.47
,Cachar,2000 - 2001,4.6
,,2001 - 2002,4.5
,,2002 - 2003,4.5
,,2003 - 2004,4.5
,,2004 - 2005,4.5
,,2005 - 2006,4.5
,,2006 - 2007,4.5
,,2007 - 2008,4.5
,,2008 - 2009,4.6
,,2009 - 2010,4.43
,,2010 - 2011,4.5
,,2011 - 2012,9.25
,,2012 - 2013,4.5
,,2013 - 2014,4.67
,,2014 - 2015,5.0
,,2015 - 2016,4.67
,,2016 - 2017,4.67
,,2017 - 2018,4.67
,,2018 - 2019,5.0
,,2019 - 2020,5.33
,,2020 - 2021,5.33
,,2021 - 2022,5.5
,,2022 - 2023,6.0
,Charaideo,2022 - 2023,6.67
,Chirang,2005 - 2006,5.92
,,2006 - 2007,6.27
,,2007 - 2008,6.33
,,2008 - 2009,5.71
,,2009 - 2010,6.11
,,2010 - 2011,6.75
,,2011 - 2012,4.91
,,2012 - 2013,7.01
,,2013 - 2014,10.81
,,2014 - 2015,7.27
,,2015 - 2016,10.8
,,2016 - 2017,9.62
,,2017 - 2018,9.63
,,2018 - 2019,9.44
,,2019 - 2020,9.93
,,2020 - 2021,9.95
,,2021 - 2022,8.17
,,2022 - 2023,7.35
,Darrang,2000 - 2001,4.34
,,2001 - 2002,4.4
,,2002 - 2003,4.35
,,2003 - 2004,4.34
,,2004 - 2005,4.34
,,2005 - 2006,4.67
,,2006 - 2007,4.68
,,2007 - 2008,4.67
,,2008 - 2009,4.67
,,2009 - 2010,4.67
,,2010 - 2011,4.67
,,2011 - 2012,3.22
,,2012 - 2013,4.88
,,2013 - 2014,12.5
,,2014 - 2015,5.05
,,2015 - 2016,5.05
,,2016 - 2017,6.72
,,2017 - 2018,5.76
,,2018 - 2019,5.77
,,2019 - 2020,7.26
,,2020 - 2021,5.14
,,2021 - 2022,5.36
,,2022 - 2023,6.83
,Dhemaji,2000 - 2001,3.13
,,2001 - 2002,3.17
,,2002 - 2003,3.25
,,2003 - 2004,3.25
,,2004 - 2005,3.23
,,2005 - 2006,3.17
,,2006 - 2007,3.2
,,2007 - 2008,3.14
,,2008 - 2009,3.14
,,2009 - 2010,3.14
,,2010 - 2011,3.14
,,2011 - 2012,4.86
,,2012 - 2013,3.43
,,2013 - 2014,3.43
,,2014 - 2015,3.44
,,2015 - 2016,4.0
,,2016 - 2017,3.67
,,2017 - 2018,3.67
,,2018 - 2019,5.0
,,2019 - 2020,6.0
,,2020 - 2021,6.0
,,2021 - 2022,6.0
,,2022 - 2023,7.25
,Dhubri,2000 - 2001,4.61
,,2001 - 2002,4.6
,,2002 - 2003,4.67
,,2003 - 2004,4.66
,,2004 - 2005,4.64
,,2005 - 2006,4.61
,,2006 - 2007,4.62
,,2007 - 2008,4.63
,,2008 - 2009,4.62
,,2009 - 2010,4.59
,,2010 - 2011,4.58
,,2011 - 2012,5.37
,,2012 - 2013,2.07
,,2013 - 2014,4.83
,,2014 - 2015,4.96
,,2015 - 2016,4.67
,,2016 - 2017,4.82
,,2017 - 2018,4.92
,,2018 - 2019,4.99
,,2019 - 2020,5.0
,,2020 - 2021,4.97
,,2021 - 2022,4.97
,,2022 - 2023,7.85
,Dibrugarh,2000 - 2001,5.0
,,2001 - 2002,5.0
,,2002 - 2003,5.0
,,2003 - 2004,5.0
,,2004 - 2005,5.0
,,2006 - 2007,5.0
,,2011 - 2012,6.5
,,2012 - 2013,5.0
,,2013 - 2014,5.2
,,2014 - 2015,5.0
,,2015 - 2016,5.5
,,2016 - 2017,5.25
,,2017 - 2018,5.25
,,2018 - 2019,5.25
,,2019 - 2020,6.2
,,2020 - 2021,3.9
,,2021 - 2022,3.92
,,2022 - 2023,6.58
,Dima hasao,2000 - 2001,4.5
,,2001 - 2002,4.5
,,2002 - 2003,4.5
,,2003 - 2004,4.5
,,2004 - 2005,4.5
,,2005 - 2006,4.5
,,2006 - 2007,4.5
,,2007 - 2008,4.5
,,2008 - 2009,4.5
,,2009 - 2010,4.5
,,2010 - 2011,4.5
,,2011 - 2012,5.5
,,2012 - 2013,4.5
,,2013 - 2014,4.63
,,2014 - 2015,4.75
,,2015 - 2016,9.71
,,2016 - 2017,5.43
,,2017 - 2018,4.38
,,2018 - 2019,4.45
,,2019 - 2020,4.44
,,2020 - 2021,4.44
,,2021 - 2022,4.43
,,2022 - 2023,9.71
,Goalpara,2001 - 2002,4.83
,,2002 - 2003,4.83
,,2003 - 2004,0.0
,,2004 - 2005,4.83
,,2005 - 2006,4.83
,,2006 - 2007,4.82
,,2007 - 2008,4.83
,,2008 - 2009,4.82
,,2009 - 2010,4.83
,,2010 - 2011,4.83
,,2011 - 2012,4.39
,,2012 - 2013,5.06
,,2013 - 2014,11.0
,,2014 - 2015,5.22
,,2015 - 2016,5.28
,,2016 - 2017,5.0
,,2017 - 2018,5.0
,,2018 - 2019,5.83
,,2019 - 2020,6.67
,,2020 - 2021,6.67
,,2021 - 2022,0.72
,,2022 - 2023,7.33
,Golaghat,2000 - 2001,3.67
,,2001 - 2002,3.43
,,2002 - 2003,4.17
,,2003 - 2004,3.67
,,2004 - 2005,4.0
,,2005 - 2006,4.0
,,2006 - 2007,3.6
,,2007 - 2008,3.6
,,2008 - 2009,3.6
,,2009 - 2010,4.0
,,2012 - 2013,5.0
,,2013 - 2014,6.0
,,2014 - 2015,6.0
,,2015 - 2016,5.0
,,2016 - 2017,5.5
,,2017 - 2018,5.5
,,2018 - 2019,5.0
,,2019 - 2020,5.0
,,2020 - 2021,5.0
,,2021 - 2022,5.0
,,2022 - 2023,5.44
,Hailakandi,2013 - 2014,5.0
,Hojai,2020 - 2021,13.0
,,2021 - 2022,8.0
,,2022 - 2023,8.0
,Jorhat,2002 - 2003,5.0
,,2003 - 2004,5.0
,,2006 - 2007,5.0
,,2007 - 2008,5.0
,,2008 - 2009,5.0
,,2009 - 2010,5.0
,,2010 - 2011,5.0
,,2011 - 2012,5.4
,,2012 - 2013,5.0
,,2013 - 2014,5.0
,,2014 - 2015,5.5
,,2015 - 2016,5.25
,,2016 - 2017,5.25
,,2017 - 2018,5.67
,,2018 - 2019,5.38
,,2019 - 2020,5.56
,,2020 - 2021,5.5
,,2021 - 2022,5.5
,,2022 - 2023,5.43
,Kamrup,2000 - 2001,4.82
,,2001 - 2002,4.82
,,2002 - 2003,4.81
,,2003 - 2004,4.81
,,2004 - 2005,4.82
,,2005 - 2006,4.81
,,2006 - 2007,4.81
,,2007 - 2008,4.81
,,2008 - 2009,4.81
,,2009 - 2010,4.8
,,2010 - 2011,4.8
,,2011 - 2012,5.96
,,2012 - 2013,5.03
,,2013 - 2014,5.06
,,2014 - 2015,5.2
,,2015 - 2016,5.29
,,2016 - 2017,5.29
,,2017 - 2018,5.29
,,2018 - 2019,5.29
,,2019 - 2020,5.3
,,2020 - 2021,5.31
,,2021 - 2022,5.34
,,2022 - 2023,11.66
,Kamrup metro,2005 - 2006,4.83
,,2006 - 2007,4.8
,,2007 - 2008,4.77
,,2008 - 2009,4.73
,,2009 - 2010,4.8
,,2010 - 2011,4.8
,,2011 - 2012,6.79
,,2012 - 2013,5.0
,,2013 - 2014,5.31
,,2014 - 2015,5.2
,,2015 - 2016,5.33
,,2016 - 2017,5.31
,,2017 - 2018,5.33
,,2018 - 2019,5.3
,,2019 - 2020,5.3
,,2020 - 2021,5.3
,,2021 - 2022,5.36
,,2022 - 2023,11.63
,Karbi anglong,2000 - 2001,5.22
,,2001 - 2002,5.25
,,2002 - 2003,5.28
,,2003 - 2004,5.31
,,2004 - 2005,5.33
,,2005 - 2006,5.37
,,2006 - 2007,5.38
,,2007 - 2008,5.39
,,2008 - 2009,5.39
,,2009 - 2010,5.42
,,2010 - 2011,7.68
,,2011 - 2012,2.63
,,2012 - 2013,8.04
,,2013 - 2014,5.28
,,2014 - 2015,8.28
,,2015 - 2016,5.22
,,2016 - 2017,5.3
,,2017 - 2018,5.3
,,2018 - 2019,5.31
,,2019 - 2020,5.35
,,2020 - 2021,5.36
,,2021 - 2022,5.36
,,2022 - 2023,5.39
,Karimganj,2004 - 2005,5.0
,,2010 - 2011,5.0
,,2011 - 2012,7.0
,,2012 - 2013,5.0
,,2013 - 2014,5.0
,,2014 - 2015,5.5
,,2015 - 2016,5.0
,,2016 - 2017,5.0
,,2017 - 2018,4.0
,,2018 - 2019,4.0
,,2019 - 2020,5.0
,,2020 - 2021,4.0
,Kokrajhar,2000 - 2001,5.43
,,2001 - 2002,5.48
,,2002 - 2003,5.49
,,2003 - 2004,5.49
,,2004 - 2005,5.49
,,2005 - 2006,5.5
,,2006 - 2007,5.47
,,2007 - 2008,5.47
,,2008 - 2009,5.48
,,2009 - 2010,5.47
,,2010 - 2011,5.45
,,2011 - 2012,6.25
,,2012 - 2013,7.48
,,2013 - 2014,5.75
,,2014 - 2015,5.86
,,2015 - 2016,7.89
,,2016 - 2017,5.66
,,2017 - 2018,5.64
,,2018 - 2019,5.67
,,2019 - 2020,5.67
,,2020 - 2021,5.69
,,2021 - 2022,5.68
,,2022 - 2023,6.83
,Lakhimpur,2000 - 2001,4.73
,,2001 - 2002,3.95
,,2002 - 2003,3.94
,,2003 - 2004,3.93
,,2004 - 2005,3.95
,,2005 - 2006,3.95
,,2006 - 2007,3.94
,,2007 - 2008,3.94
,,2008 - 2009,3.93
,,2009 - 2010,3.91
,,2010 - 2011,4.0
,,2011 - 2012,5.68
,,2012 - 2013,4.14
,,2013 - 2014,4.1
,,2014 - 2015,4.5
,,2015 - 2016,4.0
,,2016 - 2017,4.0
,,2017 - 2018,3.67
,,2018 - 2019,5.5
,,2019 - 2020,6.25
,,2020 - 2021,7.0
,,2021 - 2022,6.88
,,2022 - 2023,7.17
,Majuli,2020 - 2021,5.5
,,2021 - 2022,5.47
,,2022 - 2023,5.44
,Marigaon,2000 - 2001,3.6
,,2001 - 2002,3.54
,,2002 - 2003,3.56
,,2003 - 2004,3.56
,,2004 - 2005,3.55
,,2005 - 2006,3.56
,,2006 - 2007,3.56
,,2007 - 2008,3.55
,,2008 - 2009,3.56
,,2009 - 2010,3.56
,,2010 - 2011,3.56
,,2011 - 2012,3.74
,,2012 - 2013,3.72
,,2013 - 2014,3.74
,,2014 - 2015,3.84
,,2015 - 2016,2.61
,,2016 - 2017,2.59
,,2017 - 2018,2.65
,,2018 - 2019,2.6
,,2019 - 2020,3.06
,,2020 - 2021,3.07
,,2021 - 2022,7.83
,,2022 - 2023,7.21
,Nagaon,2000 - 2001,3.46
,,2001 - 2002,3.46
,,2002 - 2003,3.46
,,2003 - 2004,3.46
,,2004 - 2005,3.46
,,2005 - 2006,3.44
,,2006 - 2007,3.46
,,2007 - 2008,3.45
,,2008 - 2009,3.46
,,2009 - 2010,3.45
,,2010 - 2011,3.45
,,2011 - 2012,3.54
,,2012 - 2013,3.93
,,2013 - 2014,3.78
,,2014 - 2015,4.18
,,2015 - 2016,11.65
,,2016 - 2017,13.45
,,2017 - 2018,11.9
,,2018 - 2019,10.58
,,2019 - 2020,11.44
,,2020 - 2021,11.97
,,2021 - 2022,11.97
,,2022 - 2023,10.82
,Nalbari,2000 - 2001,3.89
,,2001 - 2002,3.89
,,2002 - 2003,3.89
,,2003 - 2004,3.89
,,2004 - 2005,3.89
,,2005 - 2006,3.9
,,2006 - 2007,3.88
,,2007 - 2008,3.89
,,2008 - 2009,3.9
,,2009 - 2010,3.89
,,2010 - 2011,3.89
,,2011 - 2012,5.2
,,2012 - 2013,4.07
,,2013 - 2014,4.1
,,2014 - 2015,4.19
,,2015 - 2016,3.89
,,2016 - 2017,4.08
,,2017 - 2018,4.07
,,2018 - 2019,4.2
,,2019 - 2020,4.29
,,2020 - 2021,8.62
,,2021 - 2022,9.0
,,2022 - 2023,9.0
,Sivasagar,2000 - 2001,5.22
,,2001 - 2002,4.89
,,2002 - 2003,5.0
,,2003 - 2004,5.0
,,2004 - 2005,4.83
,,2005 - 2006,5.0
,,2006 - 2007,5.0
,,2007 - 2008,5.0
,,2011 - 2012,6.5
,,2012 - 2013,5.25
,,2013 - 2014,5.33
,,2014 - 2015,5.33
,,2015 - 2016,5.5
,,2016 - 2017,5.5
,,2017 - 2018,5.5
,,2018 - 2019,5.25
,,2019 - 2020,6.0
,,2020 - 2021,6.5
,,2021 - 2022,6.5
,,2022 - 2023,6.6
,Sonitpur,2000 - 2001,6.54
,,2001 - 2002,6.55
,,2002 - 2003,6.53
,,2003 - 2004,6.52
,,2004 - 2005,6.55
,,2005 - 2006,6.31
,,2006 - 2007,6.54
,,2007 - 2008,8.33
,,2008 - 2009,7.22
,,2009 - 2010,7.41
,,2010 - 2011,7.68
,,2011 - 2012,8.44
,,2012 - 2013,8.03
,,2013 - 2014,8.34
,,2014 - 2015,8.3
,,2015 - 2016,7.49
,,2016 - 2017,7.55
,,2017 - 2018,6.67
,,2018 - 2019,5.14
,,2019 - 2020,5.81
,,2020 - 2021,5.81
,,2021 - 2022,7.92
,,2022 - 2023,7.91
,South salmara mancachar,2020 - 2021,5.1
,,2021 - 2022,5.1
,,2022 - 2023,4.89
,Tinsukia,2000 - 2001,5.0
,,2001 - 2002,5.0
,,2002 - 2003,4.5
,,2003 - 2004,5.0
,,2004 - 2005,5.0
,,2005 - 2006,5.0
,,2006 - 2007,5.0
,,2007 - 2008,5.0
,,2008 - 2009,4.5
,,2009 - 2010,4.6
,,2010 - 2011,5.0
,,2011 - 2012,5.0
,,2012 - 2013,9.0
,,2013 - 2014,5.0
,,2014 - 2015,5.0
,,2015 - 2016,5.0
,,2016 - 2017,5.0
,,2017 - 2018,5.0
,,2018 - 2019,5.0
,,2020 - 2021,4.0
,,2021 - 2022,4.0
,Udalguri,2005 - 2006,4.17
,,2006 - 2007,4.17
,,2007 - 2008,4.17
,,2008 - 2009,4.17
,,2009 - 2010,4.17
,,2010 - 2011,4.17
,,2011 - 2012,4.64
,,2012 - 2013,4.36
,,2013 - 2014,4.39
,,2014 - 2015,4.5
,,2015 - 2016,4.39
,,2016 - 2017,6.72
,,2017 - 2018,6.72
,,2018 - 2019,6.72
,,2019 - 2020,7.5
,,2020 - 2021,9.56
,,2021 - 2022,8.95
,,2022 - 2023,9.19
,West karbi anglong,2020 - 2021,5.35
,,2021 - 2022,5.36
,,2022 - 2023,5.37
Bihar,Araria,2000 - 2001,12.69
,,2001 - 2002,7.13
,,2002 - 2003,4.56
,,2003 - 2004,6.73
,,2004 - 2005,7.98
,,2005 - 2006,12.59
,,2006 - 2007,7.29
,,2007 - 2008,7.97
,,2008 - 2009,7.34
,,2009 - 2010,4.53
,,2010 - 2011,5.64
,,2011 - 2012,5.38
,,2012 - 2013,0.69
,,2013 - 2014,15.88
,,2014 - 2015,8.56
,,2015 - 2016,9.59
,,2016 - 2017,1.64
,Arwal,2004 - 2005,8.0
,,2005 - 2006,9.75
,,2007 - 2008,9.33
,,2008 - 2009,8.67
,,2009 - 2010,7.33
,,2010 - 2011,8.5
,,2011 - 2012,12.43
,,2012 - 2013,2.29
,,2013 - 2014,15.25
,Aurangabad,2000 - 2001,7.5
,,2005 - 2006,10.0
,Banka,2002 - 2003,6.01
,,2005 - 2006,12.97
,,2006 - 2007,8.53
,,2009 - 2010,7.18
,Begusarai,2001 - 2002,6.54
,,2002 - 2003,6.0
,,2004 - 2005,7.98
,,2006 - 2007,8.54
,,2007 - 2008,9.26
,,2009 - 2010,7.18
,,2010 - 2011,8.43
,,2011 - 2012,12.38
,,2012 - 2013,2.36
,,2013 - 2014,15.24
,,2014 - 2015,13.33
,,2016 - 2017,2.38
,,2021 - 2022,11.11
,Bhagalpur,2000 - 2001,7.71
,,2001 - 2002,6.5
,,2003 - 2004,6.94
,,2004 - 2005,7.97
,,2006 - 2007,8.53
,,2007 - 2008,9.28
,,2008 - 2009,8.69
,,2009 - 2010,7.18
,,2011 - 2012,12.37
,,2012 - 2013,2.96
,,2013 - 2014,24.95
,,2014 - 2015,14.89
,,2015 - 2016,19.52
,,2016 - 2017,2.36
,,2017 - 2018,1.48
,,2018 - 2019,1.93
,,2019 - 2020,2.05
,,2020 - 2021,13.12
,,2021 - 2022,10.96
,,2022 - 2023,11.9
,Bhojpur,2004 - 2005,8.0
,,2005 - 2006,9.82
,,2006 - 2007,8.5
,,2007 - 2008,9.25
,,2008 - 2009,8.69
,,2009 - 2010,7.18
,,2010 - 2011,8.41
,,2011 - 2012,12.35
,Darbhanga,2000 - 2001,4.33
,,2001 - 2002,6.5
,,2005 - 2006,5.02
,Gaya,2003 - 2004,6.92
,,2004 - 2005,8.0
,,2005 - 2006,9.89
,,2007 - 2008,9.29
,,2008 - 2009,8.67
,,2009 - 2010,7.33
,,2011 - 2012,12.0
,,2012 - 2013,2.0
,Gopalganj,2000 - 2001,7.72
,,2001 - 2002,6.48
,,2002 - 2003,6.01
,,2003 - 2004,6.89
,,2004 - 2005,8.0
,,2005 - 2006,9.83
,,2006 - 2007,8.54
,,2007 - 2008,9.27
,,2008 - 2009,8.73
,,2009 - 2010,7.17
,,2010 - 2011,8.42
,Jamui,2002 - 2003,6.0
,,2003 - 2004,6.93
,,2004 - 2005,7.99
,Jehanabad,2006 - 2007,8.5
,,2007 - 2008,9.5
,,2010 - 2011,8.0
,,2014 - 2015,13.5
,,2015 - 2016,19.53
,Katihar,2000 - 2001,5.39
,,2001 - 2002,6.79
,,2002 - 2003,4.19
,,2003 - 2004,6.05
,,2004 - 2005,7.2
,,2006 - 2007,9.38
,,2007 - 2008,7.68
,,2008 - 2009,8.79
,,2009 - 2010,9.19
,,2010 - 2011,8.5
,,2011 - 2012,17.04
,,2012 - 2013,2.71
,,2013 - 2014,15.0
,,2014 - 2015,11.56
,,2015 - 2016,16.38
,,2016 - 2017,2.01
,,2017 - 2018,1.13
,,2018 - 2019,2.46
,,2019 - 2020,4.38
,,2020 - 2021,20.12
,,2021 - 2022,13.04
,,2022 - 2023,11.23
,Khagaria,2000 - 2001,7.71
,,2005 - 2006,9.86
,,2010 - 2011,8.44
,,2012 - 2013,2.33
,,2013 - 2014,15.33
,,2014 - 2015,13.33
,,2015 - 2016,19.5
,,2019 - 2020,2.0
,,2020 - 2021,13.33
,,2021 - 2022,11.11
,,2022 - 2023,12.04
,Kishanganj,2000 - 2001,7.15
,,2001 - 2002,6.12
,,2002 - 2003,5.72
,,2003 - 2004,6.15
,,2004 - 2005,6.78
,,2005 - 2006,7.77
,,2006 - 2007,6.66
,,2007 - 2008,6.52
,,2008 - 2009,6.49
,,2009 - 2010,5.97
,,2010 - 2011,5.01
,,2011 - 2012,8.66
,,2012 - 2013,1.97
,,2013 - 2014,15.88
,,2014 - 2015,9.78
,,2015 - 2016,14.69
,,2016 - 2017,2.58
,,2017 - 2018,2.13
,,2018 - 2019,2.15
,,2019 - 2020,2.93
,,2020 - 2021,11.21
,,2021 - 2022,10.73
,,2022 - 2023,11.08
,Lakhisarai,2005 - 2006,9.85
,Madhepura,2000 - 2001,9.22
,,2001 - 2002,6.5
,,2002 - 2003,8.17
,,2003 - 2004,10.47
,,2004 - 2005,7.98
,,2005 - 2006,6.65
,,2006 - 2007,9.26
,,2007 - 2008,13.72
,,2008 - 2009,11.39
,,2009 - 2010,5.04
,,2010 - 2011,5.04
,,2011 - 2012,7.22
,,2012 - 2013,1.45
,,2013 - 2014,14.84
,,2014 - 2015,13.78
,,2015 - 2016,22.76
,,2016 - 2017,2.25
,,2017 - 2018,2.35
,,2018 - 2019,3.74
,,2019 - 2020,2.1
,,2020 - 2021,16.5
,,2021 - 2022,11.14
,,2022 - 2023,11.17
,Madhubani,2000 - 2001,4.32
,,2001 - 2002,6.5
,,2002 - 2003,6.58
,,2003 - 2004,5.33
,,2004 - 2005,7.98
,,2005 - 2006,5.03
,,2006 - 2007,4.27
,,2007 - 2008,2.74
,,2008 - 2009,5.8
,,2009 - 2010,7.82
,,2010 - 2011,8.45
,,2011 - 2012,12.4
,,2014 - 2015,13.34
,,2016 - 2017,2.4
,,2017 - 2018,1.5
,,2018 - 2019,1.9
,,2019 - 2020,3.33
,,2021 - 2022,11.11
,Muzaffarpur,2000 - 2001,5.3
,,2001 - 2002,3.26
,,2002 - 2003,4.69
,,2003 - 2004,4.46
,,2004 - 2005,7.98
,,2005 - 2006,5.9
,,2006 - 2007,6.25
,,2007 - 2008,6.42
,,2008 - 2009,6.62
,,2009 - 2010,7.07
,,2010 - 2011,17.19
,,2011 - 2012,12.36
,,2012 - 2013,3.38
,,2013 - 2014,6.59
,,2014 - 2015,12.94
,,2015 - 2016,13.99
,Nalanda,2007 - 2008,9.0
,Nawada,2003 - 2004,7.0
,,2013 - 2014,15.5
,,2014 - 2015,13.29
,,2015 - 2016,14.0
,,2016 - 2017,2.33
,,2017 - 2018,1.5
,,2018 - 2019,2.0
,Pashchim champaran,2002 - 2003,4.68
,,2009 - 2010,7.14
,,2010 - 2011,17.14
,,2013 - 2014,6.57
,,2014 - 2015,12.92
,,2015 - 2016,19.53
,,2016 - 2017,2.33
,Patna,2019 - 2020,2.05
,Purbi champaran,2001 - 2002,3.33
,,2002 - 2003,4.67
,,2003 - 2004,4.5
,,2004 - 2005,8.0
,,2005 - 2006,5.89
,,2006 - 2007,6.22
,,2007 - 2008,6.44
,,2008 - 2009,6.67
,,2009 - 2010,7.0
,,2010 - 2011,17.14
,,2011 - 2012,12.5
,,2012 - 2013,3.0
,Purnia,2000 - 2001,6.64
,,2001 - 2002,6.84
,,2002 - 2003,5.96
,,2003 - 2004,6.86
,,2004 - 2005,9.18
,,2005 - 2006,6.76
,,2006 - 2007,6.6
,,2007 - 2008,7.39
,,2008 - 2009,7.68
,,2009 - 2010,7.34
,,2010 - 2011,7.04
,,2011 - 2012,15.0
,,2012 - 2013,2.8
,,2013 - 2014,16.51
,,2014 - 2015,18.14
,,2015 - 2016,14.78
,,2016 - 2017,3.67
,,2017 - 2018,1.6
,,2018 - 2019,2.27
,,2019 - 2020,3.0
,Rohtas,2001 - 2002,6.5
,,2002 - 2003,6.0
,,2003 - 2004,7.0
,,2010 - 2011,8.5
,,2012 - 2013,2.33
,Saharsa,2000 - 2001,8.31
,,2001 - 2002,6.5
,,2002 - 2003,7.39
,,2003 - 2004,8.37
,,2004 - 2005,7.98
,,2005 - 2006,17.51
,,2006 - 2007,11.5
,,2007 - 2008,11.43
,,2008 - 2009,10.67
,,2009 - 2010,7.81
,,2010 - 2011,10.78
,,2011 - 2012,13.16
,,2014 - 2015,13.82
,,2015 - 2016,22.76
,,2016 - 2017,2.23
,,2017 - 2018,1.44
,,2018 - 2019,1.82
,,2019 - 2020,1.69
,,2020 - 2021,13.19
,,2021 - 2022,11.11
,,2022 - 2023,11.99
,Samastipur,2000 - 2001,4.31
,,2001 - 2002,6.5
,,2002 - 2003,6.58
,,2003 - 2004,5.33
,,2004 - 2005,7.98
,,2005 - 2006,9.85
,,2006 - 2007,4.26
,,2007 - 2008,1.97
,,2008 - 2009,5.8
,,2009 - 2010,7.83
,,2010 - 2011,8.44
,,2013 - 2014,15.26
,,2014 - 2015,13.34
,,2016 - 2017,2.37
,,2017 - 2018,1.48
,,2018 - 2019,1.94
,,2019 - 2020,3.34
,,2020 - 2021,13.16
,,2021 - 2022,11.02
,,2022 - 2023,11.87
,Saran,2000 - 2001,7.71
,,2001 - 2002,6.47
,,2002 - 2003,6.0
,,2003 - 2004,6.94
,,2004 - 2005,7.97
,,2005 - 2006,9.85
,,2007 - 2008,9.26
,,2008 - 2009,8.68
,,2009 - 2010,7.17
,,2010 - 2011,8.43
,,2012 - 2013,2.38
,,2014 - 2015,13.33
,,2015 - 2016,14.0
,,2016 - 2017,2.0
,,2017 - 2018,1.0
,,2018 - 2019,2.0
,Sheohar,2005 - 2006,5.9
,,2006 - 2007,6.33
,,2015 - 2016,19.54
,Sitamarhi,2000 - 2001,5.29
,,2001 - 2002,3.27
,,2002 - 2003,4.69
,,2003 - 2004,4.46
,,2004 - 2005,7.97
,,2005 - 2006,5.89
,,2006 - 2007,6.25
,,2007 - 2008,6.42
,,2008 - 2009,6.62
,,2009 - 2010,7.07
,,2010 - 2011,17.18
,,2011 - 2012,12.36
,,2015 - 2016,19.53
,Siwan,2000 - 2001,7.71
,,2001 - 2002,6.48
,,2002 - 2003,6.0
,,2003 - 2004,6.95
,,2004 - 2005,8.0
,,2005 - 2006,9.85
,,2006 - 2007,8.38
,,2007 - 2008,9.28
,,2008 - 2009,8.67
,,2009 - 2010,7.2
,,2010 - 2011,8.44
,,2012 - 2013,2.33
,,2013 - 2014,15.24
,,2014 - 2015,13.38
,,2016 - 2017,2.4
,,2017 - 2018,1.5
,,2018 - 2019,1.93
,,2019 - 2020,2.07
,,2020 - 2021,13.1
,,2021 - 2022,11.11
,,2022 - 2023,11.91
,Supaul,2000 - 2001,8.15
,,2001 - 2002,6.5
,,2002 - 2003,6.72
,,2003 - 2004,6.82
,,2004 - 2005,7.98
,,2005 - 2006,8.26
,,2006 - 2007,12.96
,,2007 - 2008,10.83
,,2008 - 2009,10.32
,,2009 - 2010,9.56
,,2010 - 2011,15.23
,,2011 - 2012,14.68
,,2012 - 2013,3.0
,,2013 - 2014,14.84
,,2014 - 2015,13.88
,,2015 - 2016,22.76
,,2016 - 2017,2.23
,,2017 - 2018,0.92
,,2018 - 2019,1.39
,,2019 - 2020,1.59
,,2020 - 2021,11.95
,,2021 - 2022,10.91
,,2022 - 2023,12.41
,Vaishali,2000 - 2001,5.29
,,2001 - 2002,3.27
,,2002 - 2003,4.68
,,2003 - 2004,4.47
,,2004 - 2005,7.98
,,2006 - 2007,6.24
,,2007 - 2008,6.42
,,2008 - 2009,6.62
,,2009 - 2010,7.07
,,2010 - 2011,17.19
,,2011 - 2012,12.37
,,2012 - 2013,3.38
,,2013 - 2014,6.6
,,2014 - 2015,12.91
,,2016 - 2017,2.37
,,2017 - 2018,1.48
,,2018 - 2019,1.94
,,2019 - 2020,2.37
,,2020 - 2021,12.49
,,2021 - 2022,9.42
Chhattisgarh,Balod,2011 - 2012,1.88
,,2012 - 2013,2.0
,,2013 - 2014,2.19
,,2014 - 2015,1.69
,,2016 - 2017,2.0
,,2017 - 2018,2.0
,,2018 - 2019,1.67
,Baloda bazar,2011 - 2012,0.0
,,2012 - 2013,2.48
,,2013 - 2014,2.5
,,2014 - 2015,2.35
,,2015 - 2016,2.58
,Balrampur,2011 - 2012,1.89
,,2012 - 2013,1.66
,,2013 - 2014,1.67
,,2014 - 2015,1.71
,,2015 - 2016,1.73
,,2016 - 2017,1.8
,,2017 - 2018,1.83
,,2018 - 2019,1.69
,,2019 - 2020,1.79
,,2020 - 2021,1.91
,,2021 - 2022,8.86
,,2022 - 2023,2.0
,Bastar,2000 - 2001,2.02
,,2001 - 2002,2.42
,,2002 - 2003,2.17
,,2003 - 2004,2.25
,,2004 - 2005,2.25
,,2005 - 2006,2.24
,,2006 - 2007,2.27
,,2007 - 2008,2.46
,,2008 - 2009,1.63
,,2009 - 2010,2.24
,,2010 - 2011,2.54
,,2011 - 2012,2.4
,,2012 - 2013,2.49
,,2013 - 2014,1.88
,,2014 - 2015,2.47
,,2015 - 2016,2.37
,,2016 - 2017,2.4
,,2017 - 2018,2.23
,,2018 - 2019,2.14
,,2019 - 2020,2.0
,,2020 - 2021,1.88
,,2021 - 2022,1.8
,,2022 - 2023,2.0
,Bijapur,2006 - 2007,0.0
,,2007 - 2008,2.6
,,2008 - 2009,1.8
,,2009 - 2010,1.52
,,2010 - 2011,2.15
,,2011 - 2012,2.33
,,2012 - 2013,2.13
,,2013 - 2014,2.33
,,2014 - 2015,0.33
,,2015 - 2016,2.32
,,2016 - 2017,2.25
,,2017 - 2018,1.33
,,2018 - 2019,2.0
,,2019 - 2020,2.0
,,2020 - 2021,1.0
,Bilaspur,2000 - 2001,1.84
,,2001 - 2002,2.05
,,2002 - 2003,2.0
,,2003 - 2004,2.13
,,2004 - 2005,1.78
,,2005 - 2006,2.14
,,2007 - 2008,2.0
,,2008 - 2009,2.0
,,2009 - 2010,2.5
,,2010 - 2011,2.43
,,2019 - 2020,4.0
,,2020 - 2021,1.0
,Dantewada,2000 - 2001,2.09
,,2001 - 2002,2.14
,,2002 - 2003,1.64
,,2003 - 2004,1.98
,,2004 - 2005,1.47
,,2005 - 2006,1.88
,,2006 - 2007,2.26
,,2007 - 2008,2.38
,,2008 - 2009,1.86
,,2009 - 2010,1.51
,,2010 - 2011,2.53
,,2011 - 2012,2.4
,,2012 - 2013,2.13
,,2013 - 2014,2.19
,,2014 - 2015,2.3
,,2015 - 2016,1.69
,,2016 - 2017,2.44
,,2017 - 2018,1.28
,,2018 - 2019,2.37
,,2019 - 2020,2.0
,,2020 - 2021,2.0
,,2021 - 2022,2.71
,,2022 - 2023,0.5
,Dhamtari,2000 - 2001,3.11
,,2001 - 2002,2.71
,,2002 - 2003,2.07
,,2003 - 2004,2.5
,,2004 - 2005,2.49
,,2005 - 2006,2.5
,,2006 - 2007,2.49
,,2007 - 2008,2.5
,,2008 - 2009,2.49
,,2009 - 2010,2.5
,,2010 - 2011,2.51
,,2011 - 2012,2.49
,,2012 - 2013,2.49
,,2013 - 2014,2.5
,,2014 - 2015,2.48
,,2015 - 2016,2.49
,,2016 - 2017,2.5
,,2017 - 2018,2.48
,,2018 - 2019,2.44
,,2019 - 2020,2.6
,,2020 - 2021,2.8
,Durg,2000 - 2001,2.0
,,2001 - 2002,2.0
,,2002 - 2003,1.9
,,2003 - 2004,2.12
,,2004 - 2005,1.79
,,2005 - 2006,2.18
,,2006 - 2007,1.9
,,2007 - 2008,2.02
,,2008 - 2009,2.0
,,2009 - 2010,2.0
,,2010 - 2011,2.33
,Gariyaband,2011 - 2012,0.0
,,2012 - 2013,3.0
,,2013 - 2014,2.5
,,2014 - 2015,2.38
,,2015 - 2016,2.0
,,2016 - 2017,3.0
,Janjgir-champa,2000 - 2001,1.82
,,2001 - 2002,1.71
,,2002 - 2003,1.7
,,2003 - 2004,2.5
,,2004 - 2005,1.74
,,2005 - 2006,2.08
,,2006 - 2007,2.14
,,2007 - 2008,2.14
,,2009 - 2010,2.67
,Jashpur,2000 - 2001,1.59
,,2001 - 2002,1.9
,,2004 - 2005,1.83
,,2005 - 2006,1.82
,,2006 - 2007,1.76
,,2007 - 2008,1.65
,,2008 - 2009,1.77
,,2009 - 2010,1.6
,,2010 - 2011,1.67
,,2011 - 2012,2.0
,,2012 - 2013,1.8
,,2013 - 2014,1.9
,,2014 - 2015,1.89
,,2015 - 2016,1.91
,,2016 - 2017,1.86
,,2017 - 2018,1.94
,,2018 - 2019,1.79
,,2019 - 2020,1.75
,,2020 - 2021,2.0
,,2021 - 2022,0.45
,,2022 - 2023,2.1
,Kabirdham,2000 - 2001,1.0
,,2001 - 2002,2.0
,,2012 - 2013,2.0
,Kanker,2000 - 2001,2.31
,,2001 - 2002,2.71
,,2002 - 2003,1.45
,,2003 - 2004,2.71
,,2004 - 2005,2.03
,,2007 - 2008,2.54
,,2008 - 2009,2.36
,,2009 - 2010,2.15
,,2010 - 2011,3.0
,,2011 - 2012,2.35
,,2017 - 2018,1.0
,Kondagaon,2011 - 2012,2.36
,,2012 - 2013,2.0
,,2014 - 2015,0.5
,,2015 - 2016,2.25
,,2016 - 2017,2.25
,,2017 - 2018,2.0
,,2018 - 2019,2.0
,,2019 - 2020,2.5
,,2020 - 2021,2.33
,,2021 - 2022,2.5
,,2022 - 2023,2.5
,Korba,2000 - 2001,2.13
,,2001 - 2002,2.17
,,2002 - 2003,1.76
,,2003 - 2004,1.77
,,2004 - 2005,1.56
,,2005 - 2006,1.97
,,2006 - 2007,1.75
,,2007 - 2008,1.83
,,2008 - 2009,2.14
,,2009 - 2010,1.91
,,2010 - 2011,2.3
,,2011 - 2012,2.53
,,2012 - 2013,2.12
,,2013 - 2014,2.12
,,2014 - 2015,2.53
,,2015 - 2016,2.11
,,2016 - 2017,2.52
,,2017 - 2018,2.54
,,2018 - 2019,2.36
,,2019 - 2020,2.33
,,2020 - 2021,2.0
,Korea,2000 - 2001,1.85
,,2001 - 2002,1.93
,,2002 - 2003,1.76
,,2003 - 2004,1.76
,,2004 - 2005,1.57
,,2005 - 2006,1.7
,,2006 - 2007,1.61
,,2007 - 2008,1.51
,,2008 - 2009,1.89
,,2009 - 2010,1.54
,,2010 - 2011,1.67
,,2011 - 2012,1.98
,,2012 - 2013,1.73
,,2013 - 2014,1.82
,,2014 - 2015,1.64
,,2015 - 2016,1.42
,,2016 - 2017,1.16
,,2017 - 2018,1.89
,,2018 - 2019,1.85
,,2019 - 2020,1.67
,,2020 - 2021,1.36
,,2021 - 2022,0.75
,,2022 - 2023,1.58
,Mahasamund,2000 - 2001,2.06
,,2001 - 2002,2.53
,,2002 - 2003,2.09
,,2003 - 2004,2.1
,,2004 - 2005,2.0
,,2005 - 2006,2.06
,,2007 - 2008,2.46
,,2008 - 2009,2.5
,,2009 - 2010,2.5
,,2010 - 2011,2.48
,,2011 - 2012,2.25
,,2012 - 2013,2.57
,,2013 - 2014,2.51
,,2014 - 2015,2.57
,,2015 - 2016,2.52
,,2016 - 2017,3.0
,,2017 - 2018,2.0
,,2021 - 2022,0.5
,,2022 - 2023,1.0
,Manendragarh chirimiri bharatpur,2022 - 2023,1.57
,Narayanpur,2005 - 2006,2.89
,Raigarh,2000 - 2001,1.66
,,2001 - 2002,1.86
,,2002 - 2003,1.67
,,2003 - 2004,1.82
,,2004 - 2005,1.7
,,2005 - 2006,1.82
,,2006 - 2007,1.73
,,2007 - 2008,1.91
,,2008 - 2009,1.88
,,2009 - 2010,1.89
,,2010 - 2011,1.89
,,2011 - 2012,1.98
,,2012 - 2013,1.95
,,2013 - 2014,1.9
,,2014 - 2015,2.05
,,2015 - 2016,2.03
,,2016 - 2017,2.05
,,2017 - 2018,1.97
,,2018 - 2019,1.95
,,2019 - 2020,2.0
,,2020 - 2021,2.0
,Raipur,2001 - 2002,2.5
,,2002 - 2003,2.19
,,2003 - 2004,2.13
,,2004 - 2005,2.0
,,2005 - 2006,2.0
,,2006 - 2007,2.0
,,2007 - 2008,2.17
,,2008 - 2009,2.13
,,2009 - 2010,2.0
,,2010 - 2011,2.5
,,2013 - 2014,2.5
,,2014 - 2015,3.0
,,2017 - 2018,0.0
,,2018 - 2019,0.0
,,2019 - 2020,3.0
,Rajnandgaon,2000 - 2001,1.79
,,2001 - 2002,1.86
,,2002 - 2003,1.98
,,2003 - 2004,1.91
,,2004 - 2005,1.88
,,2005 - 2006,1.94
,,2006 - 2007,1.96
,,2007 - 2008,1.85
,,2008 - 2009,1.97
,,2009 - 2010,1.96
,,2010 - 2011,2.14
,,2011 - 2012,1.8
,,2012 - 2013,1.63
,,2013 - 2014,1.8
,,2014 - 2015,1.98
,,2015 - 2016,2.06
,,2016 - 2017,2.3
,,2017 - 2018,2.33
,,2018 - 2019,1.9
,,2022 - 2023,0.5
,Sukma,2011 - 2012,2.33
,,2012 - 2013,2.07
,,2013 - 2014,2.13
,,2014 - 2015,2.36
,,2015 - 2016,2.36
,,2016 - 2017,1.9
,,2017 - 2018,2.15
,,2018 - 2019,2.25
,,2020 - 2021,2.33
,,2021 - 2022,1.0
,,2022 - 2023,2.0
,Surajpur,2011 - 2012,1.89
,,2012 - 2013,1.57
,,2013 - 2014,1.57
,,2014 - 2015,1.57
,,2015 - 2016,1.73
,,2016 - 2017,1.16
,,2017 - 2018,1.82
,,2018 - 2019,2.04
,,2019 - 2020,2.2
,,2020 - 2021,2.25
,,2021 - 2022,0.53
,,2022 - 2023,1.74
,Surguja,2000 - 2001,1.85
,,2001 - 2002,1.95
,,2002 - 2003,1.76
,,2003 - 2004,1.83
,,2004 - 2005,1.7
,,2005 - 2006,1.89
,,2006 - 2007,1.98
,,2007 - 2008,1.92
,,2008 - 2009,1.89
,,2009 - 2010,1.54
,,2010 - 2011,1.67
,,2011 - 2012,1.89
,,2012 - 2013,1.67
,,2013 - 2014,1.64
,,2014 - 2015,1.63
,,2015 - 2016,1.79
,,2016 - 2017,1.82
,,2017 - 2018,1.89
,,2018 - 2019,2.08
,,2019 - 2020,2.05
,,2020 - 2021,2.13
,,2021 - 2022,0.98
,,2022 - 2023,1.94
Karnataka,Bagalkot,2000 - 2001,1.89
,,2001 - 2002,2.0
,,2002 - 2003,1.86
,,2003 - 2004,1.91
,,2004 - 2005,1.91
,,2005 - 2006,
,,2006 - 2007,
,,2007 - 2008,
,,2008 - 2009,
,,2009 - 2010,
,,2010 - 2011,
,,2011 - 2012,
,Bangalore rural,2018 - 2019,
,,2019 - 2020,
,Belgaum,2000 - 2001,2.14
,,2001 - 2002,2.14
,,2002 - 2003,2.17
,,2003 - 2004,2.14
,,2004 - 2005,2.11
,,2005 - 2006,
,,2006 - 2007,
,,2007 - 2008,
,,2008 - 2009,
,,2009 - 2010,
,,2010 - 2011,
,,2011 - 2012,
,,2012 - 2013,
,,2013 - 2014,
,,2014 - 2015,
,,2018 - 2019,
,,2019 - 2020,
,,2020 - 2021,
,Bellary,2008 - 2009,
,,2010 - 2011,
,,2011 - 2012,
,,2012 - 2013,
,,2013 - 2014,
,,2018 - 2019,
,,2019 - 2020,
,,2020 - 2021,
,,2022 - 2023,
,Bidar,2000 - 2001,0.73
,,2001 - 2002,0.73
,,2002 - 2003,0.72
,,2003 - 2004,0.72
,,2004 - 2005,0.72
,,2005 - 2006,
,,2006 - 2007,
,,2007 - 2008,
,,2008 - 2009,
,,2009 - 2010,
,,2010 - 2011,
,,2011 - 2012,
,,2012 - 2013,
,,2013 - 2014,
,,2014 - 2015,
,,2015 - 2016,
,,2016 - 2017,
,,2018 - 2019,
,,2019 - 2020,
,,2020 - 2021,
,,2022 - 2023,
,Bijapur,2016 - 2017,
,,2018 - 2019,
,,2019 - 2020,
,Chikmagalur,2020 - 2021,
,Chitradurga,2020 - 2021,
,Davangere,2001 - 2002,1.0
,,2018 - 2019,
,Dharwad,2000 - 2001,2.71
,,2001 - 2002,2.5
,,2002 - 2003,2.67
,,2006 - 2007,
,,2007 - 2008,
,,2009 - 2010,
,,2010 - 2011,
,,2011 - 2012,
,,2020 - 2021,
,Gadag,2018 - 2019,
,,2020 - 2021,
,Gulbarga,2000 - 2001,1.85
,,2001 - 2002,1.85
,,2002 - 2003,1.83
,,2003 - 2004,1.83
,,2004 - 2005,1.83
,,2005 - 2006,
,,2006 - 2007,
,,2007 - 2008,
,,2008 - 2009,
,,2009 - 2010,
,,2010 - 2011,
,,2011 - 2012,
,,2012 - 2013,
,,2013 - 2014,
,,2015 - 2016,
,,2016 - 2017,
,,2017 - 2018,
,,2018 - 2019,
,,2019 - 2020,
,,2020 - 2021,
,,2022 - 2023,
,Hassan,2019 - 2020,
,,2022 - 2023,
,Haveri,2001 - 2002,3.0
,,2002 - 2003,3.0
,,2006 - 2007,
,Koppal,2005 - 2006,
,,2018 - 2019,
,,2019 - 2020,
,,2020 - 2021,
,,2022 - 2023,
,Mandya,2018 - 2019,
,,2019 - 2020,
,,2020 - 2021,
,Mysore,2014 - 2015,
,Raichur,2018 - 2019,
,,2019 - 2020,
,,2020 - 2021,
,Shimoga,2000 - 2001,1.0
,Uttar kannad,2000 - 2001,2.33
,,2001 - 2002,2.33
,,2002 - 2003,2.0
,,2003 - 2004,2.0
,,2004 - 2005,2.0
,Yadgir,2010 - 2011,
,,2011 - 2012,
,,2012 - 2013,
,,2022 - 2023,
Madhya Pradesh,Alirajpur,2009 - 2010,
,,2010 - 2011,
,,2011 - 2012,1.22
,,2012 - 2013,0.24
,,2013 - 2014,1.52
,,2018 - 2019,0.18
,,2019 - 2020,0.33
,Anuppur,2006 - 2007,2.33
,,2019 - 2020,0.4
,Ashoknagar,2019 - 2020,0.25
,Balaghat,2006 - 2007,3.31
,,2009 - 2010,
,,2010 - 2011,
,,2011 - 2012,2.77
,,2012 - 2013,0.53
,,2013 - 2014,3.05
,,2016 - 2017,0.76
,Barwani,2006 - 2007,1.37
,,2009 - 2010,
,,2010 - 2011,
,,2011 - 2012,1.14
,,2012 - 2013,0.37
,,2013 - 2014,1.71
,,2019 - 2020,0.25
,Betul,2016 - 2017,0.67
,,2019 - 2020,0.25
,Bhind,2019 - 2020,0.21
,Burhanpur,2018 - 2019,0.25
,,2019 - 2020,0.48
,Chhatarpur,2006 - 2007,1.5
,,2016 - 2017,0.0
,,2018 - 2019,0.45
,,2019 - 2020,0.5
,Chhindwara,2006 - 2007,2.83
,,2016 - 2017,0.67
,,2017 - 2018,1.2
,,2019 - 2020,0.51
,Damoh,2016 - 2017,0.74
,Datia,2006 - 2007,1.5
,,2009 - 2010,
,,2012 - 2013,0.33
,,2019 - 2020,0.5
,Dewas,2006 - 2007,1.5
,,2009 - 2010,
,,2010 - 2011,
,,2011 - 2012,1.7
,,2012 - 2013,0.33
,,2013 - 2014,1.7
,Dhar,2018 - 2019,0.54
,,2019 - 2020,0.5
,Dindori,2019 - 2020,0.33
,Gwalior,2019 - 2020,0.0
,Harda,2016 - 2017,0.8
,,2019 - 2020,0.25
,Hoshangabad,2017 - 2018,0.9
,,2019 - 2020,0.29
,Indore,2018 - 2019,0.35
,,2019 - 2020,0.5
,Jabalpur,2003 - 2004,2.32
,,2016 - 2017,0.71
,,2019 - 2020,0.5
,Jhabua,2006 - 2007,1.67
,,2019 - 2020,0.5
,Katni,2003 - 2004,1.83
,,2006 - 2007,1.0
,,2016 - 2017,0.67
,Khandwa,2006 - 2007,2.25
,,2009 - 2010,
,,2012 - 2013,0.33
,,2013 - 2014,1.5
,,2019 - 2020,0.24
,Khargone,2006 - 2007,2.24
,,2009 - 2010,
,,2010 - 2011,
,,2011 - 2012,1.8
,,2012 - 2013,0.36
,,2013 - 2014,1.93
,,2018 - 2019,0.36
,Mandla,2016 - 2017,0.75
,,2019 - 2020,0.46
,Mandsaur,2019 - 2020,1.0
,Morena,2019 - 2020,0.17
,Narsinghpur,2016 - 2017,0.73
,,2019 - 2020,0.83
,Neemuch,2019 - 2020,0.5
,Panna,2006 - 2007,1.11
,,2009 - 2010,
,,2010 - 2011,
,,2011 - 2012,0.77
,,2012 - 2013,0.22
,,2013 - 2014,1.19
,,2016 - 2017,0.75
,,2019 - 2020,1.0
,Raisen,2006 - 2007,1.79
,,2009 - 2010,
,,2019 - 2020,0.0
,Rajgarh,2016 - 2017,0.73
,,2019 - 2020,0.0
,Rewa,2006 - 2007,2.17
,,2009 - 2010,
,,2010 - 2011,
,,2011 - 2012,1.49
,,2012 - 2013,0.29
,,2013 - 2014,2.74
,,2016 - 2017,0.5
,,2017 - 2018,1.15
,,2019 - 2020,0.43
,Sagar,2016 - 2017,0.5
,,2019 - 2020,0.57
,Satna,2006 - 2007,1.56
,,2012 - 2013,0.0
,,2013 - 2014,1.5
,,2019 - 2020,0.33
,Sehore,2016 - 2017,0.73
,Seoni,2006 - 2007,2.69
,,2009 - 2010,
,,2010 - 2011,
,,2011 - 2012,2.25
,,2012 - 2013,0.63
,,2013 - 2014,3.86
,,2019 - 2020,0.44
,Shahdol,2006 - 2007,2.36
,,2009 - 2010,
,,2010 - 2011,
,,2011 - 2012,1.45
,,2012 - 2013,0.33
,,2013 - 2014,2.27
,Sheopur,2019 - 2020,0.33
,Shivpuri,2019 - 2020,0.0
,Sidhi,2006 - 2007,1.97
,,2009 - 2010,
,,2010 - 2011,
,,2011 - 2012,1.0
,,2012 - 2013,0.5
,,2013 - 2014,3.0
,,2019 - 2020,1.0
,Singrauli,2009 - 2010,
,,2018 - 2019,0.36
,,2019 - 2020,0.59
,Tikamgarh,2006 - 2007,1.59
,,2009 - 2010,
,,2010 - 2011,
,,2011 - 2012,1.0
,Ujjain,2010 - 2011,
,Vidisha,2016 - 2017,0.71
,,2019 - 2020,0.5
Meghalaya,East garo hills,2000 - 2001,4.59
,,2001 - 2002,4.6
,,2002 - 2003,5.0
,,2003 - 2004,4.6
,,2004 - 2005,4.57
,,2005 - 2006,4.57
,,2006 - 2007,4.59
,,2007 - 2008,4.67
,,2008 - 2009,4.57
,,2009 - 2010,4.57
,,2010 - 2011,4.56
,,2011 - 2012,4.59
,,2012 - 2013,6.28
,,2013 - 2014,6.16
,,2014 - 2015,6.21
,,2015 - 2016,6.13
,,2016 - 2017,6.8
,,2017 - 2018,6.8
,,2018 - 2019,6.81
,,2019 - 2020,6.82
,,2020 - 2021,6.83
,,2021 - 2022,6.83
,,2022 - 2023,6.0
,North garo hills,2013 - 2014,6.35
,,2014 - 2015,6.42
,,2015 - 2016,6.64
,,2016 - 2017,6.91
,,2017 - 2018,6.92
,,2018 - 2019,6.92
,,2019 - 2020,6.94
,,2020 - 2021,6.96
,,2021 - 2022,6.96
,,2022 - 2023,4.47
,South garo hills,2000 - 2001,4.62
,,2001 - 2002,4.59
,,2002 - 2003,4.59
,,2003 - 2004,4.59
,,2004 - 2005,4.53
,,2005 - 2006,4.56
,,2006 - 2007,4.55
,,2007 - 2008,4.56
,,2008 - 2009,4.56
,,2009 - 2010,4.56
,,2010 - 2011,4.55
,,2011 - 2012,4.6
,,2012 - 2013,5.96
,,2013 - 2014,5.99
,,2014 - 2015,5.98
,,2015 - 2016,5.98
,,2016 - 2017,5.99
,,2017 - 2018,5.99
,,2018 - 2019,5.99
,,2019 - 2020,6.0
,,2020 - 2021,6.0
,,2021 - 2022,6.0
,,2022 - 2023,5.76
,South west garo hills,2013 - 2014,5.99
,,2014 - 2015,6.03
,,2015 - 2016,6.04
,,2016 - 2017,6.04
,,2017 - 2018,6.05
,,2018 - 2019,6.05
,,2019 - 2020,6.05
,,2020 - 2021,6.05
,,2021 - 2022,6.05
,,2022 - 2023,6.05
,West garo hills,2000 - 2001,4.61
,,2001 - 2002,5.69
,,2002 - 2003,4.53
,,2003 - 2004,4.53
,,2004 - 2005,4.53
,,2005 - 2006,4.56
,,2006 - 2007,4.56
,,2007 - 2008,4.56
,,2008 - 2009,4.56
,,2009 - 2010,4.39
,,2010 - 2011,4.39
,,2011 - 2012,4.43
,,2012 - 2013,5.79
,,2013 - 2014,5.72
,,2014 - 2015,5.71
,,2015 - 2016,5.73
,,2016 - 2017,5.74
,,2017 - 2018,5.74
,,2018 - 2019,5.74
,,2019 - 2020,5.75
,,2020 - 2021,5.75
,,2021 - 2022,5.75
,,2022 - 2023,5.75
Nagaland,Chumoukedima,2022 - 2023,1.22
,Dimapur,2009 - 2010,1.03
,,2010 - 2011,1.88
,,2011 - 2012,2.0
,,2012 - 2013,1.11
,,2013 - 2014,1.15
,,2014 - 2015,1.15
,,2015 - 2016,1.15
,,2016 - 2017,1.11
,,2017 - 2018,1.11
,,2018 - 2019,1.11
,,2019 - 2020,1.11
,,2020 - 2021,1.11
,,2021 - 2022,1.0
,,2022 - 2023,1.23
,Kiphire,2009 - 2010,0.88
,,2010 - 2011,2.0
,,2011 - 2012,1.75
,,2012 - 2013,1.17
,,2013 - 2014,1.17
,,2014 - 2015,1.17
,,2015 - 2016,1.17
,,2016 - 2017,1.0
,,2017 - 2018,1.0
,,2018 - 2019,1.0
,,2019 - 2020,1.03
,,2020 - 2021,1.06
,,2022 - 2023,1.24
,Kohima,2009 - 2010,0.91
,,2010 - 2011,1.86
,,2011 - 2012,1.86
,,2012 - 2013,1.09
,,2013 - 2014,1.09
,,2014 - 2015,1.09
,,2015 - 2016,1.09
,,2016 - 2017,1.09
,,2017 - 2018,1.09
,,2018 - 2019,1.08
,,2019 - 2020,1.11
,,2020 - 2021,1.11
,,2021 - 2022,1.0
,,2022 - 2023,1.22
,Longleng,2009 - 2010,0.8
,,2010 - 2011,1.83
,,2011 - 2012,1.67
,,2012 - 2013,1.0
,,2013 - 2014,1.0
,,2014 - 2015,1.0
,,2015 - 2016,1.0
,,2016 - 2017,1.0
,,2017 - 2018,1.0
,,2018 - 2019,1.0
,,2019 - 2020,1.02
,,2020 - 2021,1.04
,,2022 - 2023,1.22
,Mokokchung,2009 - 2010,1.0
,,2010 - 2011,2.0
,,2011 - 2012,1.83
,,2012 - 2013,1.1
,,2013 - 2014,1.09
,,2014 - 2015,1.08
,,2015 - 2016,1.08
,,2016 - 2017,1.15
,,2017 - 2018,1.07
,,2018 - 2019,1.07
,,2019 - 2020,1.09
,,2020 - 2021,1.1
,,2021 - 2022,1.0
,,2022 - 2023,1.22
,Mon,2009 - 2010,1.05
,,2010 - 2011,1.88
,,2011 - 2012,1.88
,,2012 - 2013,1.11
,,2013 - 2014,1.11
,,2014 - 2015,1.11
,,2015 - 2016,1.11
,,2016 - 2017,1.1
,,2017 - 2018,1.1
,,2018 - 2019,1.1
,,2019 - 2020,1.11
,,2020 - 2021,1.11
,,2022 - 2023,1.24
,Noklak,2021 - 2022,1.0
,,2022 - 2023,1.19
,Nuiland,2022 - 2023,1.23
,Peren,2009 - 2010,1.05
,,2010 - 2011,1.88
,,2011 - 2012,1.94
,,2012 - 2013,1.14
,,2013 - 2014,1.14
,,2014 - 2015,1.14
,,2015 - 2016,1.14
,,2016 - 2017,1.14
,,2017 - 2018,1.14
,,2018 - 2019,1.14
,,2019 - 2020,1.12
,,2020 - 2021,1.12
,,2022 - 2023,1.24
,Phek,2009 - 2010,1.04
,,2010 - 2011,1.87
,,2011 - 2012,1.92
,,2012 - 2013,1.14
,,2013 - 2014,1.14
,,2014 - 2015,1.14
,,2015 - 2016,1.14
,,2016 - 2017,1.17
,,2017 - 2018,1.13
,,2018 - 2019,1.13
,,2019 - 2020,1.11
,,2020 - 2021,1.11
,,2021 - 2022,1.5
,,2022 - 2023,1.21
,Shamator,2022 - 2023,1.21
,Tseminyu,2022 - 2023,1.24
,Tuensang,2009 - 2010,1.0
,,2010 - 2011,1.93
,,2011 - 2012,1.93
,,2012 - 2013,1.13
,,2013 - 2014,1.13
,,2014 - 2015,1.13
,,2015 - 2016,1.13
,,2016 - 2017,1.13
,,2017 - 2018,1.13
,,2018 - 2019,1.13
,,2019 - 2020,1.11
,,2020 - 2021,1.11
,,2021 - 2022,1.0
,,2022 - 2023,1.25
,Wokha,2009 - 2010,1.0
,,2010 - 2011,1.94
,,2011 - 2012,1.94
,,2012 - 2013,1.1
,,2013 - 2014,1.1
,,2014 - 2015,1.1
,,2015 - 2016,1.1
,,2016 - 2017,1.14
,,2017 - 2018,1.14
,,2018 - 2019,1.14
,,2019 - 2020,1.12
,,2020 - 2021,1.12
,,2021 - 2022,1.0
,,2022 - 2023,1.25
,Zunheboto,2009 - 2010,1.0
,,2010 - 2011,2.05
,,2011 - 2012,1.95
,,2012 - 2013,1.05
,,2013 - 2014,1.05
,,2014 - 2015,1.05
,,2015 - 2016,1.05
,,2016 - 2017,1.05
,,2017 - 2018,1.1
,,2018 - 2019,1.1
,,2019 - 2020,1.1
,,2020 - 2021,1.11
,,2021 - 2022,1.0
,,2022 - 2023,1.23
Odisha,Anugul,2000 - 2001,6.06
,,2019 - 2020,5.0
,Balangir,2000 - 2001,3.16
,,2019 - 2020,4.6
,Baleshwar,2000 - 2001,3.5
,Bargarh,2000 - 2001,3.25
,,2019 - 2020,4.67
,Boudh,2000 - 2001,2.32
,,2019 - 2020,5.0
,Cuttack,2000 - 2001,6.0
,,2019 - 2020,4.83
,Deogarh,2000 - 2001,3.33
,,2019 - 2020,4.6
,Dhenkanal,2000 - 2001,5.95
,,2019 - 2020,5.25
,Gajapati,2000 - 2001,4.44
,,2019 - 2020,4.75
,Ganjam,2000 - 2001,3.22
,,2019 - 2020,5.04
,Jajapur,2000 - 2001,2.78
,Jharsuguda,2000 - 2001,3.19
,,2019 - 2020,3.33
,Kalahandi,2000 - 2001,4.33
,,2019 - 2020,5.5
,Kandhamal,2000 - 2001,2.06
,,2019 - 2020,5.5
,Kendujhar,2000 - 2001,5.46
,,2019 - 2020,5.39
,Khordha,2000 - 2001,3.07
,Koraput,2000 - 2001,3.55
,,2019 - 2020,5.15
,Malkangiri,2019 - 2020,4.86
,Mayurbhanj,2000 - 2001,4.12
,,2019 - 2020,4.83
,Nabarangpur,2000 - 2001,4.73
,,2019 - 2020,4.88
,Nayagarh,2000 - 2001,4.11
,,2019 - 2020,4.93
,Nuapada,2000 - 2001,2.22
,,2019 - 2020,4.79
,Rayagada,2000 - 2001,4.0
,,2019 - 2020,5.25
,Sambalpur,2000 - 2001,3.53
,,2019 - 2020,4.0
,Sonepur,2000 - 2001,2.42
,,2019 - 2020,4.4
,Sundargarh,2000 - 2001,6.88
,,2019 - 2020,5.0
Rajasthan,Chittorgarh,2001 - 2002,1.0
,Dholpur,2012 - 2013,0.5
,Dungarpur,2000 - 2001,0.14
,,2001 - 2002,0.09
,,2002 - 2003,0.0
,,2009 - 2010,0.0
,,2011 - 2012,0.0
,,2012 - 2013,0.6
,,2014 - 2015,0.0
,Jalore,2007 - 2008,0.0
,Sirohi,2000 - 2001,0.8
,,2002 - 2003,0.0
Tamil Nadu,Erode,2000 - 2001,4.0
,Nagapattinam,2000 - 2001,4.67
,Namakkal,2000 - 2001,4.0
,Salem,2000 - 2001,0.0
,,2005 - 2006,0.0
,Tiruchirappalli,2000 - 2001,4.68
,Villupuram,2000 - 2001,4.75
Telangana,Adilabad,2005 - 2006,9.14
,,2009 - 2010,8.31
,Khammam,2000 - 2001,8.81
,,2009 - 2010,8.31
,,2010 - 2011,8.96
,,2011 - 2012,0.0
,,2013 - 2014,9.14
,,2014 - 2015,7.14
,Mahbubnagar,2000 - 2001,8.83
,,2001 - 2002,8.51
,,2002 - 2003,7.56
,,2003 - 2004,7.95
,,2004 - 2005,8.56
,,2005 - 2006,9.13
,Medak,2000 - 2001,8.82
,,2001 - 2002,8.52
,,2002 - 2003,7.54
,,2003 - 2004,7.95
,,2004 - 2005,8.57
,,2005 - 2006,9.13
,,2013 - 2014,9.17
,Nalgonda,2000 - 2001,8.75
,,2001 - 2002,8.5
,Nizamabad,2000 - 2001,8.84
,,2001 - 2002,8.21
,,2002 - 2003,7.56
,,2006 - 2007,8.79
,Rangareddi,2002 - 2003,8.0
,,2010 - 2011,8.95
,,2011 - 2012,7.76
,Warangal,2001 - 2002,8.5
,,2004 - 2005,8.55
,,2005 - 2006,9.14
,,2006 - 2007,8.78
,,2009 - 2010,8.31
Tripura,Dhalai,2004 - 2005,8.18
,,2005 - 2006,7.33
,,2006 - 2007,7.1
,,2007 - 2008,6.11
,,2008 - 2009,7.26
,,2009 - 2010,6.16
,,2010 - 2011,8.19
,,2011 - 2012,8.16
,,2012 - 2013,8.18
,,2013 - 2014,8.3
,,2014 - 2015,8.65
,,2015 - 2016,8.95
,,2016 - 2017,8.48
,,2017 - 2018,9.89
,,2018 - 2019,9.08
,,2019 - 2020,10.0
,,2020 - 2021,9.8
,,2021 - 2022,9.45
,,2022 - 2023,9.76
,Gomati,2012 - 2013,7.61
,,2013 - 2014,7.92
,,2014 - 2015,7.27
,,2015 - 2016,8.1
,,2016 - 2017,8.32
,,2017 - 2018,10.44
,,2018 - 2019,8.68
,,2019 - 2020,9.0
,,2020 - 2021,9.0
,,2021 - 2022,8.94
,,2022 - 2023,8.85
,Khowai,2012 - 2013,7.8
,,2013 - 2014,8.0
,,2014 - 2015,8.4
,,2015 - 2016,8.65
,,2016 - 2017,8.58
,,2017 - 2018,8.76
,,2018 - 2019,8.1
,,2019 - 2020,9.13
,,2020 - 2021,8.71
,,2021 - 2022,8.78
,,2022 - 2023,8.94
,North tripura,2004 - 2005,9.28
,,2005 - 2006,9.13
,,2006 - 2007,9.24
,,2007 - 2008,8.78
,,2008 - 2009,9.28
,,2009 - 2010,8.75
,,2010 - 2011,8.48
,,2011 - 2012,8.11
,,2012 - 2013,8.05
,,2013 - 2014,8.24
,,2014 - 2015,8.18
,,2015 - 2016,9.25
,,2016 - 2017,8.86
,,2017 - 2018,8.74
,,2018 - 2019,7.82
,,2019 - 2020,8.45
,,2020 - 2021,9.0
,,2021 - 2022,9.22
,,2022 - 2023,9.67
,Sepahijala,2012 - 2013,8.42
,,2013 - 2014,7.88
,,2014 - 2015,8.33
,,2015 - 2016,9.0
,,2016 - 2017,8.29
,,2017 - 2018,8.24
,,2018 - 2019,7.06
,,2019 - 2020,6.4
,,2020 - 2021,7.5
,,2021 - 2022,8.0
,,2022 - 2023,6.8
,South tripura,2004 - 2005,6.83
,,2005 - 2006,6.71
,,2006 - 2007,6.69
,,2007 - 2008,6.72
,,2008 - 2009,7.29
,,2009 - 2010,6.39
,,2010 - 2011,8.05
,,2011 - 2012,8.52
,,2012 - 2013,7.64
,,2013 - 2014,7.82
,,2014 - 2015,7.2
,,2015 - 2016,8.15
,,2016 - 2017,8.09
,,2017 - 2018,7.9
,,2018 - 2019,7.56
,,2019 - 2020,7.66
,,2020 - 2021,7.61
,,2021 - 2022,7.62
,,2022 - 2023,7.45
,Unakoti,2012 - 2013,7.83
,,2013 - 2014,9.32
,,2014 - 2015,9.2
,,2015 - 2016,9.48
,,2016 - 2017,9.45
,,2017 - 2018,9.21
,,2018 - 2019,8.59
,,2019 - 2020,9.0
,,2020 - 2021,9.0
,,2021 - 2022,8.73
,,2022 - 2023,8.83
,West tripura,2004 - 2005,7.48
,,2005 - 2006,7.21
,,2006 - 2007,7.4
,,2007 - 2008,8.63
,,2008 - 2009,7.79
,,2009 - 2010,7.84
,,2010 - 2011,7.91
,,2011 - 2012,8.32
,,2012 - 2013,8.05
,,2013 - 2014,7.93
,,2014 - 2015,7.73
,,2015 - 2016,8.4
,,2016 - 2017,7.97
,,2017 - 2018,8.45
,,2018 - 2019,8.28
,,2019 - 2020,8.53
,,2020 - 2021,8.48
,,2021 - 2022,8.44
,,2022 - 2023,8.4
West Bengal,paraganas north,2000 - 2001,8.36
,,2001 - 2002,10.55
,,2002 - 2003,8.6
,,2003 - 2004,8.45
,,2004 - 2005,9.97
,,2005 - 2006,15.14
,,2006 - 2007,13.33
,,2007 - 2008,14.29
,,2008 - 2009,12.38
,,2009 - 2010,14.21
,,2010 - 2011,13.0
,,2011 - 2012,17.29
,,2012 - 2013,14.48
,,2014 - 2015,10.9
,,2015 - 2016,11.8
,,2016 - 2017,14.08
,,2017 - 2018,12.09
,,2018 - 2019,12.18
,,2019 - 2020,17.61
,,2020 - 2021,12.05
,,2021 - 2022,19.94
,,2022 - 2023,19.17
,paraganas south,2005 - 2006,15.0
,,2010 - 2011,9.7
,Alipurduar,2016 - 2017,9.68
,,2017 - 2018,8.98
,,2018 - 2019,11.57
,,2019 - 2020,13.1
,,2020 - 2021,11.88
,,2021 - 2022,10.17
,,2022 - 2023,14.17
,Bankura,2000 - 2001,5.45
,,2001 - 2002,2.84
,,2002 - 2003,12.0
,,2003 - 2004,14.65
,,2004 - 2005,0.67
,,2005 - 2006,10.0
,,2006 - 2007,10.0
,,2010 - 2011,0.27
,,2019 - 2020,4.08
,,2020 - 2021,4.22
,,2021 - 2022,3.0
,,2022 - 2023,4.31
,Birbhum,2007 - 2008,1.0
,,2013 - 2014,13.0
,,2016 - 2017,10.66
,,2019 - 2020,13.08
,,2020 - 2021,11.92
,,2021 - 2022,13.21
,,2022 - 2023,14.2
,Coochbehar,2000 - 2001,8.13
,,2001 - 2002,9.15
,,2002 - 2003,6.92
,,2003 - 2004,7.02
,,2004 - 2005,8.87
,,2005 - 2006,9.2
,,2006 - 2007,7.72
,,2007 - 2008,8.47
,,2008 - 2009,8.97
,,2009 - 2010,13.4
,,2010 - 2011,11.44
,,2011 - 2012,9.6
,,2012 - 2013,11.63
,,2013 - 2014,10.01
,,2014 - 2015,11.85
,,2015 - 2016,11.62
,,2016 - 2017,9.56
,,2017 - 2018,11.51
,,2018 - 2019,14.02
,,2019 - 2020,13.1
,,2020 - 2021,11.88
,,2021 - 2022,11.87
,,2022 - 2023,14.17
,Darjeeling,2001 - 2002,9.0
,,2015 - 2016,12.13
,,2016 - 2017,9.67
,,2017 - 2018,8.96
,,2018 - 2019,11.58
,,2019 - 2020,13.07
,,2020 - 2021,11.92
,,2021 - 2022,10.2
,,2022 - 2023,14.17
,Dinajpur dakshin,2000 - 2001,10.12
,,2001 - 2002,10.94
,,2002 - 2003,13.11
,,2003 - 2004,13.44
,,2004 - 2005,11.82
,,2005 - 2006,13.49
,,2006 - 2007,11.78
,,2007 - 2008,12.41
,,2008 - 2009,14.98
,,2009 - 2010,15.98
,,2010 - 2011,13.8
,,2011 - 2012,12.8
,,2012 - 2013,13.89
,,2013 - 2014,14.62
,,2014 - 2015,13.72
,,2015 - 2016,13.75
,,2016 - 2017,14.03
,,2017 - 2018,13.28
,,2018 - 2019,13.37
,,2019 - 2020,12.87
,,2020 - 2021,12.26
,,2021 - 2022,13.74
,,2022 - 2023,13.11
,Dinajpur uttar,2000 - 2001,6.55
,,2001 - 2002,8.38
,,2002 - 2003,7.72
,,2003 - 2004,9.18
,,2004 - 2005,8.46
,,2005 - 2006,9.02
,,2006 - 2007,7.34
,,2007 - 2008,8.78
,,2008 - 2009,9.49
,,2009 - 2010,10.33
,,2010 - 2011,9.11
,,2011 - 2012,7.73
,,2012 - 2013,8.72
,,2013 - 2014,8.6
,,2014 - 2015,11.81
,,2015 - 2016,8.58
,,2016 - 2017,9.28
,,2017 - 2018,7.78
,,2018 - 2019,8.93
,,2019 - 2020,13.23
,,2020 - 2021,12.3
,,2021 - 2022,9.01
,,2022 - 2023,9.26
,Hooghly,2002 - 2003,12.5
,,2003 - 2004,14.6
,,2012 - 2013,12.49
,,2013 - 2014,13.18
,,2014 - 2015,12.98
,,2015 - 2016,3.04
,,2016 - 2017,10.66
,,2019 - 2020,13.1
,,2020 - 2021,11.88
,,2021 - 2022,13.23
,,2022 - 2023,14.17
,Howrah,2006 - 2007,6.8
,Jalpaiguri,2000 - 2001,7.35
,,2001 - 2002,8.76
,,2002 - 2003,8.68
,,2003 - 2004,9.91
,,2004 - 2005,8.25
,,2005 - 2006,9.28
,,2006 - 2007,10.28
,,2007 - 2008,8.38
,,2008 - 2009,10.88
,,2009 - 2010,10.9
,,2010 - 2011,12.05
,,2011 - 2012,10.4
,,2012 - 2013,10.26
,,2013 - 2014,9.98
,,2014 - 2015,13.43
,,2015 - 2016,11.3
,,2016 - 2017,9.68
,,2018 - 2019,11.57
,,2019 - 2020,13.09
,,2020 - 2021,11.9
,,2021 - 2022,10.18
,,2022 - 2023,14.16
,Jhargram,2018 - 2019,3.94
,,2019 - 2020,4.07
,,2020 - 2021,4.27
,,2021 - 2022,3.0
,,2022 - 2023,4.36
,Maldah,2000 - 2001,7.94
,,2001 - 2002,9.11
,,2002 - 2003,8.84
,,2003 - 2004,9.27
,,2004 - 2005,9.89
,,2005 - 2006,10.93
,,2006 - 2007,9.83
,,2007 - 2008,8.12
,,2008 - 2009,7.05
,,2009 - 2010,13.24
,,2010 - 2011,11.86
,,2011 - 2012,7.63
,,2012 - 2013,8.29
,,2013 - 2014,7.83
,,2014 - 2015,7.25
,,2015 - 2016,12.17
,,2016 - 2017,10.7
,,2017 - 2018,10.22
,,2018 - 2019,12.51
,,2019 - 2020,13.23
,,2020 - 2021,12.3
,,2021 - 2022,11.95
,,2022 - 2023,13.96
,Medinipur east,2005 - 2006,10.19
,Medinipur west,2000 - 2001,5.69
,,2001 - 2002,2.86
,,2003 - 2004,14.65
,,2004 - 2005,0.52
,,2005 - 2006,10.33
,,2012 - 2013,12.49
,Murshidabad,2000 - 2001,7.18
,,2001 - 2002,10.55
,,2002 - 2003,8.6
,,2003 - 2004,8.45
,,2004 - 2005,9.97
,,2005 - 2006,15.14
,,2006 - 2007,6.8
,,2007 - 2008,8.29
,,2008 - 2009,7.09
,,2009 - 2010,10.15
,,2010 - 2011,9.7
,,2012 - 2013,11.92
,,2013 - 2014,13.18
,,2014 - 2015,10.01
,,2015 - 2016,10.91
,,2016 - 2017,10.47
,,2017 - 2018,6.98
,,2018 - 2019,12.51
,,2019 - 2020,13.23
,,2020 - 2021,12.3
,,2021 - 2022,12.93
,,2022 - 2023,13.96
,Nadia,2000 - 2001,7.18
,,2001 - 2002,10.55
,,2002 - 2003,8.6
,,2003 - 2004,8.02
,,2004 - 2005,9.97
,,2005 - 2006,17.08
,,2006 - 2007,6.8
,,2007 - 2008,8.29
,,2008 - 2009,7.09
,,2009 - 2010,10.15
,,2010 - 2011,9.72
,,2011 - 2012,17.07
,,2012 - 2013,11.91
,,2013 - 2014,13.18
,,2014 - 2015,10.9
,,2015 - 2016,13.11
,,2016 - 2017,15.08
,,2017 - 2018,15.86
,,2018 - 2019,12.18
,,2019 - 2020,14.17
,,2020 - 2021,11.88
,,2021 - 2022,15.17
,,2022 - 2023,17.96
,Paschim bardhaman,2021 - 2022,13.2
,,2022 - 2023,14.19
,Purba bardhaman,2000 - 2001,5.71
,,2002 - 2003,12.45
,,2003 - 2004,14.67
,,2004 - 2005,0.52
,,2005 - 2006,10.0
,,2006 - 2007,10.2
,,2008 - 2009,9.17
,,2009 - 2010,11.6
,,2010 - 2011,0.27
,,2011 - 2012,1.0
,,2012 - 2013,12.33
,,2013 - 2014,13.18
,,2014 - 2015,12.99
,,2015 - 2016,3.04
,,2016 - 2017,10.66
,,2017 - 2018,10.14
,,2018 - 2019,12.18
,,2019 - 2020,13.1
,,2020 - 2021,11.88
,,2021 - 2022,13.23
,,2022 - 2023,14.17
,Purulia,2000 - 2001,2.67
,,2001 - 2002,2.84
,,2002 - 2003,12.46
,,2003 - 2004,14.65
,,2004 - 2005,1.53
,,2005 - 2006,10.16
,,2006 - 2007,10.1
,,2007 - 2008,0.61
,,2008 - 2009,0.67
,,2009 - 2010,2.74
,,2010 - 2011,2.0
,,2011 - 2012,1.0
,,2014 - 2015,12.99
,,2015 - 2016,3.33
,,2016 - 2017,3.59
,,2017 - 2018,2.59
,,2018 - 2019,3.28
,,2019 - 2020,3.38
,,2020 - 2021,3.58
,,2021 - 2022,2.51
,,2022 - 2023,3.58
