state,district,year,sunflower_summer_yield_tonne_per_hectare
Andaman and Nicobar Islands,North and middle andaman,2010 - 2011,
,,2015 - 2016,
,,2016 - 2017,
,,2018 - 2019,
,South andamans,2010 - 2011,
Andhra Pradesh,Alluri sitharama raju,2022 - 2023,
,Anakapalli,2022 - 2023,
,Anantapur,2000 - 2001,
,,2001 - 2002,
,,2002 - 2003,
,,2003 - 2004,
,,2004 - 2005,
,,2005 - 2006,
,,2006 - 2007,
,,2007 - 2008,
,,2008 - 2009,
,,2009 - 2010,
,,2010 - 2011,
,,2011 - 2012,
,,2012 - 2013,
,,2013 - 2014,
,,2014 - 2015,
,,2015 - 2016,
,,2016 - 2017,
,,2017 - 2018,
,,2018 - 2019,
,,2019 - 2020,
,,2020 - 2021,
,,2021 - 2022,
,,2022 - 2023,
,Annamayya,2022 - 2023,
,Bapatla,2022 - 2023,
,Chittoor,2000 - 2001,
,,2001 - 2002,
,,2002 - 2003,
,,2003 - 2004,
,,2004 - 2005,
,,2005 - 2006,
,,2006 - 2007,
,,2007 - 2008,
,,2008 - 2009,
,,2009 - 2010,
,,2010 - 2011,
,,2011 - 2012,
,,2012 - 2013,
,,2013 - 2014,
,,2014 - 2015,
,,2015 - 2016,
,,2016 - 2017,
,,2017 - 2018,
,,2018 - 2019,
,,2019 - 2020,
,,2020 - 2021,
,,2021 - 2022,
,,2022 - 2023,
,East godavari,2000 - 2001,
,,2001 - 2002,
,,2002 - 2003,
,,2003 - 2004,
,,2004 - 2005,
,,2005 - 2006,
,,2006 - 2007,
,,2008 - 2009,
,,2009 - 2010,
,,2010 - 2011,
,,2011 - 2012,
,,2013 - 2014,
,,2014 - 2015,
,,2015 - 2016,
,,2016 - 2017,
,,2017 - 2018,
,,2018 - 2019,
,,2019 - 2020,
,,2020 - 2021,
,,2021 - 2022,
,,2022 - 2023,
,Eluru,2022 - 2023,
,Guntur,2002 - 2003,
,,2003 - 2004,
,,2004 - 2005,
,,2005 - 2006,
,,2006 - 2007,
,,2008 - 2009,
,,2009 - 2010,
,,2010 - 2011,
,,2011 - 2012,
,,2013 - 2014,
,,2014 - 2015,
,,2015 - 2016,
,,2018 - 2019,
,,2019 - 2020,
,,2020 - 2021,
,Kadapa,2000 - 2001,
,,2001 - 2002,
,,2002 - 2003,
,,2003 - 2004,
,,2004 - 2005,
,,2005 - 2006,
,,2006 - 2007,
,,2007 - 2008,
,,2008 - 2009,
,,2009 - 2010,
,,2010 - 2011,
,,2011 - 2012,
,,2012 - 2013,
,,2013 - 2014,
,,2014 - 2015,
,,2015 - 2016,
,,2016 - 2017,
,,2017 - 2018,
,,2018 - 2019,
,,2019 - 2020,
,,2020 - 2021,
,,2021 - 2022,
,,2022 - 2023,
,Krishna,2000 - 2001,
,,2001 - 2002,
,,2002 - 2003,
,,2003 - 2004,
,,2004 - 2005,
,,2005 - 2006,
,,2006 - 2007,
,,2008 - 2009,
,,2009 - 2010,
,,2010 - 2011,
,,2011 - 2012,
,,2013 - 2014,
,,2014 - 2015,
,,2015 - 2016,
,,2016 - 2017,
,,2017 - 2018,
,,2018 - 2019,
,,2019 - 2020,
,,2020 - 2021,
,,2021 - 2022,
,Kurnool,2000 - 2001,
,,2001 - 2002,
,,2002 - 2003,
,,2003 - 2004,
,,2004 - 2005,
,,2005 - 2006,
,,2006 - 2007,
,,2007 - 2008,
,,2008 - 2009,
,,2009 - 2010,
,,2010 - 2011,
,,2011 - 2012,
,,2012 - 2013,
,,2013 - 2014,
,,2014 - 2015,
,,2015 - 2016,
,,2016 - 2017,
,,2017 - 2018,
,,2018 - 2019,
,,2019 - 2020,
,,2020 - 2021,
,,2021 - 2022,
,,2022 - 2023,
,Nandyal,2022 - 2023,
,Ntr,2022 - 2023,
,Palnadu,2022 - 2023,
,Parvathipuram manyam,2022 - 2023,
,Prakasam,2000 - 2001,
,,2001 - 2002,
,,2002 - 2003,
,,2003 - 2004,
,,2004 - 2005,
,,2005 - 2006,
,,2006 - 2007,
,,2007 - 2008,
,,2008 - 2009,
,,2009 - 2010,
,,2010 - 2011,
,,2011 - 2012,
,,2012 - 2013,
,,2013 - 2014,
,,2014 - 2015,
,,2015 - 2016,
,,2016 - 2017,
,,2017 - 2018,
,,2018 - 2019,
,,2019 - 2020,
,,2020 - 2021,
,,2021 - 2022,
,,2022 - 2023,
,Spsr nellore,2000 - 2001,
,,2001 - 2002,
,,2002 - 2003,
,,2003 - 2004,
,,2004 - 2005,
,,2005 - 2006,
,,2006 - 2007,
,,2007 - 2008,
,,2008 - 2009,
,,2009 - 2010,
,,2010 - 2011,
,,2011 - 2012,
,,2012 - 2013,
,,2013 - 2014,
,,2014 - 2015,
,,2015 - 2016,
,,2016 - 2017,
,,2017 - 2018,
,,2018 - 2019,
,,2019 - 2020,
,,2020 - 2021,
,,2021 - 2022,
,,2022 - 2023,
,Sri sathya sai,2022 - 2023,
,Srikakulam,2000 - 2001,
,,2001 - 2002,
,,2002 - 2003,
,,2003 - 2004,
,,2004 - 2005,
,,2005 - 2006,
,,2006 - 2007,
,,2007 - 2008,
,,2008 - 2009,
,,2009 - 2010,
,,2010 - 2011,
,,2011 - 2012,
,,2012 - 2013,
,,2013 - 2014,
,,2014 - 2015,
,,2015 - 2016,
,,2016 - 2017,
,,2017 - 2018,
,,2018 - 2019,
,,2019 - 2020,
,,2020 - 2021,
,,2021 - 2022,
,,2022 - 2023,
,Tirupati,2022 - 2023,
,Visakhapatanam,2003 - 2004,
,,2004 - 2005,
,,2005 - 2006,
,,2006 - 2007,
,,2007 - 2008,
,,2008 - 2009,
,,2009 - 2010,
,,2010 - 2011,
,,2011 - 2012,
,,2012 - 2013,
,,2013 - 2014,
,,2014 - 2015,
,,2015 - 2016,
,,2016 - 2017,
,,2017 - 2018,
,,2018 - 2019,
,,2019 - 2020,
,,2020 - 2021,
,,2021 - 2022,
,Vizianagaram,2004 - 2005,
,,2005 - 2006,
,,2006 - 2007,
,,2008 - 2009,
,,2009 - 2010,
,,2010 - 2011,
,,2011 - 2012,
,,2013 - 2014,
,,2014 - 2015,
,,2016 - 2017,
,,2018 - 2019,
,,2019 - 2020,
,,2020 - 2021,
,,2021 - 2022,
,West godavari,2000 - 2001,
,,2001 - 2002,
,,2002 - 2003,
,,2003 - 2004,
,,2004 - 2005,
,,2005 - 2006,
,,2006 - 2007,
,,2007 - 2008,
,,2008 - 2009,
,,2009 - 2010,
,,2010 - 2011,
,,2011 - 2012,
,,2012 - 2013,
,,2013 - 2014,
,,2014 - 2015,
,,2015 - 2016,
,,2016 - 2017,
,,2017 - 2018,
,,2018 - 2019,
,,2019 - 2020,
,,2020 - 2021,
,,2021 - 2022,
Arunachal Pradesh,Changlang,2016 - 2017,
,,2017 - 2018,
,,2018 - 2019,
,,2019 - 2020,
,,2020 - 2021,
,,2021 - 2022,
,,2022 - 2023,
,Dibang valley,2016 - 2017,
,,2017 - 2018,
,,2018 - 2019,
,,2019 - 2020,
,,2020 - 2021,
,,2021 - 2022,
,,2022 - 2023,
,East siang,2016 - 2017,
,,2017 - 2018,
,,2018 - 2019,
,,2019 - 2020,
,,2020 - 2021,
,,2021 - 2022,
,,2022 - 2023,
,Leparada,2019 - 2020,
,,2020 - 2021,
,,2021 - 2022,
,,2022 - 2023,
,Lohit,2016 - 2017,
,,2017 - 2018,
,,2018 - 2019,
,,2019 - 2020,
,,2020 - 2021,
,,2021 - 2022,
,,2022 - 2023,
,Lower dibang valley,2016 - 2017,
,,2017 - 2018,
,,2018 - 2019,
,,2019 - 2020,
,,2020 - 2021,
,,2021 - 2022,
,,2022 - 2023,
,Lower siang,2018 - 2019,
,,2019 - 2020,
,,2020 - 2021,
,,2021 - 2022,
,,2022 - 2023,
,Lower subansiri,2016 - 2017,
,,2017 - 2018,
,,2018 - 2019,
,,2019 - 2020,
,,2020 - 2021,
,,2021 - 2022,
,,2022 - 2023,
,Namsai,2016 - 2017,
,,2017 - 2018,
,,2018 - 2019,
,,2019 - 2020,
,,2020 - 2021,
,,2021 - 2022,
,,2022 - 2023,
,Papum pare,2016 - 2017,
,,2017 - 2018,
,,2018 - 2019,
,,2019 - 2020,
,,2020 - 2021,
,,2021 - 2022,
,,2022 - 2023,
,Shi yomi,2019 - 2020,
,,2020 - 2021,
,,2021 - 2022,
,,2022 - 2023,
,Siang,2016 - 2017,
,,2017 - 2018,
,,2018 - 2019,
,,2019 - 2020,
,,2020 - 2021,
,,2021 - 2022,
,,2022 - 2023,
,West siang,2016 - 2017,
,,2017 - 2018,
,,2018 - 2019,
,,2019 - 2020,
,,2020 - 2021,
,,2021 - 2022,
,,2022 - 2023,
Bihar,Araria,2000 - 2001,
,,2001 - 2002,
,,2002 - 2003,
,,2003 - 2004,
,,2004 - 2005,
,,2005 - 2006,
,,2006 - 2007,
,,2007 - 2008,
,,2008 - 2009,
,,2009 - 2010,
,,2010 - 2011,
,,2011 - 2012,
,,2012 - 2013,
,,2013 - 2014,
,,2014 - 2015,
,,2015 - 2016,
,,2016 - 2017,
,,2017 - 2018,
,,2018 - 2019,
,,2019 - 2020,
,,2021 - 2022,
,,2022 - 2023,
,Arwal,2003 - 2004,
,,2004 - 2005,
,,2005 - 2006,
,,2007 - 2008,
,,2008 - 2009,
,,2009 - 2010,
,,2010 - 2011,
,,2011 - 2012,
,Aurangabad,2000 - 2001,
,,2001 - 2002,
,,2002 - 2003,
,,2003 - 2004,
,,2007 - 2008,
,,2008 - 2009,
,,2009 - 2010,
,Begusarai,2000 - 2001,
,,2001 - 2002,
,,2002 - 2003,
,,2003 - 2004,
,,2004 - 2005,
,,2005 - 2006,
,,2006 - 2007,
,,2007 - 2008,
,,2008 - 2009,
,,2009 - 2010,
,,2010 - 2011,
,,2011 - 2012,
,,2012 - 2013,
,,2013 - 2014,
,,2014 - 2015,
,,2015 - 2016,
,,2016 - 2017,
,,2017 - 2018,
,,2018 - 2019,
,,2019 - 2020,
,,2020 - 2021,
,Bhagalpur,2000 - 2001,
,,2001 - 2002,
,,2002 - 2003,
,,2003 - 2004,
,,2004 - 2005,
,,2005 - 2006,
,,2006 - 2007,
,,2007 - 2008,
,,2008 - 2009,
,,2009 - 2010,
,,2010 - 2011,
,,2011 - 2012,
,,2012 - 2013,
,,2013 - 2014,
,,2014 - 2015,
,,2015 - 2016,
,,2016 - 2017,
,,2017 - 2018,
,,2018 - 2019,
,,2019 - 2020,
,,2020 - 2021,
,,2021 - 2022,
,,2022 - 2023,
,Buxar,2000 - 2001,
,,2001 - 2002,
,,2002 - 2003,
,,2003 - 2004,
,,2004 - 2005,
,,2009 - 2010,
,,2011 - 2012,
,,2012 - 2013,
,,2013 - 2014,
,,2014 - 2015,
,,2015 - 2016,
,,2016 - 2017,
,Darbhanga,2002 - 2003,
,,2003 - 2004,
,,2004 - 2005,
,,2005 - 2006,
,,2007 - 2008,
,,2008 - 2009,
,,2009 - 2010,
,,2010 - 2011,
,,2011 - 2012,
,,2012 - 2013,
,,2013 - 2014,
,,2014 - 2015,
,,2015 - 2016,
,,2016 - 2017,
,,2018 - 2019,
,,2019 - 2020,
,,2020 - 2021,
,,2021 - 2022,
,,2022 - 2023,
,Gaya,2000 - 2001,
,,2001 - 2002,
,,2002 - 2003,
,,2003 - 2004,
,,2004 - 2005,
,,2005 - 2006,
,,2006 - 2007,
,,2007 - 2008,
,,2008 - 2009,
,,2009 - 2010,
,,2010 - 2011,
,,2011 - 2012,
,,2012 - 2013,
,,2013 - 2014,
,,2014 - 2015,
,Gopalganj,2000 - 2001,
,,2001 - 2002,
,,2002 - 2003,
,,2003 - 2004,
,,2004 - 2005,
,,2022 - 2023,
,Jamui,2000 - 2001,
,,2003 - 2004,
,,2006 - 2007,
,Jehanabad,2000 - 2001,
,,2001 - 2002,
,,2002 - 2003,
,,2003 - 2004,
,,2004 - 2005,
,,2005 - 2006,
,,2006 - 2007,
,,2007 - 2008,
,,2008 - 2009,
,,2009 - 2010,
,,2011 - 2012,
,,2012 - 2013,
,,2013 - 2014,
,,2014 - 2015,
,,2015 - 2016,
,,2016 - 2017,
,,2017 - 2018,
,,2018 - 2019,
,,2019 - 2020,
,,2020 - 2021,
,,2021 - 2022,
,Kaimur (bhabua),2001 - 2002,
,,2016 - 2017,
,,2019 - 2020,
,Katihar,2000 - 2001,
,,2001 - 2002,
,,2002 - 2003,
,,2003 - 2004,
,,2004 - 2005,
,,2005 - 2006,
,,2006 - 2007,
,,2007 - 2008,
,,2008 - 2009,
,,2009 - 2010,
,,2010 - 2011,
,,2011 - 2012,
,,2012 - 2013,
,,2014 - 2015,
,,2015 - 2016,
,,2016 - 2017,
,,2017 - 2018,
,,2018 - 2019,
,Khagaria,2000 - 2001,
,,2001 - 2002,
,,2002 - 2003,
,,2003 - 2004,
,,2004 - 2005,
,,2005 - 2006,
,,2006 - 2007,
,,2007 - 2008,
,,2008 - 2009,
,,2009 - 2010,
,,2010 - 2011,
,,2011 - 2012,
,,2012 - 2013,
,,2013 - 2014,
,,2014 - 2015,
,,2015 - 2016,
,,2016 - 2017,
,,2017 - 2018,
,,2018 - 2019,
,,2019 - 2020,
,,2020 - 2021,
,,2021 - 2022,
,,2022 - 2023,
,Kishanganj,2001 - 2002,
,,2013 - 2014,
,Madhepura,2000 - 2001,
,,2001 - 2002,
,,2002 - 2003,
,,2003 - 2004,
,,2004 - 2005,
,,2005 - 2006,
,,2006 - 2007,
,,2007 - 2008,
,,2008 - 2009,
,,2009 - 2010,
,,2010 - 2011,
,,2011 - 2012,
,,2012 - 2013,
,,2013 - 2014,
,,2014 - 2015,
,,2015 - 2016,
,,2016 - 2017,
,,2017 - 2018,
,,2018 - 2019,
,,2019 - 2020,
,,2020 - 2021,
,,2021 - 2022,
,,2022 - 2023,
,Madhubani,2000 - 2001,
,,2001 - 2002,
,,2002 - 2003,
,,2003 - 2004,
,,2004 - 2005,
,,2005 - 2006,
,,2006 - 2007,
,,2007 - 2008,
,,2008 - 2009,
,,2010 - 2011,
,,2011 - 2012,
,,2012 - 2013,
,,2013 - 2014,
,,2015 - 2016,
,,2016 - 2017,
,,2017 - 2018,
,,2018 - 2019,
,,2019 - 2020,
,Munger,2000 - 2001,
,,2001 - 2002,
,,2003 - 2004,
,,2004 - 2005,
,,2005 - 2006,
,,2006 - 2007,
,,2007 - 2008,
,,2008 - 2009,
,Muzaffarpur,2000 - 2001,
,,2001 - 2002,
,,2002 - 2003,
,,2003 - 2004,
,,2004 - 2005,
,,2005 - 2006,
,,2006 - 2007,
,,2007 - 2008,
,,2008 - 2009,
,,2009 - 2010,
,,2010 - 2011,
,,2011 - 2012,
,,2012 - 2013,
,,2013 - 2014,
,,2014 - 2015,
,,2015 - 2016,
,,2016 - 2017,
,,2017 - 2018,
,,2018 - 2019,
,,2019 - 2020,
,Nalanda,2000 - 2001,
,,2001 - 2002,
,,2002 - 2003,
,,2003 - 2004,
,,2004 - 2005,
,,2005 - 2006,
,,2006 - 2007,
,,2007 - 2008,
,,2008 - 2009,
,,2009 - 2010,
,,2010 - 2011,
,,2011 - 2012,
,,2012 - 2013,
,,2013 - 2014,
,,2014 - 2015,
,,2015 - 2016,
,,2016 - 2017,
,,2017 - 2018,
,,2018 - 2019,
,,2019 - 2020,
,,2020 - 2021,
,,2021 - 2022,
,,2022 - 2023,
,Nawada,2000 - 2001,
,,2001 - 2002,
,,2002 - 2003,
,,2003 - 2004,
,,2004 - 2005,
,,2005 - 2006,
,,2006 - 2007,
,,2007 - 2008,
,,2008 - 2009,
,,2009 - 2010,
,,2010 - 2011,
,,2011 - 2012,
,,2012 - 2013,
,,2013 - 2014,
,,2014 - 2015,
,,2015 - 2016,
,,2016 - 2017,
,,2017 - 2018,
,,2018 - 2019,
,,2019 - 2020,
,,2020 - 2021,
,,2021 - 2022,
,,2022 - 2023,
,Pashchim champaran,2000 - 2001,
,,2001 - 2002,
,,2002 - 2003,
,,2003 - 2004,
,,2004 - 2005,
,,2005 - 2006,
,,2006 - 2007,
,,2007 - 2008,
,,2008 - 2009,
,,2009 - 2010,
,,2010 - 2011,
,,2011 - 2012,
,,2012 - 2013,
,,2013 - 2014,
,,2014 - 2015,
,,2015 - 2016,
,,2016 - 2017,
,,2017 - 2018,
,,2018 - 2019,
,,2019 - 2020,
,,2020 - 2021,
,,2021 - 2022,
,,2022 - 2023,
,Patna,2000 - 2001,
,,2001 - 2002,
,,2002 - 2003,
,,2003 - 2004,
,,2004 - 2005,
,,2005 - 2006,
,,2006 - 2007,
,,2007 - 2008,
,,2008 - 2009,
,,2009 - 2010,
,,2010 - 2011,
,,2011 - 2012,
,,2012 - 2013,
,,2013 - 2014,
,,2014 - 2015,
,,2015 - 2016,
,,2016 - 2017,
,,2017 - 2018,
,,2018 - 2019,
,,2019 - 2020,
,,2020 - 2021,
,,2021 - 2022,
,,2022 - 2023,
,Purbi champaran,2000 - 2001,
,,2001 - 2002,
,,2002 - 2003,
,,2003 - 2004,
,,2004 - 2005,
,,2005 - 2006,
,,2006 - 2007,
,,2007 - 2008,
,,2008 - 2009,
,,2009 - 2010,
,,2010 - 2011,
,,2011 - 2012,
,,2012 - 2013,
,,2013 - 2014,
,,2014 - 2015,
,,2015 - 2016,
,,2016 - 2017,
,,2017 - 2018,
,,2018 - 2019,
,,2019 - 2020,
,,2020 - 2021,
,,2021 - 2022,
,,2022 - 2023,
,Purnia,2000 - 2001,
,,2001 - 2002,
,,2002 - 2003,
,,2003 - 2004,
,,2004 - 2005,
,,2005 - 2006,
,,2006 - 2007,
,,2007 - 2008,
,,2008 - 2009,
,,2009 - 2010,
,,2010 - 2011,
,,2011 - 2012,
,,2012 - 2013,
,,2013 - 2014,
,,2014 - 2015,
,,2015 - 2016,
,,2016 - 2017,
,,2017 - 2018,
,,2018 - 2019,
,,2019 - 2020,
,,2020 - 2021,
,,2021 - 2022,
,,2022 - 2023,
,Rohtas,2000 - 2001,
,,2002 - 2003,
,,2003 - 2004,
,,2004 - 2005,
,,2005 - 2006,
,,2006 - 2007,
,,2017 - 2018,
,,2018 - 2019,
,,2019 - 2020,
,Saharsa,2000 - 2001,
,,2001 - 2002,
,,2002 - 2003,
,,2003 - 2004,
,,2004 - 2005,
,,2005 - 2006,
,,2006 - 2007,
,,2007 - 2008,
,,2008 - 2009,
,,2009 - 2010,
,,2010 - 2011,
,,2011 - 2012,
,,2012 - 2013,
,,2013 - 2014,
,,2014 - 2015,
,,2015 - 2016,
,,2016 - 2017,
,,2017 - 2018,
,,2018 - 2019,
,,2019 - 2020,
,,2020 - 2021,
,,2021 - 2022,
,,2022 - 2023,
,Samastipur,2000 - 2001,
,,2001 - 2002,
,,2002 - 2003,
,,2003 - 2004,
,,2004 - 2005,
,,2005 - 2006,
,,2006 - 2007,
,,2007 - 2008,
,,2008 - 2009,
,,2009 - 2010,
,,2010 - 2011,
,,2011 - 2012,
,,2012 - 2013,
,,2013 - 2014,
,,2014 - 2015,
,,2015 - 2016,
,,2016 - 2017,
,Saran,2002 - 2003,
,,2004 - 2005,
,,2005 - 2006,
,,2006 - 2007,
,,2007 - 2008,
,,2008 - 2009,
,,2010 - 2011,
,,2011 - 2012,
,,2014 - 2015,
,,2015 - 2016,
,Sheikhpura,2000 - 2001,
,,2015 - 2016,
,,2016 - 2017,
,Sheohar,2005 - 2006,
,,2006 - 2007,
,,2009 - 2010,
,,2010 - 2011,
,,2011 - 2012,
,,2012 - 2013,
,,2013 - 2014,
,,2014 - 2015,
,,2015 - 2016,
,,2016 - 2017,
,,2017 - 2018,
,,2018 - 2019,
,,2019 - 2020,
,,2020 - 2021,
,Sitamarhi,2000 - 2001,
,,2001 - 2002,
,,2002 - 2003,
,,2003 - 2004,
,,2007 - 2008,
,,2008 - 2009,
,,2011 - 2012,
,Siwan,2000 - 2001,
,,2001 - 2002,
,,2003 - 2004,
,,2004 - 2005,
,,2005 - 2006,
,,2006 - 2007,
,,2007 - 2008,
,,2008 - 2009,
,Supaul,2000 - 2001,
,,2001 - 2002,
,,2002 - 2003,
,,2003 - 2004,
,,2004 - 2005,
,,2005 - 2006,
,,2006 - 2007,
,,2007 - 2008,
,,2008 - 2009,
,,2009 - 2010,
,,2010 - 2011,
,,2011 - 2012,
,,2012 - 2013,
,,2013 - 2014,
,,2014 - 2015,
,,2015 - 2016,
,,2016 - 2017,
,,2017 - 2018,
,,2018 - 2019,
,,2019 - 2020,
,,2020 - 2021,
,,2021 - 2022,
,,2022 - 2023,
,Vaishali,2000 - 2001,
,,2001 - 2002,
,,2002 - 2003,
,,2004 - 2005,
,,2005 - 2006,
,,2006 - 2007,
,,2007 - 2008,
,,2008 - 2009,
,,2009 - 2010,
,,2010 - 2011,
,,2011 - 2012,
,,2012 - 2013,
,,2014 - 2015,
,,2015 - 2016,
,,2016 - 2017,
Chandigarh,Chandigarh,2001 - 2002,
,,2002 - 2003,
Chhattisgarh,Balod,2011 - 2012,
,,2012 - 2013,
,,2013 - 2014,
,,2014 - 2015,
,,2015 - 2016,
,,2017 - 2018,
,,2022 - 2023,
,Baloda bazar,2011 - 2012,
,,2012 - 2013,
,,2013 - 2014,
,,2014 - 2015,
,,2015 - 2016,
,,2016 - 2017,
,,2017 - 2018,
,,2018 - 2019,
,,2019 - 2020,
,,2020 - 2021,
,,2021 - 2022,
,Balrampur,2011 - 2012,
,,2012 - 2013,
,,2013 - 2014,1.61
,,2015 - 2016,
,,2016 - 2017,
,,2017 - 2018,
,,2018 - 2019,
,,2019 - 2020,
,,2020 - 2021,
,,2021 - 2022,
,,2022 - 2023,
,Bastar,2000 - 2001,
,,2001 - 2002,
,,2002 - 2003,
,,2003 - 2004,
,,2004 - 2005,
,,2005 - 2006,
,,2006 - 2007,
,,2007 - 2008,
,,2008 - 2009,
,,2009 - 2010,
,,2010 - 2011,
,,2011 - 2012,
,,2012 - 2013,
,,2015 - 2016,
,,2016 - 2017,
,,2017 - 2018,
,,2018 - 2019,
,,2019 - 2020,
,,2020 - 2021,
,,2021 - 2022,
,,2022 - 2023,
,Bemetara,2011 - 2012,
,,2012 - 2013,
,,2013 - 2014,
,,2014 - 2015,
,,2015 - 2016,
,,2019 - 2020,
,,2020 - 2021,
,,2021 - 2022,
,,2022 - 2023,
,Bijapur,2008 - 2009,
,Bilaspur,2000 - 2001,
,,2001 - 2002,
,,2002 - 2003,
,,2003 - 2004,
,,2004 - 2005,
,,2005 - 2006,
,,2006 - 2007,
,,2007 - 2008,
,,2008 - 2009,
,,2009 - 2010,
,,2010 - 2011,
,,2011 - 2012,
,,2012 - 2013,
,,2013 - 2014,
,,2014 - 2015,
,,2015 - 2016,
,,2016 - 2017,
,,2017 - 2018,
,,2018 - 2019,
,,2020 - 2021,
,,2021 - 2022,
,Dantewada,2000 - 2001,
,,2001 - 2002,
,,2002 - 2003,
,,2003 - 2004,
,,2004 - 2005,
,,2005 - 2006,
,,2006 - 2007,
,,2007 - 2008,
,,2008 - 2009,
,,2014 - 2015,
,,2019 - 2020,
,Dhamtari,2000 - 2001,
,,2001 - 2002,
,,2002 - 2003,
,,2003 - 2004,
,,2004 - 2005,
,,2005 - 2006,
,,2006 - 2007,
,,2007 - 2008,
,,2008 - 2009,
,,2009 - 2010,
,,2010 - 2011,
,,2011 - 2012,
,,2012 - 2013,
,,2013 - 2014,
,,2014 - 2015,
,,2015 - 2016,
,,2016 - 2017,
,,2017 - 2018,
,,2018 - 2019,
,,2020 - 2021,
,,2021 - 2022,
,,2022 - 2023,
,Durg,2000 - 2001,
,,2001 - 2002,
,,2002 - 2003,
,,2003 - 2004,
,,2004 - 2005,
,,2005 - 2006,
,,2006 - 2007,
,,2007 - 2008,
,,2008 - 2009,
,,2009 - 2010,
,,2010 - 2011,
,,2011 - 2012,
,,2012 - 2013,
,,2013 - 2014,
,,2014 - 2015,
,,2015 - 2016,
,,2016 - 2017,
,,2019 - 2020,
,,2020 - 2021,
,,2021 - 2022,
,,2022 - 2023,
,Gariyaband,2011 - 2012,
,,2012 - 2013,
,,2013 - 2014,
,,2014 - 2015,
,,2015 - 2016,
,,2016 - 2017,
,,2020 - 2021,
,Gaurella-pendra-marwahi,2020 - 2021,
,Janjgir-champa,2000 - 2001,
,,2001 - 2002,
,,2002 - 2003,
,,2003 - 2004,
,,2004 - 2005,
,,2005 - 2006,
,,2006 - 2007,
,,2007 - 2008,
,,2008 - 2009,
,,2009 - 2010,
,,2010 - 2011,
,,2011 - 2012,
,,2012 - 2013,
,,2013 - 2014,
,,2014 - 2015,
,,2015 - 2016,
,,2016 - 2017,
,,2017 - 2018,
,,2018 - 2019,
,,2019 - 2020,
,,2020 - 2021,
,,2021 - 2022,
,Jashpur,2001 - 2002,
,,2004 - 2005,
,,2005 - 2006,
,,2006 - 2007,
,,2007 - 2008,
,,2008 - 2009,
,Kabirdham,2000 - 2001,
,,2002 - 2003,
,,2003 - 2004,
,,2004 - 2005,
,,2005 - 2006,
,,2006 - 2007,
,,2008 - 2009,
,,2010 - 2011,
,,2011 - 2012,
,Kanker,2000 - 2001,
,,2001 - 2002,
,,2002 - 2003,
,,2003 - 2004,
,,2004 - 2005,
,,2005 - 2006,
,,2006 - 2007,
,,2007 - 2008,
,,2008 - 2009,
,,2009 - 2010,
,,2010 - 2011,
,,2011 - 2012,
,,2012 - 2013,
,,2013 - 2014,
,,2014 - 2015,
,,2015 - 2016,
,,2016 - 2017,
,,2017 - 2018,
,,2018 - 2019,
,,2019 - 2020,
,,2020 - 2021,
,,2021 - 2022,
,,2022 - 2023,
,Khairgarh chhuikhadan gandai,2022 - 2023,
,Kondagaon,2011 - 2012,
,,2012 - 2013,
,,2013 - 2014,
,,2014 - 2015,
,,2015 - 2016,
,,2016 - 2017,
,,2017 - 2018,
,,2018 - 2019,
,,2019 - 2020,
,,2020 - 2021,
,,2021 - 2022,
,,2022 - 2023,
,Korba,2003 - 2004,
,,2004 - 2005,
,,2005 - 2006,
,,2006 - 2007,
,,2007 - 2008,
,,2008 - 2009,
,,2009 - 2010,
,,2010 - 2011,
,,2011 - 2012,
,,2012 - 2013,
,,2013 - 2014,
,,2014 - 2015,
,,2015 - 2016,
,,2016 - 2017,
,,2017 - 2018,
,,2018 - 2019,
,,2020 - 2021,
,,2021 - 2022,
,Korea,2001 - 2002,
,,2008 - 2009,
,,2009 - 2010,
,Mahasamund,2000 - 2001,
,,2001 - 2002,
,,2002 - 2003,
,,2003 - 2004,
,,2004 - 2005,
,,2005 - 2006,
,,2006 - 2007,
,,2007 - 2008,
,,2008 - 2009,
,,2009 - 2010,
,,2010 - 2011,
,,2011 - 2012,
,,2012 - 2013,
,,2013 - 2014,
,,2014 - 2015,
,,2015 - 2016,
,,2016 - 2017,
,,2017 - 2018,
,,2018 - 2019,
,,2019 - 2020,
,,2020 - 2021,
,,2022 - 2023,
,Mohla manpur ambagarh chouki,2022 - 2023,
,Mungeli,2019 - 2020,
,,2022 - 2023,
,Narayanpur,2020 - 2021,
,,2021 - 2022,
,,2022 - 2023,
,Raigarh,2000 - 2001,
,,2001 - 2002,
,,2002 - 2003,
,,2003 - 2004,
,,2004 - 2005,
,,2005 - 2006,
,,2006 - 2007,
,,2007 - 2008,
,,2008 - 2009,
,,2009 - 2010,
,,2010 - 2011,
,,2011 - 2012,
,,2012 - 2013,
,,2013 - 2014,
,,2014 - 2015,
,,2015 - 2016,
,,2016 - 2017,
,,2017 - 2018,
,,2018 - 2019,
,,2019 - 2020,
,,2020 - 2021,
,,2021 - 2022,
,,2022 - 2023,
,Raipur,2000 - 2001,
,,2001 - 2002,
,,2002 - 2003,
,,2003 - 2004,
,,2004 - 2005,
,,2005 - 2006,
,,2006 - 2007,
,,2007 - 2008,
,,2008 - 2009,
,,2009 - 2010,
,,2010 - 2011,
,,2011 - 2012,
,,2012 - 2013,
,,2013 - 2014,
,,2014 - 2015,
,,2015 - 2016,
,,2016 - 2017,
,,2018 - 2019,
,,2020 - 2021,
,,2021 - 2022,
,,2022 - 2023,
,Rajnandgaon,2000 - 2001,
,,2001 - 2002,
,,2002 - 2003,
,,2003 - 2004,
,,2004 - 2005,
,,2005 - 2006,
,,2006 - 2007,
,,2007 - 2008,
,,2008 - 2009,
,,2009 - 2010,
,,2010 - 2011,
,,2011 - 2012,
,,2012 - 2013,
,,2013 - 2014,
,,2014 - 2015,
,,2015 - 2016,
,,2016 - 2017,
,,2017 - 2018,
,,2019 - 2020,
,,2020 - 2021,
,,2021 - 2022,
,,2022 - 2023,
,Sakti,2022 - 2023,
,Sarangarh bilaigarh,2022 - 2023,
,Sukma,2014 - 2015,
,,2019 - 2020,
,Surajpur,2011 - 2012,
,,2012 - 2013,
,,2013 - 2014,
,,2014 - 2015,
,,2015 - 2016,
,,2016 - 2017,
,,2017 - 2018,
,,2018 - 2019,
,,2020 - 2021,
,,2021 - 2022,
,Surguja,2001 - 2002,
,,2002 - 2003,
,,2003 - 2004,
,,2004 - 2005,
,,2005 - 2006,
,,2006 - 2007,
,,2007 - 2008,
,,2008 - 2009,
,,2009 - 2010,
,,2010 - 2011,
,,2011 - 2012,
,,2012 - 2013,
,,2013 - 2014,
,,2014 - 2015,
,,2015 - 2016,
,,2016 - 2017,
,,2017 - 2018,
,,2018 - 2019,
,,2019 - 2020,
,,2020 - 2021,
,,2021 - 2022,
,,2022 - 2023,
Haryana,Ambala,2000 - 2001,
,,2002 - 2003,
,,2003 - 2004,
,,2004 - 2005,
,,2005 - 2006,
,,2006 - 2007,
,,2007 - 2008,
,,2008 - 2009,
,,2009 - 2010,
,,2010 - 2011,
,,2011 - 2012,
,,2012 - 2013,
,,2013 - 2014,
,,2014 - 2015,
,,2015 - 2016,
,,2016 - 2017,
,,2017 - 2018,
,,2018 - 2019,
,,2019 - 2020,
,,2020 - 2021,
,,2021 - 2022,
,Fatehabad,2010 - 2011,
,Hisar,2002 - 2003,
,Jind,2002 - 2003,
,Kaithal,2000 - 2001,
,,2001 - 2002,
,,2002 - 2003,
,,2003 - 2004,
,,2004 - 2005,
,Karnal,2000 - 2001,
,,2002 - 2003,
,,2003 - 2004,
,,2004 - 2005,
,,2010 - 2011,
,Kurukshetra,2001 - 2002,
,,2002 - 2003,
,,2003 - 2004,
,,2004 - 2005,
,,2005 - 2006,
,,2006 - 2007,
,,2007 - 2008,
,,2008 - 2009,
,,2009 - 2010,
,,2010 - 2011,
,,2011 - 2012,
,,2012 - 2013,
,,2013 - 2014,
,,2014 - 2015,
,,2015 - 2016,
,,2016 - 2017,
,,2017 - 2018,
,,2018 - 2019,
,,2019 - 2020,
,,2020 - 2021,
,,2021 - 2022,
,Panchkula,2000 - 2001,
,,2001 - 2002,
,,2002 - 2003,
,,2003 - 2004,
,,2004 - 2005,
,,2005 - 2006,
,,2006 - 2007,
,,2007 - 2008,
,,2016 - 2017,
,,2017 - 2018,
,,2018 - 2019,
,,2019 - 2020,
,,2020 - 2021,
,,2021 - 2022,
,Panipat,2001 - 2002,
,,2005 - 2006,
,Rewari,2003 - 2004,
,Rohtak,2003 - 2004,
,Sonipat,2000 - 2001,
,,2001 - 2002,
,,2003 - 2004,
,,2004 - 2005,
,Yamunanagar,2000 - 2001,
,,2001 - 2002,
,,2002 - 2003,
,,2003 - 2004,
,,2004 - 2005,
,,2005 - 2006,
,,2006 - 2007,
,,2007 - 2008,
,,2008 - 2009,
,,2009 - 2010,
,,2010 - 2011,
,,2011 - 2012,
,,2012 - 2013,
,,2013 - 2014,
,,2014 - 2015,
,,2015 - 2016,
,,2016 - 2017,
,,2018 - 2019,
,,2019 - 2020,
,,2020 - 2021,
,,2021 - 2022,
Jharkhand,Bokaro,2017 - 2018,
,Chatra,2017 - 2018,
,,2018 - 2019,
,,2019 - 2020,
,,2021 - 2022,
,Deoghar,2017 - 2018,
,,2021 - 2022,
,,2022 - 2023,
,Dumka,2017 - 2018,
,,2018 - 2019,
,,2019 - 2020,
,,2020 - 2021,
,,2021 - 2022,
,East singhbum,2017 - 2018,
,,2018 - 2019,
,,2019 - 2020,
,,2020 - 2021,
,,2021 - 2022,
,Garhwa,2018 - 2019,
,Giridih,2019 - 2020,
,,2020 - 2021,
,,2021 - 2022,
,Godda,2017 - 2018,
,,2018 - 2019,
,Gumla,2020 - 2021,
,,2021 - 2022,
,,2022 - 2023,
,Khunti,2018 - 2019,
,,2021 - 2022,
,Koderma,2017 - 2018,
,,2018 - 2019,
,,2020 - 2021,
,Latehar,2017 - 2018,
,,2021 - 2022,
,Lohardaga,2022 - 2023,
,Pakur,2017 - 2018,
,,2018 - 2019,
,Palamu,2017 - 2018,
,,2018 - 2019,
,,2019 - 2020,
,,2020 - 2021,
,,2021 - 2022,
,Ranchi,2017 - 2018,
,,2021 - 2022,
,,2022 - 2023,
,Saraikela kharsawan,2017 - 2018,
,,2018 - 2019,
,,2019 - 2020,
,,2020 - 2021,
,,2021 - 2022,
,,2022 - 2023,
,Simdega,2017 - 2018,
,,2018 - 2019,
,,2019 - 2020,
,,2021 - 2022,
,,2022 - 2023,
,West singhbhum,2020 - 2021,
,,2021 - 2022,
,,2022 - 2023,
Karnataka,Bagalkot,2000 - 2001,0.75
,,2001 - 2002,0.98
,,2002 - 2003,0.88
,,2003 - 2004,0.83
,,2004 - 2005,0.75
,,2005 - 2006,0.93
,,2006 - 2007,1.0
,,2007 - 2008,1.44
,,2008 - 2009,0.93
,,2009 - 2010,0.98
,,2010 - 2011,1.15
,,2011 - 2012,1.06
,,2012 - 2013,0.88
,,2013 - 2014,1.05
,,2014 - 2015,1.01
,,2015 - 2016,0.79
,,2016 - 2017,0.74
,,2017 - 2018,0.85
,,2018 - 2019,0.88
,,2019 - 2020,1.4
,,2020 - 2021,1.1
,,2021 - 2022,1.38
,,2022 - 2023,1.27
,Bangalore rural,2000 - 2001,0.72
,,2001 - 2002,0.8
,,2002 - 2003,0.5
,,2003 - 2004,0.53
,,2004 - 2005,0.65
,,2005 - 2006,0.78
,,2006 - 2007,0.79
,,2007 - 2008,1.02
,,2008 - 2009,0.8
,,2009 - 2010,0.86
,,2010 - 2011,1.0
,,2011 - 2012,1.0
,,2012 - 2013,1.0
,,2013 - 2014,1.0
,,2014 - 2015,1.0
,,2015 - 2016,
,,2018 - 2019,
,,2019 - 2020,
,,2020 - 2021,1.33
,,2021 - 2022,
,,2022 - 2023,
,Belgaum,2000 - 2001,0.72
,,2001 - 2002,0.82
,,2002 - 2003,0.61
,,2003 - 2004,0.53
,,2004 - 2005,0.65
,,2005 - 2006,0.48
,,2006 - 2007,0.42
,,2007 - 2008,0.96
,,2008 - 2009,0.71
,,2009 - 2010,0.84
,,2010 - 2011,0.57
,,2011 - 2012,1.06
,,2012 - 2013,0.88
,,2013 - 2014,1.06
,,2014 - 2015,0.73
,,2015 - 2016,0.85
,,2016 - 2017,1.66
,,2017 - 2018,1.24
,,2018 - 2019,1.17
,,2019 - 2020,1.27
,,2020 - 2021,1.3
,,2021 - 2022,1.1
,,2022 - 2023,1.16
,Bellary,2000 - 2001,0.69
,,2001 - 2002,0.67
,,2002 - 2003,0.6
,,2003 - 2004,0.52
,,2004 - 2005,0.65
,,2005 - 2006,0.77
,,2006 - 2007,0.88
,,2007 - 2008,1.03
,,2008 - 2009,0.83
,,2009 - 2010,0.81
,,2010 - 2011,0.93
,,2011 - 2012,1.08
,,2012 - 2013,0.76
,,2013 - 2014,1.24
,,2014 - 2015,0.71
,,2015 - 2016,0.69
,,2016 - 2017,0.19
,,2017 - 2018,1.12
,,2018 - 2019,1.0
,,2019 - 2020,1.06
,,2020 - 2021,1.2
,,2021 - 2022,1.21
,,2022 - 2023,1.2
,Bengaluru urban,2000 - 2001,
,,2001 - 2002,
,,2002 - 2003,1.0
,,2003 - 2004,
,,2004 - 2005,0.63
,,2005 - 2006,1.0
,,2006 - 2007,0.8
,,2007 - 2008,
,,2008 - 2009,
,,2009 - 2010,
,,2010 - 2011,1.0
,,2011 - 2012,1.0
,,2012 - 2013,
,,2014 - 2015,
,,2015 - 2016,
,,2016 - 2017,
,,2017 - 2018,
,,2018 - 2019,
,,2019 - 2020,
,,2020 - 2021,
,,2021 - 2022,
,,2022 - 2023,
,Bidar,2000 - 2001,0.72
,,2001 - 2002,0.82
,,2002 - 2003,0.6
,,2003 - 2004,0.54
,,2004 - 2005,0.65
,,2005 - 2006,0.78
,,2006 - 2007,0.79
,,2007 - 2008,1.02
,,2008 - 2009,0.8
,,2009 - 2010,0.86
,,2010 - 2011,1.01
,,2011 - 2012,1.02
,,2012 - 2013,1.0
,,2013 - 2014,1.0
,,2014 - 2015,0.9
,,2015 - 2016,
,,2016 - 2017,
,,2017 - 2018,
,,2018 - 2019,
,,2019 - 2020,
,,2020 - 2021,
,,2021 - 2022,1.37
,,2022 - 2023,1.22
,Bijapur,2000 - 2001,0.75
,,2001 - 2002,0.55
,,2002 - 2003,0.61
,,2003 - 2004,0.46
,,2004 - 2005,0.39
,,2005 - 2006,0.48
,,2006 - 2007,0.5
,,2007 - 2008,0.71
,,2008 - 2009,0.57
,,2009 - 2010,0.46
,,2010 - 2011,0.63
,,2011 - 2012,0.45
,,2012 - 2013,0.61
,,2013 - 2014,0.69
,,2014 - 2015,0.58
,,2015 - 2016,0.31
,,2016 - 2017,0.7
,,2017 - 2018,
,,2018 - 2019,
,,2019 - 2020,0.9
,,2020 - 2021,0.98
,,2021 - 2022,1.47
,,2022 - 2023,0.79
,Chamarajanagar,2000 - 2001,0.71
,,2001 - 2002,0.82
,,2002 - 2003,0.61
,,2003 - 2004,0.53
,,2004 - 2005,0.65
,,2005 - 2006,0.78
,,2006 - 2007,0.79
,,2007 - 2008,1.02
,,2008 - 2009,0.8
,,2009 - 2010,0.87
,,2010 - 2011,1.01
,,2011 - 2012,1.03
,,2012 - 2013,1.0
,,2013 - 2014,1.0
,,2014 - 2015,
,,2015 - 2016,
,,2016 - 2017,0.42
,,2017 - 2018,1.19
,,2018 - 2019,0.88
,,2019 - 2020,1.1
,,2020 - 2021,1.27
,,2021 - 2022,1.37
,,2022 - 2023,1.22
,Chikballapur,2007 - 2008,1.14
,,2008 - 2009,1.06
,,2009 - 2010,1.11
,,2010 - 2011,1.02
,,2011 - 2012,1.35
,,2012 - 2013,1.87
,,2013 - 2014,1.34
,,2014 - 2015,1.51
,,2015 - 2016,1.57
,,2016 - 2017,
,,2017 - 2018,0.9
,,2019 - 2020,
,,2020 - 2021,1.14
,,2021 - 2022,1.91
,,2022 - 2023,1.68
,Chikmagalur,2000 - 2001,
,,2001 - 2002,
,,2002 - 2003,
,,2003 - 2004,0.6
,,2004 - 2005,0.65
,,2005 - 2006,
,,2006 - 2007,
,,2007 - 2008,
,,2008 - 2009,
,,2009 - 2010,
,,2010 - 2011,
,,2011 - 2012,
,,2012 - 2013,
,,2013 - 2014,
,,2014 - 2015,
,,2015 - 2016,
,,2016 - 2017,
,,2017 - 2018,
,,2018 - 2019,
,,2019 - 2020,
,,2020 - 2021,
,,2021 - 2022,
,,2022 - 2023,
,Chitradurga,2000 - 2001,0.57
,,2001 - 2002,0.82
,,2002 - 2003,0.61
,,2003 - 2004,0.76
,,2004 - 2005,1.01
,,2005 - 2006,0.93
,,2006 - 2007,1.03
,,2007 - 2008,1.2
,,2008 - 2009,0.86
,,2009 - 2010,1.04
,,2010 - 2011,1.14
,,2011 - 2012,0.86
,,2012 - 2013,0.98
,,2013 - 2014,1.07
,,2014 - 2015,0.93
,,2015 - 2016,1.03
,,2016 - 2017,
,,2017 - 2018,1.23
,,2018 - 2019,
,,2019 - 2020,
,,2020 - 2021,0.58
,,2021 - 2022,1.33
,,2022 - 2023,1.25
,Davangere,2000 - 2001,1.15
,,2001 - 2002,0.98
,,2002 - 2003,0.6
,,2003 - 2004,0.53
,,2004 - 2005,0.75
,,2005 - 2006,0.78
,,2006 - 2007,0.97
,,2007 - 2008,0.74
,,2008 - 2009,0.96
,,2009 - 2010,1.64
,,2010 - 2011,1.21
,,2011 - 2012,1.42
,,2012 - 2013,1.47
,,2013 - 2014,1.2
,,2014 - 2015,1.14
,,2015 - 2016,1.1
,,2016 - 2017,0.43
,,2017 - 2018,1.42
,,2018 - 2019,1.3
,,2019 - 2020,1.78
,,2020 - 2021,2.28
,,2021 - 2022,1.38
,,2022 - 2023,1.06
,Dharwad,2000 - 2001,
,,2001 - 2002,
,,2002 - 2003,0.6
,,2003 - 2004,0.53
,,2004 - 2005,0.65
,,2005 - 2006,0.77
,,2006 - 2007,0.79
,,2007 - 2008,1.03
,,2008 - 2009,0.79
,,2009 - 2010,0.86
,,2010 - 2011,1.01
,,2011 - 2012,1.04
,,2012 - 2013,1.0
,,2013 - 2014,1.0
,,2014 - 2015,
,,2015 - 2016,
,,2016 - 2017,
,,2017 - 2018,
,,2018 - 2019,
,,2019 - 2020,
,,2020 - 2021,1.5
,,2021 - 2022,
,,2022 - 2023,
,Gadag,2000 - 2001,0.57
,,2001 - 2002,0.55
,,2002 - 2003,0.46
,,2003 - 2004,0.76
,,2004 - 2005,1.01
,,2005 - 2006,0.95
,,2006 - 2007,0.61
,,2007 - 2008,0.92
,,2008 - 2009,0.71
,,2009 - 2010,0.69
,,2010 - 2011,0.97
,,2011 - 2012,0.89
,,2012 - 2013,0.7
,,2013 - 2014,0.94
,,2014 - 2015,1.01
,,2015 - 2016,0.97
,,2016 - 2017,0.06
,,2017 - 2018,0.6
,,2018 - 2019,0.4
,,2019 - 2020,0.84
,,2020 - 2021,0.57
,,2021 - 2022,1.01
,,2022 - 2023,0.89
,Gulbarga,2000 - 2001,0.57
,,2001 - 2002,0.82
,,2002 - 2003,0.47
,,2003 - 2004,0.46
,,2004 - 2005,0.44
,,2005 - 2006,0.86
,,2006 - 2007,0.45
,,2007 - 2008,0.69
,,2008 - 2009,0.52
,,2009 - 2010,0.56
,,2010 - 2011,0.57
,,2011 - 2012,0.55
,,2012 - 2013,0.55
,,2013 - 2014,0.85
,,2014 - 2015,0.75
,,2015 - 2016,0.63
,,2016 - 2017,0.85
,,2017 - 2018,1.21
,,2018 - 2019,0.89
,,2019 - 2020,
,,2020 - 2021,1.25
,,2021 - 2022,1.33
,,2022 - 2023,1.2
,Hassan,2000 - 2001,0.71
,,2001 - 2002,0.83
,,2002 - 2003,0.62
,,2003 - 2004,
,,2004 - 2005,0.6
,,2005 - 2006,0.8
,,2006 - 2007,0.75
,,2007 - 2008,1.02
,,2008 - 2009,0.78
,,2009 - 2010,0.87
,,2010 - 2011,1.0
,,2011 - 2012,
,,2012 - 2013,
,,2013 - 2014,
,,2014 - 2015,
,,2015 - 2016,
,,2016 - 2017,
,,2017 - 2018,
,,2018 - 2019,
,,2019 - 2020,
,,2020 - 2021,
,,2021 - 2022,
,,2022 - 2023,
,Haveri,2000 - 2001,0.84
,,2001 - 2002,0.98
,,2002 - 2003,0.61
,,2003 - 2004,0.53
,,2004 - 2005,0.64
,,2005 - 2006,0.38
,,2006 - 2007,0.88
,,2007 - 2008,1.07
,,2008 - 2009,0.92
,,2009 - 2010,1.09
,,2010 - 2011,0.98
,,2011 - 2012,0.89
,,2012 - 2013,0.71
,,2013 - 2014,0.74
,,2014 - 2015,0.87
,,2015 - 2016,1.23
,,2016 - 2017,1.18
,,2017 - 2018,1.52
,,2018 - 2019,1.21
,,2019 - 2020,1.17
,,2020 - 2021,1.62
,,2021 - 2022,1.34
,,2022 - 2023,0.88
,Kodagu,2012 - 2013,
,Kolar,2000 - 2001,0.72
,,2001 - 2002,0.82
,,2002 - 2003,0.61
,,2003 - 2004,0.53
,,2004 - 2005,0.65
,,2005 - 2006,0.78
,,2006 - 2007,1.97
,,2007 - 2008,1.01
,,2008 - 2009,0.8
,,2009 - 2010,0.8
,,2010 - 2011,1.0
,,2011 - 2012,1.0
,,2012 - 2013,1.0
,,2018 - 2019,
,,2019 - 2020,
,,2020 - 2021,1.5
,,2021 - 2022,1.33
,,2022 - 2023,1.0
,Koppal,2000 - 2001,0.62
,,2001 - 2002,0.84
,,2002 - 2003,0.58
,,2003 - 2004,0.4
,,2004 - 2005,0.64
,,2005 - 2006,0.71
,,2006 - 2007,0.54
,,2007 - 2008,0.84
,,2008 - 2009,0.67
,,2009 - 2010,0.83
,,2010 - 2011,1.13
,,2011 - 2012,1.0
,,2012 - 2013,0.97
,,2013 - 2014,0.92
,,2014 - 2015,0.95
,,2015 - 2016,0.83
,,2016 - 2017,0.03
,,2017 - 2018,1.33
,,2018 - 2019,0.49
,,2019 - 2020,0.8
,,2020 - 2021,0.88
,,2021 - 2022,0.77
,,2022 - 2023,0.83
,Mandya,2000 - 2001,0.8
,,2001 - 2002,1.0
,,2002 - 2003,1.0
,,2003 - 2004,
,,2004 - 2005,0.5
,,2005 - 2006,
,,2006 - 2007,
,,2007 - 2008,
,,2010 - 2011,1.0
,,2012 - 2013,
,,2013 - 2014,
,,2014 - 2015,
,,2015 - 2016,
,,2016 - 2017,
,,2017 - 2018,
,,2018 - 2019,
,,2019 - 2020,1.08
,,2020 - 2021,1.22
,,2021 - 2022,1.29
,,2022 - 2023,1.33
,Mysore,2000 - 2001,0.71
,,2001 - 2002,
,,2002 - 2003,0.61
,,2003 - 2004,
,,2004 - 2005,0.65
,,2005 - 2006,0.78
,,2006 - 2007,0.8
,,2007 - 2008,
,,2008 - 2009,
,,2009 - 2010,
,,2010 - 2011,
,,2011 - 2012,
,,2012 - 2013,
,,2013 - 2014,
,,2014 - 2015,
,,2015 - 2016,
,,2016 - 2017,
,,2017 - 2018,
,,2018 - 2019,
,,2019 - 2020,
,,2020 - 2021,1.0
,,2021 - 2022,
,,2022 - 2023,
,Raichur,2000 - 2001,0.73
,,2001 - 2002,0.86
,,2002 - 2003,0.63
,,2003 - 2004,0.31
,,2004 - 2005,0.44
,,2005 - 2006,0.61
,,2006 - 2007,0.68
,,2007 - 2008,0.89
,,2008 - 2009,0.57
,,2009 - 2010,0.56
,,2010 - 2011,0.92
,,2011 - 2012,0.56
,,2012 - 2013,0.96
,,2013 - 2014,1.08
,,2014 - 2015,0.76
,,2015 - 2016,0.68
,,2016 - 2017,
,,2017 - 2018,
,,2018 - 2019,0.88
,,2019 - 2020,
,,2020 - 2021,1.0
,,2021 - 2022,1.36
,,2022 - 2023,1.0
,Ramanagara,2007 - 2008,1.0
,,2008 - 2009,
,,2009 - 2010,
,,2010 - 2011,
,,2011 - 2012,
,,2012 - 2013,
,,2013 - 2014,
,,2014 - 2015,
,,2015 - 2016,
,,2016 - 2017,
,,2017 - 2018,
,,2018 - 2019,
,,2019 - 2020,
,,2020 - 2021,
,,2021 - 2022,
,,2022 - 2023,
,Shimoga,2000 - 2001,0.71
,,2001 - 2002,0.81
,,2002 - 2003,0.61
,,2003 - 2004,0.53
,,2004 - 2005,0.65
,,2005 - 2006,1.67
,,2006 - 2007,1.9
,,2007 - 2008,2.3
,,2008 - 2009,1.91
,,2009 - 2010,2.09
,,2010 - 2011,2.62
,,2011 - 2012,2.84
,,2012 - 2013,1.99
,,2013 - 2014,2.03
,,2014 - 2015,
,,2015 - 2016,1.6
,,2016 - 2017,1.58
,,2017 - 2018,3.2
,,2018 - 2019,2.85
,,2019 - 2020,2.55
,,2020 - 2021,2.5
,,2021 - 2022,1.0
,,2022 - 2023,1.22
,Tumkur,2000 - 2001,0.71
,,2001 - 2002,0.82
,,2002 - 2003,0.61
,,2003 - 2004,0.91
,,2004 - 2005,1.44
,,2005 - 2006,1.39
,,2006 - 2007,0.97
,,2007 - 2008,1.15
,,2008 - 2009,1.02
,,2009 - 2010,1.33
,,2010 - 2011,1.38
,,2011 - 2012,1.28
,,2012 - 2013,1.4
,,2013 - 2014,1.0
,,2014 - 2015,0.86
,,2015 - 2016,
,,2016 - 2017,
,,2017 - 2018,
,,2018 - 2019,
,,2019 - 2020,
,,2020 - 2021,
,,2021 - 2022,
,,2022 - 2023,1.25
,Udupi,2005 - 2006,
,,2006 - 2007,
,Uttar kannad,2000 - 2001,
,,2001 - 2002,
,,2002 - 2003,
,,2003 - 2004,
,,2004 - 2005,
,,2005 - 2006,
,,2006 - 2007,1.0
,,2007 - 2008,
,,2008 - 2009,1.0
,,2009 - 2010,1.0
,,2010 - 2011,
,,2011 - 2012,1.0
,,2012 - 2013,1.0
,,2013 - 2014,1.0
,,2014 - 2015,1.0
,,2015 - 2016,
,,2016 - 2017,
,,2017 - 2018,
,,2018 - 2019,
,,2019 - 2020,
,,2020 - 2021,1.33
,,2021 - 2022,
,Vijayanagar,2022 - 2023,1.19
,Yadgir,2010 - 2011,0.49
,,2011 - 2012,0.39
,,2012 - 2013,0.5
,,2013 - 2014,0.7
,,2014 - 2015,0.36
,,2015 - 2016,0.27
,,2016 - 2017,
,,2017 - 2018,
,,2018 - 2019,
,,2019 - 2020,
,,2020 - 2021,1.28
,,2021 - 2022,1.35
,,2022 - 2023,1.17
Kerala,Alappuzha,2020 - 2021,
,,2021 - 2022,
,,2022 - 2023,
,Malappuram,2022 - 2023,
,Palakkad,2019 - 2020,
,,2021 - 2022,
,,2022 - 2023,
,Thrissur,2021 - 2022,
,Wayanad,2022 - 2023,
Madhya Pradesh,Anuppur,2006 - 2007,
,Ashoknagar,2013 - 2014,
,,2016 - 2017,
,Balaghat,2000 - 2001,
,,2002 - 2003,
,,2003 - 2004,
,,2004 - 2005,
,,2006 - 2007,
,,2007 - 2008,
,,2008 - 2009,
,,2009 - 2010,
,,2010 - 2011,
,,2011 - 2012,
,,2012 - 2013,
,,2013 - 2014,
,Barwani,2000 - 2001,
,,2004 - 2005,
,,2005 - 2006,
,,2006 - 2007,
,,2007 - 2008,
,,2008 - 2009,
,,2010 - 2011,
,,2012 - 2013,
,Betul,2000 - 2001,
,,2001 - 2002,
,,2002 - 2003,
,,2003 - 2004,
,,2004 - 2005,
,,2005 - 2006,
,,2006 - 2007,
,,2007 - 2008,
,,2008 - 2009,
,,2009 - 2010,
,Burhanpur,2003 - 2004,
,,2004 - 2005,
,,2005 - 2006,
,,2006 - 2007,
,,2007 - 2008,
,,2008 - 2009,
,,2013 - 2014,
,,2017 - 2018,
,Chhindwara,2000 - 2001,
,,2001 - 2002,
,,2002 - 2003,
,,2003 - 2004,
,,2004 - 2005,
,,2005 - 2006,
,,2006 - 2007,
,,2007 - 2008,
,,2008 - 2009,
,,2009 - 2010,
,,2010 - 2011,
,,2011 - 2012,
,,2012 - 2013,
,,2016 - 2017,
,Damoh,2000 - 2001,
,,2002 - 2003,
,,2004 - 2005,
,,2006 - 2007,
,,2016 - 2017,
,Datia,2004 - 2005,
,,2007 - 2008,
,Dewas,2000 - 2001,
,,2001 - 2002,
,,2002 - 2003,
,,2003 - 2004,
,,2004 - 2005,
,,2005 - 2006,
,,2006 - 2007,
,,2007 - 2008,
,,2008 - 2009,
,Dhar,2004 - 2005,
,,2007 - 2008,
,Guna,2003 - 2004,
,,2012 - 2013,
,Harda,2002 - 2003,
,,2003 - 2004,
,,2016 - 2017,
,Hoshangabad,2003 - 2004,
,,2006 - 2007,
,,2007 - 2008,
,,2015 - 2016,
,,2016 - 2017,
,Indore,2000 - 2001,
,,2001 - 2002,
,Jabalpur,2000 - 2001,
,,2001 - 2002,
,,2002 - 2003,
,,2003 - 2004,
,,2004 - 2005,
,,2005 - 2006,
,,2006 - 2007,
,,2007 - 2008,
,,2008 - 2009,
,Jhabua,2001 - 2002,
,,2002 - 2003,
,,2003 - 2004,
,,2004 - 2005,
,,2007 - 2008,
,Katni,2010 - 2011,
,,2016 - 2017,
,Khandwa,2000 - 2001,
,,2001 - 2002,
,,2002 - 2003,
,,2003 - 2004,
,,2004 - 2005,
,,2005 - 2006,
,,2006 - 2007,
,,2007 - 2008,
,,2008 - 2009,
,,2009 - 2010,
,,2010 - 2011,
,,2011 - 2012,
,,2012 - 2013,
,,2013 - 2014,
,Khargone,2000 - 2001,
,,2001 - 2002,
,,2002 - 2003,
,,2003 - 2004,
,,2004 - 2005,
,,2005 - 2006,
,,2008 - 2009,
,,2009 - 2010,
,Mandla,2016 - 2017,
,Mandsaur,2000 - 2001,
,,2001 - 2002,
,,2002 - 2003,
,,2003 - 2004,
,,2005 - 2006,
,,2006 - 2007,
,,2007 - 2008,
,,2009 - 2010,
,Narsinghpur,2000 - 2001,
,,2001 - 2002,
,,2002 - 2003,
,,2003 - 2004,
,,2004 - 2005,
,,2005 - 2006,
,,2006 - 2007,
,,2007 - 2008,
,,2008 - 2009,
,,2009 - 2010,
,,2010 - 2011,
,,2011 - 2012,
,,2012 - 2013,
,,2013 - 2014,
,,2016 - 2017,
,Neemuch,2000 - 2001,
,,2002 - 2003,
,,2004 - 2005,
,,2005 - 2006,
,Raisen,2002 - 2003,
,Rajgarh,2000 - 2001,
,,2001 - 2002,
,,2002 - 2003,
,,2003 - 2004,
,,2004 - 2005,
,,2005 - 2006,
,,2006 - 2007,
,Ratlam,2001 - 2002,
,,2003 - 2004,
,,2004 - 2005,
,,2005 - 2006,
,Rewa,2003 - 2004,
,,2004 - 2005,
,,2005 - 2006,
,,2017 - 2018,
,Sagar,2000 - 2001,
,,2001 - 2002,
,,2002 - 2003,
,,2003 - 2004,
,,2004 - 2005,
,,2005 - 2006,
,,2016 - 2017,
,,2017 - 2018,
,Satna,2009 - 2010,
,Seoni,2000 - 2001,
,,2001 - 2002,
,,2003 - 2004,
,,2005 - 2006,
,,2006 - 2007,
,,2007 - 2008,
,,2013 - 2014,
,,2016 - 2017,
,Shahdol,2000 - 2001,
,,2001 - 2002,
,,2002 - 2003,
,,2003 - 2004,
,Shajapur,2000 - 2001,
,,2001 - 2002,
,,2002 - 2003,
,,2003 - 2004,
,,2004 - 2005,
,,2005 - 2006,
,,2006 - 2007,
,,2007 - 2008,
,,2008 - 2009,
,,2009 - 2010,
,Shivpuri,2000 - 2001,
,,2001 - 2002,
,,2002 - 2003,
,,2004 - 2005,
,,2016 - 2017,
,Sidhi,2001 - 2002,
,,2002 - 2003,
,,2004 - 2005,
,,2016 - 2017,
,Tikamgarh,2016 - 2017,
,Ujjain,2000 - 2001,
,,2001 - 2002,
,,2002 - 2003,
,,2003 - 2004,
,,2004 - 2005,
,,2005 - 2006,
,,2006 - 2007,
,,2007 - 2008,
,,2008 - 2009,
,,2009 - 2010,
,Umaria,2005 - 2006,
,,2008 - 2009,
,,2010 - 2011,
,Vidisha,2000 - 2001,
,,2002 - 2003,
Maharashtra,Ahilyanagar,2000 - 2001,0.5
,,2001 - 2002,1.0
,,2002 - 2003,
,,2003 - 2004,1.0
,,2004 - 2005,1.0
,,2005 - 2006,1.0
,,2006 - 2007,1.0
,,2007 - 2008,1.5
,,2008 - 2009,3.0
,,2009 - 2010,0.5
,,2010 - 2011,1.0
,,2011 - 2012,1.0
,,2012 - 2013,
,,2013 - 2014,
,,2014 - 2015,
,,2015 - 2016,
,,2016 - 2017,
,,2017 - 2018,
,,2018 - 2019,
,,2019 - 2020,
,,2020 - 2021,0.29
,,2021 - 2022,0.79
,,2022 - 2023,0.85
,Akola,2000 - 2001,1.25
,,2001 - 2002,1.75
,,2002 - 2003,1.0
,,2003 - 2004,0.8
,,2004 - 2005,0.75
,,2005 - 2006,1.1
,,2006 - 2007,1.0
,,2007 - 2008,1.0
,,2008 - 2009,1.0
,,2009 - 2010,1.0
,,2010 - 2011,1.0
,,2011 - 2012,
,,2012 - 2013,
,,2013 - 2014,
,,2014 - 2015,
,,2015 - 2016,
,,2016 - 2017,
,,2017 - 2018,
,,2019 - 2020,
,,2020 - 2021,
,Amravati,2000 - 2001,1.0
,,2001 - 2002,2.0
,,2002 - 2003,1.0
,,2003 - 2004,0.0
,,2004 - 2005,1.0
,,2005 - 2006,1.0
,,2006 - 2007,1.0
,,2007 - 2008,1.0
,,2008 - 2009,
,,2009 - 2010,
,,2010 - 2011,1.0
,,2011 - 2012,1.0
,,2012 - 2013,
,,2013 - 2014,
,,2014 - 2015,
,,2015 - 2016,
,,2016 - 2017,
,,2017 - 2018,
,,2019 - 2020,0.67
,,2020 - 2021,0.6
,Beed,2000 - 2001,0.47
,,2001 - 2002,0.4
,,2002 - 2003,0.6
,,2003 - 2004,
,,2004 - 2005,0.5
,,2005 - 2006,0.64
,,2006 - 2007,0.55
,,2007 - 2008,0.67
,,2008 - 2009,0.75
,,2009 - 2010,0.8
,,2010 - 2011,0.6
,,2011 - 2012,0.6
,,2012 - 2013,
,,2013 - 2014,
,,2014 - 2015,
,,2015 - 2016,0.4
,,2016 - 2017,
,,2017 - 2018,
,,2019 - 2020,0.6
,,2020 - 2021,
,,2021 - 2022,0.79
,,2022 - 2023,0.85
,Bhandara,2006 - 2007,1.0
,,2007 - 2008,1.0
,,2008 - 2009,1.0
,,2016 - 2017,
,,2019 - 2020,
,Buldhana,2000 - 2001,0.67
,,2001 - 2002,1.0
,,2002 - 2003,1.0
,,2003 - 2004,1.0
,,2004 - 2005,1.0
,,2005 - 2006,1.0
,,2006 - 2007,1.0
,,2007 - 2008,1.0
,,2008 - 2009,1.0
,,2009 - 2010,
,,2010 - 2011,
,,2011 - 2012,
,,2012 - 2013,
,,2013 - 2014,
,,2014 - 2015,
,,2015 - 2016,
,,2016 - 2017,0.4
,,2017 - 2018,0.75
,,2018 - 2019,1.17
,,2019 - 2020,0.55
,,2020 - 2021,0.6
,,2021 - 2022,0.5
,,2022 - 2023,0.86
,Chandrapur,2003 - 2004,
,,2004 - 2005,
,,2005 - 2006,1.0
,,2006 - 2007,
,,2007 - 2008,
,,2008 - 2009,
,,2016 - 2017,1.0
,,2017 - 2018,1.0
,Chhatrapati Sambhajinagar,2000 - 2001,0.2
,,2001 - 2002,
,,2002 - 2003,
,,2003 - 2004,1.0
,,2004 - 2005,1.0
,,2005 - 2006,1.0
,,2006 - 2007,1.0
,,2007 - 2008,0.67
,,2008 - 2009,1.0
,,2009 - 2010,
,,2010 - 2011,1.0
,,2011 - 2012,1.0
,,2012 - 2013,
,,2013 - 2014,
,,2014 - 2015,
,,2015 - 2016,
,,2016 - 2017,
,,2017 - 2018,
,,2019 - 2020,
,,2020 - 2021,0.6
,,2021 - 2022,0.79
,,2022 - 2023,0.86
,Dharashiv,2000 - 2001,0.5
,,2001 - 2002,0.5
,,2002 - 2003,1.0
,,2003 - 2004,0.0
,,2004 - 2005,0.44
,,2005 - 2006,0.76
,,2006 - 2007,0.62
,,2007 - 2008,0.86
,,2008 - 2009,0.5
,,2009 - 2010,0.75
,,2010 - 2011,0.75
,,2011 - 2012,0.67
,,2012 - 2013,0.33
,,2013 - 2014,0.6
,,2014 - 2015,0.4
,,2015 - 2016,0.31
,,2016 - 2017,0.5
,,2017 - 2018,
,,2018 - 2019,
,,2019 - 2020,0.33
,,2020 - 2021,0.6
,,2021 - 2022,0.79
,,2022 - 2023,1.0
,Dhule,2000 - 2001,
,,2001 - 2002,
,,2002 - 2003,
,,2003 - 2004,
,,2004 - 2005,
,,2005 - 2006,
,,2006 - 2007,
,,2007 - 2008,
,,2008 - 2009,
,,2009 - 2010,
,,2013 - 2014,
,,2015 - 2016,
,,2016 - 2017,
,,2017 - 2018,
,,2019 - 2020,
,,2021 - 2022,0.92
,,2022 - 2023,0.86
,Gadchiroli,2000 - 2001,
,,2001 - 2002,
,,2017 - 2018,0.77
,,2022 - 2023,
,Gondia,2020 - 2021,
,,2022 - 2023,0.88
,Hingoli,2000 - 2001,0.54
,,2001 - 2002,1.0
,,2002 - 2003,1.0
,,2003 - 2004,1.0
,,2004 - 2005,1.0
,,2005 - 2006,0.75
,,2006 - 2007,0.75
,,2007 - 2008,1.0
,,2008 - 2009,1.0
,,2009 - 2010,
,,2010 - 2011,
,,2011 - 2012,
,,2012 - 2013,
,,2016 - 2017,0.5
,,2019 - 2020,
,,2021 - 2022,0.79
,,2022 - 2023,0.86
,Jalgaon,2000 - 2001,0.5
,,2001 - 2002,1.0
,,2002 - 2003,1.0
,,2003 - 2004,1.0
,,2004 - 2005,0.5
,,2005 - 2006,1.25
,,2006 - 2007,1.0
,,2007 - 2008,1.25
,,2008 - 2009,1.0
,,2009 - 2010,1.4
,,2010 - 2011,1.0
,,2011 - 2012,1.0
,,2012 - 2013,
,,2013 - 2014,
,,2015 - 2016,
,,2016 - 2017,
,,2017 - 2018,
,,2019 - 2020,
,,2020 - 2021,0.29
,,2021 - 2022,0.92
,,2022 - 2023,0.86
,Jalna,2000 - 2001,2.0
,,2001 - 2002,1.0
,,2002 - 2003,
,,2003 - 2004,
,,2004 - 2005,1.0
,,2005 - 2006,1.0
,,2006 - 2007,1.0
,,2007 - 2008,1.0
,,2008 - 2009,1.0
,,2009 - 2010,1.0
,,2010 - 2011,1.0
,,2011 - 2012,
,,2012 - 2013,
,,2013 - 2014,
,,2014 - 2015,
,,2015 - 2016,
,,2016 - 2017,
,,2018 - 2019,
,,2019 - 2020,
,,2020 - 2021,
,,2021 - 2022,0.79
,,2022 - 2023,0.85
,Kolhapur,2000 - 2001,0.5
,,2001 - 2002,1.5
,,2002 - 2003,1.0
,,2003 - 2004,1.33
,,2004 - 2005,1.6
,,2005 - 2006,1.43
,,2006 - 2007,1.43
,,2007 - 2008,1.25
,,2008 - 2009,1.22
,,2009 - 2010,1.6
,,2010 - 2011,2.0
,,2011 - 2012,1.9
,,2012 - 2013,1.64
,,2013 - 2014,1.09
,,2014 - 2015,1.45
,,2015 - 2016,1.5
,,2016 - 2017,2.0
,,2017 - 2018,1.7
,,2018 - 2019,1.97
,,2019 - 2020,1.4
,,2020 - 2021,0.29
,,2021 - 2022,1.33
,,2022 - 2023,0.85
,Latur,2000 - 2001,0.67
,,2001 - 2002,0.5
,,2002 - 2003,1.0
,,2003 - 2004,0.0
,,2004 - 2005,0.75
,,2005 - 2006,0.57
,,2006 - 2007,0.57
,,2007 - 2008,0.71
,,2008 - 2009,0.57
,,2009 - 2010,0.33
,,2010 - 2011,0.8
,,2011 - 2012,0.6
,,2012 - 2013,0.67
,,2013 - 2014,1.0
,,2014 - 2015,
,,2015 - 2016,
,,2016 - 2017,0.43
,,2017 - 2018,0.53
,,2018 - 2019,
,,2019 - 2020,0.5
,,2020 - 2021,0.6
,,2021 - 2022,0.79
,,2022 - 2023,0.85
,Nagpur,2000 - 2001,0.5
,,2001 - 2002,
,,2002 - 2003,
,,2003 - 2004,0.5
,,2004 - 2005,1.0
,,2005 - 2006,1.13
,,2006 - 2007,1.0
,,2007 - 2008,1.0
,,2008 - 2009,1.0
,,2009 - 2010,
,,2010 - 2011,
,,2011 - 2012,
,,2012 - 2013,
,,2013 - 2014,
,,2014 - 2015,
,,2015 - 2016,
,,2016 - 2017,
,,2017 - 2018,1.0
,,2018 - 2019,
,Nanded,2000 - 2001,
,,2001 - 2002,0.69
,,2002 - 2003,0.63
,,2003 - 2004,0.85
,,2004 - 2005,0.71
,,2005 - 2006,0.64
,,2006 - 2007,0.77
,,2007 - 2008,0.67
,,2008 - 2009,0.71
,,2009 - 2010,0.67
,,2010 - 2011,0.75
,,2011 - 2012,0.44
,,2012 - 2013,0.83
,,2013 - 2014,1.0
,,2014 - 2015,
,,2015 - 2016,
,,2016 - 2017,1.1
,,2017 - 2018,
,,2018 - 2019,1.29
,,2019 - 2020,1.06
,,2020 - 2021,0.6
,,2021 - 2022,0.79
,,2022 - 2023,0.86
,Nandurbar,2000 - 2001,
,,2001 - 2002,
,,2002 - 2003,
,,2003 - 2004,
,,2004 - 2005,1.0
,,2005 - 2006,1.0
,,2006 - 2007,1.0
,,2007 - 2008,1.0
,,2008 - 2009,1.0
,,2009 - 2010,1.4
,,2010 - 2011,1.43
,,2011 - 2012,1.25
,,2013 - 2014,1.0
,,2014 - 2015,1.0
,,2015 - 2016,1.0
,,2016 - 2017,0.71
,,2017 - 2018,0.07
,,2018 - 2019,0.57
,,2019 - 2020,0.92
,,2020 - 2021,0.29
,,2021 - 2022,0.92
,,2022 - 2023,0.85
,Nashik,2000 - 2001,1.0
,,2001 - 2002,
,,2002 - 2003,
,,2003 - 2004,
,,2004 - 2005,
,,2005 - 2006,
,,2006 - 2007,
,,2007 - 2008,
,,2008 - 2009,
,,2009 - 2010,
,,2010 - 2011,
,,2011 - 2012,
,,2012 - 2013,
,,2013 - 2014,
,,2014 - 2015,
,,2015 - 2016,
,,2016 - 2017,
,,2017 - 2018,
,,2019 - 2020,
,,2020 - 2021,
,,2021 - 2022,0.92
,,2022 - 2023,0.87
,Palghar,2014 - 2015,
,,2015 - 2016,
,,2016 - 2017,
,,2017 - 2018,
,,2018 - 2019,
,,2020 - 2021,
,,2021 - 2022,
,Parbhani,2000 - 2001,0.5
,,2001 - 2002,0.5
,,2002 - 2003,1.0
,,2003 - 2004,0.5
,,2004 - 2005,0.4
,,2005 - 2006,0.6
,,2006 - 2007,0.75
,,2007 - 2008,0.5
,,2008 - 2009,0.5
,,2009 - 2010,0.0
,,2010 - 2011,0.8
,,2011 - 2012,0.75
,,2012 - 2013,0.75
,,2013 - 2014,1.0
,,2014 - 2015,0.5
,,2015 - 2016,0.01
,,2016 - 2017,0.9
,,2017 - 2018,
,,2018 - 2019,
,,2019 - 2020,
,,2020 - 2021,
,,2022 - 2023,
,Pune,2000 - 2001,0.5
,,2001 - 2002,1.75
,,2002 - 2003,0.4
,,2003 - 2004,0.75
,,2004 - 2005,1.0
,,2005 - 2006,0.67
,,2006 - 2007,1.0
,,2007 - 2008,1.0
,,2008 - 2009,1.0
,,2009 - 2010,1.25
,,2010 - 2011,1.0
,,2011 - 2012,0.83
,,2012 - 2013,0.5
,,2013 - 2014,0.63
,,2014 - 2015,
,,2015 - 2016,
,,2016 - 2017,
,,2017 - 2018,
,,2019 - 2020,
,,2020 - 2021,0.3
,,2021 - 2022,0.85
,,2022 - 2023,0.88
,Ratnagiri,2015 - 2016,
,,2019 - 2020,
,,2020 - 2021,
,Sangli,2000 - 2001,0.5
,,2001 - 2002,2.0
,,2002 - 2003,1.0
,,2003 - 2004,1.0
,,2004 - 2005,1.0
,,2005 - 2006,1.0
,,2006 - 2007,0.5
,,2007 - 2008,1.0
,,2008 - 2009,1.0
,,2009 - 2010,1.0
,,2010 - 2011,0.67
,,2011 - 2012,
,,2012 - 2013,
,,2013 - 2014,
,,2014 - 2015,
,,2015 - 2016,
,,2016 - 2017,
,,2017 - 2018,
,,2018 - 2019,
,,2019 - 2020,
,,2020 - 2021,0.29
,,2021 - 2022,1.33
,,2022 - 2023,
,Satara,2000 - 2001,1.0
,,2001 - 2002,2.0
,,2002 - 2003,
,,2003 - 2004,
,,2004 - 2005,1.0
,,2005 - 2006,1.0
,,2006 - 2007,
,,2007 - 2008,2.0
,,2008 - 2009,2.0
,,2009 - 2010,
,,2010 - 2011,
,,2011 - 2012,
,,2012 - 2013,
,,2013 - 2014,
,,2014 - 2015,
,,2015 - 2016,
,,2016 - 2017,
,,2017 - 2018,
,,2018 - 2019,
,,2019 - 2020,
,,2020 - 2021,
,,2021 - 2022,
,,2022 - 2023,0.85
,Sindhudurg,2015 - 2016,
,,2016 - 2017,
,Solapur,2000 - 2001,0.43
,,2001 - 2002,1.0
,,2002 - 2003,0.5
,,2003 - 2004,1.0
,,2004 - 2005,0.75
,,2005 - 2006,0.8
,,2006 - 2007,0.5
,,2007 - 2008,0.9
,,2008 - 2009,0.75
,,2009 - 2010,0.75
,,2010 - 2011,0.8
,,2011 - 2012,0.6
,,2012 - 2013,0.5
,,2013 - 2014,0.75
,,2014 - 2015,
,,2015 - 2016,
,,2016 - 2017,0.5
,,2017 - 2018,0.71
,,2018 - 2019,
,,2019 - 2020,0.56
,,2020 - 2021,0.29
,,2021 - 2022,0.77
,,2022 - 2023,0.85
,Thane,2015 - 2016,
,,2016 - 2017,
,Wardha,2000 - 2001,
,,2001 - 2002,
,,2004 - 2005,
,,2005 - 2006,
,,2006 - 2007,
,,2007 - 2008,
,,2008 - 2009,
,,2010 - 2011,
,,2016 - 2017,
,Washim,2000 - 2001,1.0
,,2001 - 2002,2.0
,,2002 - 2003,
,,2003 - 2004,
,,2004 - 2005,
,,2005 - 2006,
,,2006 - 2007,
,,2007 - 2008,
,,2008 - 2009,
,,2010 - 2011,1.0
,,2011 - 2012,1.0
,,2016 - 2017,
,,2019 - 2020,2.2
,Yavatmal,2000 - 2001,1.0
,,2001 - 2002,
,,2002 - 2003,
,,2003 - 2004,
,,2004 - 2005,
,,2005 - 2006,
,,2006 - 2007,1.0
,,2007 - 2008,1.0
,,2017 - 2018,
Mizoram,Lawngtlai,2004 - 2005,
,Saiha,2004 - 2005,
Nagaland,Chumoukedima,2022 - 2023,
,Dimapur,2000 - 2001,
,,2001 - 2002,
,,2002 - 2003,
,,2003 - 2004,
,,2004 - 2005,
,,2005 - 2006,
,,2006 - 2007,
,,2007 - 2008,
,,2008 - 2009,
,,2009 - 2010,
,,2010 - 2011,
,,2011 - 2012,
,,2012 - 2013,
,,2013 - 2014,
,,2014 - 2015,
,,2015 - 2016,
,,2016 - 2017,
,,2017 - 2018,
,,2018 - 2019,
,,2019 - 2020,
,,2020 - 2021,
,Kiphire,2008 - 2009,
,,2009 - 2010,
,,2010 - 2011,
,,2011 - 2012,
,,2012 - 2013,
,,2013 - 2014,
,,2014 - 2015,
,,2015 - 2016,
,,2016 - 2017,
,,2017 - 2018,
,,2018 - 2019,
,,2019 - 2020,
,,2020 - 2021,
,,2021 - 2022,
,,2022 - 2023,
,Kohima,2000 - 2001,
,,2001 - 2002,
,,2002 - 2003,
,,2003 - 2004,
,,2007 - 2008,
,,2008 - 2009,
,,2009 - 2010,
,,2010 - 2011,
,,2011 - 2012,
,,2012 - 2013,
,,2013 - 2014,
,,2014 - 2015,
,,2015 - 2016,
,,2016 - 2017,
,,2017 - 2018,
,,2018 - 2019,
,,2019 - 2020,
,,2020 - 2021,
,Longleng,2009 - 2010,
,,2010 - 2011,
,,2011 - 2012,
,,2012 - 2013,
,,2013 - 2014,
,,2014 - 2015,
,,2015 - 2016,
,,2016 - 2017,
,,2017 - 2018,
,,2018 - 2019,
,,2019 - 2020,
,,2020 - 2021,
,Mokokchung,2000 - 2001,
,,2001 - 2002,
,,2002 - 2003,
,,2003 - 2004,
,,2004 - 2005,
,,2005 - 2006,
,,2006 - 2007,
,,2007 - 2008,
,,2008 - 2009,
,,2009 - 2010,
,,2010 - 2011,
,,2011 - 2012,
,,2012 - 2013,
,,2013 - 2014,
,,2014 - 2015,
,,2015 - 2016,
,,2016 - 2017,
,,2017 - 2018,
,,2018 - 2019,
,,2019 - 2020,
,,2020 - 2021,
,,2021 - 2022,
,,2022 - 2023,
,Mon,2000 - 2001,
,,2001 - 2002,
,,2002 - 2003,
,,2003 - 2004,
,,2008 - 2009,
,,2009 - 2010,
,,2010 - 2011,
,,2011 - 2012,
,,2012 - 2013,
,,2013 - 2014,
,,2014 - 2015,
,,2015 - 2016,
,,2016 - 2017,
,,2017 - 2018,
,,2018 - 2019,
,,2019 - 2020,
,,2020 - 2021,
,Nuiland,2022 - 2023,
,Peren,2008 - 2009,
,,2009 - 2010,
,,2010 - 2011,
,,2011 - 2012,
,,2012 - 2013,
,,2013 - 2014,
,,2014 - 2015,
,,2015 - 2016,
,,2016 - 2017,
,,2017 - 2018,
,,2018 - 2019,
,,2019 - 2020,
,,2020 - 2021,
,,2021 - 2022,
,,2022 - 2023,
,Phek,2000 - 2001,
,,2001 - 2002,
,,2002 - 2003,
,,2003 - 2004,
,,2006 - 2007,
,,2007 - 2008,
,,2008 - 2009,
,,2009 - 2010,
,,2010 - 2011,
,,2011 - 2012,
,,2012 - 2013,
,,2013 - 2014,
,,2014 - 2015,
,,2015 - 2016,
,,2016 - 2017,
,,2017 - 2018,
,,2018 - 2019,
,,2019 - 2020,
,,2020 - 2021,
,,2021 - 2022,
,,2022 - 2023,
,Shamator,2022 - 2023,
,Tuensang,2000 - 2001,
,,2001 - 2002,
,,2002 - 2003,
,,2003 - 2004,
,,2008 - 2009,
,,2009 - 2010,
,,2010 - 2011,
,,2011 - 2012,
,,2012 - 2013,
,,2013 - 2014,
,,2014 - 2015,
,,2015 - 2016,
,,2016 - 2017,
,,2017 - 2018,
,,2018 - 2019,
,,2019 - 2020,
,,2020 - 2021,
,,2021 - 2022,
,,2022 - 2023,
,Wokha,2000 - 2001,
,,2001 - 2002,
,,2002 - 2003,
,,2003 - 2004,
,,2004 - 2005,
,,2007 - 2008,
,,2008 - 2009,
,,2009 - 2010,
,,2010 - 2011,
,,2011 - 2012,
,,2012 - 2013,
,,2013 - 2014,
,,2014 - 2015,
,,2015 - 2016,
,,2016 - 2017,
,,2017 - 2018,
,,2018 - 2019,
,,2019 - 2020,
,,2020 - 2021,
,Zunheboto,2000 - 2001,
,,2001 - 2002,
,,2002 - 2003,
,,2003 - 2004,
,,2008 - 2009,
,,2009 - 2010,
,,2010 - 2011,
,,2011 - 2012,
,,2012 - 2013,
,,2013 - 2014,
,,2014 - 2015,
,,2015 - 2016,
,,2016 - 2017,
,,2017 - 2018,
,,2018 - 2019,
,,2019 - 2020,
,,2020 - 2021,
,,2021 - 2022,
,,2022 - 2023,
Odisha,Anugul,2000 - 2001,
,,2002 - 2003,
,,2003 - 2004,
,,2004 - 2005,
,,2019 - 2020,
,Balangir,2000 - 2001,
,,2001 - 2002,
,,2002 - 2003,
,,2003 - 2004,
,,2004 - 2005,
,,2019 - 2020,
,Baleshwar,2000 - 2001,
,,2001 - 2002,
,,2002 - 2003,
,,2003 - 2004,
,,2004 - 2005,
,,2019 - 2020,
,Bargarh,2000 - 2001,
,,2001 - 2002,
,,2002 - 2003,
,,2003 - 2004,
,,2004 - 2005,
,,2019 - 2020,
,Bhadrak,2000 - 2001,
,,2001 - 2002,
,,2002 - 2003,
,,2003 - 2004,
,,2004 - 2005,
,,2019 - 2020,
,Boudh,2000 - 2001,
,,2001 - 2002,
,,2002 - 2003,
,,2003 - 2004,
,,2004 - 2005,
,,2019 - 2020,
,Cuttack,2000 - 2001,
,,2001 - 2002,
,,2002 - 2003,
,,2003 - 2004,
,,2004 - 2005,
,,2019 - 2020,
,Deogarh,2000 - 2001,
,,2001 - 2002,
,,2002 - 2003,
,,2003 - 2004,
,,2004 - 2005,
,,2019 - 2020,
,Dhenkanal,2000 - 2001,
,,2002 - 2003,
,,2003 - 2004,
,,2004 - 2005,
,,2019 - 2020,
,Gajapati,2000 - 2001,
,,2001 - 2002,
,,2002 - 2003,
,,2003 - 2004,
,,2004 - 2005,
,,2019 - 2020,
,Ganjam,2000 - 2001,
,,2001 - 2002,
,,2002 - 2003,
,,2003 - 2004,
,,2004 - 2005,
,,2019 - 2020,
,Jagatsinghapur,2000 - 2001,
,,2001 - 2002,
,,2002 - 2003,
,,2003 - 2004,
,,2004 - 2005,
,,2019 - 2020,
,Jajapur,2000 - 2001,
,,2001 - 2002,
,,2002 - 2003,
,,2003 - 2004,
,,2004 - 2005,
,,2019 - 2020,
,Jharsuguda,2000 - 2001,
,,2001 - 2002,
,,2002 - 2003,
,,2003 - 2004,
,,2004 - 2005,
,,2019 - 2020,
,Kalahandi,2000 - 2001,
,,2001 - 2002,
,,2002 - 2003,
,,2003 - 2004,
,,2004 - 2005,
,,2019 - 2020,
,Kandhamal,2000 - 2001,
,,2001 - 2002,
,,2002 - 2003,
,,2003 - 2004,
,,2004 - 2005,
,,2019 - 2020,
,Kendrapara,2000 - 2001,
,,2001 - 2002,
,,2002 - 2003,
,,2003 - 2004,
,,2004 - 2005,
,,2019 - 2020,
,Kendujhar,2000 - 2001,
,,2001 - 2002,
,,2002 - 2003,
,,2003 - 2004,
,,2004 - 2005,
,,2019 - 2020,
,Khordha,2001 - 2002,
,,2002 - 2003,
,,2003 - 2004,
,,2004 - 2005,
,,2019 - 2020,
,Koraput,2000 - 2001,
,,2001 - 2002,
,,2002 - 2003,
,,2003 - 2004,
,,2004 - 2005,
,,2019 - 2020,
,Malkangiri,2000 - 2001,
,,2019 - 2020,
,Mayurbhanj,2000 - 2001,
,,2001 - 2002,
,,2002 - 2003,
,,2003 - 2004,
,,2004 - 2005,
,,2019 - 2020,
,Nabarangpur,2000 - 2001,
,,2001 - 2002,
,,2002 - 2003,
,,2003 - 2004,
,,2004 - 2005,
,,2019 - 2020,
,Nayagarh,2000 - 2001,
,,2001 - 2002,
,,2002 - 2003,
,,2003 - 2004,
,,2004 - 2005,
,,2019 - 2020,
,Nuapada,2000 - 2001,
,,2001 - 2002,
,,2002 - 2003,
,,2003 - 2004,
,,2004 - 2005,
,,2019 - 2020,
,Puri,2001 - 2002,
,,2002 - 2003,
,,2003 - 2004,
,,2004 - 2005,
,,2019 - 2020,
,Rayagada,2000 - 2001,
,,2001 - 2002,
,,2002 - 2003,
,,2003 - 2004,
,,2004 - 2005,
,,2019 - 2020,
,Sambalpur,2000 - 2001,
,,2001 - 2002,
,,2002 - 2003,
,,2003 - 2004,
,,2004 - 2005,
,,2019 - 2020,
,Sonepur,2000 - 2001,
,,2001 - 2002,
,,2002 - 2003,
,,2003 - 2004,
,,2004 - 2005,
,,2019 - 2020,
,Sundargarh,2000 - 2001,
,,2001 - 2002,
,,2002 - 2003,
,,2003 - 2004,
,,2004 - 2005,
,,2019 - 2020,
Puducherry,Karaikal,2007 - 2008,
,Pondicherry,2007 - 2008,
,,2008 - 2009,
,,2009 - 2010,
,,2010 - 2011,
Punjab,Amritsar,2003 - 2004,
,Fatehgarh sahib,2012 - 2013,
,,2016 - 2017,
,,2017 - 2018,
,,2018 - 2019,
,,2019 - 2020,
,,2020 - 2021,
,,2022 - 2023,
,Hoshiarpur,2003 - 2004,
,,2012 - 2013,
,,2016 - 2017,
,Jalandhar,2003 - 2004,
,,2012 - 2013,
,,2016 - 2017,
,,2017 - 2018,
,Kapurthala,2003 - 2004,
,,2012 - 2013,
,,2016 - 2017,
,,2017 - 2018,
,,2021 - 2022,
,Ludhiana,2003 - 2004,
,,2012 - 2013,
,,2016 - 2017,
,,2017 - 2018,
,,2018 - 2019,
,,2019 - 2020,
,Nawanshahr,2003 - 2004,
,,2012 - 2013,
,,2016 - 2017,
,,2017 - 2018,
,,2019 - 2020,
,Patiala,2003 - 2004,
,,2012 - 2013,
,,2016 - 2017,
,,2017 - 2018,
,,2018 - 2019,
,,2019 - 2020,
,,2020 - 2021,
,,2021 - 2022,
,,2022 - 2023,
,Rupnagar,2003 - 2004,
,S.a.s nagar,2012 - 2013,
,,2016 - 2017,
,,2017 - 2018,
,,2018 - 2019,
,,2019 - 2020,
,,2020 - 2021,
,,2022 - 2023,
,Sangrur,2012 - 2013,
,Tarn taran,2012 - 2013,
Rajasthan,Ajmer,2001 - 2002,
,,2003 - 2004,
,,2004 - 2005,
,,2005 - 2006,
,Baran,2000 - 2001,
,,2005 - 2006,
,Barmer,2003 - 2004,
,,2004 - 2005,
,Bharatpur,2003 - 2004,
,Bhilwara,2004 - 2005,
,,2006 - 2007,
,Bikaner,2006 - 2007,
,Bundi,2000 - 2001,
,,2001 - 2002,
,Chittorgarh,2000 - 2001,
,,2001 - 2002,
,Dungarpur,2001 - 2002,
,,2003 - 2004,
,Ganganagar,2003 - 2004,
,,2004 - 2005,
,,2007 - 2008,
,,2012 - 2013,
,Hanumangarh,2002 - 2003,
,Jaisalmer,2004 - 2005,
,Jalore,2002 - 2003,
,,2019 - 2020,
,Jhalawar,2000 - 2001,
,,2001 - 2002,
,,2002 - 2003,
,,2003 - 2004,
,,2004 - 2005,
,,2005 - 2006,
,Jhunjhunu,2005 - 2006,
,,2006 - 2007,
,Jodhpur,2004 - 2005,
,,2005 - 2006,
,,2006 - 2007,
,,2007 - 2008,
,Karauli,2007 - 2008,
,Kota,2000 - 2001,
,,2003 - 2004,
,Nagaur,2000 - 2001,
,,2005 - 2006,
,,2006 - 2007,
,,2010 - 2011,
,,2013 - 2014,
,Pali,2011 - 2012,
,Rajsamand,2003 - 2004,
Tamil Nadu,Ariyalur,2008 - 2009,
,,2009 - 2010,
,,2010 - 2011,
,,2011 - 2012,
,,2012 - 2013,
,,2013 - 2014,
,,2014 - 2015,
,,2015 - 2016,
,,2016 - 2017,
,,2017 - 2018,
,,2018 - 2019,
,,2019 - 2020,
,,2020 - 2021,
,,2021 - 2022,
,,2022 - 2023,
,Coimbatore,2000 - 2001,
,,2001 - 2002,
,,2002 - 2003,
,,2003 - 2004,
,,2004 - 2005,
,,2005 - 2006,
,,2006 - 2007,
,,2007 - 2008,
,,2008 - 2009,
,,2009 - 2010,
,,2010 - 2011,
,,2011 - 2012,
,,2012 - 2013,
,,2013 - 2014,
,,2014 - 2015,
,,2015 - 2016,
,,2017 - 2018,
,,2018 - 2019,
,,2019 - 2020,
,Cuddalore,2001 - 2002,
,,2002 - 2003,
,,2003 - 2004,
,,2004 - 2005,
,,2005 - 2006,
,,2006 - 2007,
,,2007 - 2008,
,,2008 - 2009,
,,2009 - 2010,
,,2010 - 2011,
,,2011 - 2012,
,,2012 - 2013,
,,2013 - 2014,
,,2014 - 2015,
,,2015 - 2016,
,,2016 - 2017,
,,2017 - 2018,
,,2018 - 2019,
,,2019 - 2020,
,,2020 - 2021,
,,2021 - 2022,
,,2022 - 2023,
,Dharmapuri,2000 - 2001,
,,2001 - 2002,
,,2002 - 2003,
,,2003 - 2004,
,,2004 - 2005,
,,2005 - 2006,
,,2006 - 2007,
,,2007 - 2008,
,,2008 - 2009,
,,2009 - 2010,
,,2010 - 2011,
,,2011 - 2012,
,,2012 - 2013,
,,2013 - 2014,
,,2014 - 2015,
,,2015 - 2016,
,,2016 - 2017,
,,2017 - 2018,
,Dindigul,2000 - 2001,
,,2001 - 2002,
,,2002 - 2003,
,,2003 - 2004,
,,2004 - 2005,
,,2005 - 2006,
,,2006 - 2007,
,,2007 - 2008,
,,2008 - 2009,
,,2009 - 2010,
,,2010 - 2011,
,,2011 - 2012,
,,2012 - 2013,
,,2013 - 2014,
,,2014 - 2015,
,,2015 - 2016,
,,2016 - 2017,
,,2017 - 2018,
,,2018 - 2019,
,,2019 - 2020,
,,2020 - 2021,
,,2021 - 2022,
,,2022 - 2023,
,Erode,2000 - 2001,
,,2001 - 2002,
,,2002 - 2003,
,,2003 - 2004,
,,2004 - 2005,
,,2005 - 2006,
,,2006 - 2007,
,,2007 - 2008,
,,2008 - 2009,
,,2009 - 2010,
,,2010 - 2011,
,,2011 - 2012,
,,2012 - 2013,
,,2013 - 2014,
,,2014 - 2015,
,,2015 - 2016,
,,2017 - 2018,
,,2018 - 2019,
,,2019 - 2020,
,,2020 - 2021,
,,2021 - 2022,
,,2022 - 2023,
,Kanchipuram,2000 - 2001,
,,2003 - 2004,
,,2004 - 2005,
,,2005 - 2006,
,,2006 - 2007,
,,2007 - 2008,
,,2008 - 2009,
,,2009 - 2010,
,,2010 - 2011,
,,2011 - 2012,
,,2013 - 2014,
,,2014 - 2015,
,,2015 - 2016,
,,2016 - 2017,
,,2017 - 2018,
,,2018 - 2019,
,Karur,2000 - 2001,
,,2001 - 2002,
,,2002 - 2003,
,,2003 - 2004,
,,2004 - 2005,
,,2005 - 2006,
,,2006 - 2007,
,,2007 - 2008,
,,2008 - 2009,
,,2009 - 2010,
,,2010 - 2011,
,,2011 - 2012,
,,2012 - 2013,
,,2013 - 2014,
,,2014 - 2015,
,,2015 - 2016,
,,2016 - 2017,
,,2017 - 2018,
,,2018 - 2019,
,,2019 - 2020,
,,2020 - 2021,
,,2021 - 2022,
,,2022 - 2023,
,Krishnagiri,2004 - 2005,
,,2005 - 2006,
,,2006 - 2007,
,,2007 - 2008,
,,2008 - 2009,
,,2009 - 2010,
,,2010 - 2011,
,,2011 - 2012,
,,2012 - 2013,
,,2015 - 2016,
,,2017 - 2018,
,Madurai,2000 - 2001,
,,2001 - 2002,
,,2002 - 2003,
,,2003 - 2004,
,,2004 - 2005,
,,2005 - 2006,
,,2006 - 2007,
,,2007 - 2008,
,,2008 - 2009,
,,2009 - 2010,
,,2010 - 2011,
,,2011 - 2012,
,,2012 - 2013,
,,2013 - 2014,
,,2014 - 2015,
,,2015 - 2016,
,,2016 - 2017,
,,2017 - 2018,
,,2018 - 2019,
,,2019 - 2020,
,,2020 - 2021,
,,2021 - 2022,
,,2022 - 2023,
,Nagapattinam,2002 - 2003,
,,2003 - 2004,
,,2004 - 2005,
,,2005 - 2006,
,,2006 - 2007,
,,2008 - 2009,
,Namakkal,2000 - 2001,
,,2001 - 2002,
,,2002 - 2003,
,,2003 - 2004,
,,2004 - 2005,
,,2005 - 2006,
,,2006 - 2007,
,,2007 - 2008,
,,2008 - 2009,
,,2009 - 2010,
,,2010 - 2011,
,,2011 - 2012,
,,2012 - 2013,
,,2013 - 2014,
,,2014 - 2015,
,,2015 - 2016,
,,2016 - 2017,
,,2020 - 2021,
,,2021 - 2022,
,,2022 - 2023,
,Perambalur,2000 - 2001,
,,2001 - 2002,
,,2002 - 2003,
,,2003 - 2004,
,,2004 - 2005,
,,2005 - 2006,
,,2006 - 2007,
,,2007 - 2008,
,,2008 - 2009,
,,2009 - 2010,
,,2010 - 2011,
,,2011 - 2012,
,,2012 - 2013,
,,2013 - 2014,
,,2014 - 2015,
,,2015 - 2016,
,,2016 - 2017,
,,2017 - 2018,
,,2018 - 2019,
,,2019 - 2020,
,,2020 - 2021,
,,2021 - 2022,
,,2022 - 2023,
,Pudukkottai,2000 - 2001,
,,2001 - 2002,
,,2002 - 2003,
,,2003 - 2004,
,,2004 - 2005,
,,2005 - 2006,
,,2006 - 2007,
,,2007 - 2008,
,,2008 - 2009,
,,2009 - 2010,
,,2010 - 2011,
,,2011 - 2012,
,,2012 - 2013,
,,2013 - 2014,
,,2015 - 2016,
,,2016 - 2017,
,,2019 - 2020,
,,2020 - 2021,
,,2021 - 2022,
,,2022 - 2023,
,Ramanathapuram,2000 - 2001,
,,2001 - 2002,
,,2002 - 2003,
,,2003 - 2004,
,,2004 - 2005,
,,2005 - 2006,
,,2006 - 2007,
,,2007 - 2008,
,,2008 - 2009,
,,2009 - 2010,
,,2010 - 2011,
,,2011 - 2012,
,,2012 - 2013,
,,2013 - 2014,
,,2014 - 2015,
,,2015 - 2016,
,,2016 - 2017,
,,2017 - 2018,
,,2018 - 2019,
,,2019 - 2020,
,,2020 - 2021,
,,2021 - 2022,
,,2022 - 2023,
,Salem,2000 - 2001,
,,2001 - 2002,
,,2002 - 2003,
,,2003 - 2004,
,,2004 - 2005,
,,2005 - 2006,
,,2006 - 2007,
,,2007 - 2008,
,,2008 - 2009,
,,2009 - 2010,
,,2010 - 2011,
,,2011 - 2012,
,,2012 - 2013,
,,2013 - 2014,
,,2014 - 2015,
,,2015 - 2016,
,,2016 - 2017,
,,2017 - 2018,
,,2018 - 2019,
,,2019 - 2020,
,,2021 - 2022,
,,2022 - 2023,
,Sivaganga,2000 - 2001,
,,2004 - 2005,
,,2005 - 2006,
,,2006 - 2007,
,,2007 - 2008,
,,2009 - 2010,
,,2010 - 2011,
,,2013 - 2014,
,,2014 - 2015,
,Thanjavur,2002 - 2003,
,,2003 - 2004,
,,2004 - 2005,
,,2005 - 2006,
,,2006 - 2007,
,,2007 - 2008,
,,2008 - 2009,
,,2009 - 2010,
,,2010 - 2011,
,,2011 - 2012,
,,2012 - 2013,
,,2013 - 2014,
,,2014 - 2015,
,,2015 - 2016,
,,2016 - 2017,
,,2019 - 2020,
,,2020 - 2021,
,,2022 - 2023,
,The nilgiris,2000 - 2001,
,Theni,2000 - 2001,
,,2001 - 2002,
,,2002 - 2003,
,,2003 - 2004,
,,2004 - 2005,
,,2005 - 2006,
,,2006 - 2007,
,,2007 - 2008,
,,2008 - 2009,
,,2009 - 2010,
,,2010 - 2011,
,,2011 - 2012,
,,2012 - 2013,
,,2013 - 2014,
,,2014 - 2015,
,,2015 - 2016,
,,2016 - 2017,
,,2017 - 2018,
,,2018 - 2019,
,,2020 - 2021,
,,2022 - 2023,
,Thenkasi,2020 - 2021,
,,2021 - 2022,
,,2022 - 2023,
,Thiruvallur,2000 - 2001,
,,2002 - 2003,
,,2003 - 2004,
,,2004 - 2005,
,,2005 - 2006,
,,2006 - 2007,
,,2007 - 2008,
,,2008 - 2009,
,,2009 - 2010,
,,2010 - 2011,
,,2011 - 2012,
,,2012 - 2013,
,,2013 - 2014,
,,2014 - 2015,
,,2015 - 2016,
,,2018 - 2019,
,,2019 - 2020,
,,2020 - 2021,
,,2021 - 2022,
,,2022 - 2023,
,Thiruvarur,2003 - 2004,
,,2004 - 2005,
,,2005 - 2006,
,,2007 - 2008,
,,2008 - 2009,
,,2019 - 2020,
,,2020 - 2021,
,Thoothukudi,2000 - 2001,
,,2001 - 2002,
,,2002 - 2003,
,,2003 - 2004,
,,2004 - 2005,
,,2005 - 2006,
,,2006 - 2007,
,,2007 - 2008,
,,2008 - 2009,
,,2009 - 2010,
,,2010 - 2011,
,,2011 - 2012,
,,2012 - 2013,
,,2013 - 2014,
,,2014 - 2015,
,,2015 - 2016,
,,2016 - 2017,
,,2017 - 2018,
,,2018 - 2019,
,,2019 - 2020,
,,2020 - 2021,
,,2021 - 2022,
,,2022 - 2023,
,Tiruchirappalli,2000 - 2001,
,,2001 - 2002,
,,2002 - 2003,
,,2003 - 2004,
,,2004 - 2005,
,,2005 - 2006,
,,2006 - 2007,
,,2007 - 2008,
,,2008 - 2009,
,,2009 - 2010,
,,2010 - 2011,
,,2011 - 2012,
,,2012 - 2013,
,,2013 - 2014,
,,2014 - 2015,
,,2015 - 2016,
,,2016 - 2017,
,,2017 - 2018,
,,2018 - 2019,
,,2019 - 2020,
,,2020 - 2021,
,,2021 - 2022,
,,2022 - 2023,
,Tirunelveli,2000 - 2001,
,,2001 - 2002,
,,2002 - 2003,
,,2003 - 2004,
,,2004 - 2005,
,,2005 - 2006,
,,2006 - 2007,
,,2007 - 2008,
,,2008 - 2009,
,,2009 - 2010,
,,2010 - 2011,
,,2011 - 2012,
,,2012 - 2013,
,,2013 - 2014,
,,2014 - 2015,
,,2015 - 2016,
,,2016 - 2017,
,,2017 - 2018,
,,2018 - 2019,
,,2019 - 2020,
,,2020 - 2021,
,,2021 - 2022,
,,2022 - 2023,
,Tirupathur,2020 - 2021,
,,2021 - 2022,
,,2022 - 2023,
,Tiruppur,2008 - 2009,
,,2009 - 2010,
,,2010 - 2011,
,,2011 - 2012,
,,2012 - 2013,
,,2013 - 2014,
,,2014 - 2015,
,,2015 - 2016,
,,2016 - 2017,
,,2017 - 2018,
,,2018 - 2019,
,,2019 - 2020,
,,2020 - 2021,
,,2021 - 2022,
,,2022 - 2023,
,Tiruvannamalai,2000 - 2001,
,,2001 - 2002,
,,2002 - 2003,
,,2003 - 2004,
,,2004 - 2005,
,,2005 - 2006,
,,2006 - 2007,
,,2007 - 2008,
,,2008 - 2009,
,,2009 - 2010,
,,2010 - 2011,
,,2011 - 2012,
,,2012 - 2013,
,,2013 - 2014,
,,2014 - 2015,
,,2015 - 2016,
,,2016 - 2017,
,,2017 - 2018,
,,2018 - 2019,
,,2019 - 2020,
,,2020 - 2021,
,,2021 - 2022,
,,2022 - 2023,
,Vellore,2000 - 2001,
,,2001 - 2002,
,,2002 - 2003,
,,2003 - 2004,
,,2004 - 2005,
,,2005 - 2006,
,,2006 - 2007,
,,2007 - 2008,
,,2008 - 2009,
,,2009 - 2010,
,,2010 - 2011,
,,2011 - 2012,
,,2012 - 2013,
,,2013 - 2014,
,,2014 - 2015,
,,2015 - 2016,
,,2016 - 2017,
,,2017 - 2018,
,,2018 - 2019,
,,2019 - 2020,
,,2021 - 2022,
,,2022 - 2023,
,Villupuram,2000 - 2001,
,,2001 - 2002,
,,2002 - 2003,
,,2003 - 2004,
,,2004 - 2005,
,,2005 - 2006,
,,2006 - 2007,
,,2007 - 2008,
,,2008 - 2009,
,,2009 - 2010,
,,2010 - 2011,
,,2011 - 2012,
,,2012 - 2013,
,,2013 - 2014,
,,2014 - 2015,
,,2015 - 2016,
,,2016 - 2017,
,,2017 - 2018,
,,2018 - 2019,
,,2019 - 2020,
,,2020 - 2021,
,,2022 - 2023,
,Virudhunagar,2000 - 2001,
,,2001 - 2002,
,,2002 - 2003,
,,2003 - 2004,
,,2004 - 2005,
,,2005 - 2006,
,,2006 - 2007,
,,2007 - 2008,
,,2008 - 2009,
,,2009 - 2010,
,,2010 - 2011,
,,2011 - 2012,
,,2012 - 2013,
,,2013 - 2014,
,,2014 - 2015,
,,2015 - 2016,
,,2016 - 2017,
,,2017 - 2018,
,,2018 - 2019,
,,2019 - 2020,
,,2020 - 2021,
,,2021 - 2022,
,,2022 - 2023,
Telangana,Adilabad,2000 - 2001,
,,2001 - 2002,
,,2002 - 2003,
,,2003 - 2004,
,,2004 - 2005,
,,2005 - 2006,
,,2006 - 2007,
,,2007 - 2008,
,,2008 - 2009,
,,2009 - 2010,
,,2010 - 2011,
,,2011 - 2012,
,,2013 - 2014,
,,2014 - 2015,
,,2015 - 2016,
,,2016 - 2017,
,,2017 - 2018,
,,2018 - 2019,
,,2020 - 2021,
,,2021 - 2022,
,,2022 - 2023,
,Bhadradri,2017 - 2018,
,,2018 - 2019,
,,2020 - 2021,
,,2021 - 2022,
,,2022 - 2023,
,Jagitial,2016 - 2017,
,,2020 - 2021,
,,2021 - 2022,
,,2022 - 2023,
,Jangoan,2016 - 2017,
,,2020 - 2021,
,,2021 - 2022,
,,2022 - 2023,
,Jayashankar,2017 - 2018,
,,2020 - 2021,
,,2021 - 2022,
,Jogulamba,2016 - 2017,
,,2017 - 2018,
,,2019 - 2020,
,,2020 - 2021,
,,2021 - 2022,
,,2022 - 2023,
,Kamareddy,2016 - 2017,
,,2017 - 2018,
,,2018 - 2019,
,,2019 - 2020,
,,2020 - 2021,
,,2021 - 2022,
,,2022 - 2023,
,Karimnagar,2000 - 2001,
,,2001 - 2002,
,,2002 - 2003,
,,2003 - 2004,
,,2004 - 2005,
,,2005 - 2006,
,,2006 - 2007,
,,2007 - 2008,
,,2008 - 2009,
,,2009 - 2010,
,,2010 - 2011,
,,2011 - 2012,
,,2013 - 2014,
,,2014 - 2015,
,,2015 - 2016,
,,2018 - 2019,
,,2019 - 2020,
,,2020 - 2021,
,,2021 - 2022,
,,2022 - 2023,
,Khammam,2000 - 2001,
,,2002 - 2003,
,,2003 - 2004,
,,2004 - 2005,
,,2005 - 2006,
,,2006 - 2007,
,,2007 - 2008,
,,2008 - 2009,
,,2009 - 2010,
,,2010 - 2011,
,,2011 - 2012,
,,2013 - 2014,
,,2014 - 2015,
,,2015 - 2016,
,,2016 - 2017,
,,2017 - 2018,
,,2018 - 2019,
,,2020 - 2021,
,,2021 - 2022,
,,2022 - 2023,
,Komaram bheem asifabad,2016 - 2017,
,,2019 - 2020,
,,2020 - 2021,
,,2021 - 2022,
,,2022 - 2023,
,Mahabubabad,2018 - 2019,
,,2020 - 2021,
,,2021 - 2022,
,,2022 - 2023,
,Mahbubnagar,2000 - 2001,
,,2001 - 2002,
,,2002 - 2003,
,,2003 - 2004,
,,2004 - 2005,
,,2005 - 2006,
,,2006 - 2007,
,,2007 - 2008,
,,2008 - 2009,
,,2009 - 2010,
,,2010 - 2011,
,,2011 - 2012,
,,2012 - 2013,
,,2013 - 2014,
,,2014 - 2015,
,,2015 - 2016,
,,2016 - 2017,
,,2017 - 2018,
,,2020 - 2021,
,,2021 - 2022,
,,2022 - 2023,
,Mancherial,2020 - 2021,
,,2021 - 2022,
,,2022 - 2023,
,Medak,2000 - 2001,
,,2001 - 2002,
,,2002 - 2003,
,,2003 - 2004,
,,2004 - 2005,
,,2005 - 2006,
,,2006 - 2007,
,,2007 - 2008,
,,2008 - 2009,
,,2009 - 2010,
,,2010 - 2011,
,,2011 - 2012,
,,2012 - 2013,
,,2013 - 2014,
,,2014 - 2015,
,,2015 - 2016,
,,2016 - 2017,
,,2017 - 2018,
,,2018 - 2019,
,,2019 - 2020,
,,2020 - 2021,
,,2021 - 2022,
,,2022 - 2023,
,Medchal,2016 - 2017,
,,2017 - 2018,
,,2018 - 2019,
,,2020 - 2021,
,,2021 - 2022,
,,2022 - 2023,
,Mulugu,2018 - 2019,
,,2020 - 2021,
,,2021 - 2022,
,,2022 - 2023,
,Nagarkurnool,2016 - 2017,
,,2017 - 2018,
,,2018 - 2019,
,,2019 - 2020,
,,2020 - 2021,
,,2021 - 2022,
,,2022 - 2023,
,Nalgonda,2000 - 2001,
,,2001 - 2002,
,,2002 - 2003,
,,2003 - 2004,
,,2004 - 2005,
,,2005 - 2006,
,,2006 - 2007,
,,2007 - 2008,
,,2008 - 2009,
,,2009 - 2010,
,,2010 - 2011,
,,2011 - 2012,
,,2013 - 2014,
,,2014 - 2015,
,,2015 - 2016,
,,2016 - 2017,
,,2017 - 2018,
,,2020 - 2021,
,,2021 - 2022,
,,2022 - 2023,
,Narayanapet,2018 - 2019,
,,2019 - 2020,
,,2020 - 2021,
,,2021 - 2022,
,,2022 - 2023,
,Nirmal,2016 - 2017,
,,2020 - 2021,
,,2021 - 2022,
,,2022 - 2023,
,Nizamabad,2000 - 2001,
,,2001 - 2002,
,,2002 - 2003,
,,2003 - 2004,
,,2004 - 2005,
,,2005 - 2006,
,,2006 - 2007,
,,2007 - 2008,
,,2008 - 2009,
,,2009 - 2010,
,,2010 - 2011,
,,2011 - 2012,
,,2012 - 2013,
,,2013 - 2014,
,,2014 - 2015,
,,2015 - 2016,
,,2016 - 2017,
,,2017 - 2018,
,,2018 - 2019,
,,2019 - 2020,
,,2020 - 2021,
,,2021 - 2022,
,,2022 - 2023,
,Peddapalli,2020 - 2021,
,,2021 - 2022,
,,2022 - 2023,
,Rajanna,2016 - 2017,
,,2017 - 2018,
,,2018 - 2019,
,,2019 - 2020,
,,2020 - 2021,
,,2021 - 2022,
,,2022 - 2023,
,Rangareddi,2000 - 2001,
,,2001 - 2002,
,,2002 - 2003,
,,2003 - 2004,
,,2004 - 2005,
,,2005 - 2006,
,,2006 - 2007,
,,2008 - 2009,
,,2009 - 2010,
,,2010 - 2011,
,,2011 - 2012,
,,2013 - 2014,
,,2014 - 2015,
,,2015 - 2016,
,,2016 - 2017,
,,2017 - 2018,
,,2018 - 2019,
,,2019 - 2020,
,,2020 - 2021,
,,2021 - 2022,
,,2022 - 2023,
,Sangareddy,2016 - 2017,
,,2017 - 2018,
,,2019 - 2020,
,,2020 - 2021,
,,2021 - 2022,
,,2022 - 2023,
,Siddipet,2016 - 2017,
,,2017 - 2018,
,,2018 - 2019,
,,2019 - 2020,
,,2020 - 2021,
,,2021 - 2022,
,,2022 - 2023,
,Suryapet,2020 - 2021,
,,2021 - 2022,
,Vikarabad,2016 - 2017,
,,2017 - 2018,
,,2018 - 2019,
,,2019 - 2020,
,,2020 - 2021,
,,2021 - 2022,
,,2022 - 2023,
,Wanaparthy,2016 - 2017,
,,2019 - 2020,
,,2022 - 2023,
,Warangal,2000 - 2001,
,,2001 - 2002,
,,2002 - 2003,
,,2003 - 2004,
,,2004 - 2005,
,,2005 - 2006,
,,2006 - 2007,
,,2008 - 2009,
,,2009 - 2010,
,,2010 - 2011,
,,2011 - 2012,
,,2013 - 2014,
,,2014 - 2015,
,,2015 - 2016,
,,2016 - 2017,
,,2017 - 2018,
,,2018 - 2019,
,,2020 - 2021,
,,2021 - 2022,
,,2022 - 2023,
,Warangal urban,2020 - 2021,
,,2021 - 2022,
,,2022 - 2023,
,Yadadri,2021 - 2022,
Uttar Pradesh,Agra,2001 - 2002,
,,2002 - 2003,
,,2003 - 2004,
,,2004 - 2005,2.0
,,2005 - 2006,1.0
,,2007 - 2008,2.83
,,2011 - 2012,1.5
,Aligarh,2001 - 2002,
,,2002 - 2003,
,,2003 - 2004,
,,2004 - 2005,1.97
,,2005 - 2006,1.21
,,2006 - 2007,1.5
,,2007 - 2008,2.82
,,2008 - 2009,1.78
,,2009 - 2010,2.2
,,2010 - 2011,1.52
,,2011 - 2012,1.7
,,2012 - 2013,0.78
,,2013 - 2014,1.6
,,2014 - 2015,1.72
,,2016 - 2017,1.0
,,2017 - 2018,1.44
,,2018 - 2019,1.36
,,2019 - 2020,1.4
,,2020 - 2021,1.37
,,2021 - 2022,1.34
,,2022 - 2023,1.36
,Allahabad,2001 - 2002,
,,2002 - 2003,
,,2004 - 2005,2.0
,,2006 - 2007,1.51
,,2021 - 2022,1.0
,,2022 - 2023,1.0
,Ambedkar nagar,2001 - 2002,
,,2002 - 2003,
,,2003 - 2004,
,,2004 - 2005,2.0
,,2005 - 2006,1.27
,,2006 - 2007,1.49
,,2012 - 2013,0.67
,,2015 - 2016,1.63
,,2020 - 2021,1.37
,,2022 - 2023,1.0
,Amethi,2011 - 2012,1.73
,,2012 - 2013,0.78
,,2013 - 2014,1.6
,,2014 - 2015,1.75
,,2015 - 2016,1.6
,,2016 - 2017,1.18
,,2017 - 2018,1.44
,,2018 - 2019,1.37
,,2019 - 2020,1.38
,,2020 - 2021,1.37
,,2021 - 2022,1.34
,,2022 - 2023,1.38
,Auraiya,2001 - 2002,
,,2002 - 2003,
,,2003 - 2004,
,,2004 - 2005,1.95
,,2005 - 2006,1.35
,,2006 - 2007,1.38
,,2007 - 2008,1.15
,,2008 - 2009,1.82
,,2009 - 2010,2.27
,,2010 - 2011,2.18
,,2017 - 2018,2.0
,Azamgarh,2001 - 2002,
,,2002 - 2003,
,,2003 - 2004,
,,2004 - 2005,2.0
,,2005 - 2006,1.33
,,2006 - 2007,1.5
,,2008 - 2009,1.89
,,2009 - 2010,2.22
,,2010 - 2011,2.13
,,2011 - 2012,1.67
,,2012 - 2013,0.76
,,2013 - 2014,1.75
,,2014 - 2015,1.69
,,2015 - 2016,1.63
,,2016 - 2017,1.25
,,2017 - 2018,1.33
,,2018 - 2019,1.33
,,2019 - 2020,1.33
,,2020 - 2021,1.33
,,2021 - 2022,1.33
,,2022 - 2023,1.36
,Baghpat,2001 - 2002,
,,2002 - 2003,
,,2019 - 2020,1.0
,Bahraich,2001 - 2002,
,,2002 - 2003,
,,2004 - 2005,2.0
,,2007 - 2008,1.6
,,2008 - 2009,1.87
,,2010 - 2011,2.14
,,2012 - 2013,0.75
,,2013 - 2014,1.59
,,2014 - 2015,1.67
,,2015 - 2016,1.62
,,2016 - 2017,1.18
,,2019 - 2020,1.35
,Ballia,2001 - 2002,
,,2002 - 2003,
,,2003 - 2004,
,,2004 - 2005,2.0
,,2005 - 2006,1.29
,,2006 - 2007,1.5
,,2007 - 2008,1.64
,,2008 - 2009,1.85
,,2009 - 2010,2.2
,,2010 - 2011,2.13
,,2011 - 2012,1.72
,,2012 - 2013,0.78
,,2013 - 2014,1.6
,,2014 - 2015,1.72
,,2015 - 2016,1.6
,,2016 - 2017,1.17
,,2018 - 2019,1.36
,,2019 - 2020,1.43
,,2020 - 2021,1.36
,,2021 - 2022,1.36
,,2022 - 2023,1.33
,Balrampur,2013 - 2014,1.61
,,2014 - 2015,1.74
,,2015 - 2016,1.58
,,2016 - 2017,1.16
,,2019 - 2020,1.39
,,2022 - 2023,1.36
,Banda,2003 - 2004,
,,2009 - 2010,2.0
,,2012 - 2013,0.71
,,2013 - 2014,1.5
,,2019 - 2020,1.5
,Barabanki,2001 - 2002,
,,2002 - 2003,
,,2003 - 2004,
,,2004 - 2005,1.93
,,2005 - 2006,1.5
,,2006 - 2007,1.0
,,2007 - 2008,1.61
,,2008 - 2009,2.0
,,2010 - 2011,2.14
,,2011 - 2012,1.71
,,2013 - 2014,1.67
,,2014 - 2015,1.7
,,2015 - 2016,1.5
,,2016 - 2017,1.22
,,2018 - 2019,1.33
,,2021 - 2022,1.29
,Bareilly,2001 - 2002,
,,2002 - 2003,
,,2003 - 2004,
,,2004 - 2005,1.96
,,2005 - 2006,1.21
,,2006 - 2007,1.52
,,2007 - 2008,2.81
,,2008 - 2009,1.86
,,2009 - 2010,2.2
,,2010 - 2011,2.13
,,2011 - 2012,1.71
,,2012 - 2013,0.78
,,2013 - 2014,1.61
,,2014 - 2015,2.0
,,2015 - 2016,1.58
,,2016 - 2017,1.17
,,2017 - 2018,1.47
,,2019 - 2020,1.0
,,2020 - 2021,1.35
,,2021 - 2022,1.35
,Basti,2004 - 2005,2.0
,,2007 - 2008,1.64
,,2008 - 2009,1.85
,,2009 - 2010,2.2
,,2010 - 2011,2.0
,,2011 - 2012,1.7
,,2012 - 2013,0.77
,,2015 - 2016,1.62
,,2022 - 2023,1.38
,Bijnor,2001 - 2002,
,,2002 - 2003,
,,2003 - 2004,
,,2004 - 2005,1.79
,,2005 - 2006,1.5
,,2008 - 2009,2.0
,,2009 - 2010,1.0
,,2020 - 2021,1.37
,Budaun,2001 - 2002,
,,2002 - 2003,
,,2003 - 2004,
,,2004 - 2005,1.97
,,2005 - 2006,1.21
,,2006 - 2007,1.52
,,2007 - 2008,2.86
,,2009 - 2010,2.18
,,2010 - 2011,2.0
,,2012 - 2013,1.0
,,2013 - 2014,1.6
,,2015 - 2016,1.5
,,2016 - 2017,1.18
,,2017 - 2018,1.45
,,2018 - 2019,1.37
,,2020 - 2021,1.37
,,2021 - 2022,1.34
,,2022 - 2023,1.36
,Bulandshahr,2001 - 2002,
,,2002 - 2003,
,,2003 - 2004,
,,2004 - 2005,1.97
,,2005 - 2006,1.28
,,2006 - 2007,1.51
,,2007 - 2008,1.65
,,2008 - 2009,1.86
,,2009 - 2010,2.33
,,2010 - 2011,2.16
,,2011 - 2012,1.75
,,2012 - 2013,0.78
,,2013 - 2014,1.5
,,2018 - 2019,1.33
,,2019 - 2020,1.5
,,2020 - 2021,1.5
,,2021 - 2022,1.5
,,2022 - 2023,1.5
,Chandauli,2003 - 2004,
,,2004 - 2005,2.0
,,2006 - 2007,1.0
,,2012 - 2013,0.83
,,2020 - 2021,1.33
,,2021 - 2022,1.5
,Chitrakoot,2004 - 2005,2.0
,,2006 - 2007,1.0
,Deoria,2001 - 2002,
,,2002 - 2003,
,,2003 - 2004,
,Etah,2001 - 2002,
,,2002 - 2003,
,,2003 - 2004,
,,2004 - 2005,1.96
,,2005 - 2006,1.21
,,2006 - 2007,1.5
,,2007 - 2008,2.82
,,2008 - 2009,1.77
,,2009 - 2010,2.2
,,2010 - 2011,1.53
,,2011 - 2012,1.7
,,2012 - 2013,0.78
,Etawah,2001 - 2002,
,,2002 - 2003,
,,2004 - 2005,2.0
,,2005 - 2006,1.0
,,2006 - 2007,1.25
,,2008 - 2009,1.83
,,2009 - 2010,2.22
,,2010 - 2011,2.21
,,2011 - 2012,2.0
,,2013 - 2014,1.56
,,2014 - 2015,1.65
,,2015 - 2016,1.58
,,2016 - 2017,1.25
,,2017 - 2018,1.44
,,2018 - 2019,1.33
,,2019 - 2020,1.38
,,2020 - 2021,1.33
,,2021 - 2022,1.33
,Faizabad,2001 - 2002,
,,2002 - 2003,
,,2003 - 2004,
,,2004 - 2005,2.0
,,2005 - 2006,1.2
,,2007 - 2008,1.67
,,2008 - 2009,1.8
,,2011 - 2012,1.7
,,2012 - 2013,0.79
,,2015 - 2016,1.6
,,2020 - 2021,1.4
,,2022 - 2023,1.5
,Farrukhabad,2001 - 2002,
,,2002 - 2003,
,,2003 - 2004,
,,2004 - 2005,1.95
,,2005 - 2006,1.36
,,2006 - 2007,1.6
,,2007 - 2008,1.67
,,2008 - 2009,1.62
,,2009 - 2010,2.91
,,2010 - 2011,2.6
,,2011 - 2012,1.71
,,2012 - 2013,0.77
,,2013 - 2014,1.6
,,2016 - 2017,1.17
,,2017 - 2018,1.44
,,2018 - 2019,1.36
,,2019 - 2020,1.39
,,2020 - 2021,1.38
,,2021 - 2022,1.37
,,2022 - 2023,1.36
,Fatehpur,2001 - 2002,
,,2002 - 2003,
,,2003 - 2004,
,,2004 - 2005,2.0
,,2005 - 2006,1.25
,,2006 - 2007,1.5
,,2007 - 2008,1.63
,,2008 - 2009,1.86
,,2009 - 2010,2.18
,,2011 - 2012,1.5
,,2012 - 2013,0.67
,,2013 - 2014,1.67
,,2014 - 2015,1.7
,,2016 - 2017,1.0
,,2017 - 2018,1.5
,,2019 - 2020,1.33
,,2020 - 2021,1.0
,Firozabad,2001 - 2002,
,,2002 - 2003,
,,2003 - 2004,
,,2004 - 2005,1.96
,,2005 - 2006,1.21
,,2006 - 2007,1.5
,,2007 - 2008,2.81
,,2008 - 2009,1.77
,,2009 - 2010,2.19
,,2010 - 2011,2.13
,,2011 - 2012,1.72
,,2012 - 2013,0.78
,,2013 - 2014,1.6
,,2014 - 2015,1.71
,,2015 - 2016,1.61
,,2016 - 2017,1.18
,,2017 - 2018,1.44
,,2020 - 2021,1.37
,,2021 - 2022,1.34
,,2022 - 2023,1.37
,Gautam buddha nagar,2001 - 2002,
,,2002 - 2003,
,,2003 - 2004,
,,2004 - 2005,1.9
,,2008 - 2009,1.86
,Ghaziabad,2001 - 2002,
,,2002 - 2003,
,,2003 - 2004,
,,2004 - 2005,2.0
,,2006 - 2007,1.33
,,2009 - 2010,2.0
,,2010 - 2011,2.0
,Ghazipur,2001 - 2002,
,,2002 - 2003,
,,2003 - 2004,
,,2004 - 2005,2.0
,,2005 - 2006,1.27
,,2006 - 2007,1.5
,,2007 - 2008,1.6
,,2008 - 2009,1.89
,,2009 - 2010,2.2
,,2010 - 2011,2.12
,,2011 - 2012,1.7
,,2012 - 2013,0.78
,,2013 - 2014,1.61
,,2014 - 2015,1.73
,,2015 - 2016,1.61
,,2016 - 2017,1.21
,,2017 - 2018,1.44
,,2018 - 2019,1.38
,,2019 - 2020,1.38
,,2020 - 2021,1.38
,,2021 - 2022,1.33
,,2022 - 2023,1.43
,Gonda,2002 - 2003,
,,2003 - 2004,
,,2004 - 2005,2.0
,,2005 - 2006,1.5
,,2007 - 2008,1.67
,,2014 - 2015,1.67
,,2021 - 2022,1.5
,,2022 - 2023,1.0
,Gorakhpur,2001 - 2002,
,,2002 - 2003,
,,2003 - 2004,
,,2004 - 2005,2.0
,,2005 - 2006,1.27
,,2007 - 2008,1.67
,,2009 - 2010,2.23
,,2013 - 2014,1.61
,,2015 - 2016,1.61
,,2016 - 2017,1.18
,,2019 - 2020,1.38
,,2022 - 2023,1.36
,Hamirpur,2001 - 2002,
,,2003 - 2004,
,,2004 - 2005,2.0
,,2015 - 2016,2.0
,,2016 - 2017,1.0
,,2019 - 2020,1.5
,Hardoi,2001 - 2002,
,,2002 - 2003,
,,2003 - 2004,
,,2004 - 2005,1.97
,,2005 - 2006,1.21
,,2006 - 2007,1.52
,,2007 - 2008,2.82
,,2008 - 2009,1.99
,,2009 - 2010,2.3
,,2010 - 2011,2.11
,,2011 - 2012,1.71
,,2012 - 2013,0.78
,,2013 - 2014,1.6
,,2015 - 2016,1.62
,,2016 - 2017,1.17
,,2017 - 2018,1.45
,,2018 - 2019,1.37
,,2019 - 2020,1.38
,,2020 - 2021,1.37
,,2021 - 2022,1.34
,,2022 - 2023,1.0
,Hathras,2001 - 2002,
,,2002 - 2003,
,,2003 - 2004,
,,2004 - 2005,1.97
,,2005 - 2006,1.21
,,2006 - 2007,1.5
,,2007 - 2008,2.81
,,2008 - 2009,1.76
,,2009 - 2010,2.19
,,2010 - 2011,1.5
,,2011 - 2012,1.75
,,2012 - 2013,0.75
,,2014 - 2015,1.67
,,2016 - 2017,1.22
,,2019 - 2020,1.33
,,2020 - 2021,1.37
,,2021 - 2022,1.33
,Jalaun,2001 - 2002,
,,2002 - 2003,
,,2003 - 2004,
,,2004 - 2005,2.0
,,2008 - 2009,2.0
,,2009 - 2010,2.0
,,2014 - 2015,1.5
,Jaunpur,2001 - 2002,
,,2002 - 2003,
,,2003 - 2004,
,,2004 - 2005,2.0
,,2006 - 2007,1.5
,,2007 - 2008,2.0
,,2008 - 2009,1.82
,,2009 - 2010,2.21
,,2010 - 2011,2.17
,,2011 - 2012,1.78
,,2013 - 2014,1.61
,,2014 - 2015,1.69
,,2015 - 2016,1.59
,,2016 - 2017,1.17
,,2017 - 2018,1.4
,,2018 - 2019,1.43
,,2019 - 2020,1.38
,,2020 - 2021,1.4
,,2021 - 2022,1.33
,,2022 - 2023,1.0
,Jhansi,2004 - 2005,1.92
,,2009 - 2010,2.22
,,2010 - 2011,2.14
,,2013 - 2014,1.6
,,2014 - 2015,1.71
,,2015 - 2016,1.61
,,2016 - 2017,1.17
,,2019 - 2020,1.38
,Kannauj,2001 - 2002,
,,2002 - 2003,
,,2003 - 2004,
,,2004 - 2005,2.05
,,2005 - 2006,1.22
,,2006 - 2007,1.36
,,2007 - 2008,1.2
,,2008 - 2009,1.31
,,2009 - 2010,1.45
,,2010 - 2011,1.37
,,2011 - 2012,1.71
,,2013 - 2014,1.6
,,2014 - 2015,1.62
,,2015 - 2016,1.61
,,2016 - 2017,1.18
,,2017 - 2018,1.44
,,2019 - 2020,1.38
,,2020 - 2021,1.37
,,2021 - 2022,1.34
,,2022 - 2023,1.38
,Kanpur dehat,2003 - 2004,
,,2004 - 2005,1.97
,,2005 - 2006,1.39
,,2006 - 2007,1.36
,,2007 - 2008,1.17
,,2008 - 2009,1.83
,,2009 - 2010,2.24
,,2011 - 2012,1.72
,,2012 - 2013,0.78
,,2013 - 2014,1.61
,,2015 - 2016,1.61
,,2016 - 2017,1.18
,,2017 - 2018,1.45
,,2020 - 2021,1.39
,,2021 - 2022,1.36
,Kanpur nagar,2001 - 2002,
,,2002 - 2003,
,,2003 - 2004,
,,2004 - 2005,1.95
,,2005 - 2006,1.33
,,2006 - 2007,2.1
,,2007 - 2008,0.53
,,2008 - 2009,3.73
,,2009 - 2010,1.76
,,2010 - 2011,1.76
,,2011 - 2012,1.71
,,2012 - 2013,0.78
,,2013 - 2014,1.6
,,2014 - 2015,1.61
,,2015 - 2016,1.61
,,2016 - 2017,1.17
,,2018 - 2019,1.37
,,2020 - 2021,1.37
,,2021 - 2022,1.34
,Kasganj,2009 - 2010,2.2
,,2010 - 2011,1.53
,,2011 - 2012,1.71
,,2012 - 2013,0.8
,,2013 - 2014,1.5
,,2014 - 2015,1.0
,,2017 - 2018,1.43
,,2019 - 2020,1.33
,,2021 - 2022,1.29
,,2022 - 2023,1.35
,Kaushambi,2002 - 2003,
,,2003 - 2004,
,,2004 - 2005,2.0
,,2005 - 2006,1.5
,,2006 - 2007,1.0
,,2007 - 2008,1.5
,,2008 - 2009,1.8
,,2009 - 2010,2.25
,,2010 - 2011,2.25
,,2011 - 2012,1.75
,,2012 - 2013,0.86
,,2015 - 2016,2.0
,,2016 - 2017,1.2
,,2018 - 2019,1.33
,,2021 - 2022,1.4
,Kheri,2001 - 2002,
,,2003 - 2004,
,,2004 - 2005,1.96
,,2005 - 2006,1.25
,,2006 - 2007,1.5
,,2008 - 2009,2.0
,,2012 - 2013,1.0
,,2014 - 2015,2.09
,,2015 - 2016,1.5
,,2022 - 2023,1.36
,Kushi nagar,2002 - 2003,
,,2003 - 2004,
,,2007 - 2008,1.6
,,2010 - 2011,2.0
,,2012 - 2013,1.0
,,2013 - 2014,1.0
,,2014 - 2015,2.0
,,2016 - 2017,1.0
,,2019 - 2020,1.5
,Lalitpur,2001 - 2002,
,,2002 - 2003,
,,2003 - 2004,
,,2004 - 2005,2.0
,,2005 - 2006,1.33
,,2013 - 2014,1.6
,,2014 - 2015,1.8
,,2015 - 2016,1.61
,,2016 - 2017,1.18
,,2017 - 2018,1.33
,,2019 - 2020,1.38
,,2020 - 2021,1.33
,,2021 - 2022,1.33
,Lucknow,2001 - 2002,
,,2002 - 2003,
,,2003 - 2004,
,,2004 - 2005,1.96
,,2005 - 2006,1.0
,,2006 - 2007,2.0
,,2015 - 2016,2.0
,Maharajganj,2001 - 2002,
,,2002 - 2003,
,,2007 - 2008,2.0
,,2008 - 2009,2.0
,,2009 - 2010,2.2
,,2010 - 2011,2.0
,,2011 - 2012,1.71
,,2012 - 2013,0.75
,,2013 - 2014,1.58
,,2014 - 2015,1.69
,,2015 - 2016,1.6
,,2016 - 2017,1.18
,,2019 - 2020,1.36
,Mahoba,2001 - 2002,
,,2002 - 2003,
,,2003 - 2004,
,,2004 - 2005,1.97
,,2005 - 2006,1.26
,,2015 - 2016,1.6
,,2016 - 2017,1.22
,,2019 - 2020,1.4
,Mainpuri,2001 - 2002,
,,2002 - 2003,
,,2003 - 2004,
,,2004 - 2005,1.96
,,2005 - 2006,1.21
,,2006 - 2007,1.49
,,2007 - 2008,2.82
,,2008 - 2009,1.77
,,2009 - 2010,2.2
,,2010 - 2011,2.12
,,2011 - 2012,1.71
,,2012 - 2013,0.78
,,2013 - 2014,1.64
,,2014 - 2015,1.71
,,2015 - 2016,1.61
,,2016 - 2017,1.17
,,2017 - 2018,1.42
,,2018 - 2019,1.36
,,2019 - 2020,1.43
,,2020 - 2021,1.33
,,2021 - 2022,1.36
,,2022 - 2023,1.37
,Mathura,2001 - 2002,
,,2003 - 2004,
,,2004 - 2005,2.0
,,2005 - 2006,1.33
,,2006 - 2007,1.43
,Mau,2002 - 2003,
,,2009 - 2010,2.17
,,2010 - 2011,2.13
,,2011 - 2012,1.73
,,2012 - 2013,0.79
,,2013 - 2014,1.57
,,2014 - 2015,1.74
,,2015 - 2016,1.58
,,2016 - 2017,1.2
,,2017 - 2018,1.43
,,2018 - 2019,1.36
,,2019 - 2020,1.36
,,2020 - 2021,1.37
,,2021 - 2022,1.36
,Meerut,2001 - 2002,
,,2002 - 2003,
,,2003 - 2004,
,,2004 - 2005,2.0
,,2007 - 2008,1.5
,,2022 - 2023,1.5
,Mirzapur,2001 - 2002,
,,2002 - 2003,
,,2003 - 2004,
,,2004 - 2005,2.0
,,2005 - 2006,1.33
,,2006 - 2007,1.67
,,2015 - 2016,1.61
,,2016 - 2017,1.0
,,2019 - 2020,1.0
,Moradabad,2001 - 2002,
,,2002 - 2003,
,,2003 - 2004,
,,2004 - 2005,1.8
,,2005 - 2006,1.43
,,2006 - 2007,1.6
,,2007 - 2008,2.75
,,2008 - 2009,2.0
,,2020 - 2021,1.39
,Muzaffarnagar,2001 - 2002,
,,2002 - 2003,
,,2003 - 2004,
,,2004 - 2005,1.95
,,2005 - 2006,1.5
,,2006 - 2007,1.47
,,2009 - 2010,2.0
,Pilibhit,2001 - 2002,
,,2002 - 2003,
,,2003 - 2004,
,,2004 - 2005,1.96
,,2005 - 2006,1.2
,,2006 - 2007,1.57
,,2007 - 2008,3.0
,,2008 - 2009,1.89
,,2009 - 2010,2.0
,,2010 - 2011,2.17
,,2011 - 2012,1.8
,,2012 - 2013,0.8
,,2013 - 2014,1.6
,,2014 - 2015,1.71
,,2015 - 2016,1.67
,,2016 - 2017,1.17
,,2018 - 2019,1.33
,,2020 - 2021,1.44
,,2021 - 2022,1.36
,Pratapgarh,2001 - 2002,
,Rae bareli,2001 - 2002,
,,2002 - 2003,
,,2003 - 2004,
,,2004 - 2005,2.0
,,2005 - 2006,1.2
,,2006 - 2007,1.5
,,2007 - 2008,2.82
,,2008 - 2009,2.0
,,2009 - 2010,2.31
,,2010 - 2011,2.0
,,2011 - 2012,1.73
,,2012 - 2013,0.79
,,2014 - 2015,2.0
,,2016 - 2017,1.0
,,2019 - 2020,1.5
,,2021 - 2022,1.0
,,2022 - 2023,1.25
,Rampur,2001 - 2002,
,,2002 - 2003,
,,2003 - 2004,
,,2004 - 2005,1.8
,,2005 - 2006,1.46
,,2006 - 2007,1.66
,,2007 - 2008,2.82
,,2008 - 2009,1.97
,,2009 - 2010,1.48
,,2010 - 2011,1.33
,,2011 - 2012,1.67
,,2012 - 2013,1.33
,,2013 - 2014,1.43
,,2014 - 2015,0.75
,,2015 - 2016,1.38
,,2016 - 2017,1.38
,,2017 - 2018,1.29
,,2018 - 2019,1.4
,,2019 - 2020,1.4
,,2020 - 2021,1.36
,,2021 - 2022,1.33
,Saharanpur,2003 - 2004,
,,2005 - 2006,1.2
,Sambhal,2013 - 2014,1.42
,,2016 - 2017,1.38
,,2022 - 2023,1.38
,Sant kabeer nagar,2001 - 2002,
,,2007 - 2008,1.57
,,2008 - 2009,1.91
,,2015 - 2016,1.0
,Sant ravidas nagar,2006 - 2007,1.33
,,2008 - 2009,1.89
,,2010 - 2011,2.17
,,2011 - 2012,1.69
,,2013 - 2014,1.6
,,2016 - 2017,1.17
,,2018 - 2019,1.33
,,2021 - 2022,1.33
,Shahjahanpur,2001 - 2002,
,,2002 - 2003,
,,2003 - 2004,
,,2004 - 2005,2.0
,,2005 - 2006,1.21
,,2006 - 2007,1.5
,,2007 - 2008,2.82
,,2008 - 2009,2.0
,,2009 - 2010,2.0
,,2010 - 2011,2.0
,,2011 - 2012,1.67
,,2013 - 2014,1.6
,,2015 - 2016,1.67
,,2018 - 2019,1.36
,,2020 - 2021,1.33
,,2021 - 2022,1.25
,Shamli,2015 - 2016,2.0
,Shravasti,2001 - 2002,
,,2003 - 2004,
,Siddharth nagar,2001 - 2002,
,,2002 - 2003,
,,2022 - 2023,1.0
,Sitapur,2001 - 2002,
,,2002 - 2003,
,,2003 - 2004,
,,2004 - 2005,1.97
,,2005 - 2006,1.0
,,2006 - 2007,1.52
,,2009 - 2010,2.25
,,2014 - 2015,2.0
,,2016 - 2017,1.0
,,2019 - 2020,1.0
,,2021 - 2022,1.0
,Sonbhadra,2001 - 2002,
,,2002 - 2003,
,,2003 - 2004,
,,2010 - 2011,2.0
,Sultanpur,2001 - 2002,
,,2002 - 2003,
,,2003 - 2004,
,,2004 - 2005,1.96
,,2005 - 2006,1.28
,,2006 - 2007,1.56
,,2007 - 2008,1.63
,,2008 - 2009,1.86
,,2009 - 2010,2.21
,,2010 - 2011,2.12
,,2011 - 2012,1.71
,,2012 - 2013,0.79
,,2013 - 2014,1.62
,,2014 - 2015,1.67
,,2015 - 2016,1.75
,,2016 - 2017,1.17
,,2017 - 2018,1.44
,,2018 - 2019,1.38
,,2019 - 2020,1.38
,,2020 - 2021,1.39
,,2021 - 2022,1.35
,,2022 - 2023,1.43
,Unnao,2001 - 2002,
,,2002 - 2003,
,,2003 - 2004,
,,2004 - 2005,1.96
,,2005 - 2006,1.21
,,2006 - 2007,1.52
,,2007 - 2008,2.82
,,2008 - 2009,1.99
,,2009 - 2010,2.29
,,2010 - 2011,2.11
,,2011 - 2012,1.72
,,2012 - 2013,0.77
,,2013 - 2014,1.6
,,2014 - 2015,2.09
,,2015 - 2016,1.63
,,2016 - 2017,1.18
,,2018 - 2019,1.36
,,2019 - 2020,1.38
,,2020 - 2021,1.37
,,2021 - 2022,1.34
,,2022 - 2023,1.37
,Varanasi,2001 - 2002,
,,2003 - 2004,
,,2005 - 2006,1.26
,,2008 - 2009,2.0
,,2009 - 2010,2.0
Uttarakhand,Almora,2002 - 2003,
,,2003 - 2004,
,,2004 - 2005,
,,2013 - 2014,
,Bageshwar,2002 - 2003,
,Chamoli,2003 - 2004,
,Dehradun,2000 - 2001,
,,2001 - 2002,
,,2002 - 2003,
,,2003 - 2004,
,,2005 - 2006,
,,2011 - 2012,
,,2012 - 2013,
,,2013 - 2014,
,,2014 - 2015,
,,2015 - 2016,
,,2018 - 2019,
,,2020 - 2021,
,,2021 - 2022,
,Haridwar,2001 - 2002,
,,2003 - 2004,
,,2005 - 2006,
,,2011 - 2012,
,,2018 - 2019,1.0
,Nainital,2006 - 2007,
,,2011 - 2012,
,,2013 - 2014,
,,2015 - 2016,
,,2020 - 2021,
,Pauri garhwal,2002 - 2003,
,,2004 - 2005,
,,2011 - 2012,
,,2013 - 2014,
,,2014 - 2015,
,,2019 - 2020,
,,2021 - 2022,
,Pithoragarh,2000 - 2001,
,,2016 - 2017,
,Tehri garhwal,2019 - 2020,
,Udam singh nagar,2000 - 2001,
,,2001 - 2002,
,,2002 - 2003,
,,2003 - 2004,
,,2004 - 2005,
,,2005 - 2006,
,,2006 - 2007,
,,2007 - 2008,
,,2008 - 2009,
,,2009 - 2010,
,,2012 - 2013,
,,2013 - 2014,
,,2014 - 2015,
,,2015 - 2016,
,,2018 - 2019,1.0
,,2020 - 2021,0.67
,,2021 - 2022,0.67
,,2022 - 2023,0.67
,Uttar kashi,2004 - 2005,
,,2005 - 2006,
,,2011 - 2012,
,,2014 - 2015,
,,2015 - 2016,
,,2019 - 2020,
West Bengal,paraganas north,2000 - 2001,
,,2001 - 2002,
,,2003 - 2004,
,,2004 - 2005,
,,2005 - 2006,
,,2006 - 2007,
,,2007 - 2008,
,,2008 - 2009,
,,2009 - 2010,
,,2010 - 2011,
,,2011 - 2012,
,,2012 - 2013,
,,2013 - 2014,
,,2014 - 2015,
,,2015 - 2016,
,,2016 - 2017,
,,2017 - 2018,
,,2018 - 2019,
,,2019 - 2020,
,,2020 - 2021,
,,2021 - 2022,
,,2022 - 2023,
,paraganas south,2000 - 2001,
,,2001 - 2002,
,,2002 - 2003,
,,2003 - 2004,
,,2004 - 2005,
,,2005 - 2006,
,,2006 - 2007,
,,2007 - 2008,
,,2008 - 2009,
,,2009 - 2010,
,,2010 - 2011,
,,2011 - 2012,
,,2012 - 2013,
,,2013 - 2014,
,,2014 - 2015,
,,2015 - 2016,
,,2016 - 2017,
,,2017 - 2018,
,,2018 - 2019,
,,2019 - 2020,
,,2020 - 2021,
,,2021 - 2022,
,,2022 - 2023,
,Alipurduar,2018 - 2019,
,,2019 - 2020,
,,2020 - 2021,
,,2022 - 2023,
,Bankura,2003 - 2004,
,,2004 - 2005,
,,2005 - 2006,
,,2006 - 2007,
,,2007 - 2008,
,,2008 - 2009,
,,2009 - 2010,
,,2010 - 2011,
,,2011 - 2012,
,,2012 - 2013,
,,2013 - 2014,
,,2014 - 2015,
,,2015 - 2016,
,,2016 - 2017,
,,2017 - 2018,
,,2018 - 2019,
,,2019 - 2020,
,,2020 - 2021,
,,2021 - 2022,
,,2022 - 2023,
,Birbhum,2004 - 2005,
,,2005 - 2006,
,,2006 - 2007,
,,2007 - 2008,
,,2008 - 2009,
,,2009 - 2010,
,,2010 - 2011,
,,2011 - 2012,
,,2012 - 2013,
,,2013 - 2014,
,,2014 - 2015,
,,2015 - 2016,
,,2016 - 2017,
,,2017 - 2018,
,,2018 - 2019,
,,2019 - 2020,
,,2020 - 2021,
,,2021 - 2022,
,,2022 - 2023,
,Coochbehar,2003 - 2004,
,,2004 - 2005,
,,2009 - 2010,
,,2018 - 2019,
,,2019 - 2020,
,,2020 - 2021,
,,2021 - 2022,
,,2022 - 2023,
,Darjeeling,2010 - 2011,
,,2011 - 2012,
,,2012 - 2013,
,,2013 - 2014,
,,2014 - 2015,
,,2015 - 2016,
,,2016 - 2017,
,,2017 - 2018,
,Dinajpur dakshin,2004 - 2005,
,,2005 - 2006,
,,2006 - 2007,
,,2007 - 2008,
,,2008 - 2009,
,,2009 - 2010,
,,2010 - 2011,
,,2011 - 2012,
,,2012 - 2013,
,,2013 - 2014,
,,2014 - 2015,
,,2015 - 2016,
,,2016 - 2017,
,,2017 - 2018,
,Dinajpur uttar,2003 - 2004,
,,2004 - 2005,
,,2005 - 2006,
,,2006 - 2007,
,,2007 - 2008,
,,2008 - 2009,
,,2010 - 2011,
,,2011 - 2012,
,,2012 - 2013,
,,2013 - 2014,
,,2014 - 2015,
,,2015 - 2016,
,,2016 - 2017,
,,2017 - 2018,
,,2018 - 2019,
,,2019 - 2020,
,,2020 - 2021,
,,2021 - 2022,
,,2022 - 2023,
,Hooghly,2003 - 2004,
,,2005 - 2006,
,,2006 - 2007,
,,2008 - 2009,
,,2009 - 2010,
,,2010 - 2011,
,,2011 - 2012,
,,2012 - 2013,
,,2013 - 2014,
,,2014 - 2015,
,,2015 - 2016,
,,2016 - 2017,
,,2017 - 2018,
,,2018 - 2019,
,Howrah,2001 - 2002,
,,2003 - 2004,
,,2004 - 2005,
,,2005 - 2006,
,,2006 - 2007,
,,2007 - 2008,
,,2008 - 2009,
,,2009 - 2010,
,,2010 - 2011,
,,2011 - 2012,
,,2012 - 2013,
,,2013 - 2014,
,,2014 - 2015,
,,2015 - 2016,
,,2016 - 2017,
,,2017 - 2018,
,,2018 - 2019,
,,2019 - 2020,
,,2020 - 2021,
,,2021 - 2022,
,,2022 - 2023,
,Jalpaiguri,2003 - 2004,
,,2004 - 2005,
,,2005 - 2006,
,,2006 - 2007,
,,2007 - 2008,
,,2008 - 2009,
,,2009 - 2010,
,,2010 - 2011,
,,2011 - 2012,
,,2012 - 2013,
,,2013 - 2014,
,,2014 - 2015,
,,2015 - 2016,
,,2016 - 2017,
,,2017 - 2018,
,,2018 - 2019,
,,2019 - 2020,
,,2020 - 2021,
,,2021 - 2022,
,,2022 - 2023,
,Jhargram,2017 - 2018,
,,2018 - 2019,
,,2019 - 2020,
,,2020 - 2021,
,,2021 - 2022,
,,2022 - 2023,
,Kalimpong,2017 - 2018,
,Maldah,2003 - 2004,
,,2004 - 2005,
,,2005 - 2006,
,,2006 - 2007,
,,2007 - 2008,
,,2008 - 2009,
,,2009 - 2010,
,,2010 - 2011,
,Medinipur east,2002 - 2003,
,,2003 - 2004,
,,2004 - 2005,
,,2005 - 2006,
,,2006 - 2007,
,,2007 - 2008,
,,2008 - 2009,
,,2009 - 2010,
,,2010 - 2011,
,,2011 - 2012,
,,2012 - 2013,
,,2013 - 2014,
,,2014 - 2015,
,,2015 - 2016,
,,2016 - 2017,
,,2017 - 2018,
,,2018 - 2019,
,Medinipur west,2000 - 2001,
,,2001 - 2002,
,,2002 - 2003,
,,2003 - 2004,
,,2004 - 2005,
,,2005 - 2006,
,,2006 - 2007,
,,2007 - 2008,
,,2008 - 2009,
,,2009 - 2010,
,,2010 - 2011,
,,2011 - 2012,
,,2012 - 2013,
,,2013 - 2014,
,,2014 - 2015,
,,2015 - 2016,
,,2016 - 2017,
,,2017 - 2018,
,,2018 - 2019,
,,2019 - 2020,
,,2020 - 2021,
,,2021 - 2022,
,Murshidabad,2003 - 2004,
,,2004 - 2005,
,,2005 - 2006,
,,2006 - 2007,
,,2007 - 2008,
,,2008 - 2009,
,,2009 - 2010,
,,2010 - 2011,
,,2011 - 2012,
,,2012 - 2013,
,,2013 - 2014,
,,2014 - 2015,
,,2015 - 2016,
,,2016 - 2017,
,,2017 - 2018,
,Nadia,2001 - 2002,
,,2002 - 2003,
,,2003 - 2004,
,,2004 - 2005,
,,2005 - 2006,
,,2006 - 2007,
,,2007 - 2008,
,,2008 - 2009,
,,2009 - 2010,
,,2010 - 2011,
,,2011 - 2012,
,,2012 - 2013,
,,2015 - 2016,
,,2016 - 2017,
,,2017 - 2018,
,,2018 - 2019,
,,2019 - 2020,
,,2020 - 2021,
,,2021 - 2022,
,,2022 - 2023,
,Paschim bardhaman,2018 - 2019,
,,2019 - 2020,
,,2020 - 2021,
,,2021 - 2022,
,Purba bardhaman,2002 - 2003,
,,2003 - 2004,
,,2004 - 2005,
,,2005 - 2006,
,,2006 - 2007,
,,2007 - 2008,
,,2008 - 2009,
,,2009 - 2010,
,,2010 - 2011,
,,2011 - 2012,
,,2012 - 2013,
,,2013 - 2014,
,,2014 - 2015,
,,2015 - 2016,
,,2016 - 2017,
,,2017 - 2018,
,,2018 - 2019,
,,2019 - 2020,
,,2020 - 2021,
,,2021 - 2022,
,,2022 - 2023,
,Purulia,2003 - 2004,
,,2005 - 2006,
,,2006 - 2007,
,,2007 - 2008,
,,2008 - 2009,
,,2009 - 2010,
,,2010 - 2011,
,,2011 - 2012,
,,2012 - 2013,
,,2013 - 2014,
,,2014 - 2015,
,,2015 - 2016,
,,2016 - 2017,
,,2017 - 2018,
,,2018 - 2019,
,,2019 - 2020,
,,2020 - 2021,
,,2021 - 2022,
,,2022 - 2023,
