state,district,year,mesta_kharif_area_hectare,mesta_kharif_production_bales,mesta_kharif_yield_tonne_per_hectare,mesta_rabi_area_hectare,mesta_rabi_production_bales,mesta_rabi_yield_tonne_per_hectare,mesta_whole_year_area_hectare,mesta_whole_year_production_bales,mesta_whole_year_yield_tonne_per_hectare
Andhra Pradesh,Anantapur,2010 - 2011,32.0,286.0,8.94,,,,,,
,,2011 - 2012,15.0,117.0,7.8,,,,,,
,,2014 - 2015,15.0,106.0,7.07,,,,,,
,Chittoor,2000 - 2001,6.0,53.0,8.83,,,,,,
,,2001 - 2002,5.0,43.0,8.6,,,,,,
,,2002 - 2003,4.0,30.0,7.5,,,,,,
,,2003 - 2004,2.0,16.0,8.0,,,,,,
,,2004 - 2005,2.0,17.0,8.5,,,,,,
,,2005 - 2006,2.0,18.0,9.0,,,,,,
,,2006 - 2007,2.0,18.0,9.0,,,,,,
,,2010 - 2011,2.0,18.0,9.0,,,,,,
,East godavari,2000 - 2001,4.0,35.0,8.75,,,,,,
,,2001 - 2002,4.0,34.0,8.5,,,,,,
,,2002 - 2003,2.0,15.0,7.5,,,,,,
,,2003 - 2004,2.0,16.0,8.0,,,,,,
,,2004 - 2005,2.0,17.0,8.5,,,,,,
,,2005 - 2006,6.0,55.0,9.17,,,,,,
,,2006 - 2007,2.0,18.0,9.0,,,,,,
,,2008 - 2009,33.0,262.0,7.94,,,,,,
,,2011 - 2012,32.0,,0.0,,,,,,
,,2013 - 2014,,,,52.0,472.0,9.08,,,
,,2014 - 2015,,,,52.0,355.0,6.83,,,
,,2015 - 2016,,,,15.0,140.0,9.33,,,
,Guntur,2004 - 2005,6.0,51.0,8.5,,,,,,
,,2008 - 2009,12.0,95.0,7.92,,,,,,
,,2010 - 2011,52.0,465.0,8.94,,,,,,
,,2020 - 2021,8.0,84.0,10.5,,,,,,
,Kadapa,2000 - 2001,3.0,26.0,8.67,,,,,,
,Kurnool,2001 - 2002,120.0,,8.51,,,,,,
,,2002 - 2003,86.0,650.0,7.56,,,,,,
,,2006 - 2007,160.0,,8.78,,,,,,
,,2008 - 2009,2.0,16.0,8.0,,,,,,
,,2010 - 2011,447.0,,8.95,,,,,,
,,2011 - 2012,,,7.77,,,,,,
,,2013 - 2014,36.0,330.0,9.17,,,,,,
,,2015 - 2016,12.0,99.0,8.25,,,,,,
,,2016 - 2017,20.0,189.0,9.45,,,,,,
,,2018 - 2019,3.0,30.0,10.0,,,,,,
,,2022 - 2023,42.0,476.0,11.33,,,,,,
,Palnadu,2022 - 2023,16.0,181.0,11.31,,,,,,
,Parvathipuram manyam,2022 - 2023,285.0,,10.24,,,,,,
,Prakasam,2000 - 2001,1.0,9.0,9.0,,,,,,
,,2002 - 2003,1.0,8.0,8.0,,,,,,
,,2006 - 2007,22.0,193.0,8.77,,,,,,
,Spsr nellore,2000 - 2001,6.0,53.0,8.83,,,,,,
,Srikakulam,2000 - 2001,,,7.45,,,,,,
,,2001 - 2002,,,6.63,,,,,,
,,2002 - 2003,,,5.62,,,,,,
,,2003 - 2004,,,6.29,,,,,,
,,2004 - 2005,,,7.04,,,,,,
,,2005 - 2006,,,6.68,,,,,,
,,2006 - 2007,,,7.0,,,,,,
,,2007 - 2008,,,6.93,,,,,,
,,2008 - 2009,,,7.34,,,,,,
,,2009 - 2010,,,9.44,,,,,,
,,2010 - 2011,,,8.12,,,,,,
,,2011 - 2012,,,7.14,,,,,,
,,2012 - 2013,,,5.0,,,,,,
,,2013 - 2014,,,9.36,,,,,,
,,2014 - 2015,,,7.53,,,,,,
,,2015 - 2016,,,7.12,,,,,,
,,2016 - 2017,,,7.7,,,,,,
,,2017 - 2018,,,6.33,,,,,,
,,2018 - 2019,953.0,,9.0,,,,,,
,,2019 - 2020,482.0,,8.94,,,,,,
,,2020 - 2021,146.0,,9.36,,,,,,
,,2021 - 2022,164.0,,10.73,,,,,,
,,2022 - 2023,52.0,589.0,11.33,,,,,,
,Visakhapatanam,2000 - 2001,365.0,,8.83,,,,,,
,,2001 - 2002,307.0,,8.5,,,,,,
,,2002 - 2003,194.0,,7.56,,,,,,
,,2003 - 2004,22.0,175.0,7.95,,,,,,
,,2004 - 2005,115.0,983.0,8.55,,,,,,
,,2005 - 2006,69.0,631.0,9.14,,,,,,
,,2006 - 2007,88.0,773.0,8.78,,,,,,
,,2008 - 2009,36.0,286.0,7.94,,,,,,
,,2009 - 2010,34.0,282.0,8.29,,,,,,
,,2010 - 2011,27.0,242.0,8.96,,,,,,
,,2011 - 2012,10.0,78.0,7.8,,,,,,
,Vizianagaram,2000 - 2001,,,9.28,,,,,,
,,2001 - 2002,,,9.1,,,,,,
,,2002 - 2003,,,8.17,,,,,,
,,2003 - 2004,,,8.41,,,,,,
,,2004 - 2005,,,8.96,,,,,,
,,2005 - 2006,,,9.81,,,,,,
,,2006 - 2007,,,9.33,,,,,,
,,2007 - 2008,,,9.4,,,,,,
,,2008 - 2009,,,8.15,,,,,,
,,2009 - 2010,,,7.87,,,,,,
,,2010 - 2011,,,9.19,,,,,,
,,2011 - 2012,,,7.94,,,,,,
,,2012 - 2013,,,9.25,,,,,,
,,2013 - 2014,,,9.08,,,,,,
,,2014 - 2015,,,6.83,,,,,,
,,2015 - 2016,,,9.32,,,,,,
,,2016 - 2017,,,10.78,,,,,,
,,2017 - 2018,,,11.13,,,,,,
,,2018 - 2019,,,10.64,,,,,,
,,2019 - 2020,,,11.33,,,,,,
,,2020 - 2021,571.0,,10.72,,,,,,
,,2021 - 2022,530.0,,11.07,,,,,,
,,2022 - 2023,473.0,,11.98,,,,,,
Assam,Baksa,2005 - 2006,98.0,381.0,3.89,,,,,,
,,2006 - 2007,150.0,583.0,3.89,,,,,,
,,2007 - 2008,231.0,898.0,3.89,,,,,,
,,2008 - 2009,98.0,381.0,3.89,,,,,,
,,2009 - 2010,94.0,366.0,3.89,,,,,,
,,2010 - 2011,126.0,490.0,3.89,,,,,,
,,2011 - 2012,103.0,,10.34,,,,,,
,,2012 - 2013,171.0,695.0,4.06,,,,,,
,,2013 - 2014,103.0,544.0,5.28,,,,,,
,,2014 - 2015,160.0,673.0,4.21,,,,,,
,,2015 - 2016,125.0,,11.75,,,,,,
,,2016 - 2017,165.0,,7.08,,,,,,
,,2017 - 2018,165.0,,7.11,,,,,,
,,2018 - 2019,135.0,975.0,7.22,,,,,,
,,2019 - 2020,165.0,,7.5,,,,,,
,,2020 - 2021,155.0,580.0,3.74,,,,,,
,,2021 - 2022,147.0,543.0,3.69,,,,,,
,,2022 - 2023,135.0,507.0,3.76,,,,,,
,Barpeta,2000 - 2001,103.0,526.0,5.11,,,,,,
,,2001 - 2002,108.0,552.0,5.11,,,,,,
,,2002 - 2003,247.0,,5.11,,,,,,
,,2003 - 2004,550.0,,5.11,,,,,,
,,2004 - 2005,500.0,,5.11,,,,,,
,,2005 - 2006,479.0,,5.11,,,,,,
,,2006 - 2007,416.0,,5.11,,,,,,
,,2007 - 2008,566.0,,5.11,,,,,,
,,2008 - 2009,418.0,,5.11,,,,,,
,,2009 - 2010,402.0,,5.11,,,,,,
,,2010 - 2011,231.0,,5.11,,,,,,
,,2011 - 2012,242.0,,8.04,,,,,,
,,2012 - 2013,70.0,382.0,5.46,,,,,,
,,2013 - 2014,169.0,,8.02,,,,,,
,,2014 - 2015,174.0,984.0,5.66,,,,,,
,,2015 - 2016,164.0,,9.97,,,,,,
,,2016 - 2017,156.0,,7.89,,,,,,
,,2017 - 2018,136.0,,8.4,,,,,,
,,2018 - 2019,146.0,,8.34,,,,,,
,,2019 - 2020,145.0,,8.24,,,,,,
,,2020 - 2021,135.0,,8.22,,,,,,
,,2021 - 2022,132.0,,8.44,,,,,,
,,2022 - 2023,122.0,,8.49,,,,,,
,Biswanath,2020 - 2021,4.0,23.0,5.75,,,,,,
,,2021 - 2022,6.0,35.0,5.83,,,,,,
,Bongaigaon,2000 - 2001,665.0,,5.62,,,,,,
,,2001 - 2002,635.0,,5.72,,,,,,
,,2002 - 2003,584.0,,5.87,,,,,,
,,2003 - 2004,607.0,,5.8,,,,,,
,,2004 - 2005,589.0,,5.86,,,,,,
,,2005 - 2006,540.0,,5.92,,,,,,
,,2006 - 2007,419.0,,6.27,,,,,,
,,2007 - 2008,409.0,,6.33,,,,,,
,,2008 - 2009,393.0,,6.46,,,,,,
,,2009 - 2010,399.0,,6.47,,,,,,
,,2010 - 2011,387.0,,6.46,,,,,,
,,2011 - 2012,427.0,,7.64,,,,,,
,,2012 - 2013,366.0,,6.62,,,,,,
,,2013 - 2014,363.0,,6.62,,,,,,
,,2014 - 2015,359.0,,6.67,,,,,,
,,2015 - 2016,350.0,,6.92,,,,,,
,,2016 - 2017,355.0,,7.19,,,,,,
,,2017 - 2018,360.0,,6.54,,,,,,
,,2018 - 2019,363.0,,6.26,,,,,,
,,2019 - 2020,361.0,,6.29,,,,,,
,,2020 - 2021,323.0,,11.72,,,,,,
,,2021 - 2022,307.0,,10.32,,,,,,
,,2022 - 2023,308.0,,6.47,,,,,,
,Cachar,2000 - 2001,5.0,23.0,4.6,,,,,,
,,2001 - 2002,6.0,27.0,4.5,,,,,,
,,2002 - 2003,6.0,27.0,4.5,,,,,,
,,2003 - 2004,6.0,27.0,4.5,,,,,,
,,2004 - 2005,8.0,36.0,4.5,,,,,,
,,2005 - 2006,6.0,27.0,4.5,,,,,,
,,2006 - 2007,2.0,9.0,4.5,,,,,,
,,2007 - 2008,10.0,45.0,4.5,,,,,,
,,2008 - 2009,5.0,23.0,4.6,,,,,,
,,2009 - 2010,7.0,31.0,4.43,,,,,,
,,2010 - 2011,4.0,18.0,4.5,,,,,,
,,2011 - 2012,4.0,37.0,9.25,,,,,,
,,2012 - 2013,4.0,18.0,4.5,,,,,,
,,2013 - 2014,3.0,14.0,4.67,,,,,,
,,2014 - 2015,3.0,15.0,5.0,,,,,,
,,2015 - 2016,3.0,14.0,4.67,,,,,,
,,2016 - 2017,3.0,14.0,4.67,,,,,,
,,2017 - 2018,3.0,14.0,4.67,,,,,,
,,2018 - 2019,2.0,10.0,5.0,,,,,,
,,2019 - 2020,3.0,16.0,5.33,,,,,,
,,2020 - 2021,3.0,16.0,5.33,,,,,,
,,2021 - 2022,4.0,22.0,5.5,,,,,,
,,2022 - 2023,4.0,24.0,6.0,,,,,,
,Charaideo,2022 - 2023,3.0,20.0,6.67,,,,,,
,Chirang,2005 - 2006,144.0,852.0,5.92,,,,,,
,,2006 - 2007,215.0,,6.27,,,,,,
,,2007 - 2008,209.0,,6.33,,,,,,
,,2008 - 2009,280.0,,5.71,,,,,,
,,2009 - 2010,176.0,,6.11,,,,,,
,,2010 - 2011,204.0,,6.75,,,,,,
,,2011 - 2012,228.0,,4.91,,,,,,
,,2012 - 2013,253.0,,7.01,,,,,,
,,2013 - 2014,246.0,,10.81,,,,,,
,,2014 - 2015,152.0,,7.27,,,,,,
,,2015 - 2016,209.0,,10.8,,,,,,
,,2016 - 2017,111.0,,9.62,,,,,,
,,2017 - 2018,119.0,,9.63,,,,,,
,,2018 - 2019,187.0,,9.44,,,,,,
,,2019 - 2020,140.0,,9.93,,,,,,
,,2020 - 2021,91.0,905.0,9.95,,,,,,
,,2021 - 2022,110.0,899.0,8.17,,,,,,
,,2022 - 2023,112.0,823.0,7.35,,,,,,
,Darrang,2000 - 2001,,,4.34,,,,,,
,,2001 - 2002,899.0,,4.4,,,,,,
,,2002 - 2003,712.0,,4.35,,,,,,
,,2003 - 2004,796.0,,4.34,,,,,,
,,2004 - 2005,740.0,,4.34,,,,,,
,,2005 - 2006,205.0,958.0,4.67,,,,,,
,,2006 - 2007,154.0,720.0,4.68,,,,,,
,,2007 - 2008,171.0,799.0,4.67,,,,,,
,,2008 - 2009,283.0,,4.67,,,,,,
,,2009 - 2010,433.0,,4.67,,,,,,
,,2010 - 2011,434.0,,4.67,,,,,,
,,2011 - 2012,343.0,,3.22,,,,,,
,,2012 - 2013,335.0,,4.88,,,,,,
,,2013 - 2014,289.0,,12.5,,,,,,
,,2014 - 2015,250.0,,5.05,,,,,,
,,2015 - 2016,247.0,,5.05,,,,,,
,,2016 - 2017,154.0,,6.72,,,,,,
,,2017 - 2018,111.0,639.0,5.76,,,,,,
,,2018 - 2019,111.0,640.0,5.77,,,,,,
,,2019 - 2020,110.0,799.0,7.26,,,,,,
,,2020 - 2021,110.0,565.0,5.14,,,,,,
,,2021 - 2022,110.0,590.0,5.36,,,,,,
,,2022 - 2023,109.0,745.0,6.83,,,,,,
,Dhemaji,2000 - 2001,8.0,25.0,3.13,,,,,,
,,2001 - 2002,12.0,38.0,3.17,,,,,,
,,2002 - 2003,12.0,39.0,3.25,,,,,,
,,2003 - 2004,12.0,39.0,3.25,,,,,,
,,2004 - 2005,13.0,42.0,3.23,,,,,,
,,2005 - 2006,6.0,19.0,3.17,,,,,,
,,2006 - 2007,5.0,16.0,3.2,,,,,,
,,2007 - 2008,7.0,22.0,3.14,,,,,,
,,2008 - 2009,7.0,22.0,3.14,,,,,,
,,2009 - 2010,7.0,22.0,3.14,,,,,,
,,2010 - 2011,7.0,22.0,3.14,,,,,,
,,2011 - 2012,7.0,34.0,4.86,,,,,,
,,2012 - 2013,7.0,24.0,3.43,,,,,,
,,2013 - 2014,7.0,24.0,3.43,,,,,,
,,2014 - 2015,9.0,31.0,3.44,,,,,,
,,2015 - 2016,6.0,24.0,4.0,,,,,,
,,2016 - 2017,6.0,22.0,3.67,,,,,,
,,2017 - 2018,3.0,11.0,3.67,,,,,,
,,2018 - 2019,2.0,10.0,5.0,,,,,,
,,2019 - 2020,2.0,12.0,6.0,,,,,,
,,2020 - 2021,2.0,12.0,6.0,,,,,,
,,2021 - 2022,2.0,12.0,6.0,,,,,,
,,2022 - 2023,16.0,116.0,7.25,,,,,,
,Dhubri,2000 - 2001,,,4.61,,,,,,
,,2001 - 2002,975.0,,4.6,,,,,,
,,2002 - 2003,,,4.67,,,,,,
,,2003 - 2004,,,4.66,,,,,,
,,2004 - 2005,,,4.64,,,,,,
,,2005 - 2006,865.0,,4.61,,,,,,
,,2006 - 2007,792.0,,4.62,,,,,,
,,2007 - 2008,855.0,,4.63,,,,,,
,,2008 - 2009,874.0,,4.62,,,,,,
,,2009 - 2010,817.0,,4.59,,,,,,
,,2010 - 2011,703.0,,4.58,,,,,,
,,2011 - 2012,670.0,,5.37,,,,,,
,,2012 - 2013,685.0,,2.07,,,,,,
,,2013 - 2014,600.0,,4.83,,,,,,
,,2014 - 2015,600.0,,4.96,,,,,,
,,2015 - 2016,593.0,,4.67,,,,,,
,,2016 - 2017,595.0,,4.82,,,,,,
,,2017 - 2018,595.0,,4.92,,,,,,
,,2018 - 2019,632.0,,4.99,,,,,,
,,2019 - 2020,642.0,,5.0,,,,,,
,,2020 - 2021,460.0,,4.97,,,,,,
,,2021 - 2022,474.0,,4.97,,,,,,
,,2022 - 2023,403.0,,7.85,,,,,,
,Dibrugarh,2000 - 2001,4.0,20.0,5.0,,,,,,
,,2001 - 2002,3.0,15.0,5.0,,,,,,
,,2002 - 2003,3.0,15.0,5.0,,,,,,
,,2003 - 2004,2.0,10.0,5.0,,,,,,
,,2004 - 2005,2.0,10.0,5.0,,,,,,
,,2006 - 2007,2.0,10.0,5.0,,,,,,
,,2011 - 2012,2.0,13.0,6.5,,,,,,
,,2012 - 2013,4.0,20.0,5.0,,,,,,
,,2013 - 2014,10.0,52.0,5.2,,,,,,
,,2014 - 2015,8.0,40.0,5.0,,,,,,
,,2015 - 2016,8.0,44.0,5.5,,,,,,
,,2016 - 2017,8.0,42.0,5.25,,,,,,
,,2017 - 2018,8.0,42.0,5.25,,,,,,
,,2018 - 2019,8.0,42.0,5.25,,,,,,
,,2019 - 2020,10.0,62.0,6.2,,,,,,
,,2020 - 2021,10.0,39.0,3.9,,,,,,
,,2021 - 2022,12.0,47.0,3.92,,,,,,
,,2022 - 2023,19.0,125.0,6.58,,,,,,
,Dima hasao,2000 - 2001,2.0,9.0,4.5,,,,,,
,,2001 - 2002,2.0,9.0,4.5,,,,,,
,,2002 - 2003,2.0,9.0,4.5,,,,,,
,,2003 - 2004,2.0,9.0,4.5,,,,,,
,,2004 - 2005,2.0,9.0,4.5,,,,,,
,,2005 - 2006,2.0,9.0,4.5,,,,,,
,,2006 - 2007,2.0,9.0,4.5,,,,,,
,,2007 - 2008,2.0,9.0,4.5,,,,,,
,,2008 - 2009,2.0,9.0,4.5,,,,,,
,,2009 - 2010,2.0,9.0,4.5,,,,,,
,,2010 - 2011,2.0,9.0,4.5,,,,,,
,,2011 - 2012,2.0,11.0,5.5,,,,,,
,,2012 - 2013,2.0,9.0,4.5,,,,,,
,,2013 - 2014,8.0,37.0,4.63,,,,,,
,,2014 - 2015,4.0,19.0,4.75,,,,,,
,,2015 - 2016,7.0,68.0,9.71,,,,,,
,,2016 - 2017,7.0,38.0,5.43,,,,,,
,,2017 - 2018,8.0,35.0,4.38,,,,,,
,,2018 - 2019,11.0,49.0,4.45,,,,,,
,,2019 - 2020,9.0,40.0,4.44,,,,,,
,,2020 - 2021,9.0,40.0,4.44,,,,,,
,,2021 - 2022,7.0,31.0,4.43,,,,,,
,,2022 - 2023,7.0,68.0,9.71,,,,,,
,Goalpara,2001 - 2002,271.0,,4.83,,,,,,
,,2002 - 2003,250.0,,4.83,,,,,,
,,2003 - 2004,210.0,0.0,0.0,,,,,,
,,2004 - 2005,240.0,,4.83,,,,,,
,,2005 - 2006,215.0,,4.83,,,,,,
,,2006 - 2007,208.0,,4.82,,,,,,
,,2007 - 2008,185.0,893.0,4.83,,,,,,
,,2008 - 2009,250.0,,4.82,,,,,,
,,2009 - 2010,210.0,,4.83,,,,,,
,,2010 - 2011,215.0,,4.83,,,,,,
,,2011 - 2012,138.0,606.0,4.39,,,,,,
,,2012 - 2013,54.0,273.0,5.06,,,,,,
,,2013 - 2014,228.0,,11.0,,,,,,
,,2014 - 2015,343.0,,5.22,,,,,,
,,2015 - 2016,297.0,,5.28,,,,,,
,,2016 - 2017,152.0,760.0,5.0,,,,,,
,,2017 - 2018,186.0,930.0,5.0,,,,,,
,,2018 - 2019,203.0,,5.83,,,,,,
,,2019 - 2020,192.0,,6.67,,,,,,
,,2020 - 2021,142.0,947.0,6.67,,,,,,
,,2021 - 2022,130.0,93.0,0.72,,,,,,
,,2022 - 2023,120.0,880.0,7.33,,,,,,
,Golaghat,2000 - 2001,6.0,22.0,3.67,,,,,,
,,2001 - 2002,7.0,24.0,3.43,,,,,,
,,2002 - 2003,6.0,25.0,4.17,,,,,,
,,2003 - 2004,6.0,22.0,3.67,,,,,,
,,2004 - 2005,6.0,24.0,4.0,,,,,,
,,2005 - 2006,6.0,24.0,4.0,,,,,,
,,2006 - 2007,5.0,18.0,3.6,,,,,,
,,2007 - 2008,5.0,18.0,3.6,,,,,,
,,2008 - 2009,5.0,18.0,3.6,,,,,,
,,2009 - 2010,1.0,4.0,4.0,,,,,,
,,2012 - 2013,1.0,5.0,5.0,,,,,,
,,2013 - 2014,1.0,6.0,6.0,,,,,,
,,2014 - 2015,1.0,6.0,6.0,,,,,,
,,2015 - 2016,2.0,10.0,5.0,,,,,,
,,2016 - 2017,2.0,11.0,5.5,,,,,,
,,2017 - 2018,2.0,11.0,5.5,,,,,,
,,2018 - 2019,2.0,10.0,5.0,,,,,,
,,2019 - 2020,1.0,5.0,5.0,,,,,,
,,2020 - 2021,2.0,10.0,5.0,,,,,,
,,2021 - 2022,2.0,10.0,5.0,,,,,,
,,2022 - 2023,75.0,408.0,5.44,,,,,,
,Hailakandi,2013 - 2014,5.0,25.0,5.0,,,,,,
,Hojai,2020 - 2021,1.0,13.0,13.0,,,,,,
,,2021 - 2022,1.0,8.0,8.0,,,,,,
,,2022 - 2023,1.0,8.0,8.0,,,,,,
,Jorhat,2002 - 2003,6.0,30.0,5.0,,,,,,
,,2003 - 2004,2.0,10.0,5.0,,,,,,
,,2006 - 2007,1.0,5.0,5.0,,,,,,
,,2007 - 2008,1.0,5.0,5.0,,,,,,
,,2008 - 2009,4.0,20.0,5.0,,,,,,
,,2009 - 2010,4.0,20.0,5.0,,,,,,
,,2010 - 2011,3.0,15.0,5.0,,,,,,
,,2011 - 2012,5.0,27.0,5.4,,,,,,
,,2012 - 2013,2.0,10.0,5.0,,,,,,
,,2013 - 2014,3.0,15.0,5.0,,,,,,
,,2014 - 2015,6.0,33.0,5.5,,,,,,
,,2015 - 2016,4.0,21.0,5.25,,,,,,
,,2016 - 2017,4.0,21.0,5.25,,,,,,
,,2017 - 2018,6.0,34.0,5.67,,,,,,
,,2018 - 2019,8.0,43.0,5.38,,,,,,
,,2019 - 2020,9.0,50.0,5.56,,,,,,
,,2020 - 2021,6.0,33.0,5.5,,,,,,
,,2021 - 2022,6.0,33.0,5.5,,,,,,
,,2022 - 2023,7.0,38.0,5.43,,,,,,
,Kamrup,2000 - 2001,227.0,,4.82,,,,,,
,,2001 - 2002,218.0,,4.82,,,,,,
,,2002 - 2003,212.0,,4.81,,,,,,
,,2003 - 2004,196.0,943.0,4.81,,,,,,
,,2004 - 2005,173.0,833.0,4.82,,,,,,
,,2005 - 2006,199.0,957.0,4.81,,,,,,
,,2006 - 2007,109.0,524.0,4.81,,,,,,
,,2007 - 2008,171.0,822.0,4.81,,,,,,
,,2008 - 2009,154.0,740.0,4.81,,,,,,
,,2009 - 2010,45.0,216.0,4.8,,,,,,
,,2010 - 2011,61.0,293.0,4.8,,,,,,
,,2011 - 2012,76.0,453.0,5.96,,,,,,
,,2012 - 2013,75.0,377.0,5.03,,,,,,
,,2013 - 2014,64.0,324.0,5.06,,,,,,
,,2014 - 2015,80.0,416.0,5.2,,,,,,
,,2015 - 2016,69.0,365.0,5.29,,,,,,
,,2016 - 2017,72.0,381.0,5.29,,,,,,
,,2017 - 2018,66.0,349.0,5.29,,,,,,
,,2018 - 2019,65.0,344.0,5.29,,,,,,
,,2019 - 2020,61.0,323.0,5.3,,,,,,
,,2020 - 2021,61.0,324.0,5.31,,,,,,
,,2021 - 2022,56.0,299.0,5.34,,,,,,
,,2022 - 2023,68.0,793.0,11.66,,,,,,
,Kamrup metro,2005 - 2006,12.0,58.0,4.83,,,,,,
,,2006 - 2007,30.0,144.0,4.8,,,,,,
,,2007 - 2008,13.0,62.0,4.77,,,,,,
,,2008 - 2009,11.0,52.0,4.73,,,,,,
,,2009 - 2010,10.0,48.0,4.8,,,,,,
,,2010 - 2011,15.0,72.0,4.8,,,,,,
,,2011 - 2012,14.0,95.0,6.79,,,,,,
,,2012 - 2013,12.0,60.0,5.0,,,,,,
,,2013 - 2014,13.0,69.0,5.31,,,,,,
,,2014 - 2015,10.0,52.0,5.2,,,,,,
,,2015 - 2016,12.0,64.0,5.33,,,,,,
,,2016 - 2017,13.0,69.0,5.31,,,,,,
,,2017 - 2018,12.0,64.0,5.33,,,,,,
,,2018 - 2019,10.0,53.0,5.3,,,,,,
,,2019 - 2020,10.0,53.0,5.3,,,,,,
,,2020 - 2021,10.0,53.0,5.3,,,,,,
,,2021 - 2022,11.0,59.0,5.36,,,,,,
,,2022 - 2023,8.0,93.0,11.63,,,,,,
,Karbi anglong,2000 - 2001,74.0,386.0,5.22,,,,,,
,,2001 - 2002,81.0,425.0,5.25,,,,,,
,,2002 - 2003,83.0,438.0,5.28,,,,,,
,,2003 - 2004,95.0,504.0,5.31,,,,,,
,,2004 - 2005,104.0,554.0,5.33,,,,,,
,,2005 - 2006,127.0,682.0,5.37,,,,,,
,,2006 - 2007,130.0,699.0,5.38,,,,,,
,,2007 - 2008,142.0,766.0,5.39,,,,,,
,,2008 - 2009,142.0,766.0,5.39,,,,,,
,,2009 - 2010,175.0,949.0,5.42,,,,,,
,,2010 - 2011,179.0,,7.68,,,,,,
,,2011 - 2012,175.0,461.0,2.63,,,,,,
,,2012 - 2013,181.0,,8.04,,,,,,
,,2013 - 2014,176.0,929.0,5.28,,,,,,
,,2014 - 2015,179.0,,8.28,,,,,,
,,2015 - 2016,187.0,976.0,5.22,,,,,,
,,2016 - 2017,195.0,,5.3,,,,,,
,,2017 - 2018,186.0,986.0,5.3,,,,,,
,,2018 - 2019,188.0,998.0,5.31,,,,,,
,,2019 - 2020,178.0,952.0,5.35,,,,,,
,,2020 - 2021,177.0,949.0,5.36,,,,,,
,,2021 - 2022,197.0,,5.36,,,,,,
,,2022 - 2023,143.0,771.0,5.39,,,,,,
,Karimganj,2004 - 2005,10.0,50.0,5.0,,,,,,
,,2010 - 2011,3.0,15.0,5.0,,,,,,
,,2011 - 2012,1.0,7.0,7.0,,,,,,
,,2012 - 2013,1.0,5.0,5.0,,,,,,
,,2013 - 2014,2.0,10.0,5.0,,,,,,
,,2014 - 2015,2.0,11.0,5.5,,,,,,
,,2015 - 2016,1.0,5.0,5.0,,,,,,
,,2016 - 2017,1.0,5.0,5.0,,,,,,
,,2017 - 2018,1.0,4.0,4.0,,,,,,
,,2018 - 2019,1.0,4.0,4.0,,,,,,
,,2019 - 2020,1.0,5.0,5.0,,,,,,
,,2020 - 2021,1.0,4.0,4.0,,,,,,
,Kokrajhar,2000 - 2001,744.0,,5.43,,,,,,
,,2001 - 2002,897.0,,5.48,,,,,,
,,2002 - 2003,978.0,,5.49,,,,,,
,,2003 - 2004,995.0,,5.49,,,,,,
,,2004 - 2005,990.0,,5.49,,,,,,
,,2005 - 2006,952.0,,5.5,,,,,,
,,2006 - 2007,,,5.47,,,,,,
,,2007 - 2008,,,5.47,,,,,,
,,2008 - 2009,,,5.48,,,,,,
,,2009 - 2010,,,5.47,,,,,,
,,2010 - 2011,,,5.45,,,,,,
,,2011 - 2012,,,6.25,,,,,,
,,2012 - 2013,,,7.48,,,,,,
,,2013 - 2014,,,5.75,,,,,,
,,2014 - 2015,,,5.86,,,,,,
,,2015 - 2016,,,7.89,,,,,,
,,2016 - 2017,990.0,,5.66,,,,,,
,,2017 - 2018,901.0,,5.64,,,,,,
,,2018 - 2019,785.0,,5.67,,,,,,
,,2019 - 2020,717.0,,5.67,,,,,,
,,2020 - 2021,799.0,,5.69,,,,,,
,,2021 - 2022,682.0,,5.68,,,,,,
,,2022 - 2023,800.0,,6.83,,,,,,
,Lakhimpur,2000 - 2001,230.0,,4.73,,,,,,
,,2001 - 2002,19.0,75.0,3.95,,,,,,
,,2002 - 2003,18.0,71.0,3.94,,,,,,
,,2003 - 2004,15.0,59.0,3.93,,,,,,
,,2004 - 2005,20.0,79.0,3.95,,,,,,
,,2005 - 2006,20.0,79.0,3.95,,,,,,
,,2006 - 2007,16.0,63.0,3.94,,,,,,
,,2007 - 2008,16.0,63.0,3.94,,,,,,
,,2008 - 2009,14.0,55.0,3.93,,,,,,
,,2009 - 2010,11.0,43.0,3.91,,,,,,
,,2010 - 2011,8.0,32.0,4.0,,,,,,
,,2011 - 2012,25.0,142.0,5.68,,,,,,
,,2012 - 2013,21.0,87.0,4.14,,,,,,
,,2013 - 2014,10.0,41.0,4.1,,,,,,
,,2014 - 2015,4.0,18.0,4.5,,,,,,
,,2015 - 2016,7.0,28.0,4.0,,,,,,
,,2016 - 2017,4.0,16.0,4.0,,,,,,
,,2017 - 2018,6.0,22.0,3.67,,,,,,
,,2018 - 2019,6.0,33.0,5.5,,,,,,
,,2019 - 2020,12.0,75.0,6.25,,,,,,
,,2020 - 2021,22.0,154.0,7.0,,,,,,
,,2021 - 2022,16.0,110.0,6.88,,,,,,
,,2022 - 2023,6.0,43.0,7.17,,,,,,
,Majuli,2020 - 2021,2.0,11.0,5.5,,,,,,
,,2021 - 2022,17.0,93.0,5.47,,,,,,
,,2022 - 2023,18.0,98.0,5.44,,,,,,
,Marigaon,2000 - 2001,200.0,719.0,3.6,,,,,,
,,2001 - 2002,200.0,707.0,3.54,,,,,,
,,2002 - 2003,210.0,748.0,3.56,,,,,,
,,2003 - 2004,200.0,712.0,3.56,,,,,,
,,2004 - 2005,150.0,533.0,3.55,,,,,,
,,2005 - 2006,180.0,640.0,3.56,,,,,,
,,2006 - 2007,131.0,466.0,3.56,,,,,,
,,2007 - 2008,110.0,391.0,3.55,,,,,,
,,2008 - 2009,120.0,427.0,3.56,,,,,,
,,2009 - 2010,113.0,402.0,3.56,,,,,,
,,2010 - 2011,97.0,345.0,3.56,,,,,,
,,2011 - 2012,214.0,801.0,3.74,,,,,,
,,2012 - 2013,150.0,558.0,3.72,,,,,,
,,2013 - 2014,100.0,374.0,3.74,,,,,,
,,2014 - 2015,178.0,684.0,3.84,,,,,,
,,2015 - 2016,168.0,438.0,2.61,,,,,,
,,2016 - 2017,160.0,415.0,2.59,,,,,,
,,2017 - 2018,150.0,397.0,2.65,,,,,,
,,2018 - 2019,65.0,169.0,2.6,,,,,,
,,2019 - 2020,51.0,156.0,3.06,,,,,,
,,2020 - 2021,45.0,138.0,3.07,,,,,,
,,2021 - 2022,18.0,141.0,7.83,,,,,,
,,2022 - 2023,14.0,101.0,7.21,,,,,,
,Nagaon,2000 - 2001,142.0,491.0,3.46,,,,,,
,,2001 - 2002,158.0,546.0,3.46,,,,,,
,,2002 - 2003,158.0,547.0,3.46,,,,,,
,,2003 - 2004,134.0,463.0,3.46,,,,,,
,,2004 - 2005,91.0,315.0,3.46,,,,,,
,,2005 - 2006,70.0,241.0,3.44,,,,,,
,,2006 - 2007,70.0,242.0,3.46,,,,,,
,,2007 - 2008,84.0,290.0,3.45,,,,,,
,,2008 - 2009,90.0,311.0,3.46,,,,,,
,,2009 - 2010,84.0,290.0,3.45,,,,,,
,,2010 - 2011,78.0,269.0,3.45,,,,,,
,,2011 - 2012,98.0,347.0,3.54,,,,,,
,,2012 - 2013,91.0,358.0,3.93,,,,,,
,,2013 - 2014,132.0,499.0,3.78,,,,,,
,,2014 - 2015,141.0,589.0,4.18,,,,,,
,,2015 - 2016,48.0,559.0,11.65,,,,,,
,,2016 - 2017,44.0,592.0,13.45,,,,,,
,,2017 - 2018,40.0,476.0,11.9,,,,,,
,,2018 - 2019,40.0,423.0,10.58,,,,,,
,,2019 - 2020,39.0,446.0,11.44,,,,,,
,,2020 - 2021,33.0,395.0,11.97,,,,,,
,,2021 - 2022,33.0,395.0,11.97,,,,,,
,,2022 - 2023,33.0,357.0,10.82,,,,,,
,Nalbari,2000 - 2001,150.0,583.0,3.89,,,,,,
,,2001 - 2002,145.0,564.0,3.89,,,,,,
,,2002 - 2003,145.0,564.0,3.89,,,,,,
,,2003 - 2004,145.0,564.0,3.89,,,,,,
,,2004 - 2005,140.0,544.0,3.89,,,,,,
,,2005 - 2006,40.0,156.0,3.9,,,,,,
,,2006 - 2007,60.0,233.0,3.88,,,,,,
,,2007 - 2008,70.0,272.0,3.89,,,,,,
,,2008 - 2009,60.0,234.0,3.9,,,,,,
,,2009 - 2010,45.0,175.0,3.89,,,,,,
,,2010 - 2011,35.0,136.0,3.89,,,,,,
,,2011 - 2012,45.0,234.0,5.2,,,,,,
,,2012 - 2013,41.0,167.0,4.07,,,,,,
,,2013 - 2014,40.0,164.0,4.1,,,,,,
,,2014 - 2015,36.0,151.0,4.19,,,,,,
,,2015 - 2016,45.0,175.0,3.89,,,,,,
,,2016 - 2017,25.0,102.0,4.08,,,,,,
,,2017 - 2018,15.0,61.0,4.07,,,,,,
,,2018 - 2019,15.0,63.0,4.2,,,,,,
,,2019 - 2020,14.0,60.0,4.29,,,,,,
,,2020 - 2021,13.0,112.0,8.62,,,,,,
,,2021 - 2022,10.0,90.0,9.0,,,,,,
,,2022 - 2023,11.0,99.0,9.0,,,,,,
,Sivasagar,2000 - 2001,9.0,47.0,5.22,,,,,,
,,2001 - 2002,9.0,44.0,4.89,,,,,,
,,2002 - 2003,9.0,45.0,5.0,,,,,,
,,2003 - 2004,10.0,50.0,5.0,,,,,,
,,2004 - 2005,6.0,29.0,4.83,,,,,,
,,2005 - 2006,4.0,20.0,5.0,,,,,,
,,2006 - 2007,3.0,15.0,5.0,,,,,,
,,2007 - 2008,1.0,5.0,5.0,,,,,,
,,2011 - 2012,2.0,13.0,6.5,,,,,,
,,2012 - 2013,4.0,21.0,5.25,,,,,,
,,2013 - 2014,9.0,48.0,5.33,,,,,,
,,2014 - 2015,6.0,32.0,5.33,,,,,,
,,2015 - 2016,6.0,33.0,5.5,,,,,,
,,2016 - 2017,4.0,22.0,5.5,,,,,,
,,2017 - 2018,6.0,33.0,5.5,,,,,,
,,2018 - 2019,4.0,21.0,5.25,,,,,,
,,2019 - 2020,4.0,24.0,6.0,,,,,,
,,2020 - 2021,4.0,26.0,6.5,,,,,,
,,2021 - 2022,4.0,26.0,6.5,,,,,,
,,2022 - 2023,5.0,33.0,6.6,,,,,,
,Sonitpur,2000 - 2001,315.0,,6.54,,,,,,
,,2001 - 2002,323.0,,6.55,,,,,,
,,2002 - 2003,275.0,,6.53,,,,,,
,,2003 - 2004,270.0,,6.52,,,,,,
,,2004 - 2005,259.0,,6.55,,,,,,
,,2005 - 2006,263.0,,6.31,,,,,,
,,2006 - 2007,258.0,,6.54,,,,,,
,,2007 - 2008,211.0,,8.33,,,,,,
,,2008 - 2009,205.0,,7.22,,,,,,
,,2009 - 2010,152.0,,7.41,,,,,,
,,2010 - 2011,205.0,,7.68,,,,,,
,,2011 - 2012,199.0,,8.44,,,,,,
,,2012 - 2013,212.0,,8.03,,,,,,
,,2013 - 2014,202.0,,8.34,,,,,,
,,2014 - 2015,193.0,,8.3,,,,,,
,,2015 - 2016,185.0,,7.49,,,,,,
,,2016 - 2017,165.0,,7.55,,,,,,
,,2017 - 2018,165.0,,6.67,,,,,,
,,2018 - 2019,134.0,689.0,5.14,,,,,,
,,2019 - 2020,182.0,,5.81,,,,,,
,,2020 - 2021,134.0,778.0,5.81,,,,,,
,,2021 - 2022,121.0,958.0,7.92,,,,,,
,,2022 - 2023,117.0,926.0,7.91,,,,,,
,South salmara mancachar,2020 - 2021,150.0,765.0,5.1,,,,,,
,,2021 - 2022,154.0,785.0,5.1,,,,,,
,,2022 - 2023,128.0,626.0,4.89,,,,,,
,Tinsukia,2000 - 2001,1.0,5.0,5.0,,,,,,
,,2001 - 2002,1.0,5.0,5.0,,,,,,
,,2002 - 2003,2.0,9.0,4.5,,,,,,
,,2003 - 2004,2.0,10.0,5.0,,,,,,
,,2004 - 2005,2.0,10.0,5.0,,,,,,
,,2005 - 2006,1.0,5.0,5.0,,,,,,
,,2006 - 2007,1.0,5.0,5.0,,,,,,
,,2007 - 2008,2.0,10.0,5.0,,,,,,
,,2008 - 2009,4.0,18.0,4.5,,,,,,
,,2009 - 2010,5.0,23.0,4.6,,,,,,
,,2010 - 2011,2.0,10.0,5.0,,,,,,
,,2011 - 2012,1.0,5.0,5.0,,,,,,
,,2012 - 2013,1.0,9.0,9.0,,,,,,
,,2013 - 2014,1.0,5.0,5.0,,,,,,
,,2014 - 2015,1.0,5.0,5.0,,,,,,
,,2015 - 2016,1.0,5.0,5.0,,,,,,
,,2016 - 2017,1.0,5.0,5.0,,,,,,
,,2017 - 2018,1.0,5.0,5.0,,,,,,
,,2018 - 2019,1.0,5.0,5.0,,,,,,
,,2020 - 2021,1.0,4.0,4.0,,,,,,
,,2021 - 2022,1.0,4.0,4.0,,,,,,
,Udalguri,2005 - 2006,480.0,,4.17,,,,,,
,,2006 - 2007,565.0,,4.17,,,,,,
,,2007 - 2008,571.0,,4.17,,,,,,
,,2008 - 2009,620.0,,4.17,,,,,,
,,2009 - 2010,523.0,,4.17,,,,,,
,,2010 - 2011,628.0,,4.17,,,,,,
,,2011 - 2012,586.0,,4.64,,,,,,
,,2012 - 2013,438.0,,4.36,,,,,,
,,2013 - 2014,410.0,,4.39,,,,,,
,,2014 - 2015,456.0,,4.5,,,,,,
,,2015 - 2016,464.0,,4.39,,,,,,
,,2016 - 2017,152.0,,6.72,,,,,,
,,2017 - 2018,167.0,,6.72,,,,,,
,,2018 - 2019,163.0,,6.72,,,,,,
,,2019 - 2020,163.0,,7.5,,,,,,
,,2020 - 2021,165.0,,9.56,,,,,,
,,2021 - 2022,113.0,,8.95,,,,,,
,,2022 - 2023,108.0,993.0,9.19,,,,,,
,West karbi anglong,2020 - 2021,48.0,257.0,5.35,,,,,,
,,2021 - 2022,45.0,241.0,5.36,,,,,,
,,2022 - 2023,43.0,231.0,5.37,,,,,,
Bihar,Araria,2000 - 2001,,,12.69,,,,,,
,,2001 - 2002,,,7.13,,,,,,
,,2002 - 2003,,,4.56,,,,,,
,,2003 - 2004,,,6.73,,,,,,
,,2004 - 2005,,,7.98,,,,,,
,,2005 - 2006,,,12.59,,,,,,
,,2006 - 2007,,,7.29,,,,,,
,,2007 - 2008,,,7.97,,,,,,
,,2008 - 2009,,,7.34,,,,,,
,,2009 - 2010,,,4.53,,,,,,
,,2010 - 2011,,,5.64,,,,,,
,,2011 - 2012,,,5.38,,,,,,
,,2012 - 2013,,,0.69,,,,,,
,,2013 - 2014,854.0,,15.88,,,,,,
,,2014 - 2015,640.0,,8.56,,,,,,
,,2015 - 2016,637.0,,9.59,,,,,,
,,2016 - 2017,710.0,,1.64,,,,,,
,Arwal,2004 - 2005,4.0,32.0,8.0,,,,,,
,,2005 - 2006,4.0,39.0,9.75,,,,,,
,,2007 - 2008,6.0,56.0,9.33,,,,,,
,,2008 - 2009,6.0,52.0,8.67,,,,,,
,,2009 - 2010,3.0,22.0,7.33,,,,,,
,,2010 - 2011,4.0,34.0,8.5,,,,,,
,,2011 - 2012,7.0,87.0,12.43,,,,,,
,,2012 - 2013,7.0,16.0,2.29,,,,,,
,,2013 - 2014,4.0,61.0,15.25,,,,,,
,Aurangabad,2000 - 2001,2.0,15.0,7.5,,,,,,
,,2005 - 2006,1.0,10.0,10.0,,,,,,
,Banka,2002 - 2003,102.0,613.0,6.01,,,,,,
,,2005 - 2006,189.0,,12.97,,,,,,
,,2006 - 2007,186.0,,8.53,,,,,,
,,2009 - 2010,92.0,661.0,7.18,,,,,,
,Begusarai,2001 - 2002,13.0,85.0,6.54,,,,,,
,,2002 - 2003,16.0,96.0,6.0,,,,,,
,,2004 - 2005,125.0,997.0,7.98,,,,,,
,,2006 - 2007,97.0,828.0,8.54,,,,,,
,,2007 - 2008,86.0,796.0,9.26,,,,,,
,,2009 - 2010,11.0,79.0,7.18,,,,,,
,,2010 - 2011,21.0,177.0,8.43,,,,,,
,,2011 - 2012,21.0,260.0,12.38,,,,,,
,,2012 - 2013,11.0,26.0,2.36,,,,,,
,,2013 - 2014,21.0,320.0,15.24,,,,,,
,,2014 - 2015,9.0,120.0,13.33,,,,,,
,,2016 - 2017,13.0,31.0,2.38,,,,,,
,,2021 - 2022,3.0,33.33,11.11,,,,,,
,Bhagalpur,2000 - 2001,66.0,509.0,7.71,,,,,,
,,2001 - 2002,199.0,,6.5,,,,,,
,,2003 - 2004,32.0,222.0,6.94,,,,,,
,,2004 - 2005,29.0,231.0,7.97,,,,,,
,,2006 - 2007,19.0,162.0,8.53,,,,,,
,,2007 - 2008,29.0,269.0,9.28,,,,,,
,,2008 - 2009,825.0,,8.69,,,,,,
,,2009 - 2010,402.0,,7.18,,,,,,
,,2011 - 2012,316.0,,12.37,,,,,,
,,2012 - 2013,262.0,776.0,2.96,,,,,,
,,2013 - 2014,141.0,,24.95,,,,,,
,,2014 - 2015,107.0,,14.89,,,,,,
,,2015 - 2016,42.0,820.0,19.52,,,,,,
,,2016 - 2017,42.0,99.0,2.36,,,,,,
,,2017 - 2018,44.0,65.0,1.48,,,,,,
,,2018 - 2019,42.0,81.0,1.93,,,,,,
,,2019 - 2020,42.0,86.0,2.05,,,,,,
,,2020 - 2021,36.0,472.22,13.12,,,,,,
,,2021 - 2022,36.0,394.44,10.96,,,,,,
,,2022 - 2023,35.0,416.67,11.9,,,,,,
,Bhojpur,2004 - 2005,5.0,40.0,8.0,,,,,,
,,2005 - 2006,11.0,108.0,9.82,,,,,,
,,2006 - 2007,10.0,85.0,8.5,,,,,,
,,2007 - 2008,16.0,148.0,9.25,,,,,,
,,2008 - 2009,16.0,139.0,8.69,,,,,,
,,2009 - 2010,17.0,122.0,7.18,,,,,,
,,2010 - 2011,17.0,143.0,8.41,,,,,,
,,2011 - 2012,17.0,210.0,12.35,,,,,,
,Darbhanga,2000 - 2001,18.0,78.0,4.33,,,,,,
,,2001 - 2002,16.0,104.0,6.5,,,,,,
,,2005 - 2006,51.0,256.0,5.02,,,,,,
,Gaya,2003 - 2004,12.0,83.0,6.92,,,,,,
,,2004 - 2005,1.0,8.0,8.0,,,,,,
,,2005 - 2006,9.0,89.0,9.89,,,,,,
,,2007 - 2008,7.0,65.0,9.29,,,,,,
,,2008 - 2009,6.0,52.0,8.67,,,,,,
,,2009 - 2010,3.0,22.0,7.33,,,,,,
,,2011 - 2012,1.0,12.0,12.0,,,,,,
,,2012 - 2013,1.0,2.0,2.0,,,,,,
,Gopalganj,2000 - 2001,144.0,,7.72,,,,,,
,,2001 - 2002,25.0,162.0,6.48,,,,,,
,,2002 - 2003,139.0,835.0,6.01,,,,,,
,,2003 - 2004,9.0,62.0,6.89,,,,,,
,,2004 - 2005,19.0,152.0,8.0,,,,,,
,,2005 - 2006,12.0,118.0,9.83,,,,,,
,,2006 - 2007,13.0,111.0,8.54,,,,,,
,,2007 - 2008,11.0,102.0,9.27,,,,,,
,,2008 - 2009,11.0,96.0,8.73,,,,,,
,,2009 - 2010,12.0,86.0,7.17,,,,,,
,,2010 - 2011,12.0,101.0,8.42,,,,,,
,Jamui,2002 - 2003,30.0,180.0,6.0,,,,,,
,,2003 - 2004,76.0,527.0,6.93,,,,,,
,,2004 - 2005,67.0,535.0,7.99,,,,,,
,Jehanabad,2006 - 2007,4.0,34.0,8.5,,,,,,
,,2007 - 2008,2.0,19.0,9.5,,,,,,
,,2010 - 2011,1.0,8.0,8.0,,,,,,
,,2014 - 2015,2.0,27.0,13.5,,,,,,
,,2015 - 2016,15.0,293.0,19.53,,,,,,
,Katihar,2000 - 2001,,,5.39,,,,,,
,,2001 - 2002,,,6.79,,,,,,
,,2002 - 2003,,,4.19,,,,,,
,,2003 - 2004,,,6.05,,,,,,
,,2004 - 2005,,,7.2,,,,,,
,,2006 - 2007,,,9.38,,,,,,
,,2007 - 2008,,,7.68,,,,,,
,,2008 - 2009,,,8.79,,,,,,
,,2009 - 2010,,,9.19,,,,,,
,,2010 - 2011,,,8.5,,,,,,
,,2011 - 2012,,,17.04,,,,,,
,,2012 - 2013,,,2.71,,,,,,
,,2013 - 2014,,,15.0,,,,,,
,,2014 - 2015,,,11.56,,,,,,
,,2015 - 2016,,,16.38,,,,,,
,,2016 - 2017,,,2.01,,,,,,
,,2017 - 2018,,,1.13,,,,,,
,,2018 - 2019,994.0,,2.46,,,,,,
,,2019 - 2020,764.0,,4.38,,,,,,
,,2020 - 2021,596.0,,20.12,,,,,,
,,2021 - 2022,687.0,,13.04,,,,,,
,,2022 - 2023,584.0,,11.23,,,,,,
,Khagaria,2000 - 2001,49.0,378.0,7.71,,,,,,
,,2005 - 2006,21.0,207.0,9.86,,,,,,
,,2010 - 2011,370.0,,8.44,,,,,,
,,2012 - 2013,3.0,7.0,2.33,,,,,,
,,2013 - 2014,3.0,46.0,15.33,,,,,,
,,2014 - 2015,3.0,40.0,13.33,,,,,,
,,2015 - 2016,4.0,78.0,19.5,,,,,,
,,2019 - 2020,5.0,10.0,2.0,,,,,,
,,2020 - 2021,5.0,66.67,13.33,,,,,,
,,2021 - 2022,12.0,133.33,11.11,,,,,,
,,2022 - 2023,12.0,144.44,12.04,,,,,,
,Kishanganj,2000 - 2001,,,7.15,,,,,,
,,2001 - 2002,,,6.12,,,,,,
,,2002 - 2003,,,5.72,,,,,,
,,2003 - 2004,,,6.15,,,,,,
,,2004 - 2005,,,6.78,,,,,,
,,2005 - 2006,,,7.77,,,,,,
,,2006 - 2007,,,6.66,,,,,,
,,2007 - 2008,,,6.52,,,,,,
,,2008 - 2009,,,6.49,,,,,,
,,2009 - 2010,,,5.97,,,,,,
,,2010 - 2011,,,5.01,,,,,,
,,2011 - 2012,,,8.66,,,,,,
,,2012 - 2013,,,1.97,,,,,,
,,2013 - 2014,,,15.88,,,,,,
,,2014 - 2015,,,9.78,,,,,,
,,2015 - 2016,,,14.69,,,,,,
,,2016 - 2017,,,2.58,,,,,,
,,2017 - 2018,,,2.13,,,,,,
,,2018 - 2019,,,2.15,,,,,,
,,2019 - 2020,,,2.93,,,,,,
,,2020 - 2021,,,11.21,,,,,,
,,2021 - 2022,,,10.73,,,,,,
,,2022 - 2023,,,11.08,,,,,,
,Lakhisarai,2005 - 2006,39.0,384.0,9.85,,,,,,
,Madhepura,2000 - 2001,,,9.22,,,,,,
,,2001 - 2002,,,6.5,,,,,,
,,2002 - 2003,,,8.17,,,,,,
,,2003 - 2004,,,10.47,,,,,,
,,2004 - 2005,,,7.98,,,,,,
,,2005 - 2006,695.0,,6.65,,,,,,
,,2006 - 2007,,,9.26,,,,,,
,,2007 - 2008,,,13.72,,,,,,
,,2008 - 2009,,,11.39,,,,,,
,,2009 - 2010,,,5.04,,,,,,
,,2010 - 2011,,,5.04,,,,,,
,,2011 - 2012,,,7.22,,,,,,
,,2012 - 2013,,,1.45,,,,,,
,,2013 - 2014,,,14.84,,,,,,
,,2014 - 2015,,,13.78,,,,,,
,,2015 - 2016,,,22.76,,,,,,
,,2016 - 2017,,,2.25,,,,,,
,,2017 - 2018,,,2.35,,,,,,
,,2018 - 2019,,,3.74,,,,,,
,,2019 - 2020,,,2.1,,,,,,
,,2020 - 2021,,,16.5,,,,,,
,,2021 - 2022,,,11.14,,,,,,
,,2022 - 2023,,,11.17,,,,,,
,Madhubani,2000 - 2001,50.0,216.0,4.32,,,,,,
,,2001 - 2002,32.0,208.0,6.5,,,,,,
,,2002 - 2003,114.0,750.0,6.58,,,,,,
,,2003 - 2004,55.0,293.0,5.33,,,,,,
,,2004 - 2005,48.0,383.0,7.98,,,,,,
,,2005 - 2006,695.0,,5.03,,,,,,
,,2006 - 2007,26.0,111.0,4.27,,,,,,
,,2007 - 2008,27.0,74.0,2.74,,,,,,
,,2008 - 2009,25.0,145.0,5.8,,,,,,
,,2009 - 2010,22.0,172.0,7.82,,,,,,
,,2010 - 2011,11.0,93.0,8.45,,,,,,
,,2011 - 2012,5.0,62.0,12.4,,,,,,
,,2014 - 2015,32.0,427.0,13.34,,,,,,
,,2016 - 2017,10.0,24.0,2.4,,,,,,
,,2017 - 2018,10.0,15.0,1.5,,,,,,
,,2018 - 2019,10.0,19.0,1.9,,,,,,
,,2019 - 2020,9.0,30.0,3.33,,,,,,
,,2021 - 2022,12.0,133.33,11.11,,,,,,
,Muzaffarpur,2000 - 2001,220.0,,5.3,,,,,,
,,2001 - 2002,178.0,581.0,3.26,,,,,,
,,2002 - 2003,153.0,717.0,4.69,,,,,,
,,2003 - 2004,153.0,683.0,4.46,,,,,,
,,2004 - 2005,136.0,,7.98,,,,,,
,,2005 - 2006,125.0,738.0,5.9,,,,,,
,,2006 - 2007,113.0,706.0,6.25,,,,,,
,,2007 - 2008,128.0,822.0,6.42,,,,,,
,,2008 - 2009,314.0,,6.62,,,,,,
,,2009 - 2010,168.0,,7.07,,,,,,
,,2010 - 2011,124.0,,17.19,,,,,,
,,2011 - 2012,124.0,,12.36,,,,,,
,,2012 - 2013,119.0,402.0,3.38,,,,,,
,,2013 - 2014,44.0,290.0,6.59,,,,,,
,,2014 - 2015,16.0,207.0,12.94,,,,,,
,,2015 - 2016,272.0,,13.99,,,,,,
,Nalanda,2007 - 2008,1.0,9.0,9.0,,,,,,
,Nawada,2003 - 2004,6.0,42.0,7.0,,,,,,
,,2013 - 2014,2.0,31.0,15.5,,,,,,
,,2014 - 2015,7.0,93.0,13.29,,,,,,
,,2015 - 2016,13.0,182.0,14.0,,,,,,
,,2016 - 2017,9.0,21.0,2.33,,,,,,
,,2017 - 2018,2.0,3.0,1.5,,,,,,
,,2018 - 2019,2.0,4.0,2.0,,,,,,
,Pashchim champaran,2002 - 2003,94.0,440.0,4.68,,,,,,
,,2009 - 2010,7.0,50.0,7.14,,,,,,
,,2010 - 2011,7.0,120.0,17.14,,,,,,
,,2013 - 2014,14.0,92.0,6.57,,,,,,
,,2014 - 2015,12.0,155.0,12.92,,,,,,
,,2015 - 2016,32.0,625.0,19.53,,,,,,
,,2016 - 2017,9.0,21.0,2.33,,,,,,
,Patna,2019 - 2020,19.0,39.0,2.05,,,,,,
,Purbi champaran,2001 - 2002,6.0,20.0,3.33,,,,,,
,,2002 - 2003,12.0,56.0,4.67,,,,,,
,,2003 - 2004,10.0,45.0,4.5,,,,,,
,,2004 - 2005,9.0,72.0,8.0,,,,,,
,,2005 - 2006,9.0,53.0,5.89,,,,,,
,,2006 - 2007,9.0,56.0,6.22,,,,,,
,,2007 - 2008,9.0,58.0,6.44,,,,,,
,,2008 - 2009,9.0,60.0,6.67,,,,,,
,,2009 - 2010,4.0,28.0,7.0,,,,,,
,,2010 - 2011,7.0,120.0,17.14,,,,,,
,,2011 - 2012,2.0,25.0,12.5,,,,,,
,,2012 - 2013,1.0,3.0,3.0,,,,,,
,Purnia,2000 - 2001,,,6.64,,,,,,
,,2001 - 2002,,,6.84,,,,,,
,,2002 - 2003,,,5.96,,,,,,
,,2003 - 2004,,,6.86,,,,,,
,,2004 - 2005,,,9.18,,,,,,
,,2005 - 2006,,,6.76,,,,,,
,,2006 - 2007,,,6.6,,,,,,
,,2007 - 2008,,,7.39,,,,,,
,,2008 - 2009,,,7.68,,,,,,
,,2009 - 2010,,,7.34,,,,,,
,,2010 - 2011,,,7.04,,,,,,
,,2011 - 2012,,,15.0,,,,,,
,,2012 - 2013,841.0,,2.8,,,,,,
,,2013 - 2014,,,16.51,,,,,,
,,2014 - 2015,,,18.14,,,,,,
,,2015 - 2016,,,14.78,,,,,,
,,2016 - 2017,,,3.67,,,,,,
,,2017 - 2018,,,1.6,,,,,,
,,2018 - 2019,193.0,439.0,2.27,,,,,,
,,2019 - 2020,2.0,6.0,3.0,,,,,,
,Rohtas,2001 - 2002,6.0,39.0,6.5,,,,,,
,,2002 - 2003,2.0,12.0,6.0,,,,,,
,,2003 - 2004,5.0,35.0,7.0,,,,,,
,,2010 - 2011,2.0,17.0,8.5,,,,,,
,,2012 - 2013,3.0,7.0,2.33,,,,,,
,Saharsa,2000 - 2001,100.0,831.0,8.31,,,,,,
,,2001 - 2002,117.0,761.0,6.5,,,,,,
,,2002 - 2003,160.0,,7.39,,,,,,
,,2003 - 2004,233.0,,8.37,,,,,,
,,2004 - 2005,210.0,,7.98,,,,,,
,,2005 - 2006,,,17.51,,,,,,
,,2006 - 2007,131.0,,11.5,,,,,,
,,2007 - 2008,98.0,,11.43,,,,,,
,,2008 - 2009,33.0,352.0,10.67,,,,,,
,,2009 - 2010,186.0,,7.81,,,,,,
,,2010 - 2011,365.0,,10.78,,,,,,
,,2011 - 2012,80.0,,13.16,,,,,,
,,2014 - 2015,82.0,,13.82,,,,,,
,,2015 - 2016,33.0,751.0,22.76,,,,,,
,,2016 - 2017,30.0,67.0,2.23,,,,,,
,,2017 - 2018,18.0,26.0,1.44,,,,,,
,,2018 - 2019,17.0,31.0,1.82,,,,,,
,,2019 - 2020,16.0,27.0,1.69,,,,,,
,,2020 - 2021,16.0,211.11,13.19,,,,,,
,,2021 - 2022,17.0,188.89,11.11,,,,,,
,,2022 - 2023,19.0,227.78,11.99,,,,,,
,Samastipur,2000 - 2001,,,4.31,,,,,,
,,2001 - 2002,872.0,,6.5,,,,,,
,,2002 - 2003,846.0,,6.58,,,,,,
,,2003 - 2004,788.0,,5.33,,,,,,
,,2004 - 2005,742.0,,7.98,,,,,,
,,2005 - 2006,112.0,,9.85,,,,,,
,,2006 - 2007,628.0,,4.26,,,,,,
,,2007 - 2008,575.0,,1.97,,,,,,
,,2008 - 2009,559.0,,5.8,,,,,,
,,2009 - 2010,519.0,,7.83,,,,,,
,,2010 - 2011,238.0,,8.44,,,,,,
,,2013 - 2014,265.0,,15.26,,,,,,
,,2014 - 2015,,,13.34,,,,,,
,,2016 - 2017,305.0,723.0,2.37,,,,,,
,,2017 - 2018,595.0,880.0,1.48,,,,,,
,,2018 - 2019,238.0,461.0,1.94,,,,,,
,,2019 - 2020,190.0,635.0,3.34,,,,,,
,,2020 - 2021,179.0,,13.16,,,,,,
,,2021 - 2022,182.0,,11.02,,,,,,
,,2022 - 2023,176.0,,11.87,,,,,,
,Saran,2000 - 2001,21.0,162.0,7.71,,,,,,
,,2001 - 2002,17.0,110.0,6.47,,,,,,
,,2002 - 2003,38.0,228.0,6.0,,,,,,
,,2003 - 2004,142.0,985.0,6.94,,,,,,
,,2004 - 2005,32.0,255.0,7.97,,,,,,
,,2005 - 2006,67.0,660.0,9.85,,,,,,
,,2007 - 2008,38.0,352.0,9.26,,,,,,
,,2008 - 2009,41.0,356.0,8.68,,,,,,
,,2009 - 2010,24.0,172.0,7.17,,,,,,
,,2010 - 2011,35.0,295.0,8.43,,,,,,
,,2012 - 2013,8.0,19.0,2.38,,,,,,
,,2014 - 2015,24.0,320.0,13.33,,,,,,
,,2015 - 2016,10.0,140.0,14.0,,,,,,
,,2016 - 2017,1.0,2.0,2.0,,,,,,
,,2017 - 2018,1.0,1.0,1.0,,,,,,
,,2018 - 2019,1.0,2.0,2.0,,,,,,
,Sheohar,2005 - 2006,439.0,,5.9,,,,,,
,,2006 - 2007,3.0,19.0,6.33,,,,,,
,,2015 - 2016,13.0,254.0,19.54,,,,,,
,Sitamarhi,2000 - 2001,168.0,889.0,5.29,,,,,,
,,2001 - 2002,64.0,209.0,3.27,,,,,,
,,2002 - 2003,80.0,375.0,4.69,,,,,,
,,2003 - 2004,80.0,357.0,4.46,,,,,,
,,2004 - 2005,74.0,590.0,7.97,,,,,,
,,2005 - 2006,76.0,448.0,5.89,,,,,,
,,2006 - 2007,68.0,425.0,6.25,,,,,,
,,2007 - 2008,97.0,623.0,6.42,,,,,,
,,2008 - 2009,116.0,768.0,6.62,,,,,,
,,2009 - 2010,98.0,693.0,7.07,,,,,,
,,2010 - 2011,119.0,,17.18,,,,,,
,,2011 - 2012,33.0,408.0,12.36,,,,,,
,,2015 - 2016,537.0,,19.53,,,,,,
,Siwan,2000 - 2001,48.0,370.0,7.71,,,,,,
,,2001 - 2002,25.0,162.0,6.48,,,,,,
,,2002 - 2003,23.0,138.0,6.0,,,,,,
,,2003 - 2004,22.0,153.0,6.95,,,,,,
,,2004 - 2005,10.0,80.0,8.0,,,,,,
,,2005 - 2006,453.0,,9.85,,,,,,
,,2006 - 2007,16.0,134.0,8.38,,,,,,
,,2007 - 2008,18.0,167.0,9.28,,,,,,
,,2008 - 2009,15.0,130.0,8.67,,,,,,
,,2009 - 2010,15.0,108.0,7.2,,,,,,
,,2010 - 2011,18.0,152.0,8.44,,,,,,
,,2012 - 2013,18.0,42.0,2.33,,,,,,
,,2013 - 2014,17.0,259.0,15.24,,,,,,
,,2014 - 2015,16.0,214.0,13.38,,,,,,
,,2016 - 2017,15.0,36.0,2.4,,,,,,
,,2017 - 2018,14.0,21.0,1.5,,,,,,
,,2018 - 2019,14.0,27.0,1.93,,,,,,
,,2019 - 2020,14.0,29.0,2.07,,,,,,
,,2020 - 2021,14.0,183.33,13.1,,,,,,
,,2021 - 2022,14.0,155.56,11.11,,,,,,
,,2022 - 2023,14.0,166.67,11.91,,,,,,
,Supaul,2000 - 2001,,,8.15,,,,,,
,,2001 - 2002,,,6.5,,,,,,
,,2002 - 2003,,,6.72,,,,,,
,,2003 - 2004,,,6.82,,,,,,
,,2004 - 2005,,,7.98,,,,,,
,,2005 - 2006,,,8.26,,,,,,
,,2006 - 2007,,,12.96,,,,,,
,,2007 - 2008,,,10.83,,,,,,
,,2008 - 2009,,,10.32,,,,,,
,,2009 - 2010,,,9.56,,,,,,
,,2010 - 2011,,,15.23,,,,,,
,,2011 - 2012,,,14.68,,,,,,
,,2012 - 2013,,,3.0,,,,,,
,,2013 - 2014,,,14.84,,,,,,
,,2014 - 2015,,,13.88,,,,,,
,,2015 - 2016,,,22.76,,,,,,
,,2016 - 2017,,,2.23,,,,,,
,,2017 - 2018,,,0.92,,,,,,
,,2018 - 2019,,,1.39,,,,,,
,,2019 - 2020,,,1.59,,,,,,
,,2020 - 2021,,,11.95,,,,,,
,,2021 - 2022,,,10.91,,,,,,
,,2022 - 2023,,,12.41,,,,,,
,Vaishali,2000 - 2001,590.0,,5.29,,,,,,
,,2001 - 2002,589.0,,3.27,,,,,,
,,2002 - 2003,595.0,,4.68,,,,,,
,,2003 - 2004,291.0,,4.47,,,,,,
,,2004 - 2005,428.0,,7.98,,,,,,
,,2006 - 2007,437.0,,6.24,,,,,,
,,2007 - 2008,536.0,,6.42,,,,,,
,,2008 - 2009,507.0,,6.62,,,,,,
,,2009 - 2010,518.0,,7.07,,,,,,
,,2010 - 2011,426.0,,17.19,,,,,,
,,2011 - 2012,547.0,,12.37,,,,,,
,,2012 - 2013,349.0,,3.38,,,,,,
,,2013 - 2014,222.0,,6.6,,,,,,
,,2014 - 2015,263.0,,12.91,,,,,,
,,2016 - 2017,244.0,578.0,2.37,,,,,,
,,2017 - 2018,670.0,991.0,1.48,,,,,,
,,2018 - 2019,662.0,,1.94,,,,,,
,,2019 - 2020,603.0,,2.37,,,,,,
,,2020 - 2021,442.0,,12.49,,,,,,
,,2021 - 2022,283.0,,9.42,,,,,,
Chhattisgarh,Balod,2011 - 2012,8.0,15.0,1.88,,,,,,
,,2012 - 2013,14.0,28.0,2.0,,,,,,
,,2013 - 2014,16.0,35.0,2.19,,,,,,
,,2014 - 2015,13.0,22.0,1.69,,,,,,
,,2016 - 2017,27.0,54.0,2.0,,,,,,
,,2017 - 2018,1.0,2.0,2.0,,,,,,
,,2018 - 2019,6.0,10.0,1.67,,,,,,
,Baloda bazar,2011 - 2012,17.0,,0.0,,,,,,
,,2012 - 2013,29.0,72.0,2.48,,,,,,
,,2013 - 2014,28.0,70.0,2.5,,,,,,
,,2014 - 2015,17.0,40.0,2.35,,,,,,
,,2015 - 2016,12.0,31.0,2.58,,,,,,
,Balrampur,2011 - 2012,120.0,227.0,1.89,,,,,,
,,2012 - 2013,152.0,253.0,1.66,,,,,,
,,2013 - 2014,66.0,110.0,1.67,,,,,,
,,2014 - 2015,59.0,101.0,1.71,,,,,,
,,2015 - 2016,154.0,266.0,1.73,,,,,,
,,2016 - 2017,88.0,158.0,1.8,,,,,,
,,2017 - 2018,145.0,265.0,1.83,,,,,,
,,2018 - 2019,88.0,149.0,1.69,,,,,,
,,2019 - 2020,43.0,77.0,1.79,,,,,,
,,2020 - 2021,58.0,111.0,1.91,,,,,,
,,2021 - 2022,37.0,328.0,8.86,,,,,,
,,2022 - 2023,4.0,8.0,2.0,,,,,,
,Bastar,2000 - 2001,116.0,234.0,2.02,,,,,,
,,2001 - 2002,109.0,264.0,2.42,,,,,,
,,2002 - 2003,118.0,256.0,2.17,,,,,,
,,2003 - 2004,110.0,247.0,2.25,,,,,,
,,2004 - 2005,171.0,384.0,2.25,,,,,,
,,2005 - 2006,119.0,267.0,2.24,,,,,,
,,2006 - 2007,99.0,225.0,2.27,,,,,,
,,2007 - 2008,80.0,197.0,2.46,,,,,,
,,2008 - 2009,80.0,130.0,1.63,,,,,,
,,2009 - 2010,63.0,141.0,2.24,,,,,,
,,2010 - 2011,83.0,211.0,2.54,,,,,,
,,2011 - 2012,58.0,139.0,2.4,,,,,,
,,2012 - 2013,57.0,142.0,2.49,,,,,,
,,2013 - 2014,59.0,111.0,1.88,,,,,,
,,2014 - 2015,75.0,185.0,2.47,,,,,,
,,2015 - 2016,30.0,71.0,2.37,,,,,,
,,2016 - 2017,35.0,84.0,2.4,,,,,,
,,2017 - 2018,31.0,69.0,2.23,,,,,,
,,2018 - 2019,21.0,45.0,2.14,,,,,,
,,2019 - 2020,8.0,16.0,2.0,,,,,,
,,2020 - 2021,8.0,15.0,1.88,,,,,,
,,2021 - 2022,5.0,9.0,1.8,,,,,,
,,2022 - 2023,4.0,8.0,2.0,,,,,,
,Bijapur,2006 - 2007,6.0,,0.0,,,,,,
,,2007 - 2008,5.0,13.0,2.6,,,,,,
,,2008 - 2009,5.0,9.0,1.8,,,,,,
,,2009 - 2010,42.0,64.0,1.52,,,,,,
,,2010 - 2011,20.0,43.0,2.15,,,,,,
,,2011 - 2012,9.0,21.0,2.33,,,,,,
,,2012 - 2013,8.0,17.0,2.13,,,,,,
,,2013 - 2014,3.0,7.0,2.33,,,,,,
,,2014 - 2015,3.0,1.0,0.33,,,,,,
,,2015 - 2016,25.0,58.0,2.32,,,,,,
,,2016 - 2017,4.0,9.0,2.25,,,,,,
,,2017 - 2018,3.0,4.0,1.33,,,,,,
,,2018 - 2019,1.0,2.0,2.0,,,,,,
,,2019 - 2020,1.0,2.0,2.0,,,,,,
,,2020 - 2021,1.0,1.0,1.0,,,,,,
,Bilaspur,2000 - 2001,51.0,94.0,1.84,,,,,,
,,2001 - 2002,22.0,45.0,2.05,,,,,,
,,2002 - 2003,1.0,2.0,2.0,,,,,,
,,2003 - 2004,23.0,49.0,2.13,,,,,,
,,2004 - 2005,170.0,302.0,1.78,,,,,,
,,2005 - 2006,22.0,47.0,2.14,,,,,,
,,2007 - 2008,8.0,16.0,2.0,,,,,,
,,2008 - 2009,8.0,16.0,2.0,,,,,,
,,2009 - 2010,8.0,20.0,2.5,,,,,,
,,2010 - 2011,7.0,17.0,2.43,,,,,,
,,2019 - 2020,1.0,4.0,4.0,,,,,,
,,2020 - 2021,1.0,1.0,1.0,,,,,,
,Dantewada,2000 - 2001,70.0,146.0,2.09,,,,,,
,,2001 - 2002,64.0,137.0,2.14,,,,,,
,,2002 - 2003,70.0,115.0,1.64,,,,,,
,,2003 - 2004,64.0,127.0,1.98,,,,,,
,,2004 - 2005,53.0,78.0,1.47,,,,,,
,,2005 - 2006,52.0,98.0,1.88,,,,,,
,,2006 - 2007,34.0,77.0,2.26,,,,,,
,,2007 - 2008,37.0,88.0,2.38,,,,,,
,,2008 - 2009,37.0,69.0,1.86,,,,,,
,,2009 - 2010,37.0,56.0,1.51,,,,,,
,,2010 - 2011,32.0,81.0,2.53,,,,,,
,,2011 - 2012,20.0,48.0,2.4,,,,,,
,,2012 - 2013,30.0,64.0,2.13,,,,,,
,,2013 - 2014,32.0,70.0,2.19,,,,,,
,,2014 - 2015,27.0,62.0,2.3,,,,,,
,,2015 - 2016,32.0,54.0,1.69,,,,,,
,,2016 - 2017,32.0,78.0,2.44,,,,,,
,,2017 - 2018,18.0,23.0,1.28,,,,,,
,,2018 - 2019,19.0,45.0,2.37,,,,,,
,,2019 - 2020,8.0,16.0,2.0,,,,,,
,,2020 - 2021,4.0,8.0,2.0,,,,,,
,,2021 - 2022,7.0,19.0,2.71,,,,,,
,,2022 - 2023,4.0,2.0,0.5,,,,,,
,Dhamtari,2000 - 2001,71.0,221.0,3.11,,,,,,
,,2001 - 2002,58.0,157.0,2.71,,,,,,
,,2002 - 2003,57.0,118.0,2.07,,,,,,
,,2003 - 2004,56.0,140.0,2.5,,,,,,
,,2004 - 2005,43.0,107.0,2.49,,,,,,
,,2005 - 2006,46.0,115.0,2.5,,,,,,
,,2006 - 2007,41.0,102.0,2.49,,,,,,
,,2007 - 2008,44.0,110.0,2.5,,,,,,
,,2008 - 2009,45.0,112.0,2.49,,,,,,
,,2009 - 2010,48.0,120.0,2.5,,,,,,
,,2010 - 2011,39.0,98.0,2.51,,,,,,
,,2011 - 2012,140.0,348.0,2.49,,,,,,
,,2012 - 2013,133.0,331.0,2.49,,,,,,
,,2013 - 2014,32.0,80.0,2.5,,,,,,
,,2014 - 2015,40.0,99.0,2.48,,,,,,
,,2015 - 2016,45.0,112.0,2.49,,,,,,
,,2016 - 2017,24.0,60.0,2.5,,,,,,
,,2017 - 2018,23.0,57.0,2.48,,,,,,
,,2018 - 2019,9.0,22.0,2.44,,,,,,
,,2019 - 2020,5.0,13.0,2.6,,,,,,
,,2020 - 2021,5.0,14.0,2.8,,,,,,
,Durg,2000 - 2001,8.0,16.0,2.0,,,,,,
,,2001 - 2002,7.0,14.0,2.0,,,,,,
,,2002 - 2003,29.0,55.0,1.9,,,,,,
,,2003 - 2004,17.0,36.0,2.12,,,,,,
,,2004 - 2005,19.0,34.0,1.79,,,,,,
,,2005 - 2006,68.0,148.0,2.18,,,,,,
,,2006 - 2007,82.0,156.0,1.9,,,,,,
,,2007 - 2008,57.0,115.0,2.02,,,,,,
,,2008 - 2009,45.0,90.0,2.0,,,,,,
,,2009 - 2010,18.0,36.0,2.0,,,,,,
,,2010 - 2011,33.0,77.0,2.33,,,,,,
,Gariyaband,2011 - 2012,1.0,,0.0,,,,,,
,,2012 - 2013,1.0,3.0,3.0,,,,,,
,,2013 - 2014,10.0,25.0,2.5,,,,,,
,,2014 - 2015,16.0,38.0,2.38,,,,,,
,,2015 - 2016,4.0,8.0,2.0,,,,,,
,,2016 - 2017,2.0,6.0,3.0,,,,,,
,Janjgir-champa,2000 - 2001,17.0,31.0,1.82,,,,,,
,,2001 - 2002,7.0,12.0,1.71,,,,,,
,,2002 - 2003,10.0,17.0,1.7,,,,,,
,,2003 - 2004,12.0,30.0,2.5,,,,,,
,,2004 - 2005,23.0,40.0,1.74,,,,,,
,,2005 - 2006,24.0,50.0,2.08,,,,,,
,,2006 - 2007,28.0,60.0,2.14,,,,,,
,,2007 - 2008,21.0,45.0,2.14,,,,,,
,,2009 - 2010,9.0,24.0,2.67,,,,,,
,Jashpur,2000 - 2001,22.0,35.0,1.59,,,,,,
,,2001 - 2002,31.0,59.0,1.9,,,,,,
,,2004 - 2005,40.0,73.0,1.83,,,,,,
,,2005 - 2006,38.0,69.0,1.82,,,,,,
,,2006 - 2007,33.0,58.0,1.76,,,,,,
,,2007 - 2008,34.0,56.0,1.65,,,,,,
,,2008 - 2009,22.0,39.0,1.77,,,,,,
,,2009 - 2010,10.0,16.0,1.6,,,,,,
,,2010 - 2011,15.0,25.0,1.67,,,,,,
,,2011 - 2012,11.0,22.0,2.0,,,,,,
,,2012 - 2013,10.0,18.0,1.8,,,,,,
,,2013 - 2014,10.0,19.0,1.9,,,,,,
,,2014 - 2015,9.0,17.0,1.89,,,,,,
,,2015 - 2016,11.0,21.0,1.91,,,,,,
,,2016 - 2017,22.0,41.0,1.86,,,,,,
,,2017 - 2018,17.0,33.0,1.94,,,,,,
,,2018 - 2019,14.0,25.0,1.79,,,,,,
,,2019 - 2020,8.0,14.0,1.75,,,,,,
,,2020 - 2021,11.0,22.0,2.0,,,,,,
,,2021 - 2022,11.0,5.0,0.45,,,,,,
,,2022 - 2023,10.0,21.0,2.1,,,,,,
,Kabirdham,2000 - 2001,7.0,7.0,1.0,,,,,,
,,2001 - 2002,2.0,4.0,2.0,,,,,,
,,2012 - 2013,1.0,2.0,2.0,,,,,,
,Kanker,2000 - 2001,294.0,679.0,2.31,,,,,,
,,2001 - 2002,77.0,209.0,2.71,,,,,,
,,2002 - 2003,44.0,64.0,1.45,,,,,,
,,2003 - 2004,84.0,228.0,2.71,,,,,,
,,2004 - 2005,68.0,138.0,2.03,,,,,,
,,2007 - 2008,13.0,33.0,2.54,,,,,,
,,2008 - 2009,14.0,33.0,2.36,,,,,,
,,2009 - 2010,13.0,28.0,2.15,,,,,,
,,2010 - 2011,1.0,3.0,3.0,,,,,,
,,2011 - 2012,17.0,40.0,2.35,,,,,,
,,2017 - 2018,1.0,1.0,1.0,,,,,,
,Kondagaon,2011 - 2012,11.0,26.0,2.36,,,,,,
,,2012 - 2013,10.0,20.0,2.0,,,,,,
,,2014 - 2015,6.0,3.0,0.5,,,,,,
,,2015 - 2016,4.0,9.0,2.25,,,,,,
,,2016 - 2017,4.0,9.0,2.25,,,,,,
,,2017 - 2018,3.0,6.0,2.0,,,,,,
,,2018 - 2019,1.0,2.0,2.0,,,,,,
,,2019 - 2020,2.0,5.0,2.5,,,,,,
,,2020 - 2021,3.0,7.0,2.33,,,,,,
,,2021 - 2022,2.0,5.0,2.5,,,,,,
,,2022 - 2023,2.0,5.0,2.5,,,,,,
,Korba,2000 - 2001,23.0,49.0,2.13,,,,,,
,,2001 - 2002,23.0,50.0,2.17,,,,,,
,,2002 - 2003,17.0,30.0,1.76,,,,,,
,,2003 - 2004,26.0,46.0,1.77,,,,,,
,,2004 - 2005,39.0,61.0,1.56,,,,,,
,,2005 - 2006,36.0,71.0,1.97,,,,,,
,,2006 - 2007,36.0,63.0,1.75,,,,,,
,,2007 - 2008,36.0,66.0,1.83,,,,,,
,,2008 - 2009,37.0,79.0,2.14,,,,,,
,,2009 - 2010,34.0,65.0,1.91,,,,,,
,,2010 - 2011,43.0,99.0,2.3,,,,,,
,,2011 - 2012,34.0,86.0,2.53,,,,,,
,,2012 - 2013,43.0,91.0,2.12,,,,,,
,,2013 - 2014,43.0,91.0,2.12,,,,,,
,,2014 - 2015,38.0,96.0,2.53,,,,,,
,,2015 - 2016,44.0,93.0,2.11,,,,,,
,,2016 - 2017,50.0,126.0,2.52,,,,,,
,,2017 - 2018,50.0,127.0,2.54,,,,,,
,,2018 - 2019,11.0,26.0,2.36,,,,,,
,,2019 - 2020,3.0,7.0,2.33,,,,,,
,,2020 - 2021,1.0,2.0,2.0,,,,,,
,Korea,2000 - 2001,131.0,242.0,1.85,,,,,,
,,2001 - 2002,95.0,183.0,1.93,,,,,,
,,2002 - 2003,95.0,167.0,1.76,,,,,,
,,2003 - 2004,143.0,252.0,1.76,,,,,,
,,2004 - 2005,141.0,222.0,1.57,,,,,,
,,2005 - 2006,146.0,248.0,1.7,,,,,,
,,2006 - 2007,132.0,212.0,1.61,,,,,,
,,2007 - 2008,158.0,239.0,1.51,,,,,,
,,2008 - 2009,174.0,328.0,1.89,,,,,,
,,2009 - 2010,231.0,356.0,1.54,,,,,,
,,2010 - 2011,192.0,320.0,1.67,,,,,,
,,2011 - 2012,167.0,331.0,1.98,,,,,,
,,2012 - 2013,175.0,303.0,1.73,,,,,,
,,2013 - 2014,198.0,361.0,1.82,,,,,,
,,2014 - 2015,229.0,375.0,1.64,,,,,,
,,2015 - 2016,199.0,282.0,1.42,,,,,,
,,2016 - 2017,214.0,249.0,1.16,,,,,,
,,2017 - 2018,223.0,421.0,1.89,,,,,,
,,2018 - 2019,219.0,406.0,1.85,,,,,,
,,2019 - 2020,115.0,192.0,1.67,,,,,,
,,2020 - 2021,64.0,87.0,1.36,,,,,,
,,2021 - 2022,44.0,33.0,0.75,,,,,,
,,2022 - 2023,24.0,38.0,1.58,,,,,,
,Mahasamund,2000 - 2001,17.0,35.0,2.06,,,,,,
,,2001 - 2002,83.0,210.0,2.53,,,,,,
,,2002 - 2003,35.0,73.0,2.09,,,,,,
,,2003 - 2004,73.0,153.0,2.1,,,,,,
,,2004 - 2005,2.0,4.0,2.0,,,,,,
,,2005 - 2006,31.0,64.0,2.06,,,,,,
,,2007 - 2008,112.0,276.0,2.46,,,,,,
,,2008 - 2009,108.0,270.0,2.5,,,,,,
,,2009 - 2010,58.0,145.0,2.5,,,,,,
,,2010 - 2011,33.0,82.0,2.48,,,,,,
,,2011 - 2012,4.0,9.0,2.25,,,,,,
,,2012 - 2013,7.0,18.0,2.57,,,,,,
,,2013 - 2014,35.0,88.0,2.51,,,,,,
,,2014 - 2015,7.0,18.0,2.57,,,,,,
,,2015 - 2016,33.0,83.0,2.52,,,,,,
,,2016 - 2017,1.0,3.0,3.0,,,,,,
,,2017 - 2018,1.0,2.0,2.0,,,,,,
,,2021 - 2022,2.0,1.0,0.5,,,,,,
,,2022 - 2023,1.0,1.0,1.0,,,,,,
,Manendragarh chirimiri bharatpur,2022 - 2023,7.0,11.0,1.57,,,,,,
,Narayanpur,2005 - 2006,18.0,52.0,2.89,,,,,,
,Raigarh,2000 - 2001,167.0,278.0,1.66,,,,,,
,,2001 - 2002,270.0,502.0,1.86,,,,,,
,,2002 - 2003,114.0,190.0,1.67,,,,,,
,,2003 - 2004,120.0,218.0,1.82,,,,,,
,,2004 - 2005,87.0,148.0,1.7,,,,,,
,,2005 - 2006,95.0,173.0,1.82,,,,,,
,,2006 - 2007,176.0,305.0,1.73,,,,,,
,,2007 - 2008,164.0,314.0,1.91,,,,,,
,,2008 - 2009,147.0,277.0,1.88,,,,,,
,,2009 - 2010,46.0,87.0,1.89,,,,,,
,,2010 - 2011,71.0,134.0,1.89,,,,,,
,,2011 - 2012,43.0,85.0,1.98,,,,,,
,,2012 - 2013,43.0,84.0,1.95,,,,,,
,,2013 - 2014,39.0,74.0,1.9,,,,,,
,,2014 - 2015,43.0,88.0,2.05,,,,,,
,,2015 - 2016,34.0,69.0,2.03,,,,,,
,,2016 - 2017,20.0,41.0,2.05,,,,,,
,,2017 - 2018,38.0,75.0,1.97,,,,,,
,,2018 - 2019,20.0,39.0,1.95,,,,,,
,,2019 - 2020,12.0,24.0,2.0,,,,,,
,,2020 - 2021,5.0,10.0,2.0,,,,,,
,Raipur,2001 - 2002,12.0,30.0,2.5,,,,,,
,,2002 - 2003,16.0,35.0,2.19,,,,,,
,,2003 - 2004,16.0,34.0,2.13,,,,,,
,,2004 - 2005,1.0,2.0,2.0,,,,,,
,,2005 - 2006,3.0,6.0,2.0,,,,,,
,,2006 - 2007,2.0,4.0,2.0,,,,,,
,,2007 - 2008,6.0,13.0,2.17,,,,,,
,,2008 - 2009,8.0,17.0,2.13,,,,,,
,,2009 - 2010,2.0,4.0,2.0,,,,,,
,,2010 - 2011,18.0,45.0,2.5,,,,,,
,,2013 - 2014,2.0,5.0,2.5,,,,,,
,,2014 - 2015,1.0,3.0,3.0,,,,,,
,,2017 - 2018,4.0,,0.0,,,,,,
,,2018 - 2019,3.0,,0.0,,,,,,
,,2019 - 2020,1.0,3.0,3.0,,,,,,
,Rajnandgaon,2000 - 2001,42.0,75.0,1.79,,,,,,
,,2001 - 2002,58.0,108.0,1.86,,,,,,
,,2002 - 2003,47.0,93.0,1.98,,,,,,
,,2003 - 2004,53.0,101.0,1.91,,,,,,
,,2004 - 2005,50.0,94.0,1.88,,,,,,
,,2005 - 2006,52.0,101.0,1.94,,,,,,
,,2006 - 2007,52.0,102.0,1.96,,,,,,
,,2007 - 2008,52.0,96.0,1.85,,,,,,
,,2008 - 2009,66.0,130.0,1.97,,,,,,
,,2009 - 2010,51.0,100.0,1.96,,,,,,
,,2010 - 2011,57.0,122.0,2.14,,,,,,
,,2011 - 2012,49.0,88.0,1.8,,,,,,
,,2012 - 2013,43.0,70.0,1.63,,,,,,
,,2013 - 2014,45.0,81.0,1.8,,,,,,
,,2014 - 2015,41.0,81.0,1.98,,,,,,
,,2015 - 2016,36.0,74.0,2.06,,,,,,
,,2016 - 2017,33.0,76.0,2.3,,,,,,
,,2017 - 2018,3.0,7.0,2.33,,,,,,
,,2018 - 2019,587.0,,1.9,,,,,,
,,2022 - 2023,4.0,2.0,0.5,,,,,,
,Sukma,2011 - 2012,12.0,28.0,2.33,,,,,,
,,2012 - 2013,14.0,29.0,2.07,,,,,,
,,2013 - 2014,23.0,49.0,2.13,,,,,,
,,2014 - 2015,22.0,52.0,2.36,,,,,,
,,2015 - 2016,11.0,26.0,2.36,,,,,,
,,2016 - 2017,21.0,40.0,1.9,,,,,,
,,2017 - 2018,13.0,28.0,2.15,,,,,,
,,2018 - 2019,8.0,18.0,2.25,,,,,,
,,2020 - 2021,3.0,7.0,2.33,,,,,,
,,2021 - 2022,1.0,1.0,1.0,,,,,,
,,2022 - 2023,1.0,2.0,2.0,,,,,,
,Surajpur,2011 - 2012,311.0,587.0,1.89,,,,,,
,,2012 - 2013,272.0,428.0,1.57,,,,,,
,,2013 - 2014,292.0,459.0,1.57,,,,,,
,,2014 - 2015,301.0,474.0,1.57,,,,,,
,,2015 - 2016,296.0,512.0,1.73,,,,,,
,,2016 - 2017,292.0,340.0,1.16,,,,,,
,,2017 - 2018,292.0,532.0,1.82,,,,,,
,,2018 - 2019,277.0,566.0,2.04,,,,,,
,,2019 - 2020,184.0,405.0,2.2,,,,,,
,,2020 - 2021,137.0,308.0,2.25,,,,,,
,,2021 - 2022,104.0,55.0,0.53,,,,,,
,,2022 - 2023,95.0,165.0,1.74,,,,,,
,Surguja,2000 - 2001,357.0,661.0,1.85,,,,,,
,,2001 - 2002,407.0,794.0,1.95,,,,,,
,,2002 - 2003,399.0,703.0,1.76,,,,,,
,,2003 - 2004,422.0,771.0,1.83,,,,,,
,,2004 - 2005,453.0,769.0,1.7,,,,,,
,,2005 - 2006,464.0,876.0,1.89,,,,,,
,,2006 - 2007,535.0,,1.98,,,,,,
,,2007 - 2008,545.0,,1.92,,,,,,
,,2008 - 2009,594.0,,1.89,,,,,,
,,2009 - 2010,590.0,910.0,1.54,,,,,,
,,2010 - 2011,574.0,957.0,1.67,,,,,,
,,2011 - 2012,183.0,345.0,1.89,,,,,,
,,2012 - 2013,180.0,300.0,1.67,,,,,,
,,2013 - 2014,165.0,270.0,1.64,,,,,,
,,2014 - 2015,186.0,304.0,1.63,,,,,,
,,2015 - 2016,193.0,346.0,1.79,,,,,,
,,2016 - 2017,188.0,343.0,1.82,,,,,,
,,2017 - 2018,197.0,372.0,1.89,,,,,,
,,2018 - 2019,189.0,393.0,2.08,,,,,,
,,2019 - 2020,165.0,338.0,2.05,,,,,,
,,2020 - 2021,92.0,196.0,2.13,,,,,,
,,2021 - 2022,89.0,87.0,0.98,,,,,,
,,2022 - 2023,78.0,151.0,1.94,,,,,,
Karnataka,Bagalkot,2000 - 2001,9.0,17.0,1.89,,,,,,
,,2001 - 2002,5.0,10.0,2.0,,,,,,
,,2002 - 2003,7.0,13.0,1.86,,,,,,
,,2003 - 2004,150.0,286.0,1.91,,,,,,
,,2004 - 2005,120.0,229.0,1.91,,,,,,
,,2005 - 2006,,,,,,,82.0,156.0,1.9
,,2006 - 2007,,,,,,,35.0,67.0,1.91
,,2007 - 2008,,,,,,,9.0,17.0,1.89
,,2008 - 2009,,,,,,,3.0,6.0,2.0
,,2009 - 2010,,,,,,,4.0,6.0,1.5
,,2010 - 2011,,,,,,,4.0,5.0,1.25
,,2011 - 2012,,,,,,,4.0,5.0,1.25
,Bangalore rural,2018 - 2019,,,,,,,1.0,1.0,1.0
,,2019 - 2020,,,,,,,1.0,,0.0
,Belgaum,2000 - 2001,21.0,45.0,2.14,,,,,,
,,2001 - 2002,22.0,47.0,2.14,,,,,,
,,2002 - 2003,6.0,13.0,2.17,,,,,,
,,2003 - 2004,7.0,15.0,2.14,,,,,,
,,2004 - 2005,9.0,19.0,2.11,,,,,,
,,2005 - 2006,,,,,,,9.0,19.0,2.11
,,2006 - 2007,,,,,,,12.0,25.0,2.08
,,2007 - 2008,,,,,,,2.0,4.0,2.0
,,2008 - 2009,,,,,,,2.0,4.0,2.0
,,2009 - 2010,,,,,,,36.0,52.0,1.44
,,2010 - 2011,,,,,,,4.0,5.0,1.25
,,2011 - 2012,,,,,,,1.0,1.0,1.0
,,2012 - 2013,,,,,,,163.0,199.0,1.22
,,2013 - 2014,,,,,,,21.0,28.0,1.33
,,2014 - 2015,,,,,,,171.0,192.0,1.12
,,2018 - 2019,,,,,,,20.0,29.0,1.45
,,2019 - 2020,,,,,,,5.0,,0.0
,,2020 - 2021,,,,,,,7.0,0.0,0.0
,Bellary,2008 - 2009,,,,,,,3.0,4.0,1.33
,,2010 - 2011,,,,,,,58.0,73.0,1.26
,,2011 - 2012,,,,,,,102.0,127.0,1.25
,,2012 - 2013,,,,,,,55.0,67.0,1.22
,,2013 - 2014,,,,,,,42.0,56.0,1.33
,,2018 - 2019,,,,,,,1.0,1.0,1.0
,,2019 - 2020,,,,,,,1.0,,0.0
,,2020 - 2021,,,,,,,2.0,0.0,0.0
,,2022 - 2023,,,,,,,1.0,0.0,0.0
,Bidar,2000 - 2001,,838.0,0.73,,,,,,
,,2001 - 2002,,,0.73,,,,,,
,,2002 - 2003,,999.0,0.72,,,,,,
,,2003 - 2004,,904.0,0.72,,,,,,
,,2004 - 2005,,762.0,0.72,,,,,,
,,2005 - 2006,,,,,,,,755.0,0.72
,,2006 - 2007,,,,,,,869.0,626.0,0.72
,,2007 - 2008,,,,,,,897.0,646.0,0.72
,,2008 - 2009,,,,,,,596.0,610.0,1.02
,,2009 - 2010,,,,,,,973.0,,1.55
,,2010 - 2011,,,,,,,,,1.31
,,2011 - 2012,,,,,,,396.0,449.0,1.13
,,2012 - 2013,,,,,,,323.0,366.0,1.13
,,2013 - 2014,,,,,,,146.0,226.0,1.55
,,2014 - 2015,,,,,,,42.0,47.0,1.12
,,2015 - 2016,,,,,,,45.0,60.0,1.33
,,2016 - 2017,,,,,,,2.0,2.0,1.0
,,2018 - 2019,,,,,,,6.0,9.0,1.5
,,2019 - 2020,,,,,,,10.0,,0.0
,,2020 - 2021,,,,,,,19.0,0.0,0.0
,,2022 - 2023,,,,,,,105.0,0.0,0.0
,Bijapur,2016 - 2017,,,,,,,32.0,37.0,1.16
,,2018 - 2019,,,,,,,5.0,7.0,1.4
,,2019 - 2020,,,,,,,3.0,,0.0
,Chikmagalur,2020 - 2021,,,,,,,1.0,0.0,0.0
,Chitradurga,2020 - 2021,,,,,,,1.0,0.0,0.0
,Davangere,2001 - 2002,1.0,1.0,1.0,,,,,,
,,2018 - 2019,,,,,,,13.0,19.0,1.46
,Dharwad,2000 - 2001,21.0,57.0,2.71,,,,,,
,,2001 - 2002,2.0,5.0,2.5,,,,,,
,,2002 - 2003,6.0,16.0,2.67,,,,,,
,,2006 - 2007,,,,,,,59.0,79.0,1.34
,,2007 - 2008,,,,,,,51.0,68.0,1.33
,,2009 - 2010,,,,,,,1.0,1.0,1.0
,,2010 - 2011,,,,,,,1.0,1.0,1.0
,,2011 - 2012,,,,,,,5.0,6.0,1.2
,,2020 - 2021,,,,,,,1.0,0.0,0.0
,Gadag,2018 - 2019,,,,,,,2.0,3.0,1.5
,,2020 - 2021,,,,,,,1.0,0.0,0.0
,Gulbarga,2000 - 2001,,,1.85,,,,,,
,,2001 - 2002,,,1.85,,,,,,
,,2002 - 2003,,,1.83,,,,,,
,,2003 - 2004,,,1.83,,,,,,
,,2004 - 2005,,,1.83,,,,,,
,,2005 - 2006,,,,,,,918.0,,1.83
,,2006 - 2007,,,,,,,,,1.83
,,2007 - 2008,,,,,,,902.0,,1.83
,,2008 - 2009,,,,,,,542.0,993.0,1.83
,,2009 - 2010,,,,,,,286.0,322.0,1.13
,,2010 - 2011,,,,,,,370.0,397.0,1.07
,,2011 - 2012,,,,,,,312.0,434.0,1.39
,,2012 - 2013,,,,,,,168.0,234.0,1.39
,,2013 - 2014,,,,,,,140.0,156.0,1.11
,,2015 - 2016,,,,,,,721.0,964.0,1.34
,,2016 - 2017,,,,,,,71.0,68.0,0.96
,,2017 - 2018,,,,,,,9.0,,0.0
,,2018 - 2019,,,,,,,21.0,30.0,1.43
,,2019 - 2020,,,,,,,12.0,,0.0
,,2020 - 2021,,,,,,,14.0,0.0,0.0
,,2022 - 2023,,,,,,,20.0,0.0,0.0
,Hassan,2019 - 2020,,,,,,,2.0,,0.0
,,2022 - 2023,,,,,,,1.0,0.0,0.0
,Haveri,2001 - 2002,1.0,3.0,3.0,,,,,,
,,2002 - 2003,1.0,3.0,3.0,,,,,,
,,2006 - 2007,,,,,,,8.0,11.0,1.38
,Koppal,2005 - 2006,,,,,,,40.0,51.0,1.28
,,2018 - 2019,,,,,,,9.0,13.0,1.44
,,2019 - 2020,,,,,,,3.0,,0.0
,,2020 - 2021,,,,,,,10.0,0.0,0.0
,,2022 - 2023,,,,,,,7.0,0.0,0.0
,Mandya,2018 - 2019,,,,,,,2.0,3.0,1.5
,,2019 - 2020,,,,,,,15.0,,0.0
,,2020 - 2021,,,,,,,8.0,0.0,0.0
,Mysore,2014 - 2015,,,,,,,48.0,54.0,1.13
,Raichur,2018 - 2019,,,,,,,1.0,1.0,1.0
,,2019 - 2020,,,,,,,3.0,,0.0
,,2020 - 2021,,,,,,,2.0,0.0,0.0
,Shimoga,2000 - 2001,2.0,2.0,1.0,,,,,,
,Uttar kannad,2000 - 2001,3.0,7.0,2.33,,,,,,
,,2001 - 2002,3.0,7.0,2.33,,,,,,
,,2002 - 2003,1.0,2.0,2.0,,,,,,
,,2003 - 2004,1.0,2.0,2.0,,,,,,
,,2004 - 2005,1.0,2.0,2.0,,,,,,
,Yadgir,2010 - 2011,,,,,,,6.0,8.0,1.33
,,2011 - 2012,,,,,,,5.0,6.0,1.2
,,2012 - 2013,,,,,,,4.0,5.0,1.25
,,2022 - 2023,,,,,,,2.0,0.0,0.0
Madhya Pradesh,Alirajpur,2009 - 2010,,,,,,,38.0,13.0,0.34
,,2010 - 2011,,,,,,,19.0,37.0,1.95
,,2011 - 2012,27.0,33.0,1.22,,,,,,
,,2012 - 2013,25.0,6.0,0.24,,,,,,
,,2013 - 2014,21.0,32.0,1.52,,,,,,
,,2018 - 2019,1.0,0.18,0.18,,,,,,
,,2019 - 2020,6.0,2.0,0.33,,,,,,
,Anuppur,2006 - 2007,3.0,7.0,2.33,,,,,,
,,2019 - 2020,5.0,2.0,0.4,,,,,,
,Ashoknagar,2019 - 2020,4.0,1.0,0.25,,,,,,
,Balaghat,2006 - 2007,118.0,391.0,3.31,,,,,,
,,2009 - 2010,,,,,,,89.0,49.0,0.55
,,2010 - 2011,,,,,,,88.0,272.0,3.09
,,2011 - 2012,94.0,260.0,2.77,,,,,,
,,2012 - 2013,81.0,43.0,0.53,,,,,,
,,2013 - 2014,75.0,229.0,3.05,,,,,,
,,2016 - 2017,70.0,53.0,0.76,,,,,,
,Barwani,2006 - 2007,35.0,48.0,1.37,,,,,,
,,2009 - 2010,,,,,,,51.0,11.0,0.22
,,2010 - 2011,,,,,,,15.0,21.0,1.4
,,2011 - 2012,35.0,40.0,1.14,,,,,,
,,2012 - 2013,38.0,14.0,0.37,,,,,,
,,2013 - 2014,17.0,29.0,1.71,,,,,,
,,2019 - 2020,4.0,1.0,0.25,,,,,,
,Betul,2016 - 2017,120.0,80.0,0.67,,,,,,
,,2019 - 2020,4.0,1.0,0.25,,,,,,
,Bhind,2019 - 2020,249.0,53.0,0.21,,,,,,
,Burhanpur,2018 - 2019,5.0,1.26,0.25,,,,,,
,,2019 - 2020,48.0,23.0,0.48,,,,,,
,Chhatarpur,2006 - 2007,2.0,3.0,1.5,,,,,,
,,2016 - 2017,10.0,,0.0,,,,,,
,,2018 - 2019,2.0,0.9,0.45,,,,,,
,,2019 - 2020,2.0,1.0,0.5,,,,,,
,Chhindwara,2006 - 2007,12.0,34.0,2.83,,,,,,
,,2016 - 2017,90.0,60.0,0.67,,,,,,
,,2017 - 2018,,,1.2,,,,,,
,,2019 - 2020,39.0,20.0,0.51,,,,,,
,Damoh,2016 - 2017,350.0,260.0,0.74,,,,,,
,Datia,2006 - 2007,2.0,3.0,1.5,,,,,,
,,2009 - 2010,,,,,,,273.0,63.0,0.23
,,2012 - 2013,15.0,5.0,0.33,,,,,,
,,2019 - 2020,2.0,1.0,0.5,,,,,,
,Dewas,2006 - 2007,2.0,3.0,1.5,,,,,,
,,2009 - 2010,,,,,,,27.0,11.0,0.41
,,2010 - 2011,,,,,,,24.0,56.0,2.33
,,2011 - 2012,27.0,46.0,1.7,,,,,,
,,2012 - 2013,27.0,9.0,0.33,,,,,,
,,2013 - 2014,27.0,46.0,1.7,,,,,,
,Dhar,2018 - 2019,2.0,1.08,0.54,,,,,,
,,2019 - 2020,6.0,3.0,0.5,,,,,,
,Dindori,2019 - 2020,3.0,1.0,0.33,,,,,,
,Gwalior,2019 - 2020,1.0,,0.0,,,,,,
,Harda,2016 - 2017,150.0,120.0,0.8,,,,,,
,,2019 - 2020,4.0,1.0,0.25,,,,,,
,Hoshangabad,2017 - 2018,590.0,530.0,0.9,,,,,,
,,2019 - 2020,14.0,4.0,0.29,,,,,,
,Indore,2018 - 2019,17.0,5.93,0.35,,,,,,
,,2019 - 2020,2.0,1.0,0.5,,,,,,
,Jabalpur,2003 - 2004,,,2.32,,,,,,
,,2016 - 2017,100.0,71.0,0.71,,,,,,
,,2019 - 2020,10.0,5.0,0.5,,,,,,
,Jhabua,2006 - 2007,6.0,10.0,1.67,,,,,,
,,2019 - 2020,2.0,1.0,0.5,,,,,,
,Katni,2003 - 2004,600.0,,1.83,,,,,,
,,2006 - 2007,1.0,1.0,1.0,,,,,,
,,2016 - 2017,60.0,40.0,0.67,,,,,,
,Khandwa,2006 - 2007,8.0,18.0,2.25,,,,,,
,,2009 - 2010,,,,,,,1.0,,0.0
,,2012 - 2013,3.0,1.0,0.33,,,,,,
,,2013 - 2014,4.0,6.0,1.5,,,,,,
,,2019 - 2020,66.0,16.0,0.24,,,,,,
,Khargone,2006 - 2007,54.0,121.0,2.24,,,,,,
,,2009 - 2010,,,,,,,66.0,24.0,0.36
,,2010 - 2011,,,,,,,66.0,170.0,2.58
,,2011 - 2012,45.0,81.0,1.8,,,,,,
,,2012 - 2013,14.0,5.0,0.36,,,,,,
,,2013 - 2014,42.0,81.0,1.93,,,,,,
,,2018 - 2019,1.0,0.36,0.36,,,,,,
,Mandla,2016 - 2017,20.0,15.0,0.75,,,,,,
,,2019 - 2020,91.0,42.0,0.46,,,,,,
,Mandsaur,2019 - 2020,1.0,1.0,1.0,,,,,,
,Morena,2019 - 2020,6.0,1.0,0.17,,,,,,
,Narsinghpur,2016 - 2017,260.0,190.0,0.73,,,,,,
,,2019 - 2020,6.0,5.0,0.83,,,,,,
,Neemuch,2019 - 2020,2.0,1.0,0.5,,,,,,
,Panna,2006 - 2007,28.0,31.0,1.11,,,,,,
,,2009 - 2010,,,,,,,14.0,4.0,0.29
,,2010 - 2011,,,,,,,9.0,13.0,1.44
,,2011 - 2012,30.0,23.0,0.77,,,,,,
,,2012 - 2013,23.0,5.0,0.22,,,,,,
,,2013 - 2014,48.0,57.0,1.19,,,,,,
,,2016 - 2017,120.0,90.0,0.75,,,,,,
,,2019 - 2020,1.0,1.0,1.0,,,,,,
,Raisen,2006 - 2007,24.0,43.0,1.79,,,,,,
,,2009 - 2010,,,,,,,1.0,,0.0
,,2019 - 2020,1.0,,0.0,,,,,,
,Rajgarh,2016 - 2017,150.0,110.0,0.73,,,,,,
,,2019 - 2020,1.0,,0.0,,,,,,
,Rewa,2006 - 2007,129.0,280.0,2.17,,,,,,
,,2009 - 2010,,,,,,,107.0,36.0,0.34
,,2010 - 2011,,,,,,,60.0,132.0,2.2
,,2011 - 2012,68.0,101.0,1.49,,,,,,
,,2012 - 2013,56.0,16.0,0.29,,,,,,
,,2013 - 2014,42.0,115.0,2.74,,,,,,
,,2016 - 2017,20.0,10.0,0.5,,,,,,
,,2017 - 2018,400.0,460.0,1.15,,,,,,
,,2019 - 2020,7.0,3.0,0.43,,,,,,
,Sagar,2016 - 2017,20.0,10.0,0.5,,,,,,
,,2019 - 2020,7.0,4.0,0.57,,,,,,
,Satna,2006 - 2007,16.0,25.0,1.56,,,,,,
,,2012 - 2013,1.0,,0.0,,,,,,
,,2013 - 2014,4.0,6.0,1.5,,,,,,
,,2019 - 2020,3.0,1.0,0.33,,,,,,
,Sehore,2016 - 2017,110.0,80.0,0.73,,,,,,
,Seoni,2006 - 2007,13.0,35.0,2.69,,,,,,
,,2009 - 2010,,,,,,,10.0,5.0,0.5
,,2010 - 2011,,,,,,,9.0,24.0,2.67
,,2011 - 2012,8.0,18.0,2.25,,,,,,
,,2012 - 2013,8.0,5.0,0.63,,,,,,
,,2013 - 2014,7.0,27.0,3.86,,,,,,
,,2019 - 2020,9.0,4.0,0.44,,,,,,
,Shahdol,2006 - 2007,14.0,33.0,2.36,,,,,,
,,2009 - 2010,,,,,,,42.0,18.0,0.43
,,2010 - 2011,,,,,,,41.0,97.0,2.37
,,2011 - 2012,55.0,80.0,1.45,,,,,,
,,2012 - 2013,12.0,4.0,0.33,,,,,,
,,2013 - 2014,11.0,25.0,2.27,,,,,,
,Sheopur,2019 - 2020,3.0,1.0,0.33,,,,,,
,Shivpuri,2019 - 2020,1.0,,0.0,,,,,,
,Sidhi,2006 - 2007,29.0,57.0,1.97,,,,,,
,,2009 - 2010,,,,,,,3.0,1.0,0.33
,,2010 - 2011,,,,,,,1.0,2.0,2.0
,,2011 - 2012,3.0,3.0,1.0,,,,,,
,,2012 - 2013,4.0,2.0,0.5,,,,,,
,,2013 - 2014,1.0,3.0,3.0,,,,,,
,,2019 - 2020,1.0,1.0,1.0,,,,,,
,Singrauli,2009 - 2010,,,,,,,1.0,,0.0
,,2018 - 2019,1.0,0.36,0.36,,,,,,
,,2019 - 2020,193.0,114.0,0.59,,,,,,
,Tikamgarh,2006 - 2007,27.0,43.0,1.59,,,,,,
,,2009 - 2010,,,,,,,8.0,2.0,0.25
,,2010 - 2011,,,,,,,2.0,3.0,1.5
,,2011 - 2012,2.0,2.0,1.0,,,,,,
,Ujjain,2010 - 2011,,,,,,,36.0,87.0,2.42
,Vidisha,2016 - 2017,350.0,250.0,0.71,,,,,,
,,2019 - 2020,2.0,1.0,0.5,,,,,,
Meghalaya,East garo hills,2000 - 2001,260.0,,4.59,,,,,,
,,2001 - 2002,256.0,,4.6,,,,,,
,,2002 - 2003,224.0,,5.0,,,,,,
,,2003 - 2004,200.0,919.0,4.6,,,,,,
,,2004 - 2005,163.0,745.0,4.57,,,,,,
,,2005 - 2006,144.0,658.0,4.57,,,,,,
,,2006 - 2007,140.0,642.0,4.59,,,,,,
,,2007 - 2008,135.0,630.0,4.67,,,,,,
,,2008 - 2009,70.0,320.0,4.57,,,,,,
,,2009 - 2010,67.0,306.0,4.57,,,,,,
,,2010 - 2011,62.0,283.0,4.56,,,,,,
,,2011 - 2012,63.0,289.0,4.59,,,,,,
,,2012 - 2013,69.0,433.0,6.28,,,,,,
,,2013 - 2014,19.0,117.0,6.16,,,,,,
,,2014 - 2015,19.0,118.0,6.21,,,,,,
,,2015 - 2016,16.0,98.0,6.13,,,,,,
,,2016 - 2017,15.0,102.0,6.8,,,,,,
,,2017 - 2018,15.0,102.0,6.8,,,,,,
,,2018 - 2019,16.0,109.0,6.81,,,,,,
,,2019 - 2020,17.0,116.0,6.82,,,,,,
,,2020 - 2021,18.0,123.0,6.83,,,,,,
,,2021 - 2022,18.0,123.0,6.83,,,,,,
,,2022 - 2023,17.0,102.0,6.0,,,,,,
,North garo hills,2013 - 2014,51.0,324.0,6.35,,,,,,
,,2014 - 2015,52.0,334.0,6.42,,,,,,
,,2015 - 2016,47.0,312.0,6.64,,,,,,
,,2016 - 2017,46.0,318.0,6.91,,,,,,
,,2017 - 2018,48.0,332.0,6.92,,,,,,
,,2018 - 2019,49.0,339.0,6.92,,,,,,
,,2019 - 2020,50.0,347.0,6.94,,,,,,
,,2020 - 2021,51.0,355.0,6.96,,,,,,
,,2021 - 2022,51.0,355.0,6.96,,,,,,
,,2022 - 2023,38.0,170.0,4.47,,,,,,
,South garo hills,2000 - 2001,,,4.62,,,,,,
,,2001 - 2002,998.0,,4.59,,,,,,
,,2002 - 2003,993.0,,4.59,,,,,,
,,2003 - 2004,,,4.59,,,,,,
,,2004 - 2005,732.0,,4.53,,,,,,
,,2005 - 2006,989.0,,4.56,,,,,,
,,2006 - 2007,982.0,,4.55,,,,,,
,,2007 - 2008,972.0,,4.56,,,,,,
,,2008 - 2009,818.0,,4.56,,,,,,
,,2009 - 2010,816.0,,4.56,,,,,,
,,2010 - 2011,812.0,,4.55,,,,,,
,,2011 - 2012,813.0,,4.6,,,,,,
,,2012 - 2013,875.0,,5.96,,,,,,
,,2013 - 2014,883.0,,5.99,,,,,,
,,2014 - 2015,887.0,,5.98,,,,,,
,,2015 - 2016,884.0,,5.98,,,,,,
,,2016 - 2017,883.0,,5.99,,,,,,
,,2017 - 2018,885.0,,5.99,,,,,,
,,2018 - 2019,886.0,,5.99,,,,,,
,,2019 - 2020,887.0,,6.0,,,,,,
,,2020 - 2021,887.0,,6.0,,,,,,
,,2021 - 2022,887.0,,6.0,,,,,,
,,2022 - 2023,820.0,,5.76,,,,,,
,South west garo hills,2013 - 2014,,,5.99,,,,,,
,,2014 - 2015,,,6.03,,,,,,
,,2015 - 2016,,,6.04,,,,,,
,,2016 - 2017,,,6.04,,,,,,
,,2017 - 2018,,,6.05,,,,,,
,,2018 - 2019,,,6.05,,,,,,
,,2019 - 2020,,,6.05,,,,,,
,,2020 - 2021,,,6.05,,,,,,
,,2021 - 2022,,,6.05,,,,,,
,,2022 - 2023,,,6.05,,,,,,
,West garo hills,2000 - 2001,,,4.61,,,,,,
,,2001 - 2002,,,5.69,,,,,,
,,2002 - 2003,,,4.53,,,,,,
,,2003 - 2004,,,4.53,,,,,,
,,2004 - 2005,,,4.53,,,,,,
,,2005 - 2006,,,4.56,,,,,,
,,2006 - 2007,,,4.56,,,,,,
,,2007 - 2008,,,4.56,,,,,,
,,2008 - 2009,,,4.56,,,,,,
,,2009 - 2010,,,4.39,,,,,,
,,2010 - 2011,,,4.39,,,,,,
,,2011 - 2012,,,4.43,,,,,,
,,2012 - 2013,,,5.79,,,,,,
,,2013 - 2014,,,5.72,,,,,,
,,2014 - 2015,,,5.71,,,,,,
,,2015 - 2016,,,5.73,,,,,,
,,2016 - 2017,,,5.74,,,,,,
,,2017 - 2018,,,5.74,,,,,,
,,2018 - 2019,,,5.74,,,,,,
,,2019 - 2020,,,5.75,,,,,,
,,2020 - 2021,,,5.75,,,,,,
,,2021 - 2022,,,5.75,,,,,,
,,2022 - 2023,,,5.75,,,,,,
Nagaland,Chumoukedima,2022 - 2023,85.0,104.0,1.22,,,,,,
,Dimapur,2009 - 2010,290.0,300.0,1.03,,,,,,
,,2010 - 2011,250.0,470.0,1.88,,,,,,
,,2011 - 2012,260.0,520.0,2.0,,,,,,
,,2012 - 2013,270.0,300.0,1.11,,,,,,
,,2013 - 2014,270.0,310.0,1.15,,,,,,
,,2014 - 2015,270.0,310.0,1.15,,,,,,
,,2015 - 2016,270.0,310.0,1.15,,,,,,
,,2016 - 2017,270.0,300.0,1.11,,,,,,
,,2017 - 2018,270.0,300.0,1.11,,,,,,
,,2018 - 2019,270.0,300.0,1.11,,,,,,
,,2019 - 2020,274.0,304.0,1.11,,,,,,
,,2020 - 2021,274.0,305.0,1.11,,,,,,
,,2021 - 2022,2.0,2.0,1.0,,,,,,
,,2022 - 2023,35.0,43.0,1.23,,,,,,
,Kiphire,2009 - 2010,80.0,70.0,0.88,,,,,,
,,2010 - 2011,40.0,80.0,2.0,,,,,,
,,2011 - 2012,40.0,70.0,1.75,,,,,,
,,2012 - 2013,60.0,70.0,1.17,,,,,,
,,2013 - 2014,60.0,70.0,1.17,,,,,,
,,2014 - 2015,60.0,70.0,1.17,,,,,,
,,2015 - 2016,60.0,70.0,1.17,,,,,,
,,2016 - 2017,60.0,60.0,1.0,,,,,,
,,2017 - 2018,60.0,60.0,1.0,,,,,,
,,2018 - 2019,70.0,70.0,1.0,,,,,,
,,2019 - 2020,71.0,73.0,1.03,,,,,,
,,2020 - 2021,71.0,75.0,1.06,,,,,,
,,2022 - 2023,50.0,62.0,1.24,,,,,,
,Kohima,2009 - 2010,110.0,100.0,0.91,,,,,,
,,2010 - 2011,70.0,130.0,1.86,,,,,,
,,2011 - 2012,70.0,130.0,1.86,,,,,,
,,2012 - 2013,110.0,120.0,1.09,,,,,,
,,2013 - 2014,110.0,120.0,1.09,,,,,,
,,2014 - 2015,110.0,120.0,1.09,,,,,,
,,2015 - 2016,110.0,120.0,1.09,,,,,,
,,2016 - 2017,110.0,120.0,1.09,,,,,,
,,2017 - 2018,110.0,120.0,1.09,,,,,,
,,2018 - 2019,120.0,130.0,1.08,,,,,,
,,2019 - 2020,122.0,135.0,1.11,,,,,,
,,2020 - 2021,122.0,136.0,1.11,,,,,,
,,2021 - 2022,1.0,1.0,1.0,,,,,,
,,2022 - 2023,36.0,44.0,1.22,,,,,,
,Longleng,2009 - 2010,100.0,80.0,0.8,,,,,,
,,2010 - 2011,60.0,110.0,1.83,,,,,,
,,2011 - 2012,60.0,100.0,1.67,,,,,,
,,2012 - 2013,80.0,80.0,1.0,,,,,,
,,2013 - 2014,80.0,80.0,1.0,,,,,,
,,2014 - 2015,80.0,80.0,1.0,,,,,,
,,2015 - 2016,80.0,80.0,1.0,,,,,,
,,2016 - 2017,80.0,80.0,1.0,,,,,,
,,2017 - 2018,80.0,80.0,1.0,,,,,,
,,2018 - 2019,80.0,80.0,1.0,,,,,,
,,2019 - 2020,81.0,83.0,1.02,,,,,,
,,2020 - 2021,81.0,84.0,1.04,,,,,,
,,2022 - 2023,55.0,67.0,1.22,,,,,,
,Mokokchung,2009 - 2010,100.0,100.0,1.0,,,,,,
,,2010 - 2011,60.0,120.0,2.0,,,,,,
,,2011 - 2012,60.0,110.0,1.83,,,,,,
,,2012 - 2013,100.0,110.0,1.1,,,,,,
,,2013 - 2014,110.0,120.0,1.09,,,,,,
,,2014 - 2015,120.0,130.0,1.08,,,,,,
,,2015 - 2016,120.0,130.0,1.08,,,,,,
,,2016 - 2017,130.0,150.0,1.15,,,,,,
,,2017 - 2018,140.0,150.0,1.07,,,,,,
,,2018 - 2019,140.0,150.0,1.07,,,,,,
,,2019 - 2020,142.0,155.0,1.09,,,,,,
,,2020 - 2021,142.0,156.0,1.1,,,,,,
,,2021 - 2022,1.0,1.0,1.0,,,,,,
,,2022 - 2023,106.0,129.0,1.22,,,,,,
,Mon,2009 - 2010,210.0,220.0,1.05,,,,,,
,,2010 - 2011,170.0,320.0,1.88,,,,,,
,,2011 - 2012,170.0,320.0,1.88,,,,,,
,,2012 - 2013,190.0,210.0,1.11,,,,,,
,,2013 - 2014,190.0,210.0,1.11,,,,,,
,,2014 - 2015,190.0,210.0,1.11,,,,,,
,,2015 - 2016,190.0,210.0,1.11,,,,,,
,,2016 - 2017,200.0,220.0,1.1,,,,,,
,,2017 - 2018,200.0,220.0,1.1,,,,,,
,,2018 - 2019,200.0,220.0,1.1,,,,,,
,,2019 - 2020,203.0,225.0,1.11,,,,,,
,,2020 - 2021,203.0,226.0,1.11,,,,,,
,,2022 - 2023,151.0,187.0,1.24,,,,,,
,Noklak,2021 - 2022,1.0,1.0,1.0,,,,,,
,,2022 - 2023,57.0,68.0,1.19,,,,,,
,Nuiland,2022 - 2023,64.0,79.0,1.23,,,,,,
,Peren,2009 - 2010,200.0,210.0,1.05,,,,,,
,,2010 - 2011,160.0,300.0,1.88,,,,,,
,,2011 - 2012,170.0,330.0,1.94,,,,,,
,,2012 - 2013,210.0,240.0,1.14,,,,,,
,,2013 - 2014,220.0,250.0,1.14,,,,,,
,,2014 - 2015,220.0,250.0,1.14,,,,,,
,,2015 - 2016,220.0,250.0,1.14,,,,,,
,,2016 - 2017,220.0,250.0,1.14,,,,,,
,,2017 - 2018,220.0,250.0,1.14,,,,,,
,,2018 - 2019,220.0,250.0,1.14,,,,,,
,,2019 - 2020,224.0,250.0,1.12,,,,,,
,,2020 - 2021,224.0,250.0,1.12,,,,,,
,,2022 - 2023,167.0,207.0,1.24,,,,,,
,Phek,2009 - 2010,280.0,290.0,1.04,,,,,,
,,2010 - 2011,230.0,430.0,1.87,,,,,,
,,2011 - 2012,240.0,460.0,1.92,,,,,,
,,2012 - 2013,220.0,250.0,1.14,,,,,,
,,2013 - 2014,220.0,250.0,1.14,,,,,,
,,2014 - 2015,220.0,250.0,1.14,,,,,,
,,2015 - 2016,220.0,250.0,1.14,,,,,,
,,2016 - 2017,230.0,270.0,1.17,,,,,,
,,2017 - 2018,240.0,270.0,1.13,,,,,,
,,2018 - 2019,240.0,270.0,1.13,,,,,,
,,2019 - 2020,244.0,270.0,1.11,,,,,,
,,2020 - 2021,244.0,271.0,1.11,,,,,,
,,2021 - 2022,2.0,3.0,1.5,,,,,,
,,2022 - 2023,152.0,184.0,1.21,,,,,,
,Shamator,2022 - 2023,48.0,58.0,1.21,,,,,,
,Tseminyu,2022 - 2023,55.0,68.0,1.24,,,,,,
,Tuensang,2009 - 2010,180.0,180.0,1.0,,,,,,
,,2010 - 2011,140.0,270.0,1.93,,,,,,
,,2011 - 2012,140.0,270.0,1.93,,,,,,
,,2012 - 2013,160.0,180.0,1.13,,,,,,
,,2013 - 2014,160.0,180.0,1.13,,,,,,
,,2014 - 2015,160.0,180.0,1.13,,,,,,
,,2015 - 2016,160.0,180.0,1.13,,,,,,
,,2016 - 2017,160.0,180.0,1.13,,,,,,
,,2017 - 2018,160.0,180.0,1.13,,,,,,
,,2018 - 2019,160.0,180.0,1.13,,,,,,
,,2019 - 2020,162.0,180.0,1.11,,,,,,
,,2020 - 2021,162.0,180.0,1.11,,,,,,
,,2021 - 2022,1.0,1.0,1.0,,,,,,
,,2022 - 2023,73.0,91.0,1.25,,,,,,
,Wokha,2009 - 2010,220.0,220.0,1.0,,,,,,
,,2010 - 2011,180.0,350.0,1.94,,,,,,
,,2011 - 2012,180.0,350.0,1.94,,,,,,
,,2012 - 2013,200.0,220.0,1.1,,,,,,
,,2013 - 2014,200.0,220.0,1.1,,,,,,
,,2014 - 2015,200.0,220.0,1.1,,,,,,
,,2015 - 2016,210.0,230.0,1.1,,,,,,
,,2016 - 2017,210.0,240.0,1.14,,,,,,
,,2017 - 2018,210.0,240.0,1.14,,,,,,
,,2018 - 2019,220.0,250.0,1.14,,,,,,
,,2019 - 2020,224.0,250.0,1.12,,,,,,
,,2020 - 2021,224.0,251.0,1.12,,,,,,
,,2021 - 2022,1.0,1.0,1.0,,,,,,
,,2022 - 2023,167.0,208.0,1.25,,,,,,
,Zunheboto,2009 - 2010,230.0,230.0,1.0,,,,,,
,,2010 - 2011,190.0,390.0,2.05,,,,,,
,,2011 - 2012,190.0,370.0,1.95,,,,,,
,,2012 - 2013,210.0,220.0,1.05,,,,,,
,,2013 - 2014,210.0,220.0,1.05,,,,,,
,,2014 - 2015,210.0,220.0,1.05,,,,,,
,,2015 - 2016,210.0,220.0,1.05,,,,,,
,,2016 - 2017,210.0,220.0,1.05,,,,,,
,,2017 - 2018,210.0,230.0,1.1,,,,,,
,,2018 - 2019,210.0,230.0,1.1,,,,,,
,,2019 - 2020,213.0,235.0,1.1,,,,,,
,,2020 - 2021,213.0,236.0,1.11,,,,,,
,,2021 - 2022,1.0,1.0,1.0,,,,,,
,,2022 - 2023,159.0,195.0,1.23,,,,,,
Odisha,Anugul,2000 - 2001,,,6.06,,,,,,
,,2019 - 2020,20.0,100.0,5.0,,,,,,
,Balangir,2000 - 2001,,,3.16,,,,,,
,,2019 - 2020,420.0,,4.6,,,,,,
,Baleshwar,2000 - 2001,140.0,490.0,3.5,,,,,,
,Bargarh,2000 - 2001,670.0,,3.25,,,,,,
,,2019 - 2020,60.0,280.0,4.67,,,,,,
,Boudh,2000 - 2001,380.0,880.0,2.32,,,,,,
,,2019 - 2020,50.0,250.0,5.0,,,,,,
,Cuttack,2000 - 2001,630.0,,6.0,,,,,,
,,2019 - 2020,60.0,290.0,4.83,,,,,,
,Deogarh,2000 - 2001,430.0,,3.33,,,,,,
,,2019 - 2020,50.0,230.0,4.6,,,,,,
,Dhenkanal,2000 - 2001,,,5.95,,,,,,
,,2019 - 2020,80.0,420.0,5.25,,,,,,
,Gajapati,2000 - 2001,570.0,,4.44,,,,,,
,,2019 - 2020,40.0,190.0,4.75,,,,,,
,Ganjam,2000 - 2001,,,3.22,,,,,,
,,2019 - 2020,270.0,,5.04,,,,,,
,Jajapur,2000 - 2001,400.0,,2.78,,,,,,
,Jharsuguda,2000 - 2001,480.0,,3.19,,,,,,
,,2019 - 2020,30.0,100.0,3.33,,,,,,
,Kalahandi,2000 - 2001,490.0,,4.33,,,,,,
,,2019 - 2020,140.0,770.0,5.5,,,,,,
,Kandhamal,2000 - 2001,180.0,370.0,2.06,,,,,,
,,2019 - 2020,20.0,110.0,5.5,,,,,,
,Kendujhar,2000 - 2001,,,5.46,,,,,,
,,2019 - 2020,980.0,,5.39,,,,,,
,Khordha,2000 - 2001,560.0,,3.07,,,,,,
,Koraput,2000 - 2001,820.0,,3.55,,,,,,
,,2019 - 2020,130.0,670.0,5.15,,,,,,
,Malkangiri,2019 - 2020,140.0,680.0,4.86,,,,,,
,Mayurbhanj,2000 - 2001,,,4.12,,,,,,
,,2019 - 2020,480.0,,4.83,,,,,,
,Nabarangpur,2000 - 2001,640.0,,4.73,,,,,,
,,2019 - 2020,80.0,390.0,4.88,,,,,,
,Nayagarh,2000 - 2001,460.0,,4.11,,,,,,
,,2019 - 2020,700.0,,4.93,,,,,,
,Nuapada,2000 - 2001,810.0,,2.22,,,,,,
,,2019 - 2020,280.0,,4.79,,,,,,
,Rayagada,2000 - 2001,90.0,360.0,4.0,,,,,,
,,2019 - 2020,120.0,630.0,5.25,,,,,,
,Sambalpur,2000 - 2001,,,3.53,,,,,,
,,2019 - 2020,10.0,40.0,4.0,,,,,,
,Sonepur,2000 - 2001,380.0,920.0,2.42,,,,,,
,,2019 - 2020,100.0,440.0,4.4,,,,,,
,Sundargarh,2000 - 2001,,,6.88,,,,,,
,,2019 - 2020,430.0,,5.0,,,,,,
Rajasthan,Chittorgarh,2001 - 2002,17.0,17.0,1.0,,,,,,
,Dholpur,2012 - 2013,,770.0,0.5,,,,,,
,Dungarpur,2000 - 2001,14.0,2.0,0.14,,,,,,
,,2001 - 2002,11.0,1.0,0.09,,,,,,
,,2002 - 2003,2.0,,0.0,,,,,,
,,2009 - 2010,4.0,,0.0,,,,,,
,,2011 - 2012,31.0,,0.0,,,,,,
,,2012 - 2013,5.0,3.0,0.6,,,,,,
,,2014 - 2015,3.0,,0.0,,,,,,
,Jalore,2007 - 2008,1.0,,0.0,,,,,,
,Sirohi,2000 - 2001,5.0,4.0,0.8,,,,,,
,,2002 - 2003,2.0,,0.0,,,,,,
Tamil Nadu,Erode,2000 - 2001,6.0,24.0,4.0,,,,,,
,Nagapattinam,2000 - 2001,6.0,28.0,4.67,,,,,,
,Namakkal,2000 - 2001,8.0,32.0,4.0,,,,,,
,Salem,2000 - 2001,5.0,,0.0,,,,,,
,,2005 - 2006,1.0,,0.0,,,,,,
,Tiruchirappalli,2000 - 2001,105.0,491.0,4.68,,,,,,
,Villupuram,2000 - 2001,4.0,19.0,4.75,,,,,,
Telangana,Adilabad,2005 - 2006,22.0,201.0,9.14,,,,,,
,,2009 - 2010,42.0,349.0,8.31,,,,,,
,Khammam,2000 - 2001,32.0,282.0,8.81,,,,,,
,,2009 - 2010,54.0,449.0,8.31,,,,,,
,,2010 - 2011,28.0,251.0,8.96,,,,,,
,,2011 - 2012,23.0,,0.0,,,,,,
,,2013 - 2014,7.0,64.0,9.14,85.0,780.0,9.18,,,
,,2014 - 2015,7.0,50.0,7.14,170.0,,7.09,,,
,Mahbubnagar,2000 - 2001,65.0,574.0,8.83,,,,,,
,,2001 - 2002,75.0,638.0,8.51,,,,,,
,,2002 - 2003,39.0,295.0,7.56,,,,,,
,,2003 - 2004,39.0,310.0,7.95,,,,,,
,,2004 - 2005,32.0,274.0,8.56,,,,,,
,,2005 - 2006,16.0,146.0,9.13,,,,,,
,Medak,2000 - 2001,34.0,300.0,8.82,,,,,,
,,2001 - 2002,33.0,281.0,8.52,,,,,,
,,2002 - 2003,13.0,98.0,7.54,,,,,,
,,2003 - 2004,78.0,620.0,7.95,,,,,,
,,2004 - 2005,21.0,180.0,8.57,,,,,,
,,2005 - 2006,24.0,219.0,9.13,,,,,,
,,2013 - 2014,18.0,165.0,9.17,,,,,,
,Nalgonda,2000 - 2001,4.0,35.0,8.75,,,,,,
,,2001 - 2002,4.0,34.0,8.5,,,,,,
,Nizamabad,2000 - 2001,55.0,486.0,8.84,,,,,,
,,2001 - 2002,29.0,238.0,8.21,,,,,,
,,2002 - 2003,88.0,665.0,7.56,,,,,,
,,2006 - 2007,19.0,167.0,8.79,,,,,,
,Rangareddi,2002 - 2003,1.0,8.0,8.0,,,,,,
,,2010 - 2011,76.0,680.0,8.95,,,,,,
,,2011 - 2012,46.0,357.0,7.76,,,,,,
,Warangal,2001 - 2002,28.0,238.0,8.5,,,,,,
,,2004 - 2005,212.0,,8.55,,,,,,
,,2005 - 2006,227.0,,9.14,,,,,,
,,2006 - 2007,206.0,,8.78,,,,,,
,,2009 - 2010,147.0,,8.31,,,,,,
Tripura,Dhalai,2004 - 2005,404.0,,8.18,,,,,,
,,2005 - 2006,442.0,,7.33,,,,,,
,,2006 - 2007,349.0,,7.1,,,,,,
,,2007 - 2008,329.0,,6.11,,,,,,
,,2008 - 2009,113.0,820.0,7.26,,,,,,
,,2009 - 2010,177.0,,6.16,,,,,,
,,2010 - 2011,329.0,,8.19,,,,,,
,,2011 - 2012,204.0,,8.16,,,,,,
,,2012 - 2013,191.0,,8.18,,,,,,
,,2013 - 2014,283.0,,8.3,,,,,,
,,2014 - 2015,185.0,,8.65,,,,,,
,,2015 - 2016,200.0,,8.95,,,,,,
,,2016 - 2017,136.0,,8.48,,,,,,
,,2017 - 2018,144.0,,9.89,,,,,,
,,2018 - 2019,134.0,,9.08,,,,,,
,,2019 - 2020,129.0,,10.0,,,,,,
,,2020 - 2021,66.0,647.0,9.8,,,,,,
,,2021 - 2022,93.0,879.0,9.45,,,,,,
,,2022 - 2023,63.0,615.0,9.76,,,,,,
,Gomati,2012 - 2013,113.0,860.0,7.61,,,,,,
,,2013 - 2014,197.0,,7.92,,,,,,
,,2014 - 2015,138.0,,7.27,,,,,,
,,2015 - 2016,78.0,632.0,8.1,,,,,,
,,2016 - 2017,117.0,973.0,8.32,,,,,,
,,2017 - 2018,88.0,919.0,10.44,,,,,,
,,2018 - 2019,71.0,616.6,8.68,,,,,,
,,2019 - 2020,80.0,720.0,9.0,,,,,,
,,2020 - 2021,41.0,369.0,9.0,,,,,,
,,2021 - 2022,50.0,447.0,8.94,,,,,,
,,2022 - 2023,27.0,239.0,8.85,,,,,,
,Khowai,2012 - 2013,41.0,320.0,7.8,,,,,,
,,2013 - 2014,53.0,424.0,8.0,,,,,,
,,2014 - 2015,50.0,420.0,8.4,,,,,,
,,2015 - 2016,52.0,450.0,8.65,,,,,,
,,2016 - 2017,52.0,446.0,8.58,,,,,,
,,2017 - 2018,55.0,482.0,8.76,,,,,,
,,2018 - 2019,51.0,412.95,8.1,,,,,,
,,2019 - 2020,47.0,429.0,9.13,,,,,,
,,2020 - 2021,58.0,505.0,8.71,,,,,,
,,2021 - 2022,46.0,404.0,8.78,,,,,,
,,2022 - 2023,36.0,322.0,8.94,,,,,,
,North tripura,2004 - 2005,157.0,,9.28,,,,,,
,,2005 - 2006,106.0,968.0,9.13,,,,,,
,,2006 - 2007,127.0,,9.24,,,,,,
,,2007 - 2008,113.0,992.0,8.78,,,,,,
,,2008 - 2009,158.0,,9.28,,,,,,
,,2009 - 2010,227.0,,8.75,,,,,,
,,2010 - 2011,104.0,882.0,8.48,,,,,,
,,2011 - 2012,119.0,965.0,8.11,,,,,,
,,2012 - 2013,97.0,781.0,8.05,,,,,,
,,2013 - 2014,63.0,519.0,8.24,,,,,,
,,2014 - 2015,78.0,638.0,8.18,,,,,,
,,2015 - 2016,108.0,999.0,9.25,,,,,,
,,2016 - 2017,78.0,691.0,8.86,,,,,,
,,2017 - 2018,82.0,717.0,8.74,,,,,,
,,2018 - 2019,63.0,492.5,7.82,,,,,,
,,2019 - 2020,55.0,465.0,8.45,,,,,,
,,2020 - 2021,10.0,90.0,9.0,,,,,,
,,2021 - 2022,9.0,83.0,9.22,,,,,,
,,2022 - 2023,3.0,29.0,9.67,,,,,,
,Sepahijala,2012 - 2013,12.0,101.0,8.42,,,,,,
,,2013 - 2014,8.0,63.0,7.88,,,,,,
,,2014 - 2015,3.0,25.0,8.33,,,,,,
,,2015 - 2016,3.0,27.0,9.0,,,,,,
,,2016 - 2017,24.0,199.0,8.29,,,,,,
,,2017 - 2018,21.0,173.0,8.24,,,,,,
,,2018 - 2019,8.0,56.45,7.06,,,,,,
,,2019 - 2020,10.0,64.0,6.4,,,,,,
,,2020 - 2021,6.0,45.0,7.5,,,,,,
,,2021 - 2022,6.0,48.0,8.0,,,,,,
,,2022 - 2023,10.0,68.0,6.8,,,,,,
,South tripura,2004 - 2005,406.0,,6.83,,,,,,
,,2005 - 2006,346.0,,6.71,,,,,,
,,2006 - 2007,290.0,,6.69,,,,,,
,,2007 - 2008,297.0,,6.72,,,,,,
,,2008 - 2009,224.0,,7.29,,,,,,
,,2009 - 2010,264.0,,6.39,,,,,,
,,2010 - 2011,277.0,,8.05,,,,,,
,,2011 - 2012,223.0,,8.52,,,,,,
,,2012 - 2013,85.0,649.0,7.64,,,,,,
,,2013 - 2014,148.0,,7.82,,,,,,
,,2014 - 2015,89.0,641.0,7.2,,,,,,
,,2015 - 2016,91.0,742.0,8.15,,,,,,
,,2016 - 2017,86.0,696.0,8.09,,,,,,
,,2017 - 2018,91.0,719.0,7.9,,,,,,
,,2018 - 2019,91.0,688.1,7.56,,,,,,
,,2019 - 2020,71.0,544.0,7.66,,,,,,
,,2020 - 2021,49.0,373.0,7.61,,,,,,
,,2021 - 2022,55.0,419.0,7.62,,,,,,
,,2022 - 2023,40.0,298.0,7.45,,,,,,
,Unakoti,2012 - 2013,83.0,650.0,7.83,,,,,,
,,2013 - 2014,87.0,811.0,9.32,,,,,,
,,2014 - 2015,69.0,635.0,9.2,,,,,,
,,2015 - 2016,85.0,806.0,9.48,,,,,,
,,2016 - 2017,58.0,548.0,9.45,,,,,,
,,2017 - 2018,29.0,267.0,9.21,,,,,,
,,2018 - 2019,42.0,360.65,8.59,,,,,,
,,2019 - 2020,4.0,36.0,9.0,,,,,,
,,2020 - 2021,15.0,135.0,9.0,,,,,,
,,2021 - 2022,15.0,131.0,8.73,,,,,,
,,2022 - 2023,6.0,53.0,8.83,,,,,,
,West tripura,2004 - 2005,283.0,,7.48,,,,,,
,,2005 - 2006,276.0,,7.21,,,,,,
,,2006 - 2007,298.0,,7.4,,,,,,
,,2007 - 2008,210.0,,8.63,,,,,,
,,2008 - 2009,142.0,,7.79,,,,,,
,,2009 - 2010,111.0,870.0,7.84,,,,,,
,,2010 - 2011,82.0,649.0,7.91,,,,,,
,,2011 - 2012,82.0,682.0,8.32,,,,,,
,,2012 - 2013,19.0,153.0,8.05,,,,,,
,,2013 - 2014,15.0,119.0,7.93,,,,,,
,,2014 - 2015,15.0,116.0,7.73,,,,,,
,,2015 - 2016,10.0,84.0,8.4,,,,,,
,,2016 - 2017,32.0,255.0,7.97,,,,,,
,,2017 - 2018,31.0,262.0,8.45,,,,,,
,,2018 - 2019,33.0,273.2,8.28,,,,,,
,,2019 - 2020,34.0,290.0,8.53,,,,,,
,,2020 - 2021,23.0,195.0,8.48,,,,,,
,,2021 - 2022,18.0,152.0,8.44,,,,,,
,,2022 - 2023,5.0,42.0,8.4,,,,,,
West Bengal,paraganas north,2000 - 2001,971.0,,8.36,,,,,,
,,2001 - 2002,,,10.55,,,,,,
,,2002 - 2003,,,8.6,,,,,,
,,2003 - 2004,626.0,,8.45,,,,,,
,,2004 - 2005,542.0,,9.97,,,,,,
,,2005 - 2006,,,15.14,,,,,,
,,2006 - 2007,863.0,,13.33,,,,,,
,,2007 - 2008,295.0,,14.29,,,,,,
,,2008 - 2009,827.0,,12.38,,,,,,
,,2009 - 2010,581.0,,14.21,,,,,,
,,2010 - 2011,360.0,,13.0,,,,,,
,,2011 - 2012,710.0,,17.29,,,,,,
,,2012 - 2013,645.0,,14.48,,,,,,
,,2014 - 2015,569.0,,10.9,,,,,,
,,2015 - 2016,,,11.8,,,,,,
,,2016 - 2017,,,14.08,,,,,,
,,2017 - 2018,,,12.09,,,,,,
,,2018 - 2019,,,12.18,,,,,,
,,2019 - 2020,,,17.61,,,,,,
,,2020 - 2021,,,12.05,,,,,,
,,2021 - 2022,,,19.94,,,,,,
,,2022 - 2023,,,19.17,,,,,,
,paraganas south,2005 - 2006,1.0,15.0,15.0,,,,,,
,,2010 - 2011,46.0,446.0,9.7,,,,,,
,Alipurduar,2016 - 2017,174.0,,9.68,,,,,,
,,2017 - 2018,130.0,,8.98,,,,,,
,,2018 - 2019,225.0,,11.57,,,,,,
,,2019 - 2020,184.0,,13.1,,,,,,
,,2020 - 2021,138.0,,11.88,,,,,,
,,2021 - 2022,146.0,,10.17,,,,,,
,,2022 - 2023,123.0,,14.17,,,,,,
,Bankura,2000 - 2001,22.0,120.0,5.45,,,,,,
,,2001 - 2002,,,2.84,,,,,,
,,2002 - 2003,1.0,12.0,12.0,,,,,,
,,2003 - 2004,62.0,908.0,14.65,,,,,,
,,2004 - 2005,3.0,2.0,0.67,,,,,,
,,2005 - 2006,1.0,10.0,10.0,,,,,,
,,2006 - 2007,1.0,10.0,10.0,,,,,,
,,2010 - 2011,49.0,13.0,0.27,,,,,,
,,2019 - 2020,49.0,200.0,4.08,,,,,,
,,2020 - 2021,27.0,114.0,4.22,,,,,,
,,2021 - 2022,18.0,54.0,3.0,,,,,,
,,2022 - 2023,13.0,56.0,4.31,,,,,,
,Birbhum,2007 - 2008,1.0,1.0,1.0,,,,,,
,,2013 - 2014,1.0,13.0,13.0,,,,,,
,,2016 - 2017,53.0,565.0,10.66,,,,,,
,,2019 - 2020,12.0,157.0,13.08,,,,,,
,,2020 - 2021,12.0,143.0,11.92,,,,,,
,,2021 - 2022,14.0,185.0,13.21,,,,,,
,,2022 - 2023,15.0,213.0,14.2,,,,,,
,Coochbehar,2000 - 2001,,,8.13,,,,,,
,,2001 - 2002,,,9.15,,,,,,
,,2002 - 2003,,,6.92,,,,,,
,,2003 - 2004,857.0,,7.02,,,,,,
,,2004 - 2005,274.0,,8.87,,,,,,
,,2005 - 2006,353.0,,9.2,,,,,,
,,2006 - 2007,,,7.72,,,,,,
,,2007 - 2008,272.0,,8.47,,,,,,
,,2008 - 2009,178.0,,8.97,,,,,,
,,2009 - 2010,225.0,,13.4,,,,,,
,,2010 - 2011,91.0,,11.44,,,,,,
,,2011 - 2012,42.0,403.0,9.6,,,,,,
,,2012 - 2013,128.0,,11.63,,,,,,
,,2013 - 2014,139.0,,10.01,,,,,,
,,2014 - 2015,123.0,,11.85,,,,,,
,,2015 - 2016,130.0,,11.62,,,,,,
,,2016 - 2017,140.0,,9.56,,,,,,
,,2017 - 2018,128.0,,11.51,,,,,,
,,2018 - 2019,123.0,,14.02,,,,,,
,,2019 - 2020,128.0,,13.1,,,,,,
,,2020 - 2021,123.0,,11.88,,,,,,
,,2021 - 2022,139.0,,11.87,,,,,,
,,2022 - 2023,141.0,,14.17,,,,,,
,Darjeeling,2001 - 2002,1.0,9.0,9.0,,,,,,
,,2015 - 2016,8.0,97.0,12.13,,,,,,
,,2016 - 2017,9.0,87.0,9.67,,,,,,
,,2017 - 2018,27.0,242.0,8.96,,,,,,
,,2018 - 2019,24.0,278.0,11.58,,,,,,
,,2019 - 2020,14.0,183.0,13.07,,,,,,
,,2020 - 2021,12.0,143.0,11.92,,,,,,
,,2021 - 2022,15.0,153.0,10.2,,,,,,
,,2022 - 2023,23.0,326.0,14.17,,,,,,
,Dinajpur dakshin,2000 - 2001,,,10.12,,,,,,
,,2001 - 2002,,,10.94,,,,,,
,,2002 - 2003,,,13.11,,,,,,
,,2003 - 2004,,,13.44,,,,,,
,,2004 - 2005,,,11.82,,,,,,
,,2005 - 2006,,,13.49,,,,,,
,,2006 - 2007,,,11.78,,,,,,
,,2007 - 2008,,,12.41,,,,,,
,,2008 - 2009,,,14.98,,,,,,
,,2009 - 2010,,,15.98,,,,,,
,,2010 - 2011,,,13.8,,,,,,
,,2011 - 2012,,,12.8,,,,,,
,,2012 - 2013,,,13.89,,,,,,
,,2013 - 2014,,,14.62,,,,,,
,,2014 - 2015,,,13.72,,,,,,
,,2015 - 2016,,,13.75,,,,,,
,,2016 - 2017,,,14.03,,,,,,
,,2017 - 2018,,,13.28,,,,,,
,,2018 - 2019,,,13.37,,,,,,
,,2019 - 2020,,,12.87,,,,,,
,,2020 - 2021,,,12.26,,,,,,
,,2021 - 2022,,,13.74,,,,,,
,,2022 - 2023,,,13.11,,,,,,
,Dinajpur uttar,2000 - 2001,,,6.55,,,,,,
,,2001 - 2002,,,8.38,,,,,,
,,2002 - 2003,,,7.72,,,,,,
,,2003 - 2004,,,9.18,,,,,,
,,2004 - 2005,,,8.46,,,,,,
,,2005 - 2006,,,9.02,,,,,,
,,2006 - 2007,,,7.34,,,,,,
,,2007 - 2008,,,8.78,,,,,,
,,2008 - 2009,,,9.49,,,,,,
,,2009 - 2010,789.0,,10.33,,,,,,
,,2010 - 2011,836.0,,9.11,,,,,,
,,2011 - 2012,912.0,,7.73,,,,,,
,,2012 - 2013,779.0,,8.72,,,,,,
,,2013 - 2014,936.0,,8.6,,,,,,
,,2014 - 2015,,,11.81,,,,,,
,,2015 - 2016,,,8.58,,,,,,
,,2016 - 2017,,,9.28,,,,,,
,,2017 - 2018,950.0,,7.78,,,,,,
,,2018 - 2019,,,8.93,,,,,,
,,2019 - 2020,,,13.23,,,,,,
,,2020 - 2021,,,12.3,,,,,,
,,2021 - 2022,,,9.01,,,,,,
,,2022 - 2023,,,9.26,,,,,,
,Hooghly,2002 - 2003,8.0,100.0,12.5,,,,,,
,,2003 - 2004,5.0,73.0,14.6,,,,,,
,,2012 - 2013,136.0,,12.49,,,,,,
,,2013 - 2014,131.0,,13.18,,,,,,
,,2014 - 2015,52.0,675.0,12.98,,,,,,
,,2015 - 2016,158.0,480.0,3.04,,,,,,
,,2016 - 2017,312.0,,10.66,,,,,,
,,2019 - 2020,105.0,,13.1,,,,,,
,,2020 - 2021,111.0,,11.88,,,,,,
,,2021 - 2022,96.0,,13.23,,,,,,
,,2022 - 2023,53.0,751.0,14.17,,,,,,
,Howrah,2006 - 2007,110.0,748.0,6.8,,,,,,
,Jalpaiguri,2000 - 2001,465.0,,7.35,,,,,,
,,2001 - 2002,417.0,,8.76,,,,,,
,,2002 - 2003,378.0,,8.68,,,,,,
,,2003 - 2004,325.0,,9.91,,,,,,
,,2004 - 2005,320.0,,8.25,,,,,,
,,2005 - 2006,237.0,,9.28,,,,,,
,,2006 - 2007,245.0,,10.28,,,,,,
,,2007 - 2008,241.0,,8.38,,,,,,
,,2008 - 2009,214.0,,10.88,,,,,,
,,2009 - 2010,229.0,,10.9,,,,,,
,,2010 - 2011,240.0,,12.05,,,,,,
,,2011 - 2012,279.0,,10.4,,,,,,
,,2012 - 2013,266.0,,10.26,,,,,,
,,2013 - 2014,162.0,,9.98,,,,,,
,,2014 - 2015,149.0,,13.43,,,,,,
,,2015 - 2016,220.0,,11.3,,,,,,
,,2016 - 2017,60.0,581.0,9.68,,,,,,
,,2018 - 2019,54.0,625.0,11.57,,,,,,
,,2019 - 2020,34.0,445.0,13.09,,,,,,
,,2020 - 2021,29.0,345.0,11.9,,,,,,
,,2021 - 2022,33.0,336.0,10.18,,,,,,
,,2022 - 2023,44.0,623.0,14.16,,,,,,
,Jhargram,2018 - 2019,70.0,276.0,3.94,,,,,,
,,2019 - 2020,14.0,57.0,4.07,,,,,,
,,2020 - 2021,15.0,64.0,4.27,,,,,,
,,2021 - 2022,18.0,54.0,3.0,,,,,,
,,2022 - 2023,11.0,48.0,4.36,,,,,,
,Maldah,2000 - 2001,539.0,,7.94,,,,,,
,,2001 - 2002,,,9.11,,,,,,
,,2002 - 2003,824.0,,8.84,,,,,,
,,2003 - 2004,972.0,,9.27,,,,,,
,,2004 - 2005,629.0,,9.89,,,,,,
,,2005 - 2006,643.0,,10.93,,,,,,
,,2006 - 2007,567.0,,9.83,,,,,,
,,2007 - 2008,393.0,,8.12,,,,,,
,,2008 - 2009,273.0,,7.05,,,,,,
,,2009 - 2010,165.0,,13.24,,,,,,
,,2010 - 2011,426.0,,11.86,,,,,,
,,2011 - 2012,629.0,,7.63,,,,,,
,,2012 - 2013,568.0,,8.29,,,,,,
,,2013 - 2014,558.0,,7.83,,,,,,
,,2014 - 2015,102.0,739.0,7.25,,,,,,
,,2015 - 2016,580.0,,12.17,,,,,,
,,2016 - 2017,,,10.7,,,,,,
,,2017 - 2018,849.0,,10.22,,,,,,
,,2018 - 2019,,,12.51,,,,,,
,,2019 - 2020,745.0,,13.23,,,,,,
,,2020 - 2021,772.0,,12.3,,,,,,
,,2021 - 2022,762.0,,11.95,,,,,,
,,2022 - 2023,641.0,,13.96,,,,,,
,Medinipur east,2005 - 2006,27.0,275.0,10.19,,,,,,
,Medinipur west,2000 - 2001,350.0,,5.69,,,,,,
,,2001 - 2002,28.0,80.0,2.86,,,,,,
,,2003 - 2004,23.0,337.0,14.65,,,,,,
,,2004 - 2005,27.0,14.0,0.52,,,,,,
,,2005 - 2006,3.0,31.0,10.33,,,,,,
,,2012 - 2013,366.0,,12.49,,,,,,
,Murshidabad,2000 - 2001,,,7.18,,,,,,
,,2001 - 2002,148.0,,10.55,,,,,,
,,2002 - 2003,105.0,903.0,8.6,,,,,,
,,2003 - 2004,94.0,794.0,8.45,,,,,,
,,2004 - 2005,173.0,,9.97,,,,,,
,,2005 - 2006,536.0,,15.14,,,,,,
,,2006 - 2007,603.0,,6.8,,,,,,
,,2007 - 2008,176.0,,8.29,,,,,,
,,2008 - 2009,119.0,844.0,7.09,,,,,,
,,2009 - 2010,226.0,,10.15,,,,,,
,,2010 - 2011,99.0,960.0,9.7,,,,,,
,,2012 - 2013,736.0,,11.92,,,,,,
,,2013 - 2014,717.0,,13.18,,,,,,
,,2014 - 2015,870.0,,10.01,,,,,,
,,2015 - 2016,,,10.91,,,,,,
,,2016 - 2017,,,10.47,,,,,,
,,2017 - 2018,,,6.98,,,,,,
,,2018 - 2019,,,12.51,,,,,,
,,2019 - 2020,,,13.23,,,,,,
,,2020 - 2021,,,12.3,,,,,,
,,2021 - 2022,,,12.93,,,,,,
,,2022 - 2023,,,13.96,,,,,,
,Nadia,2000 - 2001,,,7.18,,,,,,
,,2001 - 2002,426.0,,10.55,,,,,,
,,2002 - 2003,515.0,,8.6,,,,,,
,,2003 - 2004,378.0,,8.02,,,,,,
,,2004 - 2005,122.0,,9.97,,,,,,
,,2005 - 2006,50.0,854.0,17.08,,,,,,
,,2006 - 2007,139.0,945.0,6.8,,,,,,
,,2007 - 2008,277.0,,8.29,,,,,,
,,2008 - 2009,529.0,,7.09,,,,,,
,,2009 - 2010,176.0,,10.15,,,,,,
,,2010 - 2011,25.0,243.0,9.72,,,,,,
,,2011 - 2012,109.0,,17.07,,,,,,
,,2012 - 2013,47.0,560.0,11.91,,,,,,
,,2013 - 2014,240.0,,13.18,,,,,,
,,2014 - 2015,499.0,,10.9,,,,,,
,,2015 - 2016,311.0,,13.11,,,,,,
,,2016 - 2017,617.0,,15.08,,,,,,
,,2017 - 2018,607.0,,15.86,,,,,,
,,2018 - 2019,419.0,,12.18,,,,,,
,,2019 - 2020,375.0,,14.17,,,,,,
,,2020 - 2021,387.0,,11.88,,,,,,
,,2021 - 2022,369.0,,15.17,,,,,,
,,2022 - 2023,328.0,,17.96,,,,,,
,Paschim bardhaman,2021 - 2022,5.0,66.0,13.2,,,,,,
,,2022 - 2023,16.0,227.0,14.19,,,,,,
,Purba bardhaman,2000 - 2001,126.0,720.0,5.71,,,,,,
,,2002 - 2003,33.0,411.0,12.45,,,,,,
,,2003 - 2004,9.0,132.0,14.67,,,,,,
,,2004 - 2005,88.0,46.0,0.52,,,,,,
,,2005 - 2006,1.0,10.0,10.0,,,,,,
,,2006 - 2007,5.0,51.0,10.2,,,,,,
,,2008 - 2009,6.0,55.0,9.17,,,,,,
,,2009 - 2010,5.0,58.0,11.6,,,,,,
,,2010 - 2011,162.0,44.0,0.27,,,,,,
,,2011 - 2012,2.0,2.0,1.0,,,,,,
,,2012 - 2013,3.0,37.0,12.33,,,,,,
,,2013 - 2014,277.0,,13.18,,,,,,
,,2014 - 2015,100.0,,12.99,,,,,,
,,2015 - 2016,175.0,532.0,3.04,,,,,,
,,2016 - 2017,346.0,,10.66,,,,,,
,,2017 - 2018,206.0,,10.14,,,,,,
,,2018 - 2019,314.0,,12.18,,,,,,
,,2019 - 2020,228.0,,13.1,,,,,,
,,2020 - 2021,103.0,,11.88,,,,,,
,,2021 - 2022,173.0,,13.23,,,,,,
,,2022 - 2023,95.0,,14.17,,,,,,
,Purulia,2000 - 2001,86.0,230.0,2.67,,,,,,
,,2001 - 2002,49.0,139.0,2.84,,,,,,
,,2002 - 2003,59.0,735.0,12.46,,,,,,
,,2003 - 2004,142.0,,14.65,,,,,,
,,2004 - 2005,45.0,69.0,1.53,,,,,,
,,2005 - 2006,19.0,193.0,10.16,,,,,,
,,2006 - 2007,59.0,596.0,10.1,,,,,,
,,2007 - 2008,44.0,27.0,0.61,,,,,,
,,2008 - 2009,24.0,16.0,0.67,,,,,,
,,2009 - 2010,38.0,104.0,2.74,,,,,,
,,2010 - 2011,31.0,62.0,2.0,,,,,,
,,2011 - 2012,3.0,3.0,1.0,,,,,,
,,2014 - 2015,159.0,,12.99,,,,,,
,,2015 - 2016,150.0,499.0,3.33,,,,,,
,,2016 - 2017,330.0,,3.59,,,,,,
,,2017 - 2018,207.0,537.0,2.59,,,,,,
,,2018 - 2019,130.0,427.0,3.28,,,,,,
,,2019 - 2020,295.0,997.0,3.38,,,,,,
,,2020 - 2021,307.0,,3.58,,,,,,
,,2021 - 2022,267.0,671.0,2.51,,,,,,
,,2022 - 2023,296.0,,3.58,,,,,,
