state,district,year,tapioca_whole_year_area_hectare,tapioca_whole_year_production_tonne,tapioca_whole_year_yield_tonne_per_hectare,tapioca_kharif_area_hectare,tapioca_kharif_production_tonne,tapioca_kharif_yield_tonne_per_hectare,tapioca_rabi_area_hectare,tapioca_rabi_production_tonne,tapioca_rabi_yield_tonne_per_hectare
Andaman and Nicobar Islands,Nicobars,2000 - 2001,40.0,169.0,4.23,,,,,,
,,2006 - 2007,52.03,450.0,8.65,,,,,,
,,2010 - 2011,69.0,575.0,8.33,,,,,,
,,2011 - 2012,64.0,505.0,7.89,,,,,,
,,2012 - 2013,61.0,523.0,8.57,,,,,,
,,2013 - 2014,22.0,195.3,8.88,,,,,,
,,2014 - 2015,46.0,527.3,11.46,,,,,,
,,2015 - 2016,54.5,745.0,13.67,,,,,,
,,2016 - 2017,72.0,297.0,4.13,,,,,,
,,2017 - 2018,48.3,416.1,8.61,,,,,,
,,2018 - 2019,45.11,304.42,6.75,,,,,,
,,2019 - 2020,61.11,474.42,7.76,,,,,,
,,2022 - 2023,44.5,315.0,7.08,,,,,,
,North and middle andaman,2000 - 2001,160.0,,13.18,,,,,,
,,2006 - 2007,255.0,,5.57,,,,,,
,,2010 - 2011,186.5,,7.27,,,,,,
,,2011 - 2012,181.5,,7.06,,,,,,
,,2012 - 2013,190.0,,7.61,,,,,,
,,2013 - 2014,184.2,,19.02,,,,,,
,,2014 - 2015,137.8,,15.69,,,,,,
,,2015 - 2016,26.5,600.0,22.64,,,,,,
,,2016 - 2017,41.0,,24.63,,,,,,
,,2017 - 2018,40.9,694.04,16.97,,,,,,
,,2018 - 2019,32.58,383.85,11.78,,,,,,
,,2019 - 2020,29.13,213.58,7.33,,,,,,
,,2022 - 2023,16.5,138.16,8.37,,,,,,
,South andamans,2005 - 2006,254.5,,5.82,,,,,,
,,2006 - 2007,40.0,160.0,4.0,,,,,,
,,2010 - 2011,22.5,220.0,9.78,,,,,,
,,2011 - 2012,19.5,260.0,13.33,,,,,,
,,2012 - 2013,19.0,151.0,7.95,,,,,,
,,2013 - 2014,33.0,547.5,16.59,,,,,,
,,2014 - 2015,28.5,575.8,20.2,,,,,,
,,2015 - 2016,26.5,725.0,27.36,,,,,,
,,2016 - 2017,20.0,762.0,38.1,,,,,,
,,2017 - 2018,24.0,245.4,10.23,,,,,,
,,2018 - 2019,12.49,637.31,51.03,,,,,,
,,2019 - 2020,12.24,473.05,38.65,,,,,,
,,2022 - 2023,61.4,749.2,12.2,,,,,,
Andhra Pradesh,Alluri sitharama raju,2022 - 2023,,,,509.0,,9.26,,,
,Anakapalli,2022 - 2023,,,,16.0,202.0,12.63,,,
,Chittoor,2000 - 2001,1.0,8.0,8.0,,,,,,
,,2008 - 2009,3.0,37.0,12.33,,,,,,
,,2009 - 2010,10.0,131.0,13.1,,,,,,
,,2010 - 2011,15.0,99.0,6.6,,,,,,
,,2011 - 2012,10.0,100.0,10.0,,,,,,
,,2015 - 2016,,,,10.0,130.0,13.0,,,
,,2019 - 2020,,,,16.0,62.0,3.88,,,
,,2021 - 2022,,,,30.0,504.0,16.8,,,
,East godavari,2000 - 2001,,,7.79,,,,,,
,,2001 - 2002,,,8.35,,,,,,
,,2002 - 2003,,,6.09,,,,,,
,,2003 - 2004,,,6.28,,,,,,
,,2004 - 2005,,,7.36,,,,,,
,,2005 - 2006,,,8.35,,,,,,
,,2006 - 2007,,,10.7,,,,,,
,,2008 - 2009,,,12.66,,,,,,
,,2009 - 2010,,,13.41,,,,,,
,,2010 - 2011,,,6.62,,,,,,
,,2011 - 2012,,,9.99,,,,,,
,,2012 - 2013,,,,,,18.41,,,
,,2013 - 2014,,,,,,18.41,,,
,,2014 - 2015,,,,,,19.65,,,
,,2015 - 2016,,,,,,12.82,,,
,,2016 - 2017,,,,,,11.6,5.0,58.0,11.6
,,2017 - 2018,,,,,,12.24,5.0,61.0,12.2
,,2018 - 2019,,,,,,11.62,43.0,500.0,11.63
,,2019 - 2020,,,,,,11.94,8.0,96.0,12.0
,,2020 - 2021,,,,,,17.31,22.0,381.0,17.32
,,2021 - 2022,,,,,,16.63,29.0,482.0,16.62
,,2022 - 2023,,,,840.0,,16.69,,,
,Guntur,2004 - 2005,5.0,36.0,7.2,,,,,,
,Kakinada,2022 - 2023,,,,,,11.85,12.0,151.0,12.58
,Konaseema,2022 - 2023,,,,5.0,63.0,12.6,9.0,113.0,12.56
,Krishna,2000 - 2001,4.0,31.0,7.75,,,,,,
,,2001 - 2002,7.0,58.0,8.29,,,,,,
,,2002 - 2003,2.0,12.0,6.0,,,,,,
,,2021 - 2022,,,,1.0,17.0,17.0,,,
,Kurnool,2021 - 2022,,,,,,,2.0,34.0,17.0
,Palnadu,2022 - 2023,,,,1.0,13.0,13.0,,,
,Parvathipuram manyam,2022 - 2023,,,,5.0,63.0,12.6,,,
,Spsr nellore,2000 - 2001,25.0,191.0,7.64,,,,,,
,,2001 - 2002,25.0,207.0,8.28,,,,,,
,,2008 - 2009,17.0,211.0,12.41,,,,,,
,,2010 - 2011,4.0,26.0,6.5,,,,,,
,,2015 - 2016,,,,,,,8.0,104.0,13.0
,,2016 - 2017,,,,15.0,177.0,11.8,,,
,,2017 - 2018,,,,13.0,161.0,12.38,,,
,,2018 - 2019,,,,20.0,101.0,5.05,,,
,,2020 - 2021,,,,4.0,70.0,17.5,5.0,87.0,17.4
,,2021 - 2022,,,,3.0,50.0,16.67,5.0,84.0,16.8
,Srikakulam,2000 - 2001,191.0,,7.65,,,,,,
,,2001 - 2002,252.0,,8.27,,,,,,
,,2002 - 2003,228.0,,6.06,,,,,,
,,2003 - 2004,201.0,,6.28,,,,,,
,,2004 - 2005,154.0,,7.29,,,,,,
,,2005 - 2006,189.0,,8.25,,,,,,
,,2006 - 2007,189.0,,10.61,,,,,,
,,2008 - 2009,200.0,644.0,3.22,,,,,,
,,2009 - 2010,201.0,630.0,3.13,,,,,,
,,2010 - 2011,132.0,384.0,2.91,,,,,,
,,2011 - 2012,72.0,414.0,5.75,,,,,,
,,2012 - 2013,,,,56.0,,18.41,,,
,,2013 - 2014,,,,41.0,755.0,18.41,,,
,,2014 - 2015,,,,31.0,608.0,19.61,,,
,,2015 - 2016,,,,18.0,234.0,13.0,,,
,,2016 - 2017,,,,19.0,224.0,11.79,8.0,94.0,11.75
,,2017 - 2018,,,,14.0,174.0,12.43,33.0,409.0,12.39
,,2018 - 2019,,,,9.0,21.0,2.33,25.0,57.0,2.28
,,2019 - 2020,,,,3.0,36.0,12.0,4.0,49.0,12.25
,,2020 - 2021,,,,1.0,17.0,17.0,3.0,52.0,17.33
,,2021 - 2022,,,,1.0,17.0,17.0,3.0,50.0,16.67
,Tirupati,2022 - 2023,,,,23.0,290.0,12.61,1.0,13.0,13.0
,Visakhapatanam,2000 - 2001,554.0,,5.42,,,,,,
,,2001 - 2002,447.0,,5.52,,,,,,
,,2002 - 2003,407.0,,5.04,,,,,,
,,2003 - 2004,307.0,,6.28,,,,,,
,,2004 - 2005,522.0,,4.6,,,,,,
,,2005 - 2006,356.0,,3.98,,,,,,
,,2006 - 2007,298.0,,3.88,,,,,,
,,2008 - 2009,251.0,915.0,3.65,,,,,,
,,2009 - 2010,235.0,893.0,3.8,,,,,,
,,2010 - 2011,216.0,,6.58,,,,,,
,,2011 - 2012,176.0,,12.79,,,,,,
,,2012 - 2013,,,,125.0,,18.42,,,
,,2013 - 2014,,,,89.0,,18.42,10.0,184.0,18.4
,,2014 - 2015,,,,52.0,888.0,17.08,,,
,,2015 - 2016,,,,47.0,336.0,7.15,5.0,36.0,7.2
,,2016 - 2017,,,,31.0,154.0,4.97,5.0,25.0,5.0
,,2017 - 2018,,,,31.0,124.0,4.0,1.0,4.0,4.0
,,2018 - 2019,,,,27.0,552.0,20.44,1.0,20.0,20.0
,,2019 - 2020,,,,27.0,549.0,20.33,,,
,,2020 - 2021,,,,24.0,473.0,19.71,4.0,79.0,19.75
,,2021 - 2022,,,,23.0,417.0,18.13,5.0,91.0,18.2
,,2022 - 2023,,,,3.0,38.0,12.67,,,
,Vizianagaram,2000 - 2001,203.0,,7.72,,,,,,
,,2001 - 2002,182.0,,8.27,,,,,,
,,2002 - 2003,226.0,,6.05,,,,,,
,,2003 - 2004,174.0,,6.28,,,,,,
,,2004 - 2005,156.0,,7.29,,,,,,
,,2005 - 2006,76.0,627.0,8.25,,,,,,
,,2006 - 2007,69.0,732.0,10.61,,,,,,
,,2008 - 2009,29.0,360.0,12.41,,,,,,
,,2009 - 2010,5.0,65.0,13.0,,,,,,
,,2010 - 2011,16.0,105.0,6.56,,,,,,
,,2011 - 2012,12.0,120.0,10.0,,,,,,
,,2012 - 2013,,,,12.0,221.0,18.42,,,
,,2013 - 2014,,,,,,,10.0,184.0,18.4
,,2014 - 2015,,,,14.0,275.0,19.64,48.0,,0.0
,,2015 - 2016,,,,2.0,26.0,13.0,48.0,623.0,12.98
,,2016 - 2017,,,,23.0,271.0,11.78,1.0,12.0,12.0
,,2017 - 2018,,,,4.0,50.0,12.5,,,
,,2018 - 2019,,,,25.0,296.0,11.84,14.0,166.0,11.86
,,2019 - 2020,,,,29.0,215.0,7.41,39.0,289.0,7.41
,,2020 - 2021,,,,17.0,105.0,6.18,9.0,56.0,6.22
,,2021 - 2022,,,,4.0,67.0,16.75,4.0,67.0,16.75
,,2022 - 2023,,,,8.0,101.0,12.63,3.0,38.0,12.67
,West godavari,2000 - 2001,32.0,245.0,7.66,,,,,,
,,2002 - 2003,2.0,12.0,6.0,,,,,,
,,2008 - 2009,55.0,683.0,12.42,,,,,,
,,2009 - 2010,18.0,235.0,13.06,,,,,,
,,2010 - 2011,83.0,547.0,6.59,,,,,,
,,2011 - 2012,84.0,840.0,10.0,,,,,,
,,2012 - 2013,,,,83.0,,18.41,,,
,,2013 - 2014,,,,75.0,,18.41,,,
,,2014 - 2015,,,,143.0,,17.77,1.0,,0.0
,,2015 - 2016,,,,136.0,,25.05,,,
,,2016 - 2017,,,,105.0,,26.08,,,
,,2017 - 2018,,,,102.0,,26.05,,,
,,2018 - 2019,,,,103.0,,26.09,,,
,,2019 - 2020,,,,102.0,,26.11,3.0,78.0,26.0
,,2020 - 2021,,,,99.0,,26.01,,,
,,2021 - 2022,,,,66.0,,26.02,,,
Assam,Baksa,2005 - 2006,92.0,649.0,7.05,,,,,,
,,2006 - 2007,197.0,,7.05,,,,,,
,,2007 - 2008,142.0,,7.05,,,,,,
,,2008 - 2009,189.0,,7.05,,,,,,
,,2009 - 2010,192.0,,7.05,,,,,,
,,2010 - 2011,210.0,,7.05,,,,,,
,,2011 - 2012,275.0,,8.88,,,,,,
,,2012 - 2013,240.0,,8.98,,,,,,
,,2013 - 2014,320.0,,8.98,,,,,,
,,2014 - 2015,320.0,,8.98,,,,,,
,,2015 - 2016,325.0,,8.99,,,,,,
,,2016 - 2017,365.0,,9.0,,,,,,
,,2017 - 2018,365.0,,10.47,,,,,,
,,2018 - 2019,355.0,,12.74,,,,,,
,,2019 - 2020,380.0,,12.78,,,,,,
,,2020 - 2021,395.0,,12.78,,,,,,
,,2021 - 2022,385.0,,12.78,,,,,,
,,2022 - 2023,352.0,,12.82,,,,,,
,Barpeta,2000 - 2001,41.0,205.0,5.0,,,,,,
,,2001 - 2002,46.0,230.0,5.0,,,,,,
,,2002 - 2003,86.0,430.0,5.0,,,,,,
,,2003 - 2004,56.0,280.0,5.0,,,,,,
,,2005 - 2006,33.0,165.0,5.0,,,,,,
,,2006 - 2007,28.0,140.0,5.0,,,,,,
,,2007 - 2008,21.0,105.0,5.0,,,,,,
,,2008 - 2009,81.0,405.0,5.0,,,,,,
,,2009 - 2010,13.0,65.0,5.0,,,,,,
,,2010 - 2011,406.0,,5.0,,,,,,
,,2011 - 2012,28.0,230.0,8.21,,,,,,
,,2012 - 2013,22.0,183.0,8.32,,,,,,
,,2013 - 2014,19.0,158.0,8.32,,,,,,
,,2014 - 2015,20.0,169.0,8.45,,,,,,
,,2015 - 2016,18.0,151.0,8.39,,,,,,
,,2016 - 2017,16.0,135.0,8.44,,,,,,
,,2017 - 2018,14.0,120.0,8.57,,,,,,
,,2018 - 2019,14.0,127.0,9.07,,,,,,
,,2019 - 2020,14.0,132.0,9.43,,,,,,
,,2020 - 2021,11.0,103.0,9.36,,,,,,
,,2021 - 2022,11.0,103.0,9.36,,,,,,
,,2022 - 2023,10.0,106.0,10.6,,,,,,
,Biswanath,2020 - 2021,103.0,,11.67,,,,,,
,,2021 - 2022,140.0,,11.67,,,,,,
,,2022 - 2023,121.0,,16.66,,,,,,
,Bongaigaon,2000 - 2001,126.0,536.0,4.25,,,,,,
,,2001 - 2002,140.0,596.0,4.26,,,,,,
,,2002 - 2003,155.0,660.0,4.26,,,,,,
,,2003 - 2004,217.0,926.0,4.27,,,,,,
,,2005 - 2006,163.0,696.0,4.27,,,,,,
,,2006 - 2007,101.0,429.0,4.25,,,,,,
,,2007 - 2008,87.0,369.0,4.24,,,,,,
,,2008 - 2009,153.0,653.0,4.27,,,,,,
,,2009 - 2010,59.0,249.0,4.22,,,,,,
,,2010 - 2011,74.0,313.0,4.23,,,,,,
,,2011 - 2012,78.0,731.0,9.37,,,,,,
,,2012 - 2013,78.0,755.0,9.68,,,,,,
,,2013 - 2014,73.0,706.0,9.67,,,,,,
,,2014 - 2015,73.0,699.0,9.58,,,,,,
,,2015 - 2016,75.0,718.0,9.57,,,,,,
,,2016 - 2017,72.0,693.0,9.63,,,,,,
,,2017 - 2018,76.0,732.0,9.63,,,,,,
,,2018 - 2019,75.0,709.0,9.45,,,,,,
,,2019 - 2020,76.0,485.0,6.38,,,,,,
,,2020 - 2021,76.0,732.0,9.63,,,,,,
,,2021 - 2022,81.0,779.0,9.62,,,,,,
,,2022 - 2023,90.0,882.0,9.8,,,,,,
,Cachar,2000 - 2001,32.0,138.0,4.31,,,,,,
,,2001 - 2002,32.0,138.0,4.31,,,,,,
,,2002 - 2003,32.0,138.0,4.31,,,,,,
,,2003 - 2004,32.0,138.0,4.31,,,,,,
,,2005 - 2006,30.0,129.0,4.3,,,,,,
,,2006 - 2007,30.0,129.0,4.3,,,,,,
,,2007 - 2008,31.0,133.0,4.29,,,,,,
,,2008 - 2009,31.0,133.0,4.29,,,,,,
,,2009 - 2010,30.0,129.0,4.3,,,,,,
,,2010 - 2011,13.0,56.0,4.31,,,,,,
,,2011 - 2012,20.0,167.0,8.35,,,,,,
,,2012 - 2013,22.0,203.0,9.23,,,,,,
,,2013 - 2014,23.0,212.0,9.22,,,,,,
,,2014 - 2015,25.0,231.0,9.24,,,,,,
,,2015 - 2016,23.0,213.0,9.26,,,,,,
,,2016 - 2017,21.0,196.0,9.33,,,,,,
,,2017 - 2018,21.0,196.0,9.33,,,,,,
,,2018 - 2019,19.0,176.0,9.26,,,,,,
,,2019 - 2020,20.0,191.0,9.55,,,,,,
,,2020 - 2021,20.0,191.0,9.55,,,,,,
,,2021 - 2022,21.0,201.0,9.57,,,,,,
,,2022 - 2023,21.0,215.0,10.24,,,,,,
,Charaideo,2020 - 2021,8.0,72.0,9.0,,,,,,
,,2021 - 2022,8.0,72.0,9.0,,,,,,
,,2022 - 2023,8.0,72.0,9.0,,,,,,
,Chirang,2005 - 2006,130.0,556.0,4.28,,,,,,
,,2006 - 2007,310.0,,4.24,,,,,,
,,2007 - 2008,310.0,,4.24,,,,,,
,,2008 - 2009,333.0,,4.47,,,,,,
,,2009 - 2010,331.0,,4.32,,,,,,
,,2010 - 2011,773.0,,4.35,,,,,,
,,2011 - 2012,741.0,,4.85,,,,,,
,,2012 - 2013,705.0,,5.05,,,,,,
,,2013 - 2014,187.0,944.0,5.05,,,,,,
,,2014 - 2015,208.0,,5.05,,,,,,
,,2015 - 2016,212.0,,5.07,,,,,,
,,2016 - 2017,208.0,,5.1,,,,,,
,,2017 - 2018,149.0,764.0,5.13,,,,,,
,,2018 - 2019,322.0,,6.23,,,,,,
,,2019 - 2020,245.0,,6.68,,,,,,
,,2020 - 2021,305.0,,6.68,,,,,,
,,2021 - 2022,250.0,,6.68,,,,,,
,,2022 - 2023,179.0,,8.36,,,,,,
,Darrang,2000 - 2001,398.0,,4.07,,,,,,
,,2001 - 2002,456.0,,4.05,,,,,,
,,2002 - 2003,331.0,,4.12,,,,,,
,,2003 - 2004,315.0,,4.12,,,,,,
,,2005 - 2006,50.0,194.0,3.88,,,,,,
,,2006 - 2007,34.0,132.0,3.88,,,,,,
,,2007 - 2008,14.0,54.0,3.86,,,,,,
,,2008 - 2009,13.0,50.0,3.85,,,,,,
,,2012 - 2013,2.0,28.0,14.0,,,,,,
,,2013 - 2014,2.0,17.0,8.5,,,,,,
,,2014 - 2015,2.0,9.0,4.5,,,,,,
,,2015 - 2016,2.0,7.0,3.5,,,,,,
,,2016 - 2017,1.0,5.0,5.0,,,,,,
,,2017 - 2018,1.0,5.0,5.0,,,,,,
,,2018 - 2019,2.0,18.0,9.0,,,,,,
,,2019 - 2020,1.0,10.0,10.0,,,,,,
,,2020 - 2021,1.0,10.0,10.0,,,,,,
,,2021 - 2022,1.0,10.0,10.0,,,,,,
,,2022 - 2023,1.0,12.0,12.0,,,,,,
,Dhemaji,2000 - 2001,34.0,126.0,3.71,,,,,,
,,2001 - 2002,33.0,80.0,2.42,,,,,,
,,2002 - 2003,29.0,95.0,3.28,,,,,,
,,2003 - 2004,28.0,87.0,3.11,,,,,,
,,2005 - 2006,37.0,120.0,3.24,,,,,,
,,2006 - 2007,29.0,88.0,3.03,,,,,,
,,2007 - 2008,28.0,84.0,3.0,,,,,,
,,2008 - 2009,27.0,81.0,3.0,,,,,,
,,2009 - 2010,27.0,80.0,2.96,,,,,,
,,2010 - 2011,28.0,85.0,3.04,,,,,,
,,2011 - 2012,30.0,166.0,5.53,,,,,,
,,2012 - 2013,31.0,175.0,5.65,,,,,,
,,2013 - 2014,31.0,175.0,5.65,,,,,,
,,2014 - 2015,31.0,175.0,5.65,,,,,,
,,2015 - 2016,31.0,175.0,5.65,,,,,,
,,2016 - 2017,32.0,184.0,5.75,,,,,,
,,2017 - 2018,29.0,167.0,5.76,,,,,,
,,2018 - 2019,28.0,224.0,8.0,,,,,,
,,2019 - 2020,26.0,216.0,8.31,,,,,,
,,2020 - 2021,26.0,168.0,6.46,,,,,,
,,2021 - 2022,26.0,168.0,6.46,,,,,,
,,2022 - 2023,27.0,189.0,7.0,,,,,,
,Dhubri,2000 - 2001,131.0,428.0,3.27,,,,,,
,,2001 - 2002,114.0,378.0,3.32,,,,,,
,,2002 - 2003,122.0,403.0,3.3,,,,,,
,,2003 - 2004,102.0,342.0,3.35,,,,,,
,,2005 - 2006,110.0,350.0,3.18,,,,,,
,,2006 - 2007,83.0,263.0,3.17,,,,,,
,,2007 - 2008,80.0,256.0,3.2,,,,,,
,,2008 - 2009,80.0,251.0,3.14,,,,,,
,,2009 - 2010,52.0,166.0,3.19,,,,,,
,,2010 - 2011,25.0,84.0,3.36,,,,,,
,,2011 - 2012,25.0,106.0,4.24,,,,,,
,,2012 - 2013,22.0,116.0,5.27,,,,,,
,,2013 - 2014,27.0,142.0,5.26,,,,,,
,,2014 - 2015,27.0,142.0,5.26,,,,,,
,,2015 - 2016,25.0,131.0,5.24,,,,,,
,,2016 - 2017,26.0,140.0,5.38,,,,,,
,,2017 - 2018,26.0,140.0,5.38,,,,,,
,,2018 - 2019,29.0,232.0,8.0,,,,,,
,,2019 - 2020,31.0,256.0,8.26,,,,,,
,,2020 - 2021,30.0,248.0,8.27,,,,,,
,,2021 - 2022,27.0,223.0,8.26,,,,,,
,,2022 - 2023,40.0,338.0,8.45,,,,,,
,Dibrugarh,2000 - 2001,22.0,90.0,4.09,,,,,,
,,2001 - 2002,22.0,90.0,4.09,,,,,,
,,2002 - 2003,22.0,90.0,4.09,,,,,,
,,2003 - 2004,12.0,49.0,4.08,,,,,,
,,2005 - 2006,14.0,57.0,4.07,,,,,,
,,2006 - 2007,17.0,70.0,4.12,,,,,,
,,2007 - 2008,5.0,20.0,4.0,,,,,,
,,2008 - 2009,12.0,49.0,4.08,,,,,,
,,2009 - 2010,12.0,49.0,4.08,,,,,,
,,2010 - 2011,5.0,20.0,4.0,,,,,,
,,2011 - 2012,5.0,50.0,10.0,,,,,,
,,2012 - 2013,8.0,81.0,10.13,,,,,,
,,2013 - 2014,9.0,91.0,10.11,,,,,,
,,2014 - 2015,9.0,91.0,10.11,,,,,,
,,2015 - 2016,9.0,91.0,10.11,,,,,,
,,2016 - 2017,21.0,215.0,10.24,,,,,,
,,2017 - 2018,22.0,226.0,10.27,,,,,,
,,2018 - 2019,17.0,162.0,9.53,,,,,,
,,2019 - 2020,12.0,118.0,9.83,,,,,,
,,2020 - 2021,12.0,118.0,9.83,,,,,,
,,2021 - 2022,15.0,147.0,9.8,,,,,,
,,2022 - 2023,10.0,105.0,10.5,,,,,,
,Dima hasao,2000 - 2001,65.0,325.0,5.0,,,,,,
,,2001 - 2002,64.0,320.0,5.0,,,,,,
,,2002 - 2003,70.0,350.0,5.0,,,,,,
,,2003 - 2004,66.0,330.0,5.0,,,,,,
,,2005 - 2006,65.0,325.0,5.0,,,,,,
,,2006 - 2007,70.0,350.0,5.0,,,,,,
,,2007 - 2008,86.0,430.0,5.0,,,,,,
,,2008 - 2009,84.0,420.0,5.0,,,,,,
,,2009 - 2010,534.0,,5.0,,,,,,
,,2010 - 2011,570.0,,5.0,,,,,,
,,2011 - 2012,650.0,,2.76,,,,,,
,,2012 - 2013,585.0,,6.37,,,,,,
,,2013 - 2014,313.0,,6.38,,,,,,
,,2014 - 2015,305.0,,6.38,,,,,,
,,2015 - 2016,305.0,,6.38,,,,,,
,,2016 - 2017,305.0,,6.4,,,,,,
,,2017 - 2018,305.0,,6.44,,,,,,
,,2018 - 2019,361.0,,6.86,,,,,,
,,2019 - 2020,360.0,,6.93,,,,,,
,,2020 - 2021,360.0,,6.93,,,,,,
,,2021 - 2022,380.0,,6.93,,,,,,
,,2022 - 2023,380.0,,7.05,,,,,,
,Goalpara,2000 - 2001,158.0,664.0,4.2,,,,,,
,,2001 - 2002,150.0,683.0,4.55,,,,,,
,,2002 - 2003,150.0,676.0,4.51,,,,,,
,,2003 - 2004,150.0,663.0,4.42,,,,,,
,,2005 - 2006,145.0,649.0,4.48,,,,,,
,,2006 - 2007,150.0,669.0,4.46,,,,,,
,,2007 - 2008,185.0,828.0,4.48,,,,,,
,,2008 - 2009,190.0,929.0,4.89,,,,,,
,,2009 - 2010,190.0,876.0,4.61,,,,,,
,,2010 - 2011,200.0,932.0,4.66,,,,,,
,,2011 - 2012,220.0,,6.96,,,,,,
,,2012 - 2013,220.0,,7.25,,,,,,
,,2013 - 2014,250.0,,7.25,,,,,,
,,2014 - 2015,242.0,,7.26,,,,,,
,,2015 - 2016,205.0,,7.27,,,,,,
,,2016 - 2017,215.0,,7.29,,,,,,
,,2017 - 2018,261.0,,7.31,,,,,,
,,2018 - 2019,260.0,,7.31,,,,,,
,,2019 - 2020,262.0,,5.7,,,,,,
,,2020 - 2021,254.0,,5.7,,,,,,
,,2021 - 2022,249.0,,5.7,,,,,,
,,2022 - 2023,248.0,,8.51,,,,,,
,Golaghat,2000 - 2001,8.0,32.0,4.0,,,,,,
,,2001 - 2002,8.0,31.0,3.88,,,,,,
,,2002 - 2003,9.0,36.0,4.0,,,,,,
,,2003 - 2004,9.0,36.0,4.0,,,,,,
,,2005 - 2006,10.0,40.0,4.0,,,,,,
,,2006 - 2007,9.0,36.0,4.0,,,,,,
,,2007 - 2008,9.0,36.0,4.0,,,,,,
,,2008 - 2009,10.0,40.0,4.0,,,,,,
,,2009 - 2010,11.0,43.0,3.91,,,,,,
,,2010 - 2011,41.0,161.0,3.93,,,,,,
,,2011 - 2012,30.0,238.0,7.93,,,,,,
,,2012 - 2013,25.0,218.0,8.72,,,,,,
,,2013 - 2014,25.0,218.0,8.72,,,,,,
,,2014 - 2015,17.0,148.0,8.71,,,,,,
,,2015 - 2016,15.0,131.0,8.73,,,,,,
,,2016 - 2017,14.0,125.0,8.93,,,,,,
,,2017 - 2018,14.0,126.0,9.0,,,,,,
,,2018 - 2019,13.0,119.0,9.15,,,,,,
,,2019 - 2020,13.0,97.0,7.46,,,,,,
,,2020 - 2021,12.0,90.0,7.5,,,,,,
,,2021 - 2022,19.0,142.0,7.47,,,,,,
,,2022 - 2023,6.0,52.0,8.67,,,,,,
,Hailakandi,2000 - 2001,5.0,22.0,4.4,,,,,,
,,2001 - 2002,5.0,22.0,4.4,,,,,,
,,2002 - 2003,7.0,31.0,4.43,,,,,,
,,2003 - 2004,7.0,31.0,4.43,,,,,,
,,2005 - 2006,3.0,13.0,4.33,,,,,,
,,2006 - 2007,3.0,13.0,4.33,,,,,,
,,2007 - 2008,2.0,9.0,4.5,,,,,,
,,2008 - 2009,3.0,14.0,4.67,,,,,,
,,2009 - 2010,4.0,18.0,4.5,,,,,,
,,2010 - 2011,4.0,18.0,4.5,,,,,,
,,2011 - 2012,4.0,32.0,8.0,,,,,,
,,2012 - 2013,2.0,18.0,9.0,,,,,,
,,2014 - 2015,1.0,9.0,9.0,,,,,,
,,2015 - 2016,1.0,12.0,12.0,,,,,,
,,2017 - 2018,1.0,13.0,13.0,,,,,,
,,2018 - 2019,1.0,9.0,9.0,,,,,,
,,2019 - 2020,1.0,10.0,10.0,,,,,,
,,2020 - 2021,1.0,10.0,10.0,,,,,,
,Hojai,2020 - 2021,35.0,324.0,9.26,,,,,,
,,2021 - 2022,35.0,324.0,9.26,,,,,,
,,2022 - 2023,40.0,386.0,9.65,,,,,,
,Jorhat,2000 - 2001,5.0,25.0,5.0,,,,,,
,,2001 - 2002,5.0,25.0,5.0,,,,,,
,,2002 - 2003,7.0,35.0,5.0,,,,,,
,,2003 - 2004,7.0,35.0,5.0,,,,,,
,,2005 - 2006,9.0,45.0,5.0,,,,,,
,,2006 - 2007,6.0,30.0,5.0,,,,,,
,,2007 - 2008,6.0,30.0,5.0,,,,,,
,,2008 - 2009,11.0,54.0,4.91,,,,,,
,,2009 - 2010,4.0,20.0,5.0,,,,,,
,,2010 - 2011,3.0,15.0,5.0,,,,,,
,,2011 - 2012,4.0,40.0,10.0,,,,,,
,,2012 - 2013,5.0,52.0,10.4,,,,,,
,,2013 - 2014,7.0,72.0,10.29,,,,,,
,,2014 - 2015,6.0,63.0,10.5,,,,,,
,,2015 - 2016,6.0,62.0,10.33,,,,,,
,,2016 - 2017,5.0,52.0,10.4,,,,,,
,,2017 - 2018,6.0,62.0,10.33,,,,,,
,,2018 - 2019,7.0,66.0,9.43,,,,,,
,,2019 - 2020,5.0,48.0,9.6,,,,,,
,,2020 - 2021,5.0,48.0,9.6,,,,,,
,,2021 - 2022,5.0,48.0,9.6,,,,,,
,,2022 - 2023,4.0,42.0,10.5,,,,,,
,Kamrup,2000 - 2001,152.0,547.0,3.6,,,,,,
,,2001 - 2002,114.0,417.0,3.66,,,,,,
,,2002 - 2003,110.0,396.0,3.6,,,,,,
,,2003 - 2004,101.0,366.0,3.62,,,,,,
,,2005 - 2006,50.0,181.0,3.62,,,,,,
,,2006 - 2007,33.0,118.0,3.58,,,,,,
,,2007 - 2008,49.0,177.0,3.61,,,,,,
,,2008 - 2009,51.0,184.0,3.61,,,,,,
,,2009 - 2010,81.0,292.0,3.6,,,,,,
,,2010 - 2011,40.0,144.0,3.6,,,,,,
,,2011 - 2012,41.0,318.0,7.76,,,,,,
,,2012 - 2013,39.0,178.0,4.56,,,,,,
,,2013 - 2014,43.0,196.0,4.56,,,,,,
,,2014 - 2015,44.0,201.0,4.57,,,,,,
,,2015 - 2016,42.0,193.0,4.6,,,,,,
,,2016 - 2017,41.0,197.0,4.8,,,,,,
,,2017 - 2018,39.0,188.0,4.82,,,,,,
,,2018 - 2019,40.0,296.0,7.4,,,,,,
,,2019 - 2020,38.0,290.0,7.63,,,,,,
,,2020 - 2021,40.0,305.0,7.63,,,,,,
,,2021 - 2022,23.0,206.0,8.96,,,,,,
,,2022 - 2023,10.0,91.0,9.1,,,,,,
,Kamrup metro,2005 - 2006,8.0,29.0,3.63,,,,,,
,,2006 - 2007,10.0,37.0,3.7,,,,,,
,,2007 - 2008,12.0,43.0,3.58,,,,,,
,,2008 - 2009,12.0,46.0,3.83,,,,,,
,,2009 - 2010,15.0,55.0,3.67,,,,,,
,,2010 - 2011,15.0,56.0,3.73,,,,,,
,,2011 - 2012,14.0,131.0,9.36,,,,,,
,,2012 - 2013,15.0,143.0,9.53,,,,,,
,,2013 - 2014,13.0,124.0,9.54,,,,,,
,,2014 - 2015,12.0,115.0,9.58,,,,,,
,,2015 - 2016,14.0,133.0,9.5,,,,,,
,,2021 - 2022,3.0,27.0,9.0,,,,,,
,,2022 - 2023,3.0,27.0,9.0,,,,,,
,Karbi anglong,2000 - 2001,293.0,,5.28,,,,,,
,,2001 - 2002,299.0,,5.03,,,,,,
,,2002 - 2003,306.0,,5.04,,,,,,
,,2003 - 2004,315.0,,5.04,,,,,,
,,2005 - 2006,339.0,,5.04,,,,,,
,,2006 - 2007,354.0,,5.1,,,,,,
,,2007 - 2008,359.0,,5.06,,,,,,
,,2008 - 2009,359.0,,5.07,,,,,,
,,2009 - 2010,388.0,,5.08,,,,,,
,,2010 - 2011,387.0,,5.07,,,,,,
,,2011 - 2012,350.0,,11.43,,,,,,
,,2012 - 2013,294.0,,11.53,,,,,,
,,2013 - 2014,321.0,,11.53,,,,,,
,,2014 - 2015,354.0,,11.53,,,,,,
,,2015 - 2016,368.0,,11.54,,,,,,
,,2016 - 2017,446.0,,11.55,,,,,,
,,2017 - 2018,370.0,,11.56,,,,,,
,,2018 - 2019,364.0,,11.26,,,,,,
,,2019 - 2020,384.0,,9.3,,,,,,
,,2020 - 2021,296.0,,11.3,,,,,,
,,2021 - 2022,307.0,,11.3,,,,,,
,,2022 - 2023,275.0,,11.39,,,,,,
,Karimganj,2000 - 2001,6.0,26.0,4.33,,,,,,
,,2001 - 2002,6.0,26.0,4.33,,,,,,
,,2005 - 2006,5.0,22.0,4.4,,,,,,
,,2009 - 2010,1.0,4.0,4.0,,,,,,
,,2011 - 2012,1.0,10.0,10.0,,,,,,
,,2012 - 2013,1.0,9.0,9.0,,,,,,
,Kokrajhar,2000 - 2001,852.0,,4.79,,,,,,
,,2001 - 2002,885.0,,4.79,,,,,,
,,2002 - 2003,869.0,,4.78,,,,,,
,,2003 - 2004,903.0,,4.79,,,,,,
,,2005 - 2006,802.0,,4.78,,,,,,
,,2006 - 2007,726.0,,4.79,,,,,,
,,2007 - 2008,736.0,,4.79,,,,,,
,,2008 - 2009,736.0,,4.79,,,,,,
,,2009 - 2010,746.0,,4.79,,,,,,
,,2010 - 2011,736.0,,4.79,,,,,,
,,2011 - 2012,730.0,,10.0,,,,,,
,,2012 - 2013,785.0,,10.25,,,,,,
,,2013 - 2014,748.0,,10.25,,,,,,
,,2014 - 2015,825.0,,11.18,,,,,,
,,2015 - 2016,872.0,,11.19,,,,,,
,,2016 - 2017,790.0,,11.19,,,,,,
,,2017 - 2018,694.0,,11.23,,,,,,
,,2018 - 2019,705.0,,11.08,,,,,,
,,2019 - 2020,697.0,,13.2,,,,,,
,,2020 - 2021,659.0,,11.1,,,,,,
,,2021 - 2022,707.0,,11.1,,,,,,
,,2022 - 2023,387.0,,11.13,,,,,,
,Lakhimpur,2000 - 2001,30.0,128.0,4.27,,,,,,
,,2001 - 2002,28.0,119.0,4.25,,,,,,
,,2002 - 2003,28.0,119.0,4.25,,,,,,
,,2003 - 2004,25.0,107.0,4.28,,,,,,
,,2005 - 2006,31.0,131.0,4.23,,,,,,
,,2006 - 2007,31.0,132.0,4.26,,,,,,
,,2007 - 2008,27.0,115.0,4.26,,,,,,
,,2008 - 2009,207.0,879.0,4.25,,,,,,
,,2009 - 2010,26.0,111.0,4.27,,,,,,
,,2010 - 2011,127.0,540.0,4.25,,,,,,
,,2011 - 2012,53.0,455.0,8.58,,,,,,
,,2012 - 2013,49.0,426.0,8.69,,,,,,
,,2013 - 2014,42.0,365.0,8.69,,,,,,
,,2014 - 2015,22.0,191.0,8.68,,,,,,
,,2015 - 2016,23.0,200.0,8.7,,,,,,
,,2016 - 2017,23.0,203.0,8.83,,,,,,
,,2017 - 2018,48.0,425.0,8.85,,,,,,
,,2018 - 2019,96.0,868.0,9.04,,,,,,
,,2019 - 2020,47.0,435.0,9.26,,,,,,
,,2020 - 2021,40.0,370.0,9.25,,,,,,
,,2021 - 2022,57.0,528.0,9.26,,,,,,
,,2022 - 2023,35.0,336.0,9.6,,,,,,
,Majuli,2021 - 2022,1.0,10.0,10.0,,,,,,
,,2022 - 2023,1.0,10.0,10.0,,,,,,
,Marigaon,2000 - 2001,10.0,50.0,5.0,,,,,,
,,2001 - 2002,10.0,50.0,5.0,,,,,,
,,2002 - 2003,15.0,75.0,5.0,,,,,,
,,2003 - 2004,15.0,72.0,4.8,,,,,,
,,2005 - 2006,20.0,97.0,4.85,,,,,,
,,2006 - 2007,6.0,28.0,4.67,,,,,,
,,2007 - 2008,6.0,29.0,4.83,,,,,,
,,2008 - 2009,3.0,15.0,5.0,,,,,,
,,2009 - 2010,3.0,14.0,4.67,,,,,,
,,2010 - 2011,4.0,19.0,4.75,,,,,,
,,2011 - 2012,4.0,28.0,7.0,,,,,,
,,2012 - 2013,3.0,23.0,7.67,,,,,,
,,2013 - 2014,2.0,16.0,8.0,,,,,,
,,2014 - 2015,27.0,210.0,7.78,,,,,,
,,2015 - 2016,25.0,195.0,7.8,,,,,,
,,2016 - 2017,20.0,159.0,7.95,,,,,,
,,2017 - 2018,15.0,120.0,8.0,,,,,,
,,2018 - 2019,20.0,179.0,8.95,,,,,,
,,2019 - 2020,15.0,139.0,9.27,,,,,,
,,2020 - 2021,15.0,139.0,9.27,,,,,,
,,2021 - 2022,7.0,65.0,9.29,,,,,,
,,2022 - 2023,4.0,38.0,9.5,,,,,,
,Nagaon,2000 - 2001,20.0,71.0,3.55,,,,,,
,,2001 - 2002,20.0,78.0,3.9,,,,,,
,,2002 - 2003,20.0,73.0,3.65,,,,,,
,,2003 - 2004,20.0,74.0,3.7,,,,,,
,,2005 - 2006,21.0,78.0,3.71,,,,,,
,,2006 - 2007,20.0,76.0,3.8,,,,,,
,,2007 - 2008,22.0,87.0,3.95,,,,,,
,,2008 - 2009,27.0,109.0,4.04,,,,,,
,,2009 - 2010,20.0,96.0,4.8,,,,,,
,,2010 - 2011,26.0,110.0,4.23,,,,,,
,,2011 - 2012,96.0,889.0,9.26,,,,,,
,,2012 - 2013,93.0,880.0,9.46,,,,,,
,,2013 - 2014,93.0,879.0,9.45,,,,,,
,,2014 - 2015,95.0,898.0,9.45,,,,,,
,,2015 - 2016,14.0,132.0,9.43,,,,,,
,,2016 - 2017,54.0,514.0,9.52,,,,,,
,,2017 - 2018,50.0,299.0,5.98,,,,,,
,,2018 - 2019,42.0,323.0,7.69,,,,,,
,,2019 - 2020,41.0,323.0,7.88,,,,,,
,,2020 - 2021,8.0,132.0,16.5,,,,,,
,,2021 - 2022,8.0,79.0,9.88,,,,,,
,,2022 - 2023,7.0,72.0,10.29,,,,,,
,Nalbari,2000 - 2001,310.0,,7.05,,,,,,
,,2001 - 2002,300.0,,7.05,,,,,,
,,2002 - 2003,295.0,,7.05,,,,,,
,,2003 - 2004,270.0,,7.05,,,,,,
,,2005 - 2006,203.0,,7.05,,,,,,
,,2006 - 2007,20.0,141.0,7.05,,,,,,
,,2007 - 2008,18.0,127.0,7.06,,,,,,
,,2008 - 2009,15.0,115.0,7.67,,,,,,
,,2009 - 2010,5.0,36.0,7.2,,,,,,
,,2010 - 2011,10.0,73.0,7.3,,,,,,
,,2011 - 2012,7.0,68.0,9.71,,,,,,
,,2012 - 2013,7.0,69.0,9.86,,,,,,
,,2013 - 2014,4.0,40.0,10.0,,,,,,
,,2014 - 2015,2.0,20.0,10.0,,,,,,
,,2015 - 2016,3.0,30.0,10.0,,,,,,
,,2016 - 2017,5.0,51.0,10.2,,,,,,
,,2017 - 2018,5.0,52.0,10.4,,,,,,
,,2018 - 2019,5.0,42.0,8.4,,,,,,
,,2019 - 2020,4.0,35.0,8.75,,,,,,
,,2020 - 2021,4.0,35.0,8.75,,,,,,
,,2022 - 2023,1.0,12.0,12.0,,,,,,
,Sivasagar,2000 - 2001,8.0,32.0,4.0,,,,,,
,,2001 - 2002,8.0,32.0,4.0,,,,,,
,,2002 - 2003,8.0,31.0,3.88,,,,,,
,,2003 - 2004,12.0,42.0,3.5,,,,,,
,,2005 - 2006,12.0,50.0,4.17,,,,,,
,,2006 - 2007,12.0,42.0,3.5,,,,,,
,,2007 - 2008,11.0,41.0,3.73,,,,,,
,,2008 - 2009,11.0,39.0,3.55,,,,,,
,,2009 - 2010,3.0,9.0,3.0,,,,,,
,,2010 - 2011,9.0,37.0,4.11,,,,,,
,,2011 - 2012,13.0,126.0,9.69,,,,,,
,,2012 - 2013,15.0,149.0,9.93,,,,,,
,,2013 - 2014,14.0,139.0,9.93,,,,,,
,,2014 - 2015,14.0,139.0,9.93,,,,,,
,,2015 - 2016,14.0,139.0,9.93,,,,,,
,,2016 - 2017,14.0,140.0,10.0,,,,,,
,,2017 - 2018,18.0,131.0,7.28,,,,,,
,,2018 - 2019,16.0,140.0,8.75,,,,,,
,,2019 - 2020,15.0,135.0,9.0,,,,,,
,,2020 - 2021,8.0,72.0,9.0,,,,,,
,,2021 - 2022,10.0,90.0,9.0,,,,,,
,,2022 - 2023,8.0,72.0,9.0,,,,,,
,Sonitpur,2000 - 2001,109.0,498.0,4.57,,,,,,
,,2001 - 2002,108.0,491.0,4.55,,,,,,
,,2002 - 2003,110.0,504.0,4.58,,,,,,
,,2003 - 2004,141.0,645.0,4.57,,,,,,
,,2005 - 2006,144.0,658.0,4.57,,,,,,
,,2006 - 2007,139.0,635.0,4.57,,,,,,
,,2007 - 2008,139.0,636.0,4.58,,,,,,
,,2008 - 2009,146.0,667.0,4.57,,,,,,
,,2009 - 2010,147.0,672.0,4.57,,,,,,
,,2010 - 2011,163.0,745.0,4.57,,,,,,
,,2011 - 2012,157.0,,8.68,,,,,,
,,2012 - 2013,309.0,,8.78,,,,,,
,,2013 - 2014,294.0,,8.78,,,,,,
,,2014 - 2015,292.0,,8.79,,,,,,
,,2015 - 2016,302.0,,8.79,,,,,,
,,2016 - 2017,292.0,,8.81,,,,,,
,,2017 - 2018,293.0,,8.82,,,,,,
,,2018 - 2019,275.0,,8.88,,,,,,
,,2019 - 2020,306.0,,9.04,,,,,,
,,2020 - 2021,187.0,,11.67,,,,,,
,,2021 - 2022,177.0,,11.67,,,,,,
,,2022 - 2023,176.0,,11.74,,,,,,
,South salmara mancachar,2020 - 2021,4.0,38.0,9.5,,,,,,
,,2021 - 2022,5.0,48.0,9.6,,,,,,
,,2022 - 2023,7.0,73.0,10.43,,,,,,
,Tinsukia,2000 - 2001,44.0,176.0,4.0,,,,,,
,,2001 - 2002,51.0,204.0,4.0,,,,,,
,,2002 - 2003,54.0,216.0,4.0,,,,,,
,,2003 - 2004,70.0,280.0,4.0,,,,,,
,,2005 - 2006,66.0,264.0,4.0,,,,,,
,,2006 - 2007,56.0,224.0,4.0,,,,,,
,,2007 - 2008,37.0,148.0,4.0,,,,,,
,,2008 - 2009,38.0,152.0,4.0,,,,,,
,,2009 - 2010,54.0,216.0,4.0,,,,,,
,,2010 - 2011,44.0,176.0,4.0,,,,,,
,,2011 - 2012,23.0,207.0,9.0,,,,,,
,,2012 - 2013,19.0,158.0,8.32,,,,,,
,,2013 - 2014,28.0,234.0,8.36,,,,,,
,,2014 - 2015,31.0,258.0,8.32,,,,,,
,,2015 - 2016,32.0,267.0,8.34,,,,,,
,,2016 - 2017,30.0,216.0,7.2,,,,,,
,,2017 - 2018,30.0,217.0,7.23,,,,,,
,,2018 - 2019,32.0,272.0,8.5,,,,,,
,,2019 - 2020,31.0,272.0,8.77,,,,,,
,,2020 - 2021,30.0,264.0,8.8,,,,,,
,,2021 - 2022,34.0,299.0,8.79,,,,,,
,,2022 - 2023,40.0,370.0,9.25,,,,,,
,Udalguri,2005 - 2006,185.0,786.0,4.25,,,,,,
,,2006 - 2007,197.0,837.0,4.25,,,,,,
,,2007 - 2008,187.0,795.0,4.25,,,,,,
,,2008 - 2009,223.0,948.0,4.25,,,,,,
,,2009 - 2010,257.0,,4.25,,,,,,
,,2010 - 2011,266.0,,4.25,,,,,,
,,2011 - 2012,276.0,,8.23,,,,,,
,,2012 - 2013,270.0,,8.34,,,,,,
,,2013 - 2014,240.0,,9.49,,,,,,
,,2014 - 2015,297.0,,9.49,,,,,,
,,2015 - 2016,216.0,,9.56,,,,,,
,,2016 - 2017,250.0,,9.58,,,,,,
,,2017 - 2018,265.0,,9.59,,,,,,
,,2018 - 2019,266.0,,9.53,,,,,,
,,2019 - 2020,265.0,,9.75,,,,,,
,,2020 - 2021,260.0,,9.56,,,,,,
,,2021 - 2022,296.0,,9.56,,,,,,
,,2022 - 2023,279.0,,11.54,,,,,,
,West karbi anglong,2020 - 2021,92.0,,11.3,,,,,,
,,2021 - 2022,88.0,994.0,11.3,,,,,,
,,2022 - 2023,88.0,869.0,9.88,,,,,,
Karnataka,Bagalkot,2018 - 2019,1.0,13.0,13.0,,,,,,
,,2019 - 2020,23.0,292.0,12.7,,,,,,
,,2020 - 2021,6.0,77.0,12.83,,,,,,
,,2022 - 2023,14.0,160.0,11.43,,,,,,
,Bangalore rural,2000 - 2001,173.0,,7.28,,,,,,
,,2002 - 2003,245.0,,7.36,,,,,,
,,2003 - 2004,207.0,,7.33,,,,,,
,,2004 - 2005,215.0,,7.34,,,,,,
,,2005 - 2006,10.0,73.0,7.3,,,,,,
,,2006 - 2007,3.0,22.0,7.33,,,,,,
,,2007 - 2008,6.0,44.0,7.33,,,,,,
,,2008 - 2009,3.0,29.0,9.67,,,,,,
,,2009 - 2010,5.0,46.0,9.2,,,,,,
,,2010 - 2011,5.0,55.0,11.0,,,,,,
,,2011 - 2012,9.0,95.0,10.56,,,,,,
,,2012 - 2013,2.0,21.0,10.5,,,,,,
,,2013 - 2014,4.0,35.0,8.75,,,,,,
,,2014 - 2015,6.0,54.0,9.0,,,,,,
,,2015 - 2016,10.0,75.0,7.5,,,,,,
,,2016 - 2017,19.0,115.0,6.05,,,,,,
,,2017 - 2018,29.0,243.0,8.38,,,,,,
,,2018 - 2019,4.0,53.0,13.25,,,,,,
,,2019 - 2020,11.0,140.0,12.73,,,,,,
,,2020 - 2021,20.0,257.0,12.85,,,,,,
,,2021 - 2022,6.0,76.0,12.67,,,,,,
,,2022 - 2023,1.0,20.0,20.0,,,,,,
,Belgaum,2012 - 2013,2.0,21.0,10.5,,,,,,
,,2013 - 2014,51.0,446.0,8.75,,,,,,
,,2015 - 2016,440.0,,7.49,,,,,,
,,2019 - 2020,42.0,533.0,12.69,,,,,,
,,2020 - 2021,5.0,64.0,12.8,,,,,,
,,2021 - 2022,38.0,494.0,13.0,,,,,,
,,2022 - 2023,24.0,278.0,11.58,,,,,,
,Bellary,2018 - 2019,3.0,40.0,13.33,,,,,,
,,2021 - 2022,1.0,13.0,13.0,,,,,,
,Bengaluru urban,2014 - 2015,1.0,9.0,9.0,,,,,,
,,2018 - 2019,4.0,53.0,13.25,,,,,,
,,2019 - 2020,7.0,89.0,12.71,,,,,,
,,2020 - 2021,5.0,64.0,12.8,,,,,,
,,2021 - 2022,4.0,51.0,12.75,,,,,,
,Bidar,2018 - 2019,6.0,80.0,13.33,,,,,,
,,2019 - 2020,28.0,356.0,12.71,,,,,,
,,2020 - 2021,54.0,693.0,12.83,,,,,,
,,2021 - 2022,20.0,254.0,12.7,,,,,,
,Bijapur,2019 - 2020,2.0,25.0,12.5,,,,,,
,,2020 - 2021,17.0,218.0,12.82,,,,,,
,,2021 - 2022,4.0,51.0,12.75,,,,,,
,Chamarajanagar,2009 - 2010,2.0,19.0,9.5,,,,,,
,,2014 - 2015,15.0,135.0,9.0,,,,,,
,,2015 - 2016,42.0,314.0,7.48,,,,,,
,,2017 - 2018,36.0,301.0,8.36,,,,,,
,,2018 - 2019,98.0,,13.29,,,,,,
,,2019 - 2020,70.0,911.0,13.01,,,,,,
,,2020 - 2021,39.0,492.0,12.62,,,,,,
,,2021 - 2022,26.0,345.0,13.27,,,,,,
,,2022 - 2023,7.0,82.0,11.71,,,,,,
,Chikballapur,2018 - 2019,2.0,27.0,13.5,,,,,,
,,2022 - 2023,2.0,23.0,11.5,,,,,,
,Chikmagalur,2000 - 2001,22.0,239.0,10.86,,,,,,
,,2002 - 2003,32.0,348.0,10.88,,,,,,
,,2003 - 2004,39.0,424.0,10.87,,,,,,
,,2004 - 2005,36.0,391.0,10.86,,,,,,
,,2005 - 2006,20.0,217.0,10.85,,,,,,
,,2006 - 2007,20.0,217.0,10.85,,,,,,
,,2007 - 2008,18.0,196.0,10.89,,,,,,
,,2008 - 2009,18.0,175.0,9.72,,,,,,
,,2009 - 2010,20.0,185.0,9.25,,,,,,
,,2010 - 2011,15.0,166.0,11.07,,,,,,
,,2011 - 2012,15.0,158.0,10.53,,,,,,
,,2012 - 2013,14.0,148.0,10.57,,,,,,
,,2018 - 2019,72.0,957.0,13.29,,,,,,
,,2019 - 2020,3.0,38.0,12.67,,,,,,
,,2020 - 2021,1.0,13.0,13.0,,,,,,
,,2021 - 2022,7.0,89.0,12.71,,,,,,
,,2022 - 2023,2.0,14.0,7.0,,,,,,
,Chitradurga,2021 - 2022,19.0,241.0,12.68,,,,,,
,Dakshin kannad,2000 - 2001,715.0,,7.85,,,,,,
,,2002 - 2003,703.0,,7.85,,,,,,
,,2003 - 2004,703.0,,7.85,,,,,,
,,2004 - 2005,698.0,,7.85,,,,,,
,,2005 - 2006,699.0,,7.85,,,,,,
,,2006 - 2007,663.0,,7.85,,,,,,
,,2007 - 2008,661.0,,7.85,,,,,,
,,2008 - 2009,646.0,,9.88,,,,,,
,,2009 - 2010,638.0,,9.26,,,,,,
,,2010 - 2011,613.0,,10.87,,,,,,
,,2011 - 2012,597.0,,11.11,,,,,,
,,2012 - 2013,572.0,,11.11,,,,,,
,,2013 - 2014,534.0,,8.18,,,,,,
,,2014 - 2015,541.0,,8.54,,,,,,
,,2015 - 2016,542.0,,6.63,,,,,,
,,2016 - 2017,432.0,,4.45,,,,,,
,,2017 - 2018,432.0,,7.34,,,,,,
,,2018 - 2019,2.0,24.0,12.0,,,,,,
,,2019 - 2020,1.0,13.0,13.0,,,,,,
,,2020 - 2021,3.0,39.0,13.0,,,,,,
,,2021 - 2022,2.0,25.0,12.5,,,,,,
,,2022 - 2023,3.0,36.0,12.0,,,,,,
,Davangere,2021 - 2022,1.0,13.0,13.0,,,,,,
,Dharwad,2019 - 2020,32.0,406.0,12.69,,,,,,
,,2020 - 2021,21.0,270.0,12.86,,,,,,
,,2021 - 2022,10.0,127.0,12.7,,,,,,
,,2022 - 2023,36.0,324.0,9.0,,,,,,
,Gadag,2017 - 2018,4.0,33.0,8.25,,,,,,
,,2018 - 2019,7.0,93.0,13.29,,,,,,
,,2019 - 2020,54.0,686.0,12.7,,,,,,
,,2020 - 2021,1.0,13.0,13.0,,,,,,
,,2021 - 2022,4.0,51.0,12.75,,,,,,
,,2022 - 2023,37.0,447.0,12.08,,,,,,
,Gulbarga,2018 - 2019,9.0,120.0,13.33,,,,,,
,,2019 - 2020,78.0,990.0,12.69,,,,,,
,,2020 - 2021,70.0,840.0,12.0,,,,,,
,,2021 - 2022,11.0,136.0,12.36,,,,,,
,,2022 - 2023,84.0,,12.67,,,,,,
,Hassan,2012 - 2013,57.0,602.0,10.56,,,,,,
,,2015 - 2016,36.0,270.0,7.5,,,,,,
,,2016 - 2017,24.0,146.0,6.08,,,,,,
,,2017 - 2018,25.0,209.0,8.36,,,,,,
,,2018 - 2019,22.0,292.0,13.27,,,,,,
,,2019 - 2020,81.0,,12.7,,,,,,
,,2020 - 2021,101.0,,12.54,,,,,,
,,2021 - 2022,36.0,497.0,13.81,,,,,,
,,2022 - 2023,44.0,536.0,12.18,,,,,,
,Haveri,2019 - 2020,1.0,13.0,13.0,,,,,,
,,2020 - 2021,4.0,51.0,12.75,,,,,,
,,2021 - 2022,1.0,13.0,13.0,,,,,,
,Kodagu,2000 - 2001,2.0,40.0,20.0,,,,,,
,,2002 - 2003,5.0,101.0,20.2,,,,,,
,,2003 - 2004,7.0,141.0,20.14,,,,,,
,,2004 - 2005,9.0,181.0,20.11,,,,,,
,,2005 - 2006,30.0,604.0,20.13,,,,,,
,,2006 - 2007,35.0,705.0,20.14,,,,,,
,,2007 - 2008,22.0,443.0,20.14,,,,,,
,,2008 - 2009,25.0,292.0,11.68,,,,,,
,,2009 - 2010,24.0,322.0,13.42,,,,,,
,,2010 - 2011,134.0,,11.87,,,,,,
,,2011 - 2012,139.0,,8.17,,,,,,
,,2012 - 2013,130.0,,8.18,,,,,,
,,2013 - 2014,123.0,,11.21,,,,,,
,,2014 - 2015,114.0,,11.08,,,,,,
,,2015 - 2016,127.0,,11.14,,,,,,
,,2016 - 2017,127.0,,11.54,,,,,,
,,2017 - 2018,127.0,,11.87,,,,,,
,,2018 - 2019,60.0,800.0,13.33,,,,,,
,,2019 - 2020,50.0,613.0,12.26,,,,,,
,,2020 - 2021,80.0,983.0,12.29,,,,,,
,,2021 - 2022,74.0,,13.58,,,,,,
,,2022 - 2023,81.0,,15.06,,,,,,
,Kolar,2018 - 2019,3.0,40.0,13.33,,,,,,
,,2019 - 2020,3.0,38.0,12.67,,,,,,
,,2020 - 2021,1.0,13.0,13.0,,,,,,
,,2022 - 2023,2.0,23.0,11.5,,,,,,
,Koppal,2019 - 2020,12.0,152.0,12.67,,,,,,
,,2020 - 2021,5.0,64.0,12.8,,,,,,
,,2021 - 2022,12.0,152.0,12.67,,,,,,
,,2022 - 2023,19.0,217.0,11.42,,,,,,
,Mandya,2004 - 2005,4.0,32.0,8.0,,,,,,
,,2012 - 2013,26.0,275.0,10.58,,,,,,
,,2013 - 2014,2.0,17.0,8.5,,,,,,
,,2014 - 2015,2.0,18.0,9.0,,,,,,
,,2015 - 2016,1.0,7.0,7.0,,,,,,
,,2018 - 2019,1.0,13.0,13.0,,,,,,
,,2020 - 2021,1.0,13.0,13.0,,,,,,
,Mysore,2006 - 2007,15.0,126.0,8.4,,,,,,
,,2008 - 2009,110.0,906.0,8.24,,,,,,
,,2009 - 2010,115.0,965.0,8.39,,,,,,
,,2010 - 2011,13.0,144.0,11.08,,,,,,
,,2011 - 2012,23.0,243.0,10.57,,,,,,
,,2012 - 2013,33.0,349.0,10.58,,,,,,
,,2013 - 2014,2.0,17.0,8.5,,,,,,
,,2014 - 2015,3.0,27.0,9.0,,,,,,
,,2015 - 2016,20.0,150.0,7.5,,,,,,
,,2016 - 2017,16.0,97.0,6.06,,,,,,
,,2017 - 2018,18.0,151.0,8.39,,,,,,
,,2018 - 2019,220.0,,13.29,,,,,,
,,2019 - 2020,322.0,,12.7,,,,,,
,,2020 - 2021,888.0,,13.0,,,,,,
,,2021 - 2022,185.0,,12.51,,,,,,
,,2022 - 2023,194.0,,10.38,,,,,,
,Raichur,2020 - 2021,2.0,26.0,13.0,,,,,,
,,2021 - 2022,3.0,38.0,12.67,,,,,,
,Ramanagara,2007 - 2008,2.0,15.0,7.5,,,,,,
,,2008 - 2009,4.0,39.0,9.75,,,,,,
,,2009 - 2010,4.0,37.0,9.25,,,,,,
,,2010 - 2011,9.0,99.0,11.0,,,,,,
,,2011 - 2012,5.0,53.0,10.6,,,,,,
,,2012 - 2013,2.0,21.0,10.5,,,,,,
,,2013 - 2014,4.0,35.0,8.75,,,,,,
,,2014 - 2015,18.0,162.0,9.0,,,,,,
,,2015 - 2016,2.0,15.0,7.5,,,,,,
,,2016 - 2017,2.0,12.0,6.0,,,,,,
,,2017 - 2018,6.0,50.0,8.33,,,,,,
,,2018 - 2019,74.0,983.0,13.28,,,,,,
,,2019 - 2020,3.0,38.0,12.67,,,,,,
,,2020 - 2021,3.0,39.0,13.0,,,,,,
,,2021 - 2022,4.0,51.0,12.75,,,,,,
,,2022 - 2023,2.0,11.0,5.5,,,,,,
,Shimoga,2000 - 2001,25.0,163.0,6.52,,,,,,
,,2002 - 2003,12.0,78.0,6.5,,,,,,
,,2003 - 2004,11.0,72.0,6.55,,,,,,
,,2004 - 2005,10.0,65.0,6.5,,,,,,
,,2005 - 2006,9.0,59.0,6.56,,,,,,
,,2006 - 2007,8.0,52.0,6.5,,,,,,
,,2010 - 2011,16.0,177.0,11.06,,,,,,
,,2011 - 2012,6.0,63.0,10.5,,,,,,
,,2018 - 2019,2.0,27.0,13.5,,,,,,
,,2019 - 2020,4.0,51.0,12.75,,,,,,
,,2020 - 2021,1.0,13.0,13.0,,,,,,
,,2021 - 2022,2.0,25.0,12.5,,,,,,
,Tumkur,2000 - 2001,20.0,131.0,6.55,,,,,,
,,2002 - 2003,12.0,79.0,6.58,,,,,,
,,2003 - 2004,24.0,158.0,6.58,,,,,,
,,2004 - 2005,28.0,184.0,6.57,,,,,,
,,2005 - 2006,15.0,99.0,6.6,,,,,,
,,2006 - 2007,11.0,72.0,6.55,,,,,,
,,2007 - 2008,3.0,20.0,6.67,,,,,,
,,2008 - 2009,6.0,58.0,9.67,,,,,,
,,2009 - 2010,14.0,130.0,9.29,,,,,,
,,2010 - 2011,20.0,221.0,11.05,,,,,,
,,2011 - 2012,19.0,201.0,10.58,,,,,,
,,2012 - 2013,11.0,116.0,10.55,,,,,,
,,2013 - 2014,20.0,175.0,8.75,,,,,,
,,2015 - 2016,25.0,187.0,7.48,,,,,,
,,2016 - 2017,36.0,218.0,6.06,,,,,,
,,2017 - 2018,22.0,184.0,8.36,,,,,,
,,2018 - 2019,41.0,545.0,13.29,,,,,,
,,2019 - 2020,8.0,102.0,12.75,,,,,,
,,2020 - 2021,15.0,193.0,12.87,,,,,,
,,2021 - 2022,24.0,304.0,12.67,,,,,,
,,2022 - 2023,25.0,254.0,10.16,,,,,,
,Udupi,2000 - 2001,73.0,573.0,7.85,,,,,,
,,2002 - 2003,69.0,542.0,7.86,,,,,,
,,2003 - 2004,67.0,526.0,7.85,,,,,,
,,2004 - 2005,66.0,518.0,7.85,,,,,,
,,2005 - 2006,58.0,455.0,7.84,,,,,,
,,2006 - 2007,60.0,471.0,7.85,,,,,,
,,2007 - 2008,62.0,487.0,7.85,,,,,,
,,2008 - 2009,60.0,582.0,9.7,,,,,,
,,2009 - 2010,59.0,547.0,9.27,,,,,,
,,2010 - 2011,54.0,597.0,11.06,,,,,,
,,2011 - 2012,47.0,496.0,10.55,,,,,,
,,2012 - 2013,43.0,454.0,10.56,,,,,,
,,2013 - 2014,32.0,280.0,8.75,,,,,,
,,2014 - 2015,30.0,269.0,8.97,,,,,,
,,2015 - 2016,32.0,240.0,7.5,,,,,,
,,2016 - 2017,31.0,188.0,6.06,,,,,,
,,2017 - 2018,32.0,268.0,8.38,,,,,,
,,2018 - 2019,2.0,27.0,13.5,,,,,,
,,2019 - 2020,6.0,76.0,12.67,,,,,,
,,2020 - 2021,5.0,64.0,12.8,,,,,,
,Uttar kannad,2020 - 2021,2.0,26.0,13.0,,,,,,
,Yadgir,2018 - 2019,2.0,27.0,13.5,,,,,,
,,2019 - 2020,19.0,241.0,12.68,,,,,,
,,2020 - 2021,14.0,180.0,12.86,,,,,,
,,2021 - 2022,3.0,38.0,12.67,,,,,,
Kerala,Alappuzha,2000 - 2001,,,16.79,,,,,,
,,2001 - 2002,,,16.65,,,,,,
,,2002 - 2003,,,17.22,,,,,,
,,2003 - 2004,,,23.69,,,,,,
,,2004 - 2005,,,23.73,,,,,,
,,2005 - 2006,,,23.35,,,,,,
,,2006 - 2007,,,25.07,,,,,,
,,2007 - 2008,,,28.19,,,,,,
,,2008 - 2009,,,29.21,,,,,,
,,2009 - 2010,,,27.35,,,,,,
,,2010 - 2011,,,27.61,,,,,,
,,2011 - 2012,,,24.92,,,,,,
,,2012 - 2013,,,28.65,,,,,,
,,2013 - 2014,,,24.78,,,,,,
,,2014 - 2015,,,32.9,,,,,,
,,2015 - 2016,,,32.34,,,,,,
,,2016 - 2017,,,39.62,,,,,,
,,2017 - 2018,,,34.45,,,,,,
,,2018 - 2019,,,31.75,,,,,,
,,2019 - 2020,,,41.6,,,,,,
,,2020 - 2021,,,50.72,,,,,,
,,2021 - 2022,,,42.77,,,,,,
,,2022 - 2023,,,41.47,,,,,,
,Ernakulam,2000 - 2001,,,29.68,,,,,,
,,2001 - 2002,,,24.83,,,,,,
,,2002 - 2003,,,30.07,,,,,,
,,2003 - 2004,,,29.03,,,,,,
,,2004 - 2005,,,29.45,,,,,,
,,2005 - 2006,,,32.4,,,,,,
,,2006 - 2007,,,36.53,,,,,,
,,2007 - 2008,,,34.7,,,,,,
,,2008 - 2009,,,36.96,,,,,,
,,2009 - 2010,,,43.37,,,,,,
,,2010 - 2011,,,40.34,,,,,,
,,2011 - 2012,,,39.36,,,,,,
,,2012 - 2013,,,38.87,,,,,,
,,2013 - 2014,,,41.3,,,,,,
,,2014 - 2015,,,42.58,,,,,,
,,2015 - 2016,,,46.43,,,,,,
,,2016 - 2017,,,42.45,,,,,,
,,2017 - 2018,,,46.69,,,,,,
,,2018 - 2019,,,40.1,,,,,,
,,2019 - 2020,,,53.08,,,,,,
,,2020 - 2021,,,56.08,,,,,,
,,2021 - 2022,,,53.14,,,,,,
,,2022 - 2023,,,50.03,,,,,,
,Idukki,2000 - 2001,,,34.27,,,,,,
,,2001 - 2002,,,31.8,,,,,,
,,2002 - 2003,,,32.0,,,,,,
,,2003 - 2004,,,37.33,,,,,,
,,2004 - 2005,,,34.89,,,,,,
,,2005 - 2006,,,31.07,,,,,,
,,2006 - 2007,,,32.33,,,,,,
,,2007 - 2008,,,33.21,,,,,,
,,2008 - 2009,,,33.13,,,,,,
,,2009 - 2010,,,35.36,,,,,,
,,2010 - 2011,,,38.62,,,,,,
,,2011 - 2012,,,41.32,,,,,,
,,2012 - 2013,,,48.63,,,,,,
,,2013 - 2014,,,49.51,,,,,,
,,2014 - 2015,,,45.21,,,,,,
,,2015 - 2016,,,46.15,,,,,,
,,2016 - 2017,,,42.57,,,,,,
,,2017 - 2018,,,43.05,,,,,,
,,2018 - 2019,,,40.65,,,,,,
,,2019 - 2020,,,46.71,,,,,,
,,2020 - 2021,,,53.91,,,,,,
,,2021 - 2022,,,55.1,,,,,,
,,2022 - 2023,,,49.81,,,,,,
,Kannur,2000 - 2001,,,22.99,,,,,,
,,2001 - 2002,,,21.35,,,,,,
,,2002 - 2003,,,26.55,,,,,,
,,2003 - 2004,,,28.61,,,,,,
,,2004 - 2005,,,25.69,,,,,,
,,2005 - 2006,,,26.16,,,,,,
,,2006 - 2007,,,28.63,,,,,,
,,2007 - 2008,,,28.6,,,,,,
,,2008 - 2009,,,32.69,,,,,,
,,2009 - 2010,,,37.32,,,,,,
,,2010 - 2011,,,35.63,,,,,,
,,2011 - 2012,,,38.43,,,,,,
,,2012 - 2013,,,36.68,,,,,,
,,2013 - 2014,,,38.66,,,,,,
,,2014 - 2015,,,40.38,,,,,,
,,2015 - 2016,,,39.18,,,,,,
,,2016 - 2017,,,40.37,,,,,,
,,2017 - 2018,,,41.61,,,,,,
,,2018 - 2019,,,35.79,,,,,,
,,2019 - 2020,,,37.96,,,,,,
,,2020 - 2021,,,47.91,,,,,,
,,2021 - 2022,959.0,,44.99,,,,,,
,,2022 - 2023,,,41.19,,,,,,
,Kasaragod,2000 - 2001,,,20.21,,,,,,
,,2001 - 2002,,,22.73,,,,,,
,,2002 - 2003,,,23.88,,,,,,
,,2003 - 2004,757.0,,24.61,,,,,,
,,2004 - 2005,717.0,,26.07,,,,,,
,,2005 - 2006,576.0,,23.88,,,,,,
,,2006 - 2007,503.0,,24.41,,,,,,
,,2007 - 2008,452.0,,21.71,,,,,,
,,2008 - 2009,245.0,,23.15,,,,,,
,,2009 - 2010,389.0,,22.75,,,,,,
,,2010 - 2011,335.26,,24.04,,,,,,
,,2011 - 2012,292.1,,24.84,,,,,,
,,2012 - 2013,274.0,,22.07,,,,,,
,,2013 - 2014,331.0,,29.69,,,,,,
,,2014 - 2015,413.0,,31.3,,,,,,
,,2015 - 2016,504.31,,39.64,,,,,,
,,2016 - 2017,443.0,,30.86,,,,,,
,,2017 - 2018,472.0,,31.93,,,,,,
,,2018 - 2019,420.11,,30.21,,,,,,
,,2019 - 2020,440.0,,31.49,,,,,,
,,2020 - 2021,674.53,,38.34,,,,,,
,,2021 - 2022,360.0,,43.37,,,,,,
,,2022 - 2023,483.97,,41.16,,,,,,
,Kollam,2000 - 2001,,,21.38,,,,,,
,,2001 - 2002,,,21.44,,,,,,
,,2002 - 2003,,,23.11,,,,,,
,,2003 - 2004,,,26.12,,,,,,
,,2004 - 2005,,,26.47,,,,,,
,,2005 - 2006,,,29.18,,,,,,
,,2006 - 2007,,,27.29,,,,,,
,,2007 - 2008,,,30.57,,,,,,
,,2008 - 2009,,,28.43,,,,,,
,,2009 - 2010,,,29.71,,,,,,
,,2010 - 2011,,,28.13,,,,,,
,,2011 - 2012,,,31.17,,,,,,
,,2012 - 2013,,,32.41,,,,,,
,,2013 - 2014,,,34.43,,,,,,
,,2014 - 2015,,,38.85,,,,,,
,,2015 - 2016,,,35.04,,,,,,
,,2016 - 2017,,,30.57,,,,,,
,,2017 - 2018,,,34.12,,,,,,
,,2018 - 2019,,,34.92,,,,,,
,,2019 - 2020,,,37.88,,,,,,
,,2020 - 2021,,,45.48,,,,,,
,,2021 - 2022,,,43.37,,,,,,
,,2022 - 2023,,,38.05,,,,,,
,Kottayam,2000 - 2001,,,29.36,,,,,,
,,2001 - 2002,,,25.96,,,,,,
,,2002 - 2003,,,30.18,,,,,,
,,2003 - 2004,,,31.05,,,,,,
,,2004 - 2005,,,28.35,,,,,,
,,2005 - 2006,,,31.83,,,,,,
,,2006 - 2007,,,32.52,,,,,,
,,2007 - 2008,,,28.25,,,,,,
,,2008 - 2009,,,35.39,,,,,,
,,2009 - 2010,,,38.67,,,,,,
,,2010 - 2011,,,37.88,,,,,,
,,2011 - 2012,,,35.48,,,,,,
,,2012 - 2013,,,35.41,,,,,,
,,2013 - 2014,,,39.37,,,,,,
,,2014 - 2015,,,38.9,,,,,,
,,2015 - 2016,,,39.15,,,,,,
,,2016 - 2017,,,40.1,,,,,,
,,2017 - 2018,,,42.83,,,,,,
,,2018 - 2019,,,43.54,,,,,,
,,2019 - 2020,,,47.44,,,,,,
,,2020 - 2021,,,53.73,,,,,,
,,2021 - 2022,,,49.98,,,,,,
,,2022 - 2023,,,50.68,,,,,,
,Kozhikode,2000 - 2001,,,21.89,,,,,,
,,2001 - 2002,,,16.59,,,,,,
,,2002 - 2003,,,19.43,,,,,,
,,2003 - 2004,,,27.38,,,,,,
,,2004 - 2005,,,25.17,,,,,,
,,2005 - 2006,,,24.76,,,,,,
,,2006 - 2007,,,23.06,,,,,,
,,2007 - 2008,,,23.06,,,,,,
,,2008 - 2009,,,26.12,,,,,,
,,2009 - 2010,,,28.07,,,,,,
,,2010 - 2011,,,26.46,,,,,,
,,2011 - 2012,,,21.73,,,,,,
,,2012 - 2013,,,23.69,,,,,,
,,2013 - 2014,,,24.25,,,,,,
,,2014 - 2015,,,29.45,,,,,,
,,2015 - 2016,,,24.87,,,,,,
,,2016 - 2017,,,28.52,,,,,,
,,2017 - 2018,,,29.93,,,,,,
,,2018 - 2019,,,26.66,,,,,,
,,2019 - 2020,,,35.2,,,,,,
,,2020 - 2021,,,39.57,,,,,,
,,2021 - 2022,,,43.93,,,,,,
,,2022 - 2023,,,32.23,,,,,,
,Malappuram,2000 - 2001,,,24.66,,,,,,
,,2001 - 2002,,,23.17,,,,,,
,,2002 - 2003,,,25.38,,,,,,
,,2003 - 2004,,,32.09,,,,,,
,,2004 - 2005,,,30.8,,,,,,
,,2005 - 2006,,,30.68,,,,,,
,,2006 - 2007,,,31.67,,,,,,
,,2007 - 2008,,,40.51,,,,,,
,,2008 - 2009,,,38.88,,,,,,
,,2009 - 2010,,,38.83,,,,,,
,,2010 - 2011,,,35.85,,,,,,
,,2011 - 2012,,,35.15,,,,,,
,,2012 - 2013,,,37.02,,,,,,
,,2013 - 2014,,,34.75,,,,,,
,,2014 - 2015,,,35.4,,,,,,
,,2015 - 2016,,,38.73,,,,,,
,,2016 - 2017,,,35.18,,,,,,
,,2017 - 2018,,,37.1,,,,,,
,,2018 - 2019,,,35.72,,,,,,
,,2019 - 2020,,,33.78,,,,,,
,,2020 - 2021,,,41.32,,,,,,
,,2021 - 2022,,,46.36,,,,,,
,,2022 - 2023,,,42.4,,,,,,
,Palakkad,2000 - 2001,,,20.51,,,,,,
,,2001 - 2002,,,23.6,,,,,,
,,2002 - 2003,,,21.17,,,,,,
,,2003 - 2004,,,23.36,,,,,,
,,2004 - 2005,,,24.34,,,,,,
,,2005 - 2006,,,26.37,,,,,,
,,2006 - 2007,,,26.68,,,,,,
,,2007 - 2008,,,22.49,,,,,,
,,2008 - 2009,,,23.58,,,,,,
,,2009 - 2010,,,31.81,,,,,,
,,2010 - 2011,,,27.62,,,,,,
,,2011 - 2012,,,30.19,,,,,,
,,2012 - 2013,,,29.17,,,,,,
,,2013 - 2014,,,28.96,,,,,,
,,2014 - 2015,,,29.89,,,,,,
,,2015 - 2016,,,31.83,,,,,,
,,2016 - 2017,,,29.09,,,,,,
,,2017 - 2018,,,30.9,,,,,,
,,2018 - 2019,,,32.1,,,,,,
,,2019 - 2020,,,47.7,,,,,,
,,2020 - 2021,,,56.54,,,,,,
,,2021 - 2022,,,43.45,,,,,,
,,2022 - 2023,,,44.97,,,,,,
,Pathanamthitta,2000 - 2001,,,21.85,,,,,,
,,2001 - 2002,,,22.56,,,,,,
,,2002 - 2003,,,24.46,,,,,,
,,2003 - 2004,,,24.55,,,,,,
,,2004 - 2005,,,28.41,,,,,,
,,2005 - 2006,,,32.41,,,,,,
,,2006 - 2007,,,35.28,,,,,,
,,2007 - 2008,,,37.36,,,,,,
,,2008 - 2009,,,36.48,,,,,,
,,2009 - 2010,,,45.6,,,,,,
,,2010 - 2011,,,38.41,,,,,,
,,2011 - 2012,,,38.78,,,,,,
,,2012 - 2013,,,39.64,,,,,,
,,2013 - 2014,,,42.15,,,,,,
,,2014 - 2015,,,43.58,,,,,,
,,2015 - 2016,,,40.22,,,,,,
,,2016 - 2017,,,45.28,,,,,,
,,2017 - 2018,,,43.86,,,,,,
,,2018 - 2019,,,44.75,,,,,,
,,2019 - 2020,,,49.36,,,,,,
,,2020 - 2021,,,50.55,,,,,,
,,2021 - 2022,,,48.84,,,,,,
,,2022 - 2023,,,50.41,,,,,,
,Thiruvananthapuram,2000 - 2001,,,17.29,,,,,,
,,2001 - 2002,,,18.16,,,,,,
,,2002 - 2003,,,16.41,,,,,,
,,2003 - 2004,,,20.49,,,,,,
,,2004 - 2005,,,23.55,,,,,,
,,2005 - 2006,,,23.64,,,,,,
,,2006 - 2007,,,23.08,,,,,,
,,2007 - 2008,,,24.98,,,,,,
,,2008 - 2009,,,25.92,,,,,,
,,2009 - 2010,,,26.28,,,,,,
,,2010 - 2011,,,28.7,,,,,,
,,2011 - 2012,,,30.62,,,,,,
,,2012 - 2013,,,30.41,,,,,,
,,2013 - 2014,,,32.9,,,,,,
,,2014 - 2015,,,37.22,,,,,,
,,2015 - 2016,,,36.77,,,,,,
,,2016 - 2017,,,35.56,,,,,,
,,2017 - 2018,,,36.04,,,,,,
,,2018 - 2019,,,36.47,,,,,,
,,2019 - 2020,,,36.06,,,,,,
,,2020 - 2021,,,37.2,,,,,,
,,2021 - 2022,,,34.61,,,,,,
,,2022 - 2023,,,35.76,,,,,,
,Thrissur,2000 - 2001,,,25.37,,,,,,
,,2001 - 2002,,,19.8,,,,,,
,,2002 - 2003,,,18.79,,,,,,
,,2003 - 2004,,,20.24,,,,,,
,,2004 - 2005,,,23.59,,,,,,
,,2005 - 2006,,,19.94,,,,,,
,,2006 - 2007,,,29.64,,,,,,
,,2007 - 2008,,,26.99,,,,,,
,,2008 - 2009,,,31.72,,,,,,
,,2009 - 2010,924.0,,30.56,,,,,,
,,2010 - 2011,,,37.57,,,,,,
,,2011 - 2012,,,36.78,,,,,,
,,2012 - 2013,,,46.51,,,,,,
,,2013 - 2014,,,41.72,,,,,,
,,2014 - 2015,,,44.93,,,,,,
,,2015 - 2016,,,42.35,,,,,,
,,2016 - 2017,,,40.53,,,,,,
,,2017 - 2018,,,45.01,,,,,,
,,2018 - 2019,976.26,,42.42,,,,,,
,,2019 - 2020,957.0,,46.72,,,,,,
,,2020 - 2021,,,59.2,,,,,,
,,2021 - 2022,988.0,,53.63,,,,,,
,,2022 - 2023,936.65,,48.17,,,,,,
,Wayanad,2000 - 2001,,,33.9,,,,,,
,,2001 - 2002,,,34.71,,,,,,
,,2002 - 2003,,,34.04,,,,,,
,,2003 - 2004,,,52.24,,,,,,
,,2004 - 2005,,,42.97,,,,,,
,,2005 - 2006,,,36.46,,,,,,
,,2006 - 2007,,,36.28,,,,,,
,,2007 - 2008,,,31.14,,,,,,
,,2008 - 2009,,,41.32,,,,,,
,,2009 - 2010,,,47.48,,,,,,
,,2010 - 2011,,,52.5,,,,,,
,,2011 - 2012,,,49.42,,,,,,
,,2012 - 2013,,,44.96,,,,,,
,,2013 - 2014,,,41.7,,,,,,
,,2014 - 2015,,,42.88,,,,,,
,,2015 - 2016,,,41.24,,,,,,
,,2016 - 2017,,,35.75,,,,,,
,,2017 - 2018,,,36.18,,,,,,
,,2018 - 2019,,,33.15,,,,,,
,,2019 - 2020,,,42.34,,,,,,
,,2020 - 2021,,,48.4,,,,,,
,,2021 - 2022,,,42.67,,,,,,
,,2022 - 2023,,,44.62,,,,,,
Manipur,Bishnupur,2002 - 2003,60.0,190.0,3.17,,,,,,
,,2003 - 2004,40.0,224.0,5.6,,,,,,
,Chandel,2002 - 2003,100.0,575.0,5.75,,,,,,
,,2003 - 2004,30.0,168.0,5.6,,,,,,
,Churachandpur,2002 - 2003,30.0,300.0,10.0,,,,,,
,,2003 - 2004,50.0,280.0,5.6,,,,,,
,Imphal east,2003 - 2004,12.0,67.0,5.58,,,,,,
,Imphal west,2002 - 2003,5.0,14.0,2.8,,,,,,
,,2003 - 2004,15.0,84.0,5.6,,,,,,
,Senapati,2002 - 2003,6.0,19.0,3.17,,,,,,
,,2003 - 2004,20.0,112.0,5.6,,,,,,
,Tamenglong,2002 - 2003,10.0,32.0,3.2,,,,,,
,,2003 - 2004,52.0,291.0,5.6,,,,,,
,Thoubal,2003 - 2004,15.0,84.0,5.6,,,,,,
,Ukhrul,2002 - 2003,12.0,108.0,9.0,,,,,,
,,2003 - 2004,9.0,50.0,5.56,,,,,,
Meghalaya,East garo hills,2000 - 2001,,,5.05,,,,,,
,,2001 - 2002,,,5.07,,,,,,
,,2002 - 2003,,,5.1,,,,,,
,,2003 - 2004,,,5.07,,,,,,
,,2004 - 2005,,,5.1,,,,,,
,,2005 - 2006,,,5.1,,,,,,
,,2006 - 2007,,,,,,5.11,,,
,,2008 - 2009,,,5.1,,,,,,
,,2009 - 2010,,,,,,5.1,,,
,,2010 - 2011,,,,,,5.1,,,
,,2011 - 2012,,,,,,5.15,,,
,,2012 - 2013,,,,,,5.59,,,
,,2013 - 2014,,,,,,5.6,,,
,,2014 - 2015,,,,,,5.66,,,
,,2015 - 2016,,,,,,5.69,,,
,,2016 - 2017,,,,,,5.68,,,
,,2017 - 2018,,,,,,5.69,,,
,,2018 - 2019,,,,,,5.69,,,
,,2019 - 2020,,,,,,5.69,,,
,,2020 - 2021,,,,,,5.69,,,
,,2021 - 2022,,,,,,5.69,,,
,,2022 - 2023,,,,,,5.69,,,
,East jaintia hills,2000 - 2001,29.0,296.0,10.21,,,,,,
,,2001 - 2002,29.0,396.0,13.66,,,,,,
,,2002 - 2003,29.0,396.0,13.66,,,,,,
,,2003 - 2004,30.0,409.0,13.63,,,,,,
,,2004 - 2005,30.0,410.0,13.67,,,,,,
,,2005 - 2006,31.0,421.0,13.58,,,,,,
,,2006 - 2007,,,,31.0,422.0,13.61,,,
,,2008 - 2009,20.0,234.0,11.7,,,,,,
,,2009 - 2010,,,,18.0,190.0,10.56,,,
,,2010 - 2011,,,,9.0,92.0,10.22,,,
,,2011 - 2012,,,,11.0,113.0,10.27,,,
,,2012 - 2013,,,,25.0,257.0,10.28,,,
,,2013 - 2014,,,,5.0,49.0,9.8,,,
,,2014 - 2015,,,,6.0,57.0,9.5,,,
,,2015 - 2016,,,,6.0,59.0,9.83,,,
,,2016 - 2017,,,,7.0,62.0,8.86,,,
,,2017 - 2018,,,,7.0,62.0,8.86,,,
,,2018 - 2019,,,,7.0,62.0,8.86,,,
,,2019 - 2020,,,,7.0,62.0,8.86,,,
,,2020 - 2021,,,,7.0,62.0,8.86,,,
,,2021 - 2022,,,,7.0,62.0,8.86,,,
,,2022 - 2023,,,,7.0,62.0,8.86,,,
,East khasi hills,2000 - 2001,395.0,,5.5,,,,,,
,,2001 - 2002,375.0,,5.53,,,,,,
,,2002 - 2003,377.0,,5.54,,,,,,
,,2003 - 2004,409.0,,5.52,,,,,,
,,2004 - 2005,423.0,,5.26,,,,,,
,,2005 - 2006,425.0,,5.25,,,,,,
,,2006 - 2007,,,,435.0,,5.26,,,
,,2008 - 2009,431.0,,5.29,,,,,,
,,2009 - 2010,,,,428.0,,5.25,,,
,,2010 - 2011,,,,426.0,,5.24,,,
,,2011 - 2012,,,,428.0,,5.28,,,
,,2012 - 2013,,,,468.0,,6.47,,,
,,2013 - 2014,,,,496.0,,6.55,,,
,,2014 - 2015,,,,506.0,,6.67,,,
,,2015 - 2016,,,,510.0,,6.69,,,
,,2016 - 2017,,,,561.0,,7.26,,,
,,2017 - 2018,,,,562.0,,7.26,,,
,,2018 - 2019,,,,563.0,,7.26,,,
,,2019 - 2020,,,,564.0,,7.26,,,
,,2020 - 2021,,,,566.0,,7.26,,,
,,2021 - 2022,,,,567.0,,7.26,,,
,,2022 - 2023,,,,567.0,,7.26,,,
,North garo hills,2013 - 2014,,,,668.0,,5.72,,,
,,2014 - 2015,,,,671.0,,5.73,,,
,,2015 - 2016,,,,683.0,,5.87,,,
,,2016 - 2017,,,,719.0,,5.87,,,
,,2017 - 2018,,,,721.0,,5.87,,,
,,2018 - 2019,,,,722.0,,5.87,,,
,,2019 - 2020,,,,723.0,,5.87,,,
,,2020 - 2021,,,,724.0,,5.87,,,
,,2021 - 2022,,,,725.0,,5.87,,,
,,2022 - 2023,,,,725.0,,5.87,,,
,Ri bhoi,2000 - 2001,15.0,73.0,4.87,,,,,,
,,2001 - 2002,15.0,73.0,4.87,,,,,,
,,2002 - 2003,15.0,73.0,4.87,,,,,,
,,2003 - 2004,16.0,78.0,4.88,,,,,,
,,2004 - 2005,17.0,83.0,4.88,,,,,,
,,2005 - 2006,17.0,84.0,4.94,,,,,,
,,2006 - 2007,,,,19.0,83.0,4.37,,,
,,2008 - 2009,40.0,236.0,5.9,,,,,,
,,2009 - 2010,,,,38.0,222.0,5.84,,,
,,2010 - 2011,,,,41.0,243.0,5.93,,,
,,2011 - 2012,,,,43.0,259.0,6.02,,,
,,2012 - 2013,,,,57.0,344.0,6.04,,,
,,2013 - 2014,,,,60.0,366.0,6.1,,,
,,2014 - 2015,,,,62.0,375.0,6.05,,,
,,2015 - 2016,,,,64.0,389.0,6.08,,,
,,2016 - 2017,,,,71.0,448.0,6.31,,,
,,2017 - 2018,,,,73.0,461.0,6.32,,,
,,2018 - 2019,,,,73.0,461.0,6.32,,,
,,2019 - 2020,,,,73.0,461.0,6.32,,,
,,2020 - 2021,,,,73.0,461.0,6.32,,,
,,2021 - 2022,,,,73.0,461.0,6.32,,,
,,2022 - 2023,,,,73.0,461.0,6.32,,,
,South garo hills,2000 - 2001,302.0,,5.58,,,,,,
,,2001 - 2002,305.0,,5.58,,,,,,
,,2002 - 2003,305.0,,6.77,,,,,,
,,2003 - 2004,302.0,,5.42,,,,,,
,,2004 - 2005,291.0,,5.49,,,,,,
,,2005 - 2006,296.0,,5.56,,,,,,
,,2006 - 2007,,,,287.0,,5.56,,,
,,2008 - 2009,281.0,,5.56,,,,,,
,,2009 - 2010,,,,280.0,,5.56,,,
,,2010 - 2011,,,,277.0,,5.56,,,
,,2011 - 2012,,,,280.0,,5.56,,,
,,2012 - 2013,,,,308.0,,6.78,,,
,,2013 - 2014,,,,327.0,,6.85,,,
,,2014 - 2015,,,,332.0,,6.92,,,
,,2015 - 2016,,,,336.0,,6.93,,,
,,2016 - 2017,,,,320.0,,8.8,,,
,,2017 - 2018,,,,321.0,,8.8,,,
,,2018 - 2019,,,,322.0,,8.8,,,
,,2019 - 2020,,,,323.0,,8.8,,,
,,2020 - 2021,,,,324.0,,8.8,,,
,,2021 - 2022,,,,325.0,,8.8,,,
,,2022 - 2023,,,,344.0,,8.81,,,
,South west garo hills,2013 - 2014,,,,387.0,,6.21,,,
,,2014 - 2015,,,,392.0,,6.28,,,
,,2015 - 2016,,,,399.0,,6.39,,,
,,2016 - 2017,,,,443.0,,6.94,,,
,,2017 - 2018,,,,445.0,,6.94,,,
,,2018 - 2019,,,,446.0,,6.94,,,
,,2019 - 2020,,,,447.0,,6.94,,,
,,2020 - 2021,,,,448.0,,6.94,,,
,,2021 - 2022,,,,449.0,,6.94,,,
,,2022 - 2023,,,,451.0,,6.94,,,
,South west khasi hills,2013 - 2014,,,,269.0,,6.27,,,
,,2014 - 2015,,,,271.0,,6.41,,,
,,2015 - 2016,,,,277.0,,6.5,,,
,,2016 - 2017,,,,248.0,,8.9,,,
,,2017 - 2018,,,,249.0,,8.9,,,
,,2018 - 2019,,,,250.0,,8.9,,,
,,2019 - 2020,,,,251.0,,8.9,,,
,,2020 - 2021,,,,252.0,,8.9,,,
,,2021 - 2022,,,,253.0,,8.91,,,
,,2022 - 2023,,,,253.0,,8.91,,,
,West garo hills,2000 - 2001,,,5.53,,,,,,
,,2001 - 2002,,,4.97,,,,,,
,,2002 - 2003,,,4.97,,,,,,
,,2003 - 2004,,,4.98,,,,,,
,,2004 - 2005,,,4.99,,,,,,
,,2005 - 2006,,,5.02,,,,,,
,,2006 - 2007,,,,,,5.03,,,
,,2008 - 2009,,,5.03,,,,,,
,,2009 - 2010,,,,,,4.33,,,
,,2010 - 2011,,,,,,5.04,,,
,,2011 - 2012,,,,,,5.05,,,
,,2012 - 2013,,,,,,5.72,,,
,,2013 - 2014,,,,,,5.63,,,
,,2014 - 2015,,,,,,5.67,,,
,,2015 - 2016,,,,,,5.77,,,
,,2016 - 2017,,,,,,5.77,,,
,,2017 - 2018,,,,,,5.77,,,
,,2018 - 2019,,,,,,5.77,,,
,,2019 - 2020,,,,,,5.77,,,
,,2020 - 2021,,,,,,5.77,,,
,,2021 - 2022,,,,,,5.77,,,
,,2022 - 2023,,,,,,5.77,,,
,West jaintia hills,2013 - 2014,,,,22.0,230.0,10.45,,,
,,2014 - 2015,,,,23.0,240.0,10.43,,,
,,2015 - 2016,,,,25.0,261.0,10.44,,,
,,2016 - 2017,,,,26.0,287.0,11.04,,,
,,2017 - 2018,,,,27.0,298.0,11.04,,,
,,2018 - 2019,,,,27.0,298.0,11.04,,,
,,2019 - 2020,,,,27.0,298.0,11.04,,,
,,2020 - 2021,,,,27.0,298.0,11.04,,,
,,2021 - 2022,,,,27.0,298.0,11.04,,,
,,2022 - 2023,,,,27.0,298.0,11.04,,,
,West khasi hills,2000 - 2001,665.0,,5.12,,,,,,
,,2001 - 2002,663.0,,5.13,,,,,,
,,2002 - 2003,651.0,,5.08,,,,,,
,,2003 - 2004,629.0,,5.07,,,,,,
,,2004 - 2005,634.0,,5.18,,,,,,
,,2005 - 2006,636.0,,5.3,,,,,,
,,2006 - 2007,,,,638.0,,5.29,,,
,,2008 - 2009,642.0,,5.29,,,,,,
,,2009 - 2010,,,,652.0,,5.5,,,
,,2010 - 2011,,,,649.0,,5.52,,,
,,2011 - 2012,,,,651.0,,5.53,,,
,,2012 - 2013,,,,721.0,,6.69,,,
,,2013 - 2014,,,,497.0,,7.02,,,
,,2014 - 2015,,,,501.0,,7.02,,,
,,2015 - 2016,,,,510.0,,7.05,,,
,,2016 - 2017,,,,561.0,,7.63,,,
,,2017 - 2018,,,,563.0,,7.64,,,
,,2018 - 2019,,,,564.0,,7.64,,,
,,2019 - 2020,,,,565.0,,7.64,,,
,,2020 - 2021,,,,566.0,,7.64,,,
,,2021 - 2022,,,,567.0,,7.64,,,
,,2022 - 2023,,,,568.0,,7.64,,,
Mizoram,Aizawl,2001 - 2002,126.0,574.0,4.56,,,,,,
,,2002 - 2003,42.0,273.0,6.5,,,,,,
,,2003 - 2004,17.0,220.0,12.94,,,,,,
,,2009 - 2010,,,,20.0,331.0,16.55,,,
,,2010 - 2011,,,,25.0,314.0,12.56,,,
,,2011 - 2012,,,,12.0,21.0,1.75,,,
,,2015 - 2016,,,,22.0,230.0,10.45,,,
,,2016 - 2017,,,,25.0,85.0,3.4,,,
,,2017 - 2018,,,,45.0,162.0,3.6,,,
,,2020 - 2021,,,,70.0,595.0,8.5,,,
,Champhai,2001 - 2002,92.0,112.0,1.22,,,,,,
,,2002 - 2003,95.0,143.0,1.51,,,,,,
,,2005 - 2006,,,,10.0,92.0,9.2,,,
,,2009 - 2010,,,,95.0,141.0,1.48,,,
,,2010 - 2011,,,,138.0,212.0,1.54,,,
,,2011 - 2012,,,,179.0,255.0,1.42,,,
,,2013 - 2014,,,,85.0,109.0,1.28,,,
,,2014 - 2015,,,,50.0,69.0,1.38,,,
,,2015 - 2016,,,,38.0,36.0,0.95,,,
,,2016 - 2017,,,,26.0,24.0,0.92,,,
,,2017 - 2018,,,,8.0,7.9,0.99,,,
,,2018 - 2019,,,,9.0,24.0,2.67,,,
,,2019 - 2020,,,,14.0,25.0,1.79,,,
,,2020 - 2021,,,,2.0,9.0,4.5,,,
,,2021 - 2022,,,,4.0,19.0,4.75,,,
,Hnahthial,2020 - 2021,,,,12.0,81.0,6.75,,,
,,2021 - 2022,,,,11.0,20.0,1.82,,,
,,2022 - 2023,,,,12.0,81.0,6.75,,,
,Khawzawl,2020 - 2021,,,,6.0,10.0,1.67,,,
,Kolasib,2001 - 2002,20.0,160.0,8.0,,,,,,
,,2002 - 2003,25.0,280.0,11.2,,,,,,
,,2003 - 2004,12.0,134.0,11.17,,,,,,
,,2004 - 2005,,,,19.0,191.0,10.05,,,
,,2005 - 2006,,,,15.0,155.0,10.33,,,
,,2008 - 2009,,,,3.0,1.0,0.33,,,
,,2009 - 2010,,,,26.0,317.0,12.19,,,
,,2010 - 2011,,,,101.0,437.0,4.33,,,
,,2011 - 2012,,,,106.0,464.0,4.38,,,
,,2012 - 2013,,,,26.0,361.0,13.88,,,
,,2013 - 2014,,,,29.0,,37.83,,,
,,2014 - 2015,,,,33.0,,36.82,,,
,,2016 - 2017,,,,40.0,,36.93,,,
,,2017 - 2018,,,,34.0,,36.85,,,
,,2018 - 2019,,,,34.0,,37.97,,,
,,2019 - 2020,,,,32.0,374.0,11.69,,,
,,2020 - 2021,,,,53.0,632.0,11.92,,,
,,2021 - 2022,,,,48.0,567.0,11.81,,,
,Lawngtlai,2005 - 2006,,,,82.0,122.0,1.49,,,
,,2009 - 2010,,,,11.0,110.0,10.0,,,
,,2010 - 2011,,,,14.0,117.0,8.36,,,
,,2011 - 2012,,,,19.0,137.0,7.21,,,
,,2013 - 2014,,,,27.0,105.0,3.89,,,
,,2014 - 2015,,,,32.0,124.0,3.88,,,
,,2015 - 2016,,,,33.0,118.0,3.58,,,
,,2016 - 2017,,,,33.0,117.0,3.55,,,
,,2017 - 2018,,,,52.0,184.5,3.55,,,
,,2018 - 2019,,,,54.0,171.0,3.17,,,
,,2019 - 2020,,,,65.0,211.0,3.25,,,
,,2020 - 2021,,,,60.0,199.0,3.32,,,
,,2021 - 2022,,,,62.0,205.0,3.31,,,
,,2022 - 2023,,,,145.0,523.0,3.61,,,
,Lunglei,2001 - 2002,69.0,633.0,9.17,,,,,,
,,2002 - 2003,70.0,634.0,9.06,,,,,,
,,2003 - 2004,44.0,215.0,4.89,,,,,,
,,2004 - 2005,,,,38.0,167.0,4.39,,,
,,2005 - 2006,,,,91.0,473.0,5.2,,,
,,2008 - 2009,,,,48.0,252.0,5.25,,,
,,2009 - 2010,,,,42.0,498.0,11.86,,,
,,2011 - 2012,,,,42.0,360.0,8.57,,,
,,2013 - 2014,,,,49.0,419.0,8.55,,,
,,2014 - 2015,,,,9.0,14.0,1.56,,,
,,2016 - 2017,,,,8.0,115.0,14.38,,,
,,2017 - 2018,,,,20.0,258.0,12.9,,,
,,2018 - 2019,,,,27.0,268.0,9.93,,,
,,2019 - 2020,,,,26.0,236.0,9.08,,,
,,2020 - 2021,,,,17.0,170.0,10.0,,,
,,2021 - 2022,,,,15.0,30.0,2.0,,,
,,2022 - 2023,,,,13.0,28.0,2.15,,,
,Mamit,2003 - 2004,66.0,121.0,1.83,,,,,,
,,2004 - 2005,,,,20.0,136.0,6.8,,,
,,2005 - 2006,,,,17.0,157.0,9.24,,,
,,2007 - 2008,,,,63.0,82.0,1.3,,,
,,2008 - 2009,,,,14.0,33.0,2.36,,,
,,2011 - 2012,,,,33.0,57.0,1.73,,,
,,2012 - 2013,,,,29.0,58.0,2.0,,,
,,2013 - 2014,,,,33.0,60.0,1.82,,,
,,2014 - 2015,,,,37.0,68.0,1.84,,,
,,2015 - 2016,,,,42.0,76.0,1.81,,,
,,2016 - 2017,,,,32.0,66.0,2.06,,,
,,2017 - 2018,,,,35.0,48.0,1.37,,,
,,2018 - 2019,,,,30.0,41.0,1.37,,,
,,2020 - 2021,,,,250.0,530.0,2.12,,,
,,2021 - 2022,,,,17.0,51.0,3.0,,,
,Saiha,2005 - 2006,,,,85.0,223.0,2.62,,,
,Saitual,2020 - 2021,,,,4.0,6.0,1.5,,,
,,2021 - 2022,,,,4.0,6.0,1.5,,,
,,2022 - 2023,,,,15.0,22.0,1.47,,,
Nagaland,Chumoukedima,2022 - 2023,,,,59.0,,22.46,,,
,Dimapur,2007 - 2008,,,,80.0,,23.0,,,
,,2008 - 2009,,,,150.0,,23.0,,,
,,2009 - 2010,,,,150.0,,11.53,,,
,,2010 - 2011,,,,90.0,,23.56,,,
,,2011 - 2012,,,,100.0,,23.3,,,
,,2012 - 2013,,,,120.0,,20.25,,,
,,2013 - 2014,,,,120.0,,20.25,,,
,,2014 - 2015,,,,140.0,,20.21,,,
,,2015 - 2016,,,,150.0,,18.87,,,
,,2016 - 2017,,,,160.0,,20.25,,,
,,2017 - 2018,,,,170.0,,20.29,,,
,,2018 - 2019,,,,180.0,,20.33,,,
,,2019 - 2020,,,,189.0,,20.33,,,
,,2020 - 2021,,,,199.0,,20.26,,,
,,2021 - 2022,,,,175.0,,10.0,,,
,,2022 - 2023,,,,52.0,,22.44,,,
,Kiphire,2008 - 2009,,,,100.0,,23.0,,,
,,2009 - 2010,,,,180.0,,11.39,,,
,,2010 - 2011,,,,100.0,,23.5,,,
,,2011 - 2012,,,,100.0,,23.5,,,
,,2012 - 2013,,,,120.0,,20.0,,,
,,2013 - 2014,,,,130.0,,20.23,,,
,,2014 - 2015,,,,140.0,,20.21,,,
,,2015 - 2016,,,,150.0,,20.2,,,
,,2016 - 2017,,,,160.0,,20.25,,,
,,2017 - 2018,,,,170.0,,20.29,,,
,,2018 - 2019,,,,180.0,,20.28,,,
,,2019 - 2020,,,,189.0,,20.28,,,
,,2020 - 2021,,,,199.0,,20.21,,,
,,2021 - 2022,,,,150.0,,14.0,,,
,,2022 - 2023,,,,133.0,,22.8,,,
,Kohima,2007 - 2008,,,,80.0,,23.88,,,
,,2008 - 2009,,,,150.0,,23.0,,,
,,2009 - 2010,,,,240.0,,11.42,,,
,,2010 - 2011,,,,140.0,,23.57,,,
,,2011 - 2012,,,,140.0,,23.57,,,
,,2012 - 2013,,,,160.0,,20.25,,,
,,2013 - 2014,,,,160.0,,20.25,,,
,,2014 - 2015,,,,170.0,,20.24,,,
,,2015 - 2016,,,,180.0,,20.28,,,
,,2016 - 2017,,,,190.0,,20.26,,,
,,2017 - 2018,,,,200.0,,20.25,,,
,,2018 - 2019,,,,210.0,,20.24,,,
,,2019 - 2020,,,,220.0,,20.28,,,
,,2020 - 2021,,,,231.0,,20.26,,,
,,2021 - 2022,,,,220.0,,20.0,,,
,,2022 - 2023,,,,137.0,,22.23,,,
,Longleng,2008 - 2009,,,,60.0,,23.0,,,
,,2009 - 2010,,,,160.0,,11.44,,,
,,2010 - 2011,,,,80.0,,23.75,,,
,,2011 - 2012,,,,90.0,,23.33,,,
,,2012 - 2013,,,,110.0,,20.0,,,
,,2013 - 2014,,,,110.0,,20.0,,,
,,2014 - 2015,,,,110.0,,20.0,,,
,,2015 - 2016,,,,120.0,,20.25,,,
,,2016 - 2017,,,,130.0,,20.31,,,
,,2017 - 2018,,,,150.0,,20.27,,,
,,2018 - 2019,,,,170.0,,20.24,,,
,,2019 - 2020,,,,179.0,,20.17,,,
,,2020 - 2021,,,,188.0,,20.15,,,
,,2021 - 2022,,,,250.0,,10.52,,,
,,2022 - 2023,,,,221.0,,21.72,,,
,Mokokchung,2007 - 2008,,,,100.0,,23.1,,,
,,2008 - 2009,,,,510.0,,23.04,,,
,,2009 - 2010,,,,660.0,,8.47,,,
,,2010 - 2011,,,,560.0,,23.48,,,
,,2011 - 2012,,,,580.0,,23.62,,,
,,2012 - 2013,,,,610.0,,20.31,,,
,,2013 - 2014,,,,640.0,,20.22,,,
,,2014 - 2015,,,,660.0,,20.24,,,
,,2015 - 2016,,,,670.0,,20.24,,,
,,2016 - 2017,,,,680.0,,20.22,,,
,,2017 - 2018,,,,690.0,,20.25,,,
,,2018 - 2019,,,,700.0,,20.24,,,
,,2019 - 2020,,,,734.0,,20.27,,,
,,2020 - 2021,,,,771.0,,20.24,,,
,,2021 - 2022,,,,230.0,,21.74,,,
,,2022 - 2023,,,,306.0,,23.11,,,
,Mon,2007 - 2008,,,,70.0,,23.14,,,
,,2008 - 2009,,,,100.0,,23.0,,,
,,2009 - 2010,,,,200.0,,11.2,,,
,,2010 - 2011,,,,120.0,,23.42,,,
,,2011 - 2012,,,,120.0,,23.42,,,
,,2012 - 2013,,,,140.0,,20.21,,,
,,2013 - 2014,,,,140.0,,20.21,,,
,,2014 - 2015,,,,140.0,,20.21,,,
,,2015 - 2016,,,,150.0,,20.8,,,
,,2016 - 2017,,,,160.0,,20.25,,,
,,2017 - 2018,,,,170.0,,20.24,,,
,,2018 - 2019,,,,180.0,,20.22,,,
,,2019 - 2020,,,,189.0,,20.22,,,
,,2020 - 2021,,,,199.0,,20.15,,,
,,2021 - 2022,,,,360.0,,10.69,,,
,,2022 - 2023,,,,318.0,,21.5,,,
,Noklak,2021 - 2022,,,,290.0,,12.75,,,
,,2022 - 2023,,,,256.0,,22.44,,,
,Nuiland,2022 - 2023,,,,64.0,,22.45,,,
,Peren,2008 - 2009,,,,120.0,,23.0,,,
,,2009 - 2010,,,,160.0,,11.44,,,
,,2010 - 2011,,,,90.0,,23.44,,,
,,2011 - 2012,,,,100.0,,23.3,,,
,,2012 - 2013,,,,130.0,,20.08,,,
,,2013 - 2014,,,,130.0,,20.08,,,
,,2014 - 2015,,,,130.0,,20.08,,,
,,2015 - 2016,,,,140.0,,20.21,,,
,,2016 - 2017,,,,150.0,,20.27,,,
,,2017 - 2018,,,,160.0,,20.25,,,
,,2018 - 2019,,,,170.0,,20.29,,,
,,2019 - 2020,,,,178.0,,20.35,,,
,,2020 - 2021,,,,187.0,,20.32,,,
,,2021 - 2022,,,,469.0,,18.5,,,
,,2022 - 2023,,,,314.0,,23.7,,,
,Phek,2007 - 2008,,,,60.0,,23.0,,,
,,2008 - 2009,,,,80.0,,23.25,,,
,,2009 - 2010,,,,200.0,,11.4,,,
,,2010 - 2011,,,,120.0,,23.5,,,
,,2011 - 2012,,,,120.0,,23.5,,,
,,2012 - 2013,,,,140.0,,20.21,,,
,,2013 - 2014,,,,150.0,,20.27,,,
,,2014 - 2015,,,,160.0,,20.25,,,
,,2015 - 2016,,,,160.0,,20.25,,,
,,2016 - 2017,,,,170.0,,20.24,,,
,,2017 - 2018,,,,180.0,,20.28,,,
,,2018 - 2019,,,,190.0,,20.32,,,
,,2019 - 2020,,,,200.0,,20.26,,,
,,2020 - 2021,,,,210.0,,20.24,,,
,,2021 - 2022,,,,172.0,,11.45,,,
,,2022 - 2023,,,,151.0,,22.22,,,
,Shamator,2022 - 2023,,,,167.0,,22.11,,,
,Tseminyu,2022 - 2023,,,,64.0,,22.22,,,
,Tuensang,2007 - 2008,,,,60.0,,23.0,,,
,,2008 - 2009,,,,120.0,,22.92,,,
,,2009 - 2010,,,,270.0,,11.41,,,
,,2010 - 2011,,,,170.0,,23.47,,,
,,2011 - 2012,,,,170.0,,23.47,,,
,,2012 - 2013,,,,180.0,,20.28,,,
,,2013 - 2014,,,,210.0,,20.24,,,
,,2014 - 2015,,,,210.0,,20.24,,,
,,2015 - 2016,,,,220.0,,20.5,,,
,,2016 - 2017,,,,230.0,,20.22,,,
,,2017 - 2018,,,,240.0,,20.29,,,
,,2018 - 2019,,,,250.0,,20.24,,,
,,2019 - 2020,,,,262.0,,20.27,,,
,,2020 - 2021,,,,275.0,,20.27,,,
,,2021 - 2022,,,,550.0,,11.03,,,
,,2022 - 2023,,,,285.0,,22.06,,,
,Wokha,2007 - 2008,,,,70.0,,22.86,,,
,,2008 - 2009,,,,100.0,,23.0,,,
,,2009 - 2010,,,,120.0,,11.58,,,
,,2010 - 2011,,,,60.0,,23.5,,,
,,2011 - 2012,,,,70.0,,23.57,,,
,,2012 - 2013,,,,120.0,,20.17,,,
,,2013 - 2014,,,,140.0,,20.21,,,
,,2014 - 2015,,,,150.0,,20.2,,,
,,2015 - 2016,,,,160.0,,20.06,,,
,,2016 - 2017,,,,170.0,,20.24,,,
,,2017 - 2018,,,,180.0,,20.22,,,
,,2018 - 2019,,,,190.0,,20.26,,,
,,2019 - 2020,,,,199.0,,20.31,,,
,,2020 - 2021,,,,209.0,,20.29,,,
,,2021 - 2022,,,,130.0,,8.5,,,
,,2022 - 2023,,,,115.0,,22.15,,,
,Zunheboto,2007 - 2008,,,,80.0,,22.75,,,
,,2008 - 2009,,,,110.0,,23.45,,,
,,2009 - 2010,,,,200.0,,11.45,,,
,,2010 - 2011,,,,120.0,,23.58,,,
,,2011 - 2012,,,,120.0,,23.58,,,
,,2012 - 2013,,,,140.0,,20.07,,,
,,2013 - 2014,,,,150.0,,20.27,,,
,,2014 - 2015,,,,160.0,,20.25,,,
,,2015 - 2016,,,,170.0,,20.41,,,
,,2016 - 2017,,,,180.0,,20.22,,,
,,2017 - 2018,,,,190.0,,20.26,,,
,,2018 - 2019,,,,200.0,,20.25,,,
,,2019 - 2020,,,,211.0,,20.15,,,
,,2020 - 2021,,,,222.0,,20.09,,,
,,2021 - 2022,,,,150.0,,11.2,,,
,,2022 - 2023,,,,128.0,,22.09,,,
Puducherry,Mahe,2000 - 2001,17.0,136.0,8.0,,,,,,
,,2001 - 2002,18.0,153.0,8.5,,,,,,
,,2002 - 2003,16.0,130.0,8.13,,,,,,
,,2003 - 2004,15.0,150.0,10.0,,,,,,
,,2006 - 2007,,,,16.0,208.0,13.0,,,
,,2007 - 2008,,,,10.0,128.0,12.8,,,
,,2008 - 2009,,,,6.0,60.0,10.0,,,
,,2009 - 2010,,,,6.0,57.0,9.5,2.0,18.0,9.0
,,2010 - 2011,,,,5.0,64.0,12.8,,,
,,2011 - 2012,,,,4.0,50.0,12.5,,,
,,2015 - 2016,,,,,,,7.0,280.0,40.0
,,2016 - 2017,,,,5.0,175.0,35.0,,,
,,2017 - 2018,,,,5.0,210.0,42.0,,,
,,2018 - 2019,,,,5.0,200.0,40.0,,,
,,2019 - 2020,,,,5.0,175.0,35.0,,,
,,2020 - 2021,,,,5.0,200.0,40.0,,,
,,2021 - 2022,,,,5.0,150.0,30.0,,,
,,2022 - 2023,,,,4.0,120.0,30.0,,,
,Pondicherry,2000 - 2001,325.0,,29.38,,,,,,
,,2001 - 2002,446.0,,34.5,,,,,,
,,2002 - 2003,421.0,,31.75,,,,,,
,,2003 - 2004,552.0,,30.01,,,,,,
,,2006 - 2007,,,,341.0,,40.86,,,
,,2007 - 2008,,,,323.0,,41.0,6.0,245.0,40.83
,,2008 - 2009,,,,294.0,,30.0,1.0,29.0,29.0
,,2009 - 2010,,,,236.0,,28.44,1.0,26.0,26.0
,,2010 - 2011,,,,251.0,,18.8,3.0,57.0,19.0
,,2011 - 2012,,,,241.0,,24.95,1.0,24.0,24.0
,,2012 - 2013,,,,181.0,,23.86,7.0,120.0,17.14
,,2013 - 2014,,,,166.0,,30.0,17.0,424.0,24.94
,,2014 - 2015,,,,188.0,,25.44,17.0,432.0,25.41
,,2015 - 2016,,,,,,,202.0,,20.34
,,2016 - 2017,,,,152.0,,20.0,11.0,173.0,15.73
,,2017 - 2018,,,,178.0,,20.0,4.0,80.0,20.0
,,2018 - 2019,,,,177.0,,24.5,6.0,147.0,24.5
,,2019 - 2020,,,,165.0,,24.5,8.0,196.0,24.5
,,2020 - 2021,,,,155.0,,40.0,,,
,,2021 - 2022,,,,142.0,,24.1,4.0,96.0,24.0
,,2022 - 2023,,,,141.0,,24.1,3.0,72.0,24.0
Tamil Nadu,Ariyalur,2008 - 2009,258.0,,0.0,,,,,,
,,2009 - 2010,257.0,,34.47,,,,,,
,,2011 - 2012,273.0,,37.66,,,,,,
,,2013 - 2014,189.0,,29.92,,,,,,
,,2014 - 2015,303.0,,32.44,,,,,,
,,2015 - 2016,283.0,,32.37,,,,,,
,,2016 - 2017,188.0,,41.03,,,,,,
,,2017 - 2018,222.0,,31.37,,,,,,
,,2018 - 2019,222.0,,34.7,,,,,,
,,2019 - 2020,227.0,,37.85,,,,,,
,,2020 - 2021,319.0,,42.49,,,,,,
,,2021 - 2022,390.0,,32.16,,,,,,
,,2022 - 2023,223.0,,37.72,,,,,,
,Chengalpattu,2020 - 2021,24.0,,42.92,,,,,,
,,2021 - 2022,6.0,179.0,29.83,,,,,,
,,2022 - 2023,5.0,188.0,37.6,,,,,,
,Coimbatore,2000 - 2001,,,35.49,,,,,,
,,2002 - 2003,518.0,,30.07,,,,,,
,,2003 - 2004,459.0,,30.99,,,,,,
,,2004 - 2005,579.0,,41.27,,,,,,
,,2005 - 2006,848.0,,38.21,,,,,,
,,2006 - 2007,,,40.36,,,,,,
,,2007 - 2008,,,42.2,,,,,,
,,2008 - 2009,797.0,,55.05,,,,,,
,,2009 - 2010,600.0,,35.1,,,,,,
,,2011 - 2012,652.0,,37.66,,,,,,
,,2013 - 2014,340.0,,29.92,,,,,,
,,2014 - 2015,449.0,,32.44,,,,,,
,,2015 - 2016,550.0,,33.27,,,,,,
,,2016 - 2017,566.0,,17.87,,,,,,
,,2017 - 2018,501.0,,42.56,,,,,,
,,2018 - 2019,491.0,,41.74,,,,,,
,,2019 - 2020,698.0,,39.65,,,,,,
,,2020 - 2021,,,42.52,,,,,,
,,2021 - 2022,743.0,,32.16,,,,,,
,,2022 - 2023,644.0,,52.83,,,,,,
,Cuddalore,2000 - 2001,,,36.42,,,,,,
,,2002 - 2003,,,41.72,,,,,,
,,2003 - 2004,,,34.36,,,,,,
,,2004 - 2005,,,39.83,,,,,,
,,2005 - 2006,,,28.82,,,,,,
,,2006 - 2007,,,70.52,,,,,,
,,2007 - 2008,,,31.19,,,,,,
,,2008 - 2009,,,46.65,,,,,,
,,2009 - 2010,,,33.35,,,,,,
,,2011 - 2012,,,29.79,,,,,,
,,2013 - 2014,,,38.35,,,,,,
,,2014 - 2015,,,16.99,,,,,,
,,2015 - 2016,,,9.25,,,,,,
,,2016 - 2017,,,28.51,,,,,,
,,2017 - 2018,,,30.79,,,,,,
,,2018 - 2019,,,32.71,,,,,,
,,2019 - 2020,,,34.35,,,,,,
,,2020 - 2021,,,31.85,,,,,,
,,2021 - 2022,,,26.98,,,,,,
,,2022 - 2023,,,25.51,,,,,,
,Dharmapuri,2000 - 2001,,,36.37,,,,,,
,,2002 - 2003,,,20.79,,,,,,
,,2003 - 2004,,,20.34,,,,,,
,,2004 - 2005,,,49.72,,,,,,
,,2005 - 2006,,,39.99,,,,,,
,,2006 - 2007,,,32.07,,,,,,
,,2007 - 2008,,,45.71,,,,,,
,,2008 - 2009,,,28.84,,,,,,
,,2009 - 2010,,,29.05,,,,,,
,,2011 - 2012,,,32.6,,,,,,
,,2013 - 2014,,,23.21,,,,,,
,,2014 - 2015,,,29.06,,,,,,
,,2015 - 2016,,,26.56,,,,,,
,,2016 - 2017,,,29.98,,,,,,
,,2017 - 2018,,,30.38,,,,,,
,,2018 - 2019,,,23.36,,,,,,
,,2019 - 2020,,,32.18,,,,,,
,,2020 - 2021,,,42.95,,,,,,
,,2021 - 2022,,,31.8,,,,,,
,,2022 - 2023,,,29.22,,,,,,
,Dindigul,2000 - 2001,683.0,,35.49,,,,,,
,,2002 - 2003,205.0,,31.59,,,,,,
,,2003 - 2004,175.0,,33.69,,,,,,
,,2004 - 2005,154.0,,41.27,,,,,,
,,2005 - 2006,237.0,,38.21,,,,,,
,,2006 - 2007,255.0,,40.36,,,,,,
,,2007 - 2008,291.0,,42.2,,,,,,
,,2008 - 2009,253.0,,36.47,,,,,,
,,2009 - 2010,386.0,,34.47,,,,,,
,,2011 - 2012,640.0,,37.66,,,,,,
,,2013 - 2014,152.0,,29.92,,,,,,
,,2014 - 2015,101.0,,32.44,,,,,,
,,2015 - 2016,146.0,,30.53,,,,,,
,,2016 - 2017,88.0,,24.17,,,,,,
,,2017 - 2018,91.0,,34.22,,,,,,
,,2018 - 2019,89.0,,34.92,,,,,,
,,2019 - 2020,114.0,,37.79,,,,,,
,,2020 - 2021,157.0,,42.46,,,,,,
,,2021 - 2022,343.0,,32.1,,,,,,
,,2022 - 2023,574.0,,37.55,,,,,,
,Erode,2000 - 2001,,,43.4,,,,,,
,,2002 - 2003,,,20.49,,,,,,
,,2003 - 2004,,,35.52,,,,,,
,,2004 - 2005,,,37.98,,,,,,
,,2005 - 2006,,,49.68,,,,,,
,,2006 - 2007,,,52.31,,,,,,
,,2007 - 2008,,,45.01,,,,,,
,,2008 - 2009,,,49.29,,,,,,
,,2009 - 2010,,,35.56,,,,,,
,,2011 - 2012,,,40.25,,,,,,
,,2013 - 2014,,,37.72,,,,,,
,,2014 - 2015,,,32.44,,,,,,
,,2015 - 2016,,,27.28,,,,,,
,,2016 - 2017,,,30.88,,,,,,
,,2017 - 2018,,,47.73,,,,,,
,,2018 - 2019,,,31.63,,,,,,
,,2019 - 2020,,,35.37,,,,,,
,,2020 - 2021,,,37.18,,,,,,
,,2021 - 2022,,,27.55,,,,,,
,,2022 - 2023,,,31.61,,,,,,
,Kallakurichi,2020 - 2021,,,42.55,,,,,,
,,2021 - 2022,,,38.44,,,,,,
,,2022 - 2023,,,49.97,,,,,,
,Kanchipuram,2000 - 2001,13.0,461.0,35.46,,,,,,
,,2002 - 2003,7.0,221.0,31.57,,,,,,
,,2003 - 2004,4.0,135.0,33.75,,,,,,
,,2004 - 2005,3.0,124.0,41.33,,,,,,
,,2006 - 2007,5.0,202.0,40.4,,,,,,
,,2007 - 2008,6.0,253.0,42.17,,,,,,
,,2008 - 2009,8.0,292.0,36.5,,,,,,
,,2009 - 2010,16.0,551.0,34.44,,,,,,
,,2011 - 2012,92.0,,37.66,,,,,,
,,2013 - 2014,133.0,,29.92,,,,,,
,,2014 - 2015,58.0,,32.43,,,,,,
,,2015 - 2016,29.0,796.0,27.45,,,,,,
,,2016 - 2017,22.0,578.0,26.27,,,,,,
,,2017 - 2018,1.0,34.0,34.0,,,,,,
,,2019 - 2020,21.0,793.0,37.76,,,,,,
,,2021 - 2022,0.3,6.0,20.0,,,,,,
,Kanniyakumari,2000 - 2001,,,25.76,,,,,,
,,2002 - 2003,,,28.55,,,,,,
,,2003 - 2004,,,22.02,,,,,,
,,2004 - 2005,,,28.89,,,,,,
,,2005 - 2006,,,34.05,,,,,,
,,2006 - 2007,,,34.75,,,,,,
,,2007 - 2008,,,41.84,,,,,,
,,2008 - 2009,,,25.51,,,,,,
,,2009 - 2010,,,30.57,,,,,,
,,2011 - 2012,,,42.55,,,,,,
,,2013 - 2014,,,34.97,,,,,,
,,2014 - 2015,,,31.73,,,,,,
,,2015 - 2016,,,56.78,,,,,,
,,2016 - 2017,,,31.73,,,,,,
,,2017 - 2018,,,21.75,,,,,,
,,2018 - 2019,816.0,,27.34,,,,,,
,,2019 - 2020,912.0,,38.99,,,,,,
,,2020 - 2021,,,42.53,,,,,,
,,2021 - 2022,,,32.11,,,,,,
,,2022 - 2023,919.0,,34.14,,,,,,
,Karur,2000 - 2001,447.0,,38.52,,,,,,
,,2002 - 2003,680.0,,31.59,,,,,,
,,2003 - 2004,,,33.69,,,,,,
,,2004 - 2005,,,41.27,,,,,,
,,2005 - 2006,,,38.21,,,,,,
,,2006 - 2007,,,40.36,,,,,,
,,2007 - 2008,,,42.2,,,,,,
,,2008 - 2009,,,36.47,,,,,,
,,2009 - 2010,,,34.75,,,,,,
,,2011 - 2012,,,42.73,,,,,,
,,2013 - 2014,,,29.94,,,,,,
,,2014 - 2015,,,42.63,,,,,,
,,2015 - 2016,,,42.79,,,,,,
,,2016 - 2017,,,15.3,,,,,,
,,2017 - 2018,,,26.96,,,,,,
,,2018 - 2019,,,58.14,,,,,,
,,2019 - 2020,,,50.68,,,,,,
,,2020 - 2021,,,35.95,,,,,,
,,2021 - 2022,,,22.38,,,,,,
,,2022 - 2023,,,22.72,,,,,,
,Krishnagiri,2003 - 2004,434.0,,20.34,,,,,,
,,2004 - 2005,943.0,,49.72,,,,,,
,,2005 - 2006,,,38.21,,,,,,
,,2006 - 2007,,,40.36,,,,,,
,,2007 - 2008,,,20.73,,,,,,
,,2008 - 2009,,,36.47,,,,,,
,,2009 - 2010,,,34.47,,,,,,
,,2011 - 2012,,,37.66,,,,,,
,,2013 - 2014,429.0,,21.19,,,,,,
,,2014 - 2015,384.0,,67.75,,,,,,
,,2015 - 2016,341.0,,35.48,,,,,,
,,2016 - 2017,47.0,,22.51,,,,,,
,,2017 - 2018,189.0,,28.26,,,,,,
,,2018 - 2019,72.0,,34.9,,,,,,
,,2019 - 2020,233.0,,37.73,,,,,,
,,2020 - 2021,546.0,,42.55,,,,,,
,,2021 - 2022,498.0,,32.13,,,,,,
,,2022 - 2023,186.0,,37.35,,,,,,
,Madurai,2000 - 2001,73.0,,35.48,,,,,,
,,2002 - 2003,98.0,,31.59,,,,,,
,,2003 - 2004,123.0,,33.69,,,,,,
,,2004 - 2005,65.0,,41.26,,,,,,
,,2005 - 2006,52.0,,38.21,,,,,,
,,2006 - 2007,36.0,,40.36,,,,,,
,,2007 - 2008,39.0,,42.21,,,,,,
,,2008 - 2009,73.0,,36.47,,,,,,
,,2009 - 2010,68.0,,34.47,,,,,,
,,2011 - 2012,105.0,,37.67,,,,,,
,,2013 - 2014,73.0,,29.92,,,,,,
,,2014 - 2015,52.0,,32.44,,,,,,
,,2015 - 2016,59.0,,27.44,,,,,,
,,2016 - 2017,67.0,,26.34,,,,,,
,,2017 - 2018,25.0,855.0,34.2,,,,,,
,,2018 - 2019,25.0,865.0,34.6,,,,,,
,,2019 - 2020,21.0,779.0,37.1,,,,,,
,,2020 - 2021,34.0,,43.09,,,,,,
,,2021 - 2022,55.0,,32.36,,,,,,
,,2022 - 2023,38.0,,37.55,,,,,,
,Mayiladuthurai,2020 - 2021,105.0,,42.49,,,,,,
,,2021 - 2022,98.0,,32.02,,,,,,
,,2022 - 2023,83.0,,37.55,,,,,,
,Nagapattinam,2000 - 2001,145.0,,35.48,,,,,,
,,2002 - 2003,160.0,,31.59,,,,,,
,,2003 - 2004,159.0,,33.69,,,,,,
,,2004 - 2005,163.0,,41.27,,,,,,
,,2005 - 2006,214.0,,38.21,,,,,,
,,2006 - 2007,181.0,,40.36,,,,,,
,,2007 - 2008,158.0,,42.2,,,,,,
,,2008 - 2009,129.0,,36.47,,,,,,
,,2009 - 2010,126.0,,34.47,,,,,,
,,2011 - 2012,193.0,,37.66,,,,,,
,,2013 - 2014,96.0,,29.93,,,,,,
,,2014 - 2015,120.0,,32.44,,,,,,
,,2015 - 2016,66.0,,27.44,,,,,,
,,2016 - 2017,77.0,,26.21,,,,,,
,,2017 - 2018,62.0,,34.77,,,,,,
,,2018 - 2019,59.0,,34.95,,,,,,
,,2019 - 2020,46.0,,37.65,,,,,,
,Namakkal,2000 - 2001,,,39.74,,,,,,
,,2002 - 2003,,,45.75,,,,,,
,,2003 - 2004,,,45.62,,,,,,
,,2004 - 2005,,,45.78,,,,,,
,,2005 - 2006,,,48.22,,,,,,
,,2006 - 2007,,,48.45,,,,,,
,,2007 - 2008,,,42.54,,,,,,
,,2008 - 2009,,,43.71,,,,,,
,,2009 - 2010,,,37.5,,,,,,
,,2011 - 2012,,,36.31,,,,,,
,,2013 - 2014,,,34.74,,,,,,
,,2014 - 2015,,,27.5,,,,,,
,,2015 - 2016,,,28.86,,,,,,
,,2016 - 2017,,,25.21,,,,,,
,,2017 - 2018,,,30.09,,,,,,
,,2018 - 2019,,,35.52,,,,,,
,,2019 - 2020,,,32.12,,,,,,
,,2020 - 2021,,,46.23,,,,,,
,,2021 - 2022,,,28.08,,,,,,
,,2022 - 2023,,,37.0,,,,,,
,Perambalur,2000 - 2001,,,38.72,,,,,,
,,2002 - 2003,,,46.93,,,,,,
,,2003 - 2004,,,33.69,,,,,,
,,2004 - 2005,,,54.43,,,,,,
,,2005 - 2006,,,39.28,,,,,,
,,2006 - 2007,,,41.93,,,,,,
,,2007 - 2008,,,63.63,,,,,,
,,2008 - 2009,,,53.78,,,,,,
,,2009 - 2010,923.0,,52.62,,,,,,
,,2011 - 2012,,,37.66,,,,,,
,,2013 - 2014,,,65.71,,,,,,
,,2014 - 2015,,,60.05,,,,,,
,,2015 - 2016,,,26.98,,,,,,
,,2016 - 2017,,,26.17,,,,,,
,,2017 - 2018,,,48.04,,,,,,
,,2018 - 2019,,,26.67,,,,,,
,,2019 - 2020,,,28.85,,,,,,
,,2020 - 2021,,,28.88,,,,,,
,,2021 - 2022,,,24.31,,,,,,
,,2022 - 2023,,,38.13,,,,,,
,Pudukkottai,2000 - 2001,14.0,497.0,35.5,,,,,,
,,2002 - 2003,16.0,505.0,31.56,,,,,,
,,2003 - 2004,17.0,573.0,33.71,,,,,,
,,2004 - 2005,21.0,867.0,41.29,,,,,,
,,2005 - 2006,21.0,802.0,38.19,,,,,,
,,2006 - 2007,91.0,,40.36,,,,,,
,,2007 - 2008,34.0,,42.21,,,,,,
,,2008 - 2009,36.0,,36.47,,,,,,
,,2009 - 2010,46.0,,34.48,,,,,,
,,2011 - 2012,50.0,,37.66,,,,,,
,,2013 - 2014,57.0,,29.93,,,,,,
,,2014 - 2015,127.0,,32.44,,,,,,
,,2015 - 2016,152.0,,27.45,,,,,,
,,2016 - 2017,216.0,,26.33,,,,,,
,,2017 - 2018,273.0,,34.22,,,,,,
,,2018 - 2019,495.0,,34.78,,,,,,
,,2019 - 2020,689.0,,37.79,,,,,,
,,2020 - 2021,786.0,,42.54,,,,,,
,,2021 - 2022,787.0,,32.14,,,,,,
,,2022 - 2023,586.0,,37.55,,,,,,
,Ramanathapuram,2013 - 2014,19.0,569.0,29.95,,,,,,
,,2015 - 2016,9.0,247.0,27.44,,,,,,
,,2016 - 2017,7.0,177.0,25.29,,,,,,
,,2017 - 2018,1.0,34.0,34.0,,,,,,
,Ranipet,2020 - 2021,2.0,68.0,34.0,,,,,,
,,2021 - 2022,1.0,43.0,43.0,,,,,,
,,2022 - 2023,4.0,150.0,37.5,,,,,,
,Salem,2000 - 2001,,,35.49,,,,,,
,,2002 - 2003,,,27.59,,,,,,
,,2003 - 2004,,,33.74,,,,,,
,,2004 - 2005,,,38.1,,,,,,
,,2005 - 2006,,,33.65,,,,,,
,,2006 - 2007,,,37.14,,,,,,
,,2007 - 2008,,,38.81,,,,,,
,,2008 - 2009,,,32.44,,,,,,
,,2009 - 2010,,,32.49,,,,,,
,,2011 - 2012,,,50.64,,,,,,
,,2013 - 2014,,,22.04,,,,,,
,,2014 - 2015,,,28.24,,,,,,
,,2015 - 2016,,,33.03,,,,,,
,,2016 - 2017,,,24.28,,,,,,
,,2017 - 2018,,,34.28,,,,,,
,,2018 - 2019,,,29.96,,,,,,
,,2019 - 2020,,,45.53,,,,,,
,,2020 - 2021,,,44.2,,,,,,
,,2021 - 2022,,,35.25,,,,,,
,,2022 - 2023,,,41.09,,,,,,
,Sivaganga,2003 - 2004,14.0,472.0,33.71,,,,,,
,,2004 - 2005,26.0,,41.27,,,,,,
,,2005 - 2006,10.0,382.0,38.2,,,,,,
,,2006 - 2007,3.0,121.0,40.33,,,,,,
,,2007 - 2008,3.0,127.0,42.33,,,,,,
,,2008 - 2009,3.0,109.0,36.33,,,,,,
,,2013 - 2014,5.0,150.0,30.0,,,,,,
,,2014 - 2015,4.0,130.0,32.5,,,,,,
,,2015 - 2016,21.0,576.0,27.43,,,,,,
,,2016 - 2017,17.0,448.0,26.35,,,,,,
,,2017 - 2018,27.0,924.0,34.22,,,,,,
,,2018 - 2019,12.0,417.0,34.75,,,,,,
,,2019 - 2020,28.0,,37.96,,,,,,
,,2020 - 2021,45.0,,42.87,,,,,,
,,2021 - 2022,63.0,,32.11,,,,,,
,,2022 - 2023,86.0,,37.56,,,,,,
,Thanjavur,2000 - 2001,156.0,,35.49,,,,,,
,,2002 - 2003,40.0,,31.6,,,,,,
,,2003 - 2004,53.0,,33.68,,,,,,
,,2004 - 2005,113.0,,41.27,,,,,,
,,2005 - 2006,199.0,,38.21,,,,,,
,,2006 - 2007,272.0,,40.36,,,,,,
,,2007 - 2008,225.0,,42.2,,,,,,
,,2008 - 2009,315.0,,36.47,,,,,,
,,2009 - 2010,266.0,,34.47,,,,,,
,,2011 - 2012,174.0,,37.66,,,,,,
,,2013 - 2014,124.0,,29.92,,,,,,
,,2014 - 2015,238.0,,32.44,,,,,,
,,2015 - 2016,247.0,,27.45,,,,,,
,,2016 - 2017,406.0,,26.35,,,,,,
,,2017 - 2018,449.0,,34.29,,,,,,
,,2018 - 2019,608.0,,24.71,,,,,,
,,2019 - 2020,629.0,,49.28,,,,,,
,,2020 - 2021,820.0,,42.57,,,,,,
,,2021 - 2022,659.0,,32.11,,,,,,
,,2022 - 2023,597.0,,37.55,,,,,,
,The nilgiris,2000 - 2001,91.0,,35.48,,,,,,
,,2002 - 2003,102.0,,31.59,,,,,,
,,2003 - 2004,70.0,,33.69,,,,,,
,,2004 - 2005,68.0,,41.26,,,,,,
,,2005 - 2006,58.0,,38.21,,,,,,
,,2006 - 2007,72.0,,40.36,,,,,,
,,2007 - 2008,65.0,,42.23,,,,,,
,,2008 - 2009,71.0,,36.46,,,,,,
,,2009 - 2010,83.0,,34.47,,,,,,
,,2011 - 2012,55.0,,37.73,,,,,,
,,2013 - 2014,57.0,,29.93,,,,,,
,,2014 - 2015,74.0,,32.43,,,,,,
,,2015 - 2016,71.0,,27.45,,,,,,
,,2016 - 2017,59.0,,26.54,,,,,,
,,2017 - 2018,37.0,,34.22,,,,,,
,,2018 - 2019,40.0,,34.4,,,,,,
,,2019 - 2020,30.0,,38.33,,,,,,
,,2020 - 2021,38.0,,42.79,,,,,,
,,2021 - 2022,28.0,907.0,32.39,,,,,,
,,2022 - 2023,36.0,,37.56,,,,,,
,Theni,2000 - 2001,132.0,,35.48,,,,,,
,,2002 - 2003,28.0,885.0,31.61,,,,,,
,,2003 - 2004,8.0,270.0,33.75,,,,,,
,,2004 - 2005,9.0,371.0,41.22,,,,,,
,,2005 - 2006,17.0,650.0,38.24,,,,,,
,,2006 - 2007,28.0,,40.36,,,,,,
,,2007 - 2008,60.0,,42.2,,,,,,
,,2008 - 2009,115.0,,36.47,,,,,,
,,2009 - 2010,284.0,,34.47,,,,,,
,,2011 - 2012,,,37.66,,,,,,
,,2013 - 2014,899.0,,60.2,,,,,,
,,2014 - 2015,708.0,,42.88,,,,,,
,,2015 - 2016,513.0,,34.17,,,,,,
,,2016 - 2017,257.0,,34.54,,,,,,
,,2017 - 2018,203.0,,37.01,,,,,,
,,2018 - 2019,167.0,,29.21,,,,,,
,,2019 - 2020,24.0,,42.29,,,,,,
,,2020 - 2021,125.0,,42.68,,,,,,
,,2021 - 2022,117.0,,32.02,,,,,,
,,2022 - 2023,101.0,,37.55,,,,,,
,Thenkasi,2020 - 2021,76.0,,42.47,,,,,,
,,2021 - 2022,63.0,,32.17,,,,,,
,,2022 - 2023,64.0,,37.55,,,,,,
,Thiruvallur,2000 - 2001,90.0,,35.49,,,,,,
,,2002 - 2003,128.0,,31.59,,,,,,
,,2003 - 2004,28.0,943.0,33.68,,,,,,
,,2004 - 2005,124.0,,41.27,,,,,,
,,2005 - 2006,67.0,,38.21,,,,,,
,,2006 - 2007,70.0,,40.36,,,,,,
,,2007 - 2008,25.0,,42.2,,,,,,
,,2008 - 2009,44.0,,36.48,,,,,,
,,2009 - 2010,102.0,,34.47,,,,,,
,,2011 - 2012,85.0,,37.66,,,,,,
,,2013 - 2014,48.0,,29.92,,,,,,
,,2014 - 2015,67.0,,32.43,,,,,,
,,2015 - 2016,205.0,,27.44,,,,,,
,,2016 - 2017,125.0,,26.27,,,,,,
,,2017 - 2018,6.0,205.0,34.17,,,,,,
,,2018 - 2019,55.0,,34.78,,,,,,
,,2019 - 2020,120.0,,37.71,,,,,,
,,2020 - 2021,41.0,,42.46,,,,,,
,,2021 - 2022,195.0,,32.11,,,,,,
,,2022 - 2023,25.0,939.0,37.56,,,,,,
,Thiruvarur,2000 - 2001,49.0,,35.49,,,,,,
,,2002 - 2003,24.0,758.0,31.58,,,,,,
,,2003 - 2004,136.0,,33.69,,,,,,
,,2004 - 2005,67.0,,41.27,,,,,,
,,2005 - 2006,140.0,,38.21,,,,,,
,,2006 - 2007,42.0,,40.36,,,,,,
,,2007 - 2008,207.0,,42.2,,,,,,
,,2008 - 2009,227.0,,36.47,,,,,,
,,2009 - 2010,212.0,,34.47,,,,,,
,,2011 - 2012,125.0,,37.66,,,,,,
,,2013 - 2014,152.0,,29.92,,,,,,
,,2014 - 2015,57.0,,32.44,,,,,,
,,2015 - 2016,66.0,,27.44,,,,,,
,,2016 - 2017,102.0,,26.33,,,,,,
,,2017 - 2018,80.0,,34.21,,,,,,
,,2018 - 2019,195.0,,34.76,,,,,,
,,2019 - 2020,135.0,,37.78,,,,,,
,,2020 - 2021,168.0,,42.55,,,,,,
,,2021 - 2022,176.0,,32.14,,,,,,
,,2022 - 2023,175.0,,37.55,,,,,,
,Thoothukudi,2000 - 2001,13.0,461.0,35.46,,,,,,
,,2002 - 2003,4.0,126.0,31.5,,,,,,
,,2003 - 2004,5.0,168.0,33.6,,,,,,
,,2004 - 2005,2.0,83.0,41.5,,,,,,
,,2005 - 2006,10.0,382.0,38.2,,,,,,
,,2006 - 2007,10.0,404.0,40.4,,,,,,
,,2007 - 2008,11.0,464.0,42.18,,,,,,
,,2008 - 2009,6.0,219.0,36.5,,,,,,
,,2009 - 2010,8.0,276.0,34.5,,,,,,
,,2011 - 2012,23.0,866.0,37.65,,,,,,
,,2013 - 2014,18.0,539.0,29.94,,,,,,
,,2014 - 2015,2.0,65.0,32.5,,,,,,
,,2015 - 2016,6.0,165.0,27.5,,,,,,
,,2016 - 2017,10.0,275.0,27.5,,,,,,
,,2017 - 2018,17.0,582.0,34.24,,,,,,
,,2018 - 2019,9.0,315.0,35.0,,,,,,
,,2019 - 2020,10.0,375.0,37.5,,,,,,
,,2020 - 2021,3.0,116.0,38.67,,,,,,
,,2021 - 2022,3.0,103.0,34.33,,,,,,
,Tiruchirappalli,2000 - 2001,,,42.48,,,,,,
,,2002 - 2003,,,47.38,,,,,,
,,2003 - 2004,,,42.08,,,,,,
,,2004 - 2005,,,47.68,,,,,,
,,2005 - 2006,,,40.13,,,,,,
,,2006 - 2007,,,48.04,,,,,,
,,2007 - 2008,,,52.66,,,,,,
,,2008 - 2009,,,58.35,,,,,,
,,2009 - 2010,,,54.63,,,,,,
,,2011 - 2012,,,53.94,,,,,,
,,2013 - 2014,,,39.32,,,,,,
,,2014 - 2015,,,42.84,,,,,,
,,2015 - 2016,,,38.05,,,,,,
,,2016 - 2017,,,42.14,,,,,,
,,2017 - 2018,,,40.93,,,,,,
,,2018 - 2019,,,47.91,,,,,,
,,2019 - 2020,,,53.68,,,,,,
,,2020 - 2021,,,41.43,,,,,,
,,2021 - 2022,,,36.63,,,,,,
,,2022 - 2023,,,40.24,,,,,,
,Tirunelveli,2000 - 2001,149.0,,35.48,,,,,,
,,2002 - 2003,170.0,,31.59,,,,,,
,,2003 - 2004,131.0,,33.69,,,,,,
,,2004 - 2005,150.0,,41.27,,,,,,
,,2005 - 2006,141.0,,38.21,,,,,,
,,2006 - 2007,153.0,,40.36,,,,,,
,,2007 - 2008,146.0,,42.21,,,,,,
,,2008 - 2009,172.0,,36.47,,,,,,
,,2009 - 2010,171.0,,34.47,,,,,,
,,2011 - 2012,210.0,,37.66,,,,,,
,,2013 - 2014,115.0,,29.92,,,,,,
,,2014 - 2015,312.0,,32.44,,,,,,
,,2015 - 2016,279.0,,27.44,,,,,,
,,2016 - 2017,250.0,,26.33,,,,,,
,,2017 - 2018,166.0,,34.22,,,,,,
,,2018 - 2019,82.0,,34.87,,,,,,
,,2019 - 2020,113.0,,37.77,,,,,,
,,2020 - 2021,32.0,,42.72,,,,,,
,,2021 - 2022,21.0,676.0,32.19,,,,,,
,,2022 - 2023,17.0,638.0,37.53,,,,,,
,Tirupathur,2020 - 2021,100.0,,42.53,,,,,,
,,2021 - 2022,101.0,,32.33,,,,,,
,,2022 - 2023,36.0,,37.56,,,,,,
,Tiruppur,2008 - 2009,,,0.0,,,,,,
,,2009 - 2010,,,30.05,,,,,,
,,2011 - 2012,878.0,,29.41,,,,,,
,,2013 - 2014,229.0,,28.49,,,,,,
,,2014 - 2015,356.0,,25.49,,,,,,
,,2015 - 2016,451.0,,33.15,,,,,,
,,2016 - 2017,345.0,,14.89,,,,,,
,,2017 - 2018,467.0,,34.66,,,,,,
,,2018 - 2019,486.0,,46.98,,,,,,
,,2019 - 2020,918.0,,46.35,,,,,,
,,2020 - 2021,902.0,,47.4,,,,,,
,,2021 - 2022,940.0,,49.16,,,,,,
,,2022 - 2023,797.0,,37.55,,,,,,
,Tiruvannamalai,2000 - 2001,308.0,,35.49,,,,,,
,,2002 - 2003,605.0,,31.59,,,,,,
,,2003 - 2004,,,33.69,,,,,,
,,2004 - 2005,,,41.27,,,,,,
,,2005 - 2006,,,40.37,,,,,,
,,2006 - 2007,,,42.15,,,,,,
,,2007 - 2008,,,42.2,,,,,,
,,2008 - 2009,,,34.47,,,,,,
,,2009 - 2010,,,46.93,,,,,,
,,2011 - 2012,,,37.66,,,,,,
,,2013 - 2014,,,37.15,,,,,,
,,2014 - 2015,,,73.39,,,,,,
,,2015 - 2016,,,32.81,,,,,,
,,2016 - 2017,,,31.55,,,,,,
,,2017 - 2018,,,37.11,,,,,,
,,2018 - 2019,,,28.75,,,,,,
,,2019 - 2020,,,67.13,,,,,,
,,2020 - 2021,,,62.73,,,,,,
,,2021 - 2022,,,34.1,,,,,,
,,2022 - 2023,,,36.53,,,,,,
,Vellore,2000 - 2001,9.0,319.0,35.44,,,,,,
,,2002 - 2003,98.0,,31.59,,,,,,
,,2003 - 2004,121.0,,33.69,,,,,,
,,2004 - 2005,58.0,,41.28,,,,,,
,,2005 - 2006,114.0,,38.21,,,,,,
,,2006 - 2007,291.0,,40.36,,,,,,
,,2007 - 2008,459.0,,42.2,,,,,,
,,2008 - 2009,331.0,,36.47,,,,,,
,,2009 - 2010,375.0,,34.47,,,,,,
,,2011 - 2012,579.0,,37.66,,,,,,
,,2013 - 2014,213.0,,29.92,,,,,,
,,2014 - 2015,284.0,,31.3,,,,,,
,,2015 - 2016,240.0,,34.95,,,,,,
,,2016 - 2017,378.0,,27.47,,,,,,
,,2017 - 2018,117.0,,34.22,,,,,,
,,2018 - 2019,57.0,,34.68,,,,,,
,,2019 - 2020,168.0,,37.68,,,,,,
,,2020 - 2021,10.0,425.0,42.5,,,,,,
,,2021 - 2022,13.0,416.0,32.0,,,,,,
,,2022 - 2023,9.0,338.0,37.56,,,,,,
,Villupuram,2000 - 2001,,,31.05,,,,,,
,,2002 - 2003,,,31.32,,,,,,
,,2003 - 2004,,,43.21,,,,,,
,,2004 - 2005,,,28.28,,,,,,
,,2005 - 2006,,,28.12,,,,,,
,,2006 - 2007,,,31.67,,,,,,
,,2007 - 2008,,,36.88,,,,,,
,,2008 - 2009,,,29.55,,,,,,
,,2009 - 2010,,,31.21,,,,,,
,,2011 - 2012,,,21.55,,,,,,
,,2013 - 2014,,,25.84,,,,,,
,,2014 - 2015,,,33.49,,,,,,
,,2015 - 2016,,,20.15,,,,,,
,,2016 - 2017,,,15.93,,,,,,
,,2017 - 2018,,,35.41,,,,,,
,,2018 - 2019,,,40.4,,,,,,
,,2019 - 2020,,,39.44,,,,,,
,,2020 - 2021,,,32.47,,,,,,
,,2021 - 2022,,,38.38,,,,,,
,,2022 - 2023,,,24.22,,,,,,
,Virudhunagar,2002 - 2003,23.0,727.0,31.61,,,,,,
,,2003 - 2004,30.0,,33.7,,,,,,
,,2004 - 2005,9.0,371.0,41.22,,,,,,
,,2005 - 2006,7.0,267.0,38.14,,,,,,
,,2006 - 2007,29.0,,40.38,,,,,,
,,2007 - 2008,20.0,844.0,42.2,,,,,,
,,2008 - 2009,38.0,,36.47,,,,,,
,,2009 - 2010,9.0,310.0,34.44,,,,,,
,,2011 - 2012,14.0,528.0,37.71,,,,,,
,,2013 - 2014,4.0,120.0,30.0,,,,,,
,,2014 - 2015,8.0,260.0,32.5,,,,,,
,,2015 - 2016,9.0,247.0,27.44,,,,,,
,,2016 - 2017,11.0,294.0,26.73,,,,,,
,,2017 - 2018,15.0,513.0,34.2,,,,,,
,,2018 - 2019,24.0,826.0,34.42,,,,,,
,,2019 - 2020,23.0,855.0,37.17,,,,,,
,,2020 - 2021,53.0,,42.66,,,,,,
,,2021 - 2022,33.0,,32.52,,,,,,
,,2022 - 2023,16.0,601.0,37.56,,,,,,
Telangana,Khammam,2010 - 2011,2.0,13.0,6.5,,,,,,
,Mahbubnagar,2000 - 2001,1.0,8.0,8.0,,,,,,
,Rangareddi,2000 - 2001,60.0,459.0,7.65,,,,,,
,,2002 - 2003,9.0,0.0,0.0,,,,,,
,,2003 - 2004,6.0,38.0,6.33,,,,,,
